#
# There is insufficient memory for the Java Runtime Environment to continue.
# Native memory allocation (mmap) failed to map 601882624 bytes for G1 virtual space
# Possible reasons:
#   The system is out of physical RAM or swap space
#   The process is running with CompressedOops enabled, and the Java Heap may be blocking the growth of the native heap
# Possible solutions:
#   Reduce memory load on the system
#   Increase physical memory or swap space
#   Check if swap backing store is full
#   Decrease Java heap size (-Xmx/-Xms)
#   Decrease number of Java threads
#   Decrease Java thread stack sizes (-Xss)
#   Set larger code cache with -XX:ReservedCodeCacheSize=
#   JVM is running with Unscaled Compressed Oops mode in which the Java heap is
#     placed in the first 4GB address space. The Java Heap base address is the
#     maximum limit for the native heap growth. Please use -XX:HeapBaseMinAddress
#     to set the Java Heap base and to place the Java Heap above 4GB virtual address.
# This output file may be truncated or incomplete.
#
#  Out of Memory Error (os_windows.cpp:3769), pid=110356, tid=110276
#
# JRE version: OpenJDK Runtime Environment (17.0.6) (build 17.0.6+0-b2043.56-10027231)
# Java VM: OpenJDK 64-Bit Server VM (17.0.6+0-b2043.56-10027231, mixed mode, tiered, compressed oops, compressed class ptrs, g1 gc, windows-amd64)
# No core dump will be written. Minidumps are not enabled by default on client versions of Windows
#

---------------  S U M M A R Y ------------

Command Line: --add-opens=java.base/java.util=ALL-UNNAMED --add-opens=java.base/java.lang=ALL-UNNAMED --add-opens=java.base/java.lang.invoke=ALL-UNNAMED --add-opens=java.prefs/java.util.prefs=ALL-UNNAMED --add-opens=java.base/java.nio.charset=ALL-UNNAMED --add-opens=java.base/java.net=ALL-UNNAMED --add-opens=java.base/java.util.concurrent.atomic=ALL-UNNAMED -Xmx2048m -Dfile.encoding=UTF-8 -Duser.country=UA -Duser.language=uk -Duser.variant org.gradle.launcher.daemon.bootstrap.GradleDaemon 8.0

Host: AMD Ryzen 7 6800H with Radeon Graphics         , 16 cores, 15G,  Windows 11 , 64 bit Build 22621 (10.0.22621.3527)
Time: Mon Jun 10 00:04:11 2024  Windows 11 , 64 bit Build 22621 (10.0.22621.3527) elapsed time: 143.283659 seconds (0d 0h 2m 23s)

---------------  T H R E A D  ---------------

Current thread (0x000002b9eac40630):  VMThread "VM Thread" [stack: 0x000000c5dc200000,0x000000c5dc300000] [id=110276]

Stack: [0x000000c5dc200000,0x000000c5dc300000]
Native frames: (J=compiled Java code, j=interpreted, Vv=VM code, C=native code)
V  [jvm.dll+0x683c9a]
V  [jvm.dll+0x8427a4]
V  [jvm.dll+0x843f9e]
V  [jvm.dll+0x844603]
V  [jvm.dll+0x249b75]
V  [jvm.dll+0x680b69]
V  [jvm.dll+0x67505a]
V  [jvm.dll+0x309acb]
V  [jvm.dll+0x310f86]
V  [jvm.dll+0x3608ee]
V  [jvm.dll+0x360b1f]
V  [jvm.dll+0x2dfbf8]
V  [jvm.dll+0x2ddec4]
V  [jvm.dll+0x2dd4cc]
V  [jvm.dll+0x321f3b]
V  [jvm.dll+0x848ccb]
V  [jvm.dll+0x849a04]
V  [jvm.dll+0x849f1d]
V  [jvm.dll+0x84a2f4]
V  [jvm.dll+0x84a3c0]
V  [jvm.dll+0x7f274a]
V  [jvm.dll+0x682ad5]
C  [ucrtbase.dll+0x29333]
C  [KERNEL32.DLL+0x1257d]
C  [ntdll.dll+0x5aa48]

VM_Operation (0x000000c5eeefc3a0): G1CollectForAllocation, mode: safepoint, requested by thread 0x000002b9ef281630


---------------  P R O C E S S  ---------------

Threads class SMR info:
_java_thread_list=0x000002b9f6415e60, length=300, elements={
0x000002b9cf950ef0, 0x000002b9eac64680, 0x000002b9eac65a10, 0x000002b9eac7d660,
0x000002b9eac9b020, 0x000002b9eac9b9e0, 0x000002b9eac9e3a0, 0x000002b9eac9f080,
0x000002b9eacb5010, 0x000002b9eacbfd30, 0x000002b9eae44ef0, 0x000002b9eae473d0,
0x000002b9ed5f3450, 0x000002b9ed56ddc0, 0x000002b9ed7c7030, 0x000002b9eb09b600,
0x000002b9eb09bad0, 0x000002b9eb099df0, 0x000002b9eb098f80, 0x000002b9eb099450,
0x000002b9edc00a60, 0x000002b9edbff720, 0x000002b9edc01400, 0x000002b9edbfc230,
0x000002b9edbffbf0, 0x000002b9edc00590, 0x000002b9edc02740, 0x000002b9edc01da0,
0x000002b9f09e23e0, 0x000002b9f09e28b0, 0x000002b9f09db530, 0x000002b9f09dba00,
0x000002b9ede9b3f0, 0x000002b9ede96220, 0x000002b9ede94a10, 0x000002b9ede953b0,
0x000002b9ede97f00, 0x000002b9ede97560, 0x000002b9ede988a0, 0x000002b9ede98d70,
0x000002b9f06dd240, 0x000002b9f06e4a90, 0x000002b9f06e3c20, 0x000002b9f06e40f0,
0x000002b9f06e45c0, 0x000002b9f2a879a0, 0x000002b9ef740ef0, 0x000002b9f2edfa10,
0x000002b9f58cf510, 0x000002b9f2edd390, 0x000002b9f4120a30, 0x000002b9f95f2790,
0x000002b9f58cf9e0, 0x000002b9f9627f70, 0x000002b9f4120560, 0x000002b9f2edbb80,
0x000002b9f5a380d0, 0x000002b9f6132bf0, 0x000002b9f2edfee0, 0x000002b9f9570c90,
0x000002b9f910e500, 0x000002b9f40b3d40, 0x000002b9f97def70, 0x000002b9f641cf70,
0x000002b9f95f2c60, 0x000002b9f956fe20, 0x000002b9f9571160, 0x000002b9f95402a0,
0x000002b9f40b2a00, 0x000002b9f40b2ed0, 0x000002b9f910e9d0, 0x000002b9f910db60,
0x000002b9f5db10a0, 0x000002b9f5db3720, 0x000002b9f5db28b0, 0x000002b9f55f7940,
0x000002b9f55f6ad0, 0x000002b9f55f5c60, 0x000002b9f55f87b0, 0x000002b9f5db1570,
0x000002b9f5db3bf0, 0x000002b9f5db1a40, 0x000002b9f5db23e0, 0x000002b9f5db1f10,
0x000002b9f5db2d80, 0x000002b9f5db4590, 0x000002b9f5db3250, 0x000002b9f5db40c0,
0x000002b9f5db0bd0, 0x000002b9f2ce9470, 0x000002b9f2cea7b0, 0x000002b9f2ce9940,
0x000002b9f2ce8ad0, 0x000002b9f2ceb150, 0x000002b9f2ceac80, 0x000002b9f2cea2e0,
0x000002b9f2ceb620, 0x000002b9f2ce9e10, 0x000002b9f2cebfc0, 0x000002b9f2cebaf0,
0x000002b9f2ce8fa0, 0x000002b9f2ce8600, 0x000002b9f94a5700, 0x000002b9f94a43c0,
0x000002b9f94a3550, 0x000002b9f94a5230, 0x000002b9f94a3a20, 0x000002b9f94a5bd0,
0x000002b9f94a60a0, 0x000002b9f94a26e0, 0x000002b9f94a3ef0, 0x000002b9f94a4890,
0x000002b9f94a2bb0, 0x000002b9f94a3080, 0x000002b9f94a4d60, 0x000002b9f42f75f0,
0x000002b9f42f6c50, 0x000002b9f42f3c30, 0x000002b9f42f7120, 0x000002b9f42f4aa0,
0x000002b9f42f5de0, 0x000002b9f42f4100, 0x000002b9f42f45d0, 0x000002b9f42f6780,
0x000002b9f42f4f70, 0x000002b9f42f5440, 0x000002b9f42f5910, 0x000002b9f42f62b0,
0x000002b9f42ff620, 0x000002b9f42fe7b0, 0x000002b9f43017d0, 0x000002b9f4300e30,
0x000002b9f4301300, 0x000002b9f4300960, 0x000002b9f4301ca0, 0x000002b9f42fe2e0,
0x000002b9f42fec80, 0x000002b9f42fffc0, 0x000002b9f4300490, 0x000002b9f42ffaf0,
0x000002b9f42ff150, 0x000002b9f061a0f0, 0x000002b9f061a5c0, 0x000002b9f0619750,
0x000002b9f0619c20, 0x000002b9f0619280, 0x000002b9f061b430, 0x000002b9f061af60,
0x000002b9f061b900, 0x000002b9f0618410, 0x000002b9f0618db0, 0x000002b9f061bdd0,
0x000002b9f061aa90, 0x000002b9f06188e0, 0x000002b9ebd71450, 0x000002b9ebd6edd0,
0x000002b9ebd6f770, 0x000002b9ebd705e0, 0x000002b9ebd71920, 0x000002b9ebd71df0,
0x000002b9ebd722c0, 0x000002b9ef740550, 0x000002b9ef740a20, 0x000002b9ef741890,
0x000002b9ef740080, 0x000002b9ec0db150, 0x000002b9ec0db620, 0x000002b9f95f3ad0,
0x000002b9f95f22c0, 0x000002b9f2e0dba0, 0x000002b9f2e0f880, 0x000002b9f2e0e070,
0x000002b9f2e0e540, 0x000002b9f2e0fd50, 0x000002b9f2e0cd30, 0x000002b9f2e0f3b0,
0x000002b9f2e10220, 0x000002b9f2e0c860, 0x000002b9f2e0d200, 0x000002b9f2e0d6d0,
0x000002b9f2e0eee0, 0x000002b9f2e0ea10, 0x000002b9f92a9f60, 0x000002b9f92ab2a0,
0x000002b9f92a95c0, 0x000002b9f92aa430, 0x000002b9f92aadd0, 0x000002b9f92aa900,
0x000002b9f92ab770, 0x000002b9f92a9a90, 0x000002b9f92abc40, 0x000002b9f92ac110,
0x000002b9f92ac5e0, 0x000002b9f92a8c20, 0x000002b9f92a90f0, 0x000002b9f9a56b50,
0x000002b9f9a54000, 0x000002b9f9a57020, 0x000002b9f9a561b0, 0x000002b9f9a549a0,
0x000002b9f9a54e70, 0x000002b9f9a56680, 0x000002b9ec0dc960, 0x000002b9ec0dbaf0,
0x000002b9ec0da2e0, 0x000002b9ec0dbfc0, 0x000002b9ec0dc490, 0x000002b9ec0dce30,
0x000002b9ec0dd300, 0x000002b9ec0dd7d0, 0x000002b9f55f52c0, 0x000002b9f55f6600,
0x000002b9f55f8c80, 0x000002b9f55f7e10, 0x000002b9f55f5790, 0x000002b9f55f6130,
0x000002b9f55f6fa0, 0x000002b9f55f7470, 0x000002b9f58d0380, 0x000002b9f488a540,
0x000002b9f4889ba0, 0x000002b9f488aa10, 0x000002b9f4888860, 0x000002b9f4888d30,
0x000002b9f4889200, 0x000002b9f4887050, 0x000002b9f4887520, 0x000002b9f48879f0,
0x000002b9f4887ec0, 0x000002b9f48896d0, 0x000002b9f2a86190, 0x000002b9f2a87000,
0x000002b9f2a86660, 0x000002b9f2a874d0, 0x000002b9f2a89680, 0x000002b9f91058d0,
0x000002b9f91011f0, 0x000002b9f9108b70, 0x000002b9f956f950, 0x000002b9f95702f0,
0x000002b9f95707c0, 0x000002b9f4888390, 0x000002b9f488a070, 0x000002b9f6065170,
0x000002b9f5a36d90, 0x000002b9f5a37730, 0x000002b9f5a37260, 0x000002b9f5a37c00,
0x000002b9f5a35f20, 0x000002b9f40b4210, 0x000002b9f40b46e0, 0x000002b9f40b2530,
0x000002b9f40b33a0, 0x000002b9f40b3870, 0x000002b9f40b4bb0, 0x000002b9f40b5080,
0x000002b9f40b5550, 0x000002b9f40b5a20, 0x000002b9f40b2060, 0x000002b9f5a385a0,
0x000002b9f6063e30, 0x000002b9f6061c80, 0x000002b9f6062150, 0x000002b9ec0ddca0,
0x000002b9ec0da7b0, 0x000002b9f9a55340, 0x000002b9ef587bc0, 0x000002b9ef281160,
0x000002b9f9106800, 0x000002b9f5a363f0, 0x000002b9f5a38a70, 0x000002b9f5a38f40,
0x000002b9f5a368c0, 0x000002b9f5a35580, 0x000002b9f5a35a50, 0x000002b9f97e3150,
0x000002b9f97e3620, 0x000002b9f96dd440, 0x000002b9f96e0460, 0x000002b9f96df120,
0x000002b9f96ddde0, 0x000002b9f96e0930, 0x000002b9f96de2b0, 0x000002b9f96dec50,
0x000002b9f96dd910, 0x000002b9ef587220, 0x000002b9ef27eae0, 0x000002b9ef27e140,
0x000002b9ef27efb0, 0x000002b9ef27f480, 0x000002b9ef280c90, 0x000002b9ef27f950,
0x000002b9ef281b00, 0x000002b9ef27fe20, 0x000002b9ef281630, 0x000002b9ef2802f0,
0x000002b9ef27e610, 0x000002b9ef2807c0, 0x000002b9ef411ed0, 0x000002b9ef4123a0
}

Java Threads: ( => current thread )
  0x000002b9cf950ef0 JavaThread "main" [_thread_blocked, id=107688, stack(0x000000c5dbc00000,0x000000c5dbd00000)]
  0x000002b9eac64680 JavaThread "Reference Handler" daemon [_thread_blocked, id=107896, stack(0x000000c5dc300000,0x000000c5dc400000)]
  0x000002b9eac65a10 JavaThread "Finalizer" daemon [_thread_blocked, id=104552, stack(0x000000c5dc400000,0x000000c5dc500000)]
  0x000002b9eac7d660 JavaThread "Signal Dispatcher" daemon [_thread_blocked, id=109600, stack(0x000000c5dc500000,0x000000c5dc600000)]
  0x000002b9eac9b020 JavaThread "Attach Listener" daemon [_thread_blocked, id=106872, stack(0x000000c5dc600000,0x000000c5dc700000)]
  0x000002b9eac9b9e0 JavaThread "Service Thread" daemon [_thread_blocked, id=100880, stack(0x000000c5dc700000,0x000000c5dc800000)]
  0x000002b9eac9e3a0 JavaThread "Monitor Deflation Thread" daemon [_thread_blocked, id=109884, stack(0x000000c5dc800000,0x000000c5dc900000)]
  0x000002b9eac9f080 JavaThread "C2 CompilerThread0" daemon [_thread_in_native, id=109916, stack(0x000000c5dc900000,0x000000c5dca00000)]
  0x000002b9eacb5010 JavaThread "C1 CompilerThread0" daemon [_thread_blocked, id=106508, stack(0x000000c5dca00000,0x000000c5dcb00000)]
  0x000002b9eacbfd30 JavaThread "Sweeper thread" daemon [_thread_blocked, id=109720, stack(0x000000c5dcb00000,0x000000c5dcc00000)]
  0x000002b9eae44ef0 JavaThread "Common-Cleaner" daemon [_thread_blocked, id=110136, stack(0x000000c5dce00000,0x000000c5dcf00000)]
  0x000002b9eae473d0 JavaThread "Notification Thread" daemon [_thread_blocked, id=109924, stack(0x000000c5dcf00000,0x000000c5dd000000)]
  0x000002b9ed5f3450 JavaThread "Daemon health stats" [_thread_blocked, id=109844, stack(0x000000c5dd800000,0x000000c5dd900000)]
  0x000002b9ed56ddc0 JavaThread "Incoming local TCP Connector on port 59356" [_thread_in_native, id=108980, stack(0x000000c5dd900000,0x000000c5dda00000)]
  0x000002b9ed7c7030 JavaThread "Daemon periodic checks" [_thread_blocked, id=109824, stack(0x000000c5dda00000,0x000000c5ddb00000)]
  0x000002b9eb09b600 JavaThread "Cache worker for journal cache (C:\Users\liubov\.gradle\caches\journal-1)" [_thread_blocked, id=105540, stack(0x000000c5deb00000,0x000000c5dec00000)]
  0x000002b9eb09bad0 JavaThread "File lock request listener" [_thread_in_native, id=107572, stack(0x000000c5dec00000,0x000000c5ded00000)]
  0x000002b9eb099df0 JavaThread "Cache worker for file hash cache (C:\Users\liubov\.gradle\caches\8.0\fileHashes)" [_thread_blocked, id=108732, stack(0x000000c5ded00000,0x000000c5dee00000)]
  0x000002b9eb098f80 JavaThread "File watcher server" daemon [_thread_blocked, id=99688, stack(0x000000c5df000000,0x000000c5df100000)]
  0x000002b9eb099450 JavaThread "File watcher consumer" daemon [_thread_blocked, id=107596, stack(0x000000c5df100000,0x000000c5df200000)]
  0x000002b9edc00a60 JavaThread "Cache worker for file content cache (C:\Users\liubov\.gradle\caches\8.0\fileContent)" [_thread_blocked, id=105832, stack(0x000000c5df400000,0x000000c5df500000)]
  0x000002b9edbff720 JavaThread "Cache worker for execution history cache (C:\Users\liubov\.gradle\caches\8.0\executionHistory)" [_thread_blocked, id=106628, stack(0x000000c5def00000,0x000000c5df000000)]
  0x000002b9edc01400 JavaThread "jar transforms" [_thread_blocked, id=108864, stack(0x000000c5dee00000,0x000000c5def00000)]
  0x000002b9edbfc230 JavaThread "jar transforms Thread 2" [_thread_blocked, id=105212, stack(0x000000c5df700000,0x000000c5df800000)]
  0x000002b9edbffbf0 JavaThread "Cache worker for kotlin-dsl (C:\Users\liubov\.gradle\caches\8.0\kotlin-dsl)" [_thread_blocked, id=106844, stack(0x000000c5dfb00000,0x000000c5dfc00000)]
  0x000002b9edc00590 JavaThread "jar transforms Thread 3" [_thread_blocked, id=109256, stack(0x000000c5dfc00000,0x000000c5dfd00000)]
  0x000002b9edc02740 JavaThread "jar transforms Thread 4" [_thread_blocked, id=100480, stack(0x000000c5dfd00000,0x000000c5dfe00000)]
  0x000002b9edc01da0 JavaThread "jar transforms Thread 5" [_thread_blocked, id=105052, stack(0x000000c5e0000000,0x000000c5e0100000)]
  0x000002b9f09e23e0 JavaThread "jar transforms Thread 6" [_thread_blocked, id=110060, stack(0x000000c5e9d00000,0x000000c5e9e00000)]
  0x000002b9f09e28b0 JavaThread "jar transforms Thread 7" [_thread_blocked, id=110164, stack(0x000000c5e9e00000,0x000000c5e9f00000)]
  0x000002b9f09db530 JavaThread "jar transforms Thread 8" [_thread_blocked, id=109936, stack(0x000000c5e9f00000,0x000000c5ea000000)]
  0x000002b9f09dba00 JavaThread "jar transforms Thread 9" [_thread_blocked, id=69444, stack(0x000000c5ea000000,0x000000c5ea100000)]
  0x000002b9ede9b3f0 JavaThread "jar transforms Thread 10" [_thread_blocked, id=109792, stack(0x000000c5ea100000,0x000000c5ea200000)]
  0x000002b9ede96220 JavaThread "jar transforms Thread 11" [_thread_blocked, id=106900, stack(0x000000c5ea200000,0x000000c5ea300000)]
  0x000002b9ede94a10 JavaThread "jar transforms Thread 12" [_thread_blocked, id=107876, stack(0x000000c5ea300000,0x000000c5ea400000)]
  0x000002b9ede953b0 JavaThread "jar transforms Thread 13" [_thread_blocked, id=109164, stack(0x000000c5ea400000,0x000000c5ea500000)]
  0x000002b9ede97f00 JavaThread "jar transforms Thread 14" [_thread_blocked, id=110360, stack(0x000000c5ea500000,0x000000c5ea600000)]
  0x000002b9ede97560 JavaThread "jar transforms Thread 15" [_thread_blocked, id=109136, stack(0x000000c5ea600000,0x000000c5ea700000)]
  0x000002b9ede988a0 JavaThread "jar transforms Thread 16" [_thread_blocked, id=108100, stack(0x000000c5ea700000,0x000000c5ea800000)]
  0x000002b9ede98d70 JavaThread "Memory manager" [_thread_blocked, id=107212, stack(0x000000c5dfa00000,0x000000c5dfb00000)]
  0x000002b9f06dd240 JavaThread "pool-3-thread-1" [_thread_blocked, id=110260, stack(0x000000c5eab00000,0x000000c5eac00000)]
  0x000002b9f06e4a90 JavaThread "RMI Scheduler(0)" daemon [_thread_blocked, id=108512, stack(0x000000c5ec500000,0x000000c5ec600000)]
  0x000002b9f06e3c20 JavaThread "RMI GC Daemon" daemon [_thread_blocked, id=110380, stack(0x000000c5ec700000,0x000000c5ec800000)]
  0x000002b9f06e40f0 JavaThread "RMI TCP Accept-0" daemon [_thread_in_native, id=102392, stack(0x000000c5ec800000,0x000000c5ec900000)]
  0x000002b9f06e45c0 JavaThread "RMI Reaper" [_thread_blocked, id=108872, stack(0x000000c5ec900000,0x000000c5eca00000)]
  0x000002b9f2a879a0 JavaThread "Cache worker for Java compile cache (C:\Users\liubov\.gradle\caches\8.0\javaCompile)" [_thread_blocked, id=110804, stack(0x000000c5dd700000,0x000000c5dd800000)]
  0x000002b9ef740ef0 JavaThread "ForkJoinPool.commonPool-worker-1" daemon [_thread_blocked, id=111112, stack(0x000000c5eed00000,0x000000c5eee00000)]
  0x000002b9f2edfa10 JavaThread "ForkJoinPool.commonPool-worker-3" daemon [_thread_blocked, id=111120, stack(0x000000c5eef00000,0x000000c5ef000000)]
  0x000002b9f58cf510 JavaThread "ForkJoinPool.commonPool-worker-4" daemon [_thread_blocked, id=111124, stack(0x000000c5ef000000,0x000000c5ef100000)]
  0x000002b9f2edd390 JavaThread "ForkJoinPool.commonPool-worker-5" daemon [_thread_blocked, id=111128, stack(0x000000c5ef100000,0x000000c5ef200000)]
  0x000002b9f4120a30 JavaThread "ForkJoinPool.commonPool-worker-6" daemon [_thread_blocked, id=111132, stack(0x000000c5ef200000,0x000000c5ef300000)]
  0x000002b9f95f2790 JavaThread "ForkJoinPool.commonPool-worker-7" daemon [_thread_blocked, id=111136, stack(0x000000c5ef300000,0x000000c5ef400000)]
  0x000002b9f58cf9e0 JavaThread "ForkJoinPool.commonPool-worker-8" daemon [_thread_blocked, id=111140, stack(0x000000c5ef400000,0x000000c5ef500000)]
  0x000002b9f9627f70 JavaThread "ForkJoinPool.commonPool-worker-9" daemon [_thread_blocked, id=111144, stack(0x000000c5ef500000,0x000000c5ef600000)]
  0x000002b9f4120560 JavaThread "ForkJoinPool.commonPool-worker-10" daemon [_thread_blocked, id=111148, stack(0x000000c5ef600000,0x000000c5ef700000)]
  0x000002b9f2edbb80 JavaThread "ForkJoinPool.commonPool-worker-11" daemon [_thread_blocked, id=111152, stack(0x000000c5ef700000,0x000000c5ef800000)]
  0x000002b9f5a380d0 JavaThread "ForkJoinPool.commonPool-worker-12" daemon [_thread_blocked, id=111156, stack(0x000000c5ef800000,0x000000c5ef900000)]
  0x000002b9f6132bf0 JavaThread "ForkJoinPool.commonPool-worker-13" daemon [_thread_blocked, id=111160, stack(0x000000c5ef900000,0x000000c5efa00000)]
  0x000002b9f2edfee0 JavaThread "ForkJoinPool.commonPool-worker-14" daemon [_thread_blocked, id=111164, stack(0x000000c5efa00000,0x000000c5efb00000)]
  0x000002b9f9570c90 JavaThread "ForkJoinPool.commonPool-worker-15" daemon [_thread_blocked, id=111168, stack(0x000000c5efb00000,0x000000c5efc00000)]
  0x000002b9f910e500 JavaThread "Daemon Thread 2" [_thread_blocked, id=111200, stack(0x000000c5db900000,0x000000c5dba00000)]
  0x000002b9f40b3d40 JavaThread "Daemon worker Thread 2" [_thread_blocked, id=104640, stack(0x000000c5dd100000,0x000000c5dd200000)]
  0x000002b9f97def70 JavaThread "pool-7-thread-1" [_thread_blocked, id=108420, stack(0x000000c5ea900000,0x000000c5eaa00000)]
  0x000002b9f641cf70 JavaThread "included builds" [_thread_blocked, id=108496, stack(0x000000c5eac00000,0x000000c5ead00000)]
  0x000002b9f95f2c60 JavaThread "RMI TCP Connection(11)-127.0.0.1" daemon [_thread_in_native, id=111092, stack(0x000000c5ec600000,0x000000c5ec700000)]
  0x000002b9f956fe20 JavaThread "RMI TCP Connection(10)-127.0.0.1" daemon [_thread_in_native, id=110244, stack(0x000000c5eca00000,0x000000c5ecb00000)]
  0x000002b9f9571160 JavaThread "RMI TCP Connection(9)-127.0.0.1" daemon [_thread_in_native, id=110336, stack(0x000000c5dde00000,0x000000c5ddf00000)]
  0x000002b9f95402a0 JavaThread "ForkJoinPool.commonPool-worker-16" daemon [_thread_blocked, id=111224, stack(0x000000c5ea800000,0x000000c5ea900000)]
  0x000002b9f40b2a00 JavaThread "Handler for socket connection from /127.0.0.1:59356 to /127.0.0.1:59462" [_thread_in_native, id=101564, stack(0x000000c5dba00000,0x000000c5dbb00000)]
  0x000002b9f40b2ed0 JavaThread "Cancel handler" [_thread_blocked, id=109088, stack(0x000000c5dbb00000,0x000000c5dbc00000)]
  0x000002b9f910e9d0 JavaThread "Asynchronous log dispatcher for DefaultDaemonConnection: socket connection from /127.0.0.1:59356 to /127.0.0.1:59462" [_thread_blocked, id=106744, stack(0x000000c5dcc00000,0x000000c5dcd00000)]
  0x000002b9f910db60 JavaThread "Stdin handler" [_thread_blocked, id=111568, stack(0x000000c5dcd00000,0x000000c5dce00000)]
  0x000002b9f5db10a0 JavaThread "Daemon client event forwarder" [_thread_blocked, id=111576, stack(0x000000c5ddb00000,0x000000c5ddc00000)]
  0x000002b9f5db3720 JavaThread "Cache worker for checksums cache (D:\StudioProjects\placement_example\.gradle\8.0\checksums)" [_thread_blocked, id=111604, stack(0x000000c5ddd00000,0x000000c5dde00000)]
  0x000002b9f5db28b0 JavaThread "Cache worker for cache directory md-rule (C:\Users\liubov\.gradle\caches\8.0\md-rule)" [_thread_blocked, id=111608, stack(0x000000c5ddf00000,0x000000c5de000000)]
  0x000002b9f55f7940 JavaThread "Cache worker for file hash cache (D:\StudioProjects\placement_example\.gradle\8.0\fileHashes)" [_thread_blocked, id=111612, stack(0x000000c5de000000,0x000000c5de100000)]
  0x000002b9f55f6ad0 JavaThread "Cache worker for cache directory md-supplier (C:\Users\liubov\.gradle\caches\8.0\md-supplier)" [_thread_blocked, id=110636, stack(0x000000c5de100000,0x000000c5de200000)]
  0x000002b9f55f5c60 JavaThread "Cache worker for dependencies-accessors (D:\StudioProjects\placement_example\.gradle\8.0\dependencies-accessors)" [_thread_blocked, id=110992, stack(0x000000c5df200000,0x000000c5df300000)]
  0x000002b9f55f87b0 JavaThread "Cache worker for Build Output Cleanup Cache (D:\StudioProjects\placement_example\.gradle\buildOutputCleanup)" [_thread_blocked, id=104576, stack(0x000000c5df300000,0x000000c5df400000)]
  0x000002b9f5db1570 JavaThread "Unconstrained build operations" [_thread_blocked, id=22532, stack(0x000000c5df500000,0x000000c5df600000)]
  0x000002b9f5db3bf0 JavaThread "Unconstrained build operations Thread 2" [_thread_blocked, id=109112, stack(0x000000c5df600000,0x000000c5df700000)]
  0x000002b9f5db1a40 JavaThread "Unconstrained build operations Thread 3" [_thread_blocked, id=111544, stack(0x000000c5df800000,0x000000c5df900000)]
  0x000002b9f5db23e0 JavaThread "Unconstrained build operations Thread 4" [_thread_blocked, id=108104, stack(0x000000c5df900000,0x000000c5dfa00000)]
  0x000002b9f5db1f10 JavaThread "Unconstrained build operations Thread 5" [_thread_blocked, id=61848, stack(0x000000c5dfe00000,0x000000c5dff00000)]
  0x000002b9f5db2d80 JavaThread "Unconstrained build operations Thread 6" [_thread_blocked, id=109636, stack(0x000000c5dff00000,0x000000c5e0000000)]
  0x000002b9f5db4590 JavaThread "Unconstrained build operations Thread 7" [_thread_blocked, id=110140, stack(0x000000c5e0100000,0x000000c5e0200000)]
  0x000002b9f5db3250 JavaThread "Unconstrained build operations Thread 8" [_thread_blocked, id=12184, stack(0x000000c5e0200000,0x000000c5e0300000)]
  0x000002b9f5db40c0 JavaThread "Unconstrained build operations Thread 9" [_thread_blocked, id=107208, stack(0x000000c5e0300000,0x000000c5e0400000)]
  0x000002b9f5db0bd0 JavaThread "Unconstrained build operations Thread 10" [_thread_blocked, id=110104, stack(0x000000c5e0400000,0x000000c5e0500000)]
  0x000002b9f2ce9470 JavaThread "Unconstrained build operations Thread 11" [_thread_blocked, id=103548, stack(0x000000c5e0500000,0x000000c5e0600000)]
  0x000002b9f2cea7b0 JavaThread "Unconstrained build operations Thread 12" [_thread_blocked, id=106016, stack(0x000000c5e0600000,0x000000c5e0700000)]
  0x000002b9f2ce9940 JavaThread "Unconstrained build operations Thread 13" [_thread_blocked, id=111260, stack(0x000000c5e0700000,0x000000c5e0800000)]
  0x000002b9f2ce8ad0 JavaThread "Unconstrained build operations Thread 14" [_thread_blocked, id=110796, stack(0x000000c5e0800000,0x000000c5e0900000)]
  0x000002b9f2ceb150 JavaThread "Unconstrained build operations Thread 15" [_thread_blocked, id=109072, stack(0x000000c5e0900000,0x000000c5e0a00000)]
  0x000002b9f2ceac80 JavaThread "Unconstrained build operations Thread 16" [_thread_blocked, id=111280, stack(0x000000c5e0a00000,0x000000c5e0b00000)]
  0x000002b9f2cea2e0 JavaThread "Unconstrained build operations Thread 17" [_thread_blocked, id=109364, stack(0x000000c5e0b00000,0x000000c5e0c00000)]
  0x000002b9f2ceb620 JavaThread "Unconstrained build operations Thread 18" [_thread_blocked, id=110436, stack(0x000000c5e0c00000,0x000000c5e0d00000)]
  0x000002b9f2ce9e10 JavaThread "Unconstrained build operations Thread 19" [_thread_blocked, id=110116, stack(0x000000c5e0d00000,0x000000c5e0e00000)]
  0x000002b9f2cebfc0 JavaThread "Unconstrained build operations Thread 20" [_thread_blocked, id=82360, stack(0x000000c5e0e00000,0x000000c5e0f00000)]
  0x000002b9f2cebaf0 JavaThread "Unconstrained build operations Thread 21" [_thread_blocked, id=111196, stack(0x000000c5e0f00000,0x000000c5e1000000)]
  0x000002b9f2ce8fa0 JavaThread "Unconstrained build operations Thread 22" [_thread_blocked, id=110588, stack(0x000000c5e1000000,0x000000c5e1100000)]
  0x000002b9f2ce8600 JavaThread "Unconstrained build operations Thread 23" [_thread_blocked, id=91180, stack(0x000000c5e1100000,0x000000c5e1200000)]
  0x000002b9f94a5700 JavaThread "Unconstrained build operations Thread 24" [_thread_blocked, id=108940, stack(0x000000c5e1200000,0x000000c5e1300000)]
  0x000002b9f94a43c0 JavaThread "Unconstrained build operations Thread 25" [_thread_blocked, id=107392, stack(0x000000c5e1300000,0x000000c5e1400000)]
  0x000002b9f94a3550 JavaThread "Unconstrained build operations Thread 26" [_thread_blocked, id=109576, stack(0x000000c5e1400000,0x000000c5e1500000)]
  0x000002b9f94a5230 JavaThread "Unconstrained build operations Thread 27" [_thread_blocked, id=107012, stack(0x000000c5e1500000,0x000000c5e1600000)]
  0x000002b9f94a3a20 JavaThread "Unconstrained build operations Thread 28" [_thread_blocked, id=110148, stack(0x000000c5e1600000,0x000000c5e1700000)]
  0x000002b9f94a5bd0 JavaThread "Unconstrained build operations Thread 29" [_thread_blocked, id=104028, stack(0x000000c5e1700000,0x000000c5e1800000)]
  0x000002b9f94a60a0 JavaThread "Unconstrained build operations Thread 30" [_thread_blocked, id=110152, stack(0x000000c5e1800000,0x000000c5e1900000)]
  0x000002b9f94a26e0 JavaThread "Unconstrained build operations Thread 31" [_thread_blocked, id=108300, stack(0x000000c5e1900000,0x000000c5e1a00000)]
  0x000002b9f94a3ef0 JavaThread "Unconstrained build operations Thread 32" [_thread_blocked, id=103820, stack(0x000000c5e1a00000,0x000000c5e1b00000)]
  0x000002b9f94a4890 JavaThread "Unconstrained build operations Thread 33" [_thread_blocked, id=109120, stack(0x000000c5e1b00000,0x000000c5e1c00000)]
  0x000002b9f94a2bb0 JavaThread "Unconstrained build operations Thread 34" [_thread_blocked, id=107764, stack(0x000000c5e1c00000,0x000000c5e1d00000)]
  0x000002b9f94a3080 JavaThread "Unconstrained build operations Thread 35" [_thread_blocked, id=105036, stack(0x000000c5e1d00000,0x000000c5e1e00000)]
  0x000002b9f94a4d60 JavaThread "Unconstrained build operations Thread 36" [_thread_blocked, id=110708, stack(0x000000c5e1e00000,0x000000c5e1f00000)]
  0x000002b9f42f75f0 JavaThread "Unconstrained build operations Thread 37" [_thread_blocked, id=107564, stack(0x000000c5e1f00000,0x000000c5e2000000)]
  0x000002b9f42f6c50 JavaThread "Unconstrained build operations Thread 38" [_thread_blocked, id=109728, stack(0x000000c5e2000000,0x000000c5e2100000)]
  0x000002b9f42f3c30 JavaThread "Unconstrained build operations Thread 39" [_thread_blocked, id=109892, stack(0x000000c5e2100000,0x000000c5e2200000)]
  0x000002b9f42f7120 JavaThread "Unconstrained build operations Thread 40" [_thread_blocked, id=42548, stack(0x000000c5e2200000,0x000000c5e2300000)]
  0x000002b9f42f4aa0 JavaThread "Unconstrained build operations Thread 41" [_thread_blocked, id=111032, stack(0x000000c5e2300000,0x000000c5e2400000)]
  0x000002b9f42f5de0 JavaThread "Unconstrained build operations Thread 42" [_thread_blocked, id=103024, stack(0x000000c5e2400000,0x000000c5e2500000)]
  0x000002b9f42f4100 JavaThread "Unconstrained build operations Thread 43" [_thread_blocked, id=101552, stack(0x000000c5e2500000,0x000000c5e2600000)]
  0x000002b9f42f45d0 JavaThread "Unconstrained build operations Thread 44" [_thread_blocked, id=108276, stack(0x000000c5e2600000,0x000000c5e2700000)]
  0x000002b9f42f6780 JavaThread "Unconstrained build operations Thread 45" [_thread_blocked, id=110784, stack(0x000000c5e2700000,0x000000c5e2800000)]
  0x000002b9f42f4f70 JavaThread "Unconstrained build operations Thread 46" [_thread_blocked, id=110396, stack(0x000000c5e2800000,0x000000c5e2900000)]
  0x000002b9f42f5440 JavaThread "Unconstrained build operations Thread 47" [_thread_blocked, id=111476, stack(0x000000c5e2900000,0x000000c5e2a00000)]
  0x000002b9f42f5910 JavaThread "Unconstrained build operations Thread 48" [_thread_blocked, id=110412, stack(0x000000c5e2a00000,0x000000c5e2b00000)]
  0x000002b9f42f62b0 JavaThread "Unconstrained build operations Thread 49" [_thread_blocked, id=110404, stack(0x000000c5e2b00000,0x000000c5e2c00000)]
  0x000002b9f42ff620 JavaThread "Unconstrained build operations Thread 50" [_thread_blocked, id=104320, stack(0x000000c5e2c00000,0x000000c5e2d00000)]
  0x000002b9f42fe7b0 JavaThread "Unconstrained build operations Thread 51" [_thread_blocked, id=109680, stack(0x000000c5e2d00000,0x000000c5e2e00000)]
  0x000002b9f43017d0 JavaThread "Unconstrained build operations Thread 52" [_thread_blocked, id=110400, stack(0x000000c5e2e00000,0x000000c5e2f00000)]
  0x000002b9f4300e30 JavaThread "Unconstrained build operations Thread 53" [_thread_blocked, id=106292, stack(0x000000c5e2f00000,0x000000c5e3000000)]
  0x000002b9f4301300 JavaThread "Unconstrained build operations Thread 54" [_thread_blocked, id=101872, stack(0x000000c5e3000000,0x000000c5e3100000)]
  0x000002b9f4300960 JavaThread "Unconstrained build operations Thread 55" [_thread_blocked, id=109024, stack(0x000000c5e3100000,0x000000c5e3200000)]
  0x000002b9f4301ca0 JavaThread "Unconstrained build operations Thread 56" [_thread_blocked, id=110280, stack(0x000000c5e3200000,0x000000c5e3300000)]
  0x000002b9f42fe2e0 JavaThread "Unconstrained build operations Thread 57" [_thread_blocked, id=107456, stack(0x000000c5e3300000,0x000000c5e3400000)]
  0x000002b9f42fec80 JavaThread "Unconstrained build operations Thread 58" [_thread_blocked, id=106732, stack(0x000000c5e3400000,0x000000c5e3500000)]
  0x000002b9f42fffc0 JavaThread "Unconstrained build operations Thread 59" [_thread_blocked, id=107984, stack(0x000000c5e3500000,0x000000c5e3600000)]
  0x000002b9f4300490 JavaThread "Unconstrained build operations Thread 60" [_thread_blocked, id=110764, stack(0x000000c5e3600000,0x000000c5e3700000)]
  0x000002b9f42ffaf0 JavaThread "Unconstrained build operations Thread 61" [_thread_blocked, id=108744, stack(0x000000c5e3700000,0x000000c5e3800000)]
  0x000002b9f42ff150 JavaThread "Unconstrained build operations Thread 62" [_thread_blocked, id=110344, stack(0x000000c5e3800000,0x000000c5e3900000)]
  0x000002b9f061a0f0 JavaThread "Unconstrained build operations Thread 63" [_thread_blocked, id=109772, stack(0x000000c5e3900000,0x000000c5e3a00000)]
  0x000002b9f061a5c0 JavaThread "Unconstrained build operations Thread 64" [_thread_blocked, id=106964, stack(0x000000c5e3a00000,0x000000c5e3b00000)]
  0x000002b9f0619750 JavaThread "Unconstrained build operations Thread 65" [_thread_blocked, id=109752, stack(0x000000c5e3b00000,0x000000c5e3c00000)]
  0x000002b9f0619c20 JavaThread "Unconstrained build operations Thread 66" [_thread_blocked, id=110908, stack(0x000000c5e3c00000,0x000000c5e3d00000)]
  0x000002b9f0619280 JavaThread "Unconstrained build operations Thread 67" [_thread_blocked, id=106860, stack(0x000000c5e3d00000,0x000000c5e3e00000)]
  0x000002b9f061b430 JavaThread "Unconstrained build operations Thread 68" [_thread_blocked, id=111392, stack(0x000000c5e3e00000,0x000000c5e3f00000)]
  0x000002b9f061af60 JavaThread "Unconstrained build operations Thread 69" [_thread_blocked, id=111348, stack(0x000000c5e3f00000,0x000000c5e4000000)]
  0x000002b9f061b900 JavaThread "Unconstrained build operations Thread 70" [_thread_blocked, id=111532, stack(0x000000c5e4000000,0x000000c5e4100000)]
  0x000002b9f0618410 JavaThread "Unconstrained build operations Thread 71" [_thread_blocked, id=111388, stack(0x000000c5e4100000,0x000000c5e4200000)]
  0x000002b9f0618db0 JavaThread "Unconstrained build operations Thread 72" [_thread_blocked, id=58108, stack(0x000000c5e4200000,0x000000c5e4300000)]
  0x000002b9f061bdd0 JavaThread "Unconstrained build operations Thread 73" [_thread_blocked, id=110576, stack(0x000000c5e4300000,0x000000c5e4400000)]
  0x000002b9f061aa90 JavaThread "Unconstrained build operations Thread 74" [_thread_blocked, id=80740, stack(0x000000c5e4400000,0x000000c5e4500000)]
  0x000002b9f06188e0 JavaThread "Unconstrained build operations Thread 75" [_thread_blocked, id=111368, stack(0x000000c5e4500000,0x000000c5e4600000)]
  0x000002b9ebd71450 JavaThread "Unconstrained build operations Thread 76" [_thread_blocked, id=111436, stack(0x000000c5e4600000,0x000000c5e4700000)]
  0x000002b9ebd6edd0 JavaThread "Unconstrained build operations Thread 77" [_thread_blocked, id=102024, stack(0x000000c5e4700000,0x000000c5e4800000)]
  0x000002b9ebd6f770 JavaThread "Unconstrained build operations Thread 78" [_thread_blocked, id=111276, stack(0x000000c5e4800000,0x000000c5e4900000)]
  0x000002b9ebd705e0 JavaThread "Unconstrained build operations Thread 79" [_thread_blocked, id=111432, stack(0x000000c5e4900000,0x000000c5e4a00000)]
  0x000002b9ebd71920 JavaThread "Unconstrained build operations Thread 80" [_thread_blocked, id=110172, stack(0x000000c5e4a00000,0x000000c5e4b00000)]
  0x000002b9ebd71df0 JavaThread "Unconstrained build operations Thread 81" [_thread_blocked, id=43288, stack(0x000000c5e4b00000,0x000000c5e4c00000)]
  0x000002b9ebd722c0 JavaThread "Unconstrained build operations Thread 82" [_thread_blocked, id=110000, stack(0x000000c5e4c00000,0x000000c5e4d00000)]
  0x000002b9ef740550 JavaThread "Unconstrained build operations Thread 83" [_thread_blocked, id=110448, stack(0x000000c5e4d00000,0x000000c5e4e00000)]
  0x000002b9ef740a20 JavaThread "Unconstrained build operations Thread 84" [_thread_blocked, id=109508, stack(0x000000c5e4e00000,0x000000c5e4f00000)]
  0x000002b9ef741890 JavaThread "Unconstrained build operations Thread 85" [_thread_blocked, id=110632, stack(0x000000c5e4f00000,0x000000c5e5000000)]
  0x000002b9ef740080 JavaThread "Unconstrained build operations Thread 86" [_thread_blocked, id=110828, stack(0x000000c5e5000000,0x000000c5e5100000)]
  0x000002b9ec0db150 JavaThread "Unconstrained build operations Thread 87" [_thread_blocked, id=104632, stack(0x000000c5e5100000,0x000000c5e5200000)]
  0x000002b9ec0db620 JavaThread "Unconstrained build operations Thread 88" [_thread_blocked, id=108876, stack(0x000000c5e5200000,0x000000c5e5300000)]
  0x000002b9f95f3ad0 JavaThread "Unconstrained build operations Thread 89" [_thread_blocked, id=109312, stack(0x000000c5e5300000,0x000000c5e5400000)]
  0x000002b9f95f22c0 JavaThread "Unconstrained build operations Thread 90" [_thread_blocked, id=108796, stack(0x000000c5e5400000,0x000000c5e5500000)]
  0x000002b9f2e0dba0 JavaThread "Unconstrained build operations Thread 91" [_thread_blocked, id=93076, stack(0x000000c5e5500000,0x000000c5e5600000)]
  0x000002b9f2e0f880 JavaThread "Unconstrained build operations Thread 92" [_thread_blocked, id=108584, stack(0x000000c5e5600000,0x000000c5e5700000)]
  0x000002b9f2e0e070 JavaThread "Unconstrained build operations Thread 93" [_thread_blocked, id=108344, stack(0x000000c5e5700000,0x000000c5e5800000)]
  0x000002b9f2e0e540 JavaThread "Unconstrained build operations Thread 94" [_thread_blocked, id=110144, stack(0x000000c5e5800000,0x000000c5e5900000)]
  0x000002b9f2e0fd50 JavaThread "Unconstrained build operations Thread 95" [_thread_blocked, id=110660, stack(0x000000c5e5900000,0x000000c5e5a00000)]
  0x000002b9f2e0cd30 JavaThread "Unconstrained build operations Thread 96" [_thread_blocked, id=108996, stack(0x000000c5e5a00000,0x000000c5e5b00000)]
  0x000002b9f2e0f3b0 JavaThread "Unconstrained build operations Thread 97" [_thread_blocked, id=110844, stack(0x000000c5e5b00000,0x000000c5e5c00000)]
  0x000002b9f2e10220 JavaThread "Unconstrained build operations Thread 98" [_thread_blocked, id=104340, stack(0x000000c5e5c00000,0x000000c5e5d00000)]
  0x000002b9f2e0c860 JavaThread "Unconstrained build operations Thread 99" [_thread_blocked, id=110820, stack(0x000000c5e5d00000,0x000000c5e5e00000)]
  0x000002b9f2e0d200 JavaThread "Unconstrained build operations Thread 100" [_thread_blocked, id=78892, stack(0x000000c5e5e00000,0x000000c5e5f00000)]
  0x000002b9f2e0d6d0 JavaThread "Unconstrained build operations Thread 101" [_thread_blocked, id=109696, stack(0x000000c5e5f00000,0x000000c5e6000000)]
  0x000002b9f2e0eee0 JavaThread "Unconstrained build operations Thread 102" [_thread_blocked, id=111264, stack(0x000000c5e6000000,0x000000c5e6100000)]
  0x000002b9f2e0ea10 JavaThread "Unconstrained build operations Thread 103" [_thread_blocked, id=110184, stack(0x000000c5e6100000,0x000000c5e6200000)]
  0x000002b9f92a9f60 JavaThread "Unconstrained build operations Thread 104" [_thread_blocked, id=110720, stack(0x000000c5e6200000,0x000000c5e6300000)]
  0x000002b9f92ab2a0 JavaThread "Unconstrained build operations Thread 105" [_thread_blocked, id=109848, stack(0x000000c5e6300000,0x000000c5e6400000)]
  0x000002b9f92a95c0 JavaThread "Unconstrained build operations Thread 106" [_thread_blocked, id=108628, stack(0x000000c5e6400000,0x000000c5e6500000)]
  0x000002b9f92aa430 JavaThread "Unconstrained build operations Thread 107" [_thread_blocked, id=111012, stack(0x000000c5e6500000,0x000000c5e6600000)]
  0x000002b9f92aadd0 JavaThread "Unconstrained build operations Thread 108" [_thread_blocked, id=107360, stack(0x000000c5e6600000,0x000000c5e6700000)]
  0x000002b9f92aa900 JavaThread "Unconstrained build operations Thread 109" [_thread_blocked, id=110008, stack(0x000000c5e6700000,0x000000c5e6800000)]
  0x000002b9f92ab770 JavaThread "Unconstrained build operations Thread 110" [_thread_blocked, id=107968, stack(0x000000c5e6800000,0x000000c5e6900000)]
  0x000002b9f92a9a90 JavaThread "Unconstrained build operations Thread 111" [_thread_blocked, id=105248, stack(0x000000c5e6900000,0x000000c5e6a00000)]
  0x000002b9f92abc40 JavaThread "Unconstrained build operations Thread 112" [_thread_blocked, id=111036, stack(0x000000c5e6a00000,0x000000c5e6b00000)]
  0x000002b9f92ac110 JavaThread "Unconstrained build operations Thread 113" [_thread_blocked, id=110816, stack(0x000000c5e6b00000,0x000000c5e6c00000)]
  0x000002b9f92ac5e0 JavaThread "Unconstrained build operations Thread 114" [_thread_blocked, id=88780, stack(0x000000c5e6c00000,0x000000c5e6d00000)]
  0x000002b9f92a8c20 JavaThread "Unconstrained build operations Thread 115" [_thread_blocked, id=110704, stack(0x000000c5e6d00000,0x000000c5e6e00000)]
  0x000002b9f92a90f0 JavaThread "Unconstrained build operations Thread 116" [_thread_blocked, id=64956, stack(0x000000c5e6e00000,0x000000c5e6f00000)]
  0x000002b9f9a56b50 JavaThread "Unconstrained build operations Thread 117" [_thread_blocked, id=110432, stack(0x000000c5e6f00000,0x000000c5e7000000)]
  0x000002b9f9a54000 JavaThread "Unconstrained build operations Thread 118" [_thread_blocked, id=107328, stack(0x000000c5e7000000,0x000000c5e7100000)]
  0x000002b9f9a57020 JavaThread "Unconstrained build operations Thread 119" [_thread_blocked, id=103528, stack(0x000000c5e7100000,0x000000c5e7200000)]
  0x000002b9f9a561b0 JavaThread "Unconstrained build operations Thread 120" [_thread_blocked, id=108248, stack(0x000000c5e7200000,0x000000c5e7300000)]
  0x000002b9f9a549a0 JavaThread "Unconstrained build operations Thread 121" [_thread_blocked, id=110596, stack(0x000000c5e7300000,0x000000c5e7400000)]
  0x000002b9f9a54e70 JavaThread "Unconstrained build operations Thread 122" [_thread_blocked, id=109212, stack(0x000000c5e7400000,0x000000c5e7500000)]
  0x000002b9f9a56680 JavaThread "Unconstrained build operations Thread 123" [_thread_blocked, id=110112, stack(0x000000c5e7500000,0x000000c5e7600000)]
  0x000002b9ec0dc960 JavaThread "Unconstrained build operations Thread 124" [_thread_blocked, id=109800, stack(0x000000c5e7600000,0x000000c5e7700000)]
  0x000002b9ec0dbaf0 JavaThread "Unconstrained build operations Thread 125" [_thread_blocked, id=108360, stack(0x000000c5e7700000,0x000000c5e7800000)]
  0x000002b9ec0da2e0 JavaThread "Unconstrained build operations Thread 126" [_thread_blocked, id=108484, stack(0x000000c5e7800000,0x000000c5e7900000)]
  0x000002b9ec0dbfc0 JavaThread "Unconstrained build operations Thread 127" [_thread_blocked, id=108600, stack(0x000000c5e7900000,0x000000c5e7a00000)]
  0x000002b9ec0dc490 JavaThread "Unconstrained build operations Thread 128" [_thread_blocked, id=110480, stack(0x000000c5e7a00000,0x000000c5e7b00000)]
  0x000002b9ec0dce30 JavaThread "Unconstrained build operations Thread 129" [_thread_blocked, id=109716, stack(0x000000c5e7b00000,0x000000c5e7c00000)]
  0x000002b9ec0dd300 JavaThread "Unconstrained build operations Thread 130" [_thread_blocked, id=111572, stack(0x000000c5e7c00000,0x000000c5e7d00000)]
  0x000002b9ec0dd7d0 JavaThread "Unconstrained build operations Thread 131" [_thread_blocked, id=93004, stack(0x000000c5e7d00000,0x000000c5e7e00000)]
  0x000002b9f55f52c0 JavaThread "Unconstrained build operations Thread 132" [_thread_blocked, id=111004, stack(0x000000c5e7e00000,0x000000c5e7f00000)]
  0x000002b9f55f6600 JavaThread "Unconstrained build operations Thread 133" [_thread_blocked, id=111060, stack(0x000000c5e7f00000,0x000000c5e8000000)]
  0x000002b9f55f8c80 JavaThread "Unconstrained build operations Thread 134" [_thread_blocked, id=111028, stack(0x000000c5e8000000,0x000000c5e8100000)]
  0x000002b9f55f7e10 JavaThread "Unconstrained build operations Thread 135" [_thread_blocked, id=111000, stack(0x000000c5e8100000,0x000000c5e8200000)]
  0x000002b9f55f5790 JavaThread "Unconstrained build operations Thread 136" [_thread_blocked, id=110972, stack(0x000000c5e8200000,0x000000c5e8300000)]
  0x000002b9f55f6130 JavaThread "Unconstrained build operations Thread 137" [_thread_blocked, id=106968, stack(0x000000c5e8300000,0x000000c5e8400000)]
  0x000002b9f55f6fa0 JavaThread "Unconstrained build operations Thread 138" [_thread_blocked, id=109356, stack(0x000000c5e8400000,0x000000c5e8500000)]
  0x000002b9f55f7470 JavaThread "Unconstrained build operations Thread 139" [_thread_blocked, id=111236, stack(0x000000c5e8500000,0x000000c5e8600000)]
  0x000002b9f58d0380 JavaThread "Unconstrained build operations Thread 140" [_thread_blocked, id=110240, stack(0x000000c5e8600000,0x000000c5e8700000)]
  0x000002b9f488a540 JavaThread "Unconstrained build operations Thread 141" [_thread_blocked, id=110696, stack(0x000000c5e8700000,0x000000c5e8800000)]
  0x000002b9f4889ba0 JavaThread "Unconstrained build operations Thread 142" [_thread_blocked, id=104592, stack(0x000000c5e8800000,0x000000c5e8900000)]
  0x000002b9f488aa10 JavaThread "Unconstrained build operations Thread 143" [_thread_blocked, id=107888, stack(0x000000c5e8900000,0x000000c5e8a00000)]
  0x000002b9f4888860 JavaThread "Unconstrained build operations Thread 144" [_thread_blocked, id=97780, stack(0x000000c5e8a00000,0x000000c5e8b00000)]
  0x000002b9f4888d30 JavaThread "Unconstrained build operations Thread 145" [_thread_blocked, id=111016, stack(0x000000c5e8b00000,0x000000c5e8c00000)]
  0x000002b9f4889200 JavaThread "Unconstrained build operations Thread 146" [_thread_blocked, id=109708, stack(0x000000c5e8c00000,0x000000c5e8d00000)]
  0x000002b9f4887050 JavaThread "Unconstrained build operations Thread 147" [_thread_blocked, id=109840, stack(0x000000c5e8d00000,0x000000c5e8e00000)]
  0x000002b9f4887520 JavaThread "Unconstrained build operations Thread 148" [_thread_blocked, id=110452, stack(0x000000c5e8e00000,0x000000c5e8f00000)]
  0x000002b9f48879f0 JavaThread "Unconstrained build operations Thread 149" [_thread_blocked, id=109700, stack(0x000000c5e8f00000,0x000000c5e9000000)]
  0x000002b9f4887ec0 JavaThread "Unconstrained build operations Thread 150" [_thread_blocked, id=110600, stack(0x000000c5e9000000,0x000000c5e9100000)]
  0x000002b9f48896d0 JavaThread "Unconstrained build operations Thread 151" [_thread_blocked, id=110644, stack(0x000000c5e9100000,0x000000c5e9200000)]
  0x000002b9f2a86190 JavaThread "Unconstrained build operations Thread 152" [_thread_blocked, id=110652, stack(0x000000c5e9200000,0x000000c5e9300000)]
  0x000002b9f2a87000 JavaThread "Unconstrained build operations Thread 153" [_thread_blocked, id=111084, stack(0x000000c5e9300000,0x000000c5e9400000)]
  0x000002b9f2a86660 JavaThread "Unconstrained build operations Thread 154" [_thread_blocked, id=110160, stack(0x000000c5e9400000,0x000000c5e9500000)]
  0x000002b9f2a874d0 JavaThread "Unconstrained build operations Thread 155" [_thread_blocked, id=108772, stack(0x000000c5e9500000,0x000000c5e9600000)]
  0x000002b9f2a89680 JavaThread "Unconstrained build operations Thread 156" [_thread_blocked, id=89556, stack(0x000000c5e9600000,0x000000c5e9700000)]
  0x000002b9f91058d0 JavaThread "C1 CompilerThread1" daemon [_thread_blocked, id=107632, stack(0x000000c5e9700000,0x000000c5e9800000)]
  0x000002b9f91011f0 JavaThread "C1 CompilerThread2" daemon [_thread_blocked, id=100084, stack(0x000000c5e9800000,0x000000c5e9900000)]
  0x000002b9f9108b70 JavaThread "C1 CompilerThread3" daemon [_thread_blocked, id=80708, stack(0x000000c5e9900000,0x000000c5e9a00000)]
  0x000002b9f956f950 JavaThread "build event listener" [_thread_blocked, id=106840, stack(0x000000c5e9a00000,0x000000c5e9b00000)]
  0x000002b9f95702f0 JavaThread "build event listener" [_thread_blocked, id=109684, stack(0x000000c5e9b00000,0x000000c5e9c00000)]
  0x000002b9f95707c0 JavaThread "build event listener" [_thread_blocked, id=110808, stack(0x000000c5e9c00000,0x000000c5e9d00000)]
  0x000002b9f4888390 JavaThread "pool-11-thread-1" [_thread_blocked, id=110120, stack(0x000000c5eaa00000,0x000000c5eab00000)]
  0x000002b9f488a070 JavaThread "build event listener" [_thread_blocked, id=103592, stack(0x000000c5ead00000,0x000000c5eae00000)]
  0x000002b9f6065170 JavaThread "included builds" [_thread_blocked, id=111360, stack(0x000000c5eae00000,0x000000c5eaf00000)]
  0x000002b9f5a36d90 JavaThread "Execution worker" [_thread_blocked, id=110848, stack(0x000000c5eaf00000,0x000000c5eb000000)]
  0x000002b9f5a37730 JavaThread "Execution worker Thread 2" [_thread_blocked, id=110800, stack(0x000000c5eb000000,0x000000c5eb100000)]
  0x000002b9f5a37260 JavaThread "Execution worker Thread 3" [_thread_blocked, id=108944, stack(0x000000c5eb100000,0x000000c5eb200000)]
  0x000002b9f5a37c00 JavaThread "Execution worker Thread 4" [_thread_blocked, id=110580, stack(0x000000c5eb200000,0x000000c5eb300000)]
  0x000002b9f5a35f20 JavaThread "Execution worker Thread 5" [_thread_blocked, id=109436, stack(0x000000c5eb300000,0x000000c5eb400000)]
  0x000002b9f40b4210 JavaThread "Execution worker Thread 6" [_thread_blocked, id=92444, stack(0x000000c5eb400000,0x000000c5eb500000)]
  0x000002b9f40b46e0 JavaThread "Execution worker Thread 7" [_thread_blocked, id=110200, stack(0x000000c5eb500000,0x000000c5eb600000)]
  0x000002b9f40b2530 JavaThread "Execution worker Thread 8" [_thread_blocked, id=110080, stack(0x000000c5eb600000,0x000000c5eb700000)]
  0x000002b9f40b33a0 JavaThread "Execution worker Thread 9" [_thread_blocked, id=96168, stack(0x000000c5eb700000,0x000000c5eb800000)]
  0x000002b9f40b3870 JavaThread "Execution worker Thread 10" [_thread_blocked, id=106896, stack(0x000000c5eba00000,0x000000c5ebb00000)]
  0x000002b9f40b4bb0 JavaThread "Execution worker Thread 11" [_thread_blocked, id=109500, stack(0x000000c5ebb00000,0x000000c5ebc00000)]
  0x000002b9f40b5080 JavaThread "Execution worker Thread 12" [_thread_blocked, id=109344, stack(0x000000c5ebc00000,0x000000c5ebd00000)]
  0x000002b9f40b5550 JavaThread "Execution worker Thread 13" [_thread_blocked, id=109560, stack(0x000000c5ebd00000,0x000000c5ebe00000)]
  0x000002b9f40b5a20 JavaThread "Execution worker Thread 14" [_thread_blocked, id=14028, stack(0x000000c5ebe00000,0x000000c5ebf00000)]
  0x000002b9f40b2060 JavaThread "Execution worker Thread 15" [_thread_blocked, id=105236, stack(0x000000c5ebf00000,0x000000c5ec000000)]
  0x000002b9f5a385a0 JavaThread "Cache worker for execution history cache (D:\StudioProjects\placement_example\.gradle\8.0\executionHistory)" [_thread_blocked, id=109760, stack(0x000000c5ec000000,0x000000c5ec100000)]
  0x000002b9f6063e30 JavaThread "Unconstrained build operations Thread 157" [_thread_blocked, id=107576, stack(0x000000c5ec100000,0x000000c5ec200000)]
  0x000002b9f6061c80 JavaThread "Unconstrained build operations Thread 158" [_thread_blocked, id=109872, stack(0x000000c5ec200000,0x000000c5ec300000)]
  0x000002b9f6062150 JavaThread "Unconstrained build operations Thread 159" [_thread_blocked, id=110724, stack(0x000000c5ec300000,0x000000c5ec400000)]
  0x000002b9ec0ddca0 JavaThread "Unconstrained build operations Thread 160" [_thread_blocked, id=110128, stack(0x000000c5ec400000,0x000000c5ec500000)]
  0x000002b9ec0da7b0 JavaThread "WorkerExecutor Queue" [_thread_blocked, id=109908, stack(0x000000c5ecb00000,0x000000c5ecc00000)]
  0x000002b9f9a55340 JavaThread "RMI RenewClean-[127.0.0.1:17943,org.jetbrains.kotlin.daemon.common.LoopbackNetworkInterface$ClientLoopbackSocketFactory@5e4c530f]" daemon [_thread_blocked, id=107680, stack(0x000000c5ecc00000,0x000000c5ecd00000)]
  0x000002b9ef587bc0 JavaThread "WorkerExecutor Queue Thread 2" [_thread_blocked, id=111408, stack(0x000000c5ecd00000,0x000000c5ece00000)]
  0x000002b9ef281160 JavaThread "RMI RenewClean-[127.0.0.1:17943,org.jetbrains.kotlin.daemon.common.LoopbackNetworkInterface$ClientLoopbackSocketFactory@1392c178]" daemon [_thread_blocked, id=108332, stack(0x000000c5ece00000,0x000000c5ecf00000)]
  0x000002b9f9106800 JavaThread "C2 CompilerThread1" daemon [_thread_blocked, id=110760, stack(0x000000c5ddc00000,0x000000c5ddd00000)]
  0x000002b9f5a363f0 JavaThread "Build operations" [_thread_blocked, id=111740, stack(0x000000c5ecf00000,0x000000c5ed000000)]
  0x000002b9f5a38a70 JavaThread "Build operations Thread 2" [_thread_blocked, id=111744, stack(0x000000c5ed000000,0x000000c5ed100000)]
  0x000002b9f5a38f40 JavaThread "Build operations Thread 3" [_thread_blocked, id=111748, stack(0x000000c5ed100000,0x000000c5ed200000)]
  0x000002b9f5a368c0 JavaThread "Build operations Thread 4" [_thread_blocked, id=111752, stack(0x000000c5ed200000,0x000000c5ed300000)]
  0x000002b9f5a35580 JavaThread "Build operations Thread 5" [_thread_blocked, id=111756, stack(0x000000c5ed300000,0x000000c5ed400000)]
  0x000002b9f5a35a50 JavaThread "Build operations Thread 6" [_thread_blocked, id=111760, stack(0x000000c5ed400000,0x000000c5ed500000)]
  0x000002b9f97e3150 JavaThread "Build operations Thread 7" [_thread_blocked, id=111764, stack(0x000000c5ed500000,0x000000c5ed600000)]
  0x000002b9f97e3620 JavaThread "Build operations Thread 8" [_thread_blocked, id=111768, stack(0x000000c5ed600000,0x000000c5ed700000)]
  0x000002b9f96dd440 JavaThread "Build operations Thread 9" [_thread_blocked, id=111772, stack(0x000000c5ed700000,0x000000c5ed800000)]
  0x000002b9f96e0460 JavaThread "Build operations Thread 10" [_thread_blocked, id=111776, stack(0x000000c5ed800000,0x000000c5ed900000)]
  0x000002b9f96df120 JavaThread "Build operations Thread 11" [_thread_blocked, id=111780, stack(0x000000c5ed900000,0x000000c5eda00000)]
  0x000002b9f96ddde0 JavaThread "Build operations Thread 12" [_thread_blocked, id=111784, stack(0x000000c5eda00000,0x000000c5edb00000)]
  0x000002b9f96e0930 JavaThread "Build operations Thread 13" [_thread_blocked, id=111788, stack(0x000000c5edb00000,0x000000c5edc00000)]
  0x000002b9f96de2b0 JavaThread "Build operations Thread 14" [_thread_blocked, id=111792, stack(0x000000c5edc00000,0x000000c5edd00000)]
  0x000002b9f96dec50 JavaThread "Build operations Thread 15" [_thread_blocked, id=111796, stack(0x000000c5edd00000,0x000000c5ede00000)]
  0x000002b9f96dd910 JavaThread "Build operations Thread 16" [_thread_blocked, id=111800, stack(0x000000c5ede00000,0x000000c5edf00000)]
  0x000002b9ef587220 JavaThread "WorkerExecutor Queue Thread 3" [_thread_blocked, id=111804, stack(0x000000c5edf00000,0x000000c5ee000000)]
  0x000002b9ef27eae0 JavaThread "WorkerExecutor Queue Thread 4" [_thread_blocked, id=111808, stack(0x000000c5ee000000,0x000000c5ee100000)]
  0x000002b9ef27e140 JavaThread "WorkerExecutor Queue Thread 5" [_thread_blocked, id=111812, stack(0x000000c5ee100000,0x000000c5ee200000)]
  0x000002b9ef27efb0 JavaThread "WorkerExecutor Queue Thread 6" [_thread_blocked, id=111816, stack(0x000000c5ee200000,0x000000c5ee300000)]
  0x000002b9ef27f480 JavaThread "WorkerExecutor Queue Thread 7" [_thread_blocked, id=111820, stack(0x000000c5ee300000,0x000000c5ee400000)]
  0x000002b9ef280c90 JavaThread "WorkerExecutor Queue Thread 8" [_thread_blocked, id=111824, stack(0x000000c5ee400000,0x000000c5ee500000)]
  0x000002b9ef27f950 JavaThread "WorkerExecutor Queue Thread 9" [_thread_blocked, id=111828, stack(0x000000c5ee500000,0x000000c5ee600000)]
  0x000002b9ef281b00 JavaThread "WorkerExecutor Queue Thread 10" [_thread_blocked, id=111832, stack(0x000000c5ee600000,0x000000c5ee700000)]
  0x000002b9ef27fe20 JavaThread "WorkerExecutor Queue Thread 11" [_thread_blocked, id=111836, stack(0x000000c5ee700000,0x000000c5ee800000)]
  0x000002b9ef281630 JavaThread "WorkerExecutor Queue Thread 12" [_thread_blocked, id=111840, stack(0x000000c5eee00000,0x000000c5eef00000)]
  0x000002b9ef2802f0 JavaThread "WorkerExecutor Queue Thread 13" [_thread_blocked, id=111844, stack(0x000000c5efc00000,0x000000c5efd00000)]
  0x000002b9ef27e610 JavaThread "WorkerExecutor Queue Thread 14" [_thread_blocked, id=111848, stack(0x000000c5efd00000,0x000000c5efe00000)]
  0x000002b9ef2807c0 JavaThread "WorkerExecutor Queue Thread 15" [_thread_blocked, id=111852, stack(0x000000c5efe00000,0x000000c5eff00000)]
  0x000002b9ef411ed0 JavaThread "WorkerExecutor Queue Thread 16" [_thread_blocked, id=111856, stack(0x000000c5eff00000,0x000000c5f0000000)]
  0x000002b9ef4123a0 JavaThread "WorkerExecutor Queue Thread 17" [_thread_blocked, id=111860, stack(0x000000c5f0000000,0x000000c5f0100000)]

Other Threads:
=>0x000002b9eac40630 VMThread "VM Thread" [stack: 0x000000c5dc200000,0x000000c5dc300000] [id=110276]
  0x000002b9eae42bc0 WatcherThread [stack: 0x000000c5dd000000,0x000000c5dd100000] [id=110188]
  0x000002b9cf9adf90 GCTaskThread "GC Thread#0" [stack: 0x000000c5dbd00000,0x000000c5dbe00000] [id=109192]
  0x000002b9ebf77c80 GCTaskThread "GC Thread#1" [stack: 0x000000c5dd300000,0x000000c5dd400000] [id=109632]
  0x000002b9ebf9b0f0 GCTaskThread "GC Thread#2" [stack: 0x000000c5dd400000,0x000000c5dd500000] [id=110468]
  0x000002b9ebf9b3a0 GCTaskThread "GC Thread#3" [stack: 0x000000c5dd500000,0x000000c5dd600000] [id=110540]
  0x000002b9eba5fb70 GCTaskThread "GC Thread#4" [stack: 0x000000c5dd600000,0x000000c5dd700000] [id=110472]
  0x000002b9eba5f0b0 GCTaskThread "GC Thread#5" [stack: 0x000000c5dd200000,0x000000c5dd300000] [id=110048]
  0x000002b9eba5f360 GCTaskThread "GC Thread#6" [stack: 0x000000c5de200000,0x000000c5de300000] [id=99664]
  0x000002b9eba600d0 GCTaskThread "GC Thread#7" [stack: 0x000000c5de300000,0x000000c5de400000] [id=108080]
  0x000002b9eba5f610 GCTaskThread "GC Thread#8" [stack: 0x000000c5de400000,0x000000c5de500000] [id=109612]
  0x000002b9eba5f8c0 GCTaskThread "GC Thread#9" [stack: 0x000000c5de500000,0x000000c5de600000] [id=109940]
  0x000002b9edc2c420 GCTaskThread "GC Thread#10" [stack: 0x000000c5de600000,0x000000c5de700000] [id=110300]
  0x000002b9edc2e460 GCTaskThread "GC Thread#11" [stack: 0x000000c5de700000,0x000000c5de800000] [id=110312]
  0x000002b9edc2ec70 GCTaskThread "GC Thread#12" [stack: 0x000000c5de800000,0x000000c5de900000] [id=110536]
  0x000002b9cf9bfee0 ConcurrentGCThread "G1 Main Marker" [stack: 0x000000c5dbe00000,0x000000c5dbf00000] [id=109392]
  0x000002b9cf9c08f0 ConcurrentGCThread "G1 Conc#0" [stack: 0x000000c5dbf00000,0x000000c5dc000000] [id=110264]
  0x000002b9edc2c6d0 ConcurrentGCThread "G1 Conc#1" [stack: 0x000000c5de900000,0x000000c5dea00000] [id=109244]
  0x000002b9edc2b6b0 ConcurrentGCThread "G1 Conc#2" [stack: 0x000000c5dea00000,0x000000c5deb00000] [id=108316]
  0x000002b9cfa0e980 ConcurrentGCThread "G1 Refine#0" [stack: 0x000000c5dc000000,0x000000c5dc100000] [id=108588]
  0x000002b9f640c3e0 ConcurrentGCThread "G1 Refine#1" [stack: 0x000000c5ee800000,0x000000c5ee900000] [id=110932]
  0x000002b9f2e18170 ConcurrentGCThread "G1 Refine#2" [stack: 0x000000c5ee900000,0x000000c5eea00000] [id=110936]
  0x000002b9f2cb7eb0 ConcurrentGCThread "G1 Refine#3" [stack: 0x000000c5eea00000,0x000000c5eeb00000] [id=110940]
  0x000002b9efd9cc10 ConcurrentGCThread "G1 Refine#4" [stack: 0x000000c5eeb00000,0x000000c5eec00000] [id=110944]
  0x000002b9eb7da4a0 ConcurrentGCThread "G1 Refine#5" [stack: 0x000000c5eec00000,0x000000c5eed00000] [id=110948]
  0x000002b9ea1045c0 ConcurrentGCThread "G1 Service" [stack: 0x000000c5dc100000,0x000000c5dc200000] [id=110252]

Threads with active compile tasks:
C2 CompilerThread0   143310 27224 %     4       org.objectweb.asm.ClassReader::readCode @ 92 (5109 bytes)
C2 CompilerThread1   143310 27396       4       com.android.tools.r8.ir.regalloc.b::c (4041 bytes)

VM state: at safepoint (normal execution)

VM Mutex/Monitor currently owned by a thread:  ([mutex/lock_event])
[0x000002b9cf94cff0] Threads_lock - owner thread: 0x000002b9eac40630
[0x000002b9cf94bb20] Heap_lock - owner thread: 0x000002b9ef281630

Heap address: 0x0000000080000000, size: 2048 MB, Compressed Oops mode: 32-bit

CDS archive(s) not mapped
Compressed class space mapped at: 0x0000000100000000-0x0000000140000000, reserved size: 1073741824
Narrow klass base: 0x0000000000000000, Narrow klass shift: 3, Narrow klass range: 0x140000000

GC Precious Log:
 CPUs: 16 total, 16 available
 Memory: 15557M
 Large Page Support: Disabled
 NUMA Support: Disabled
 Compressed Oops: Enabled (32-bit)
 Heap Region Size: 1M
 Heap Min Capacity: 8M
 Heap Initial Capacity: 244M
 Heap Max Capacity: 2G
 Pre-touch: Disabled
 Parallel Workers: 13
 Concurrent Workers: 3
 Concurrent Refinement Workers: 13
 Periodic GC: Disabled

Heap:
 garbage-first heap   total 627712K, used 240397K [0x0000000080000000, 0x0000000100000000)
  region size 1024K, 13 young (13312K), 13 survivors (13312K)
 Metaspace       used 145680K, committed 146752K, reserved 1179648K
  class space    used 20627K, committed 21120K, reserved 1048576K

Heap Regions: E=young(eden), S=young(survivor), O=old, HS=humongous(starts), HC=humongous(continues), CS=collection set, F=free, OA=open archive, CA=closed archive, TAMS=top-at-mark-start (previous, next)
|   0|0x0000000080000000, 0x0000000080100000, 0x0000000080100000|100%|HS|  |TAMS 0x0000000080100000, 0x0000000080100000| Complete 
|   1|0x0000000080100000, 0x0000000080200000, 0x0000000080200000|100%|HC|  |TAMS 0x0000000080200000, 0x0000000080200000| Complete 
|   2|0x0000000080200000, 0x0000000080300000, 0x0000000080300000|100%|HC|  |TAMS 0x0000000080300000, 0x0000000080300000| Complete 
|   3|0x0000000080300000, 0x0000000080400000, 0x0000000080400000|100%|HC|  |TAMS 0x0000000080400000, 0x0000000080400000| Complete 
|   4|0x0000000080400000, 0x0000000080400000, 0x0000000080500000|  0%| F|  |TAMS 0x0000000080400000, 0x0000000080400000| Untracked 
|   5|0x0000000080500000, 0x0000000080600000, 0x0000000080600000|100%| O|  |TAMS 0x0000000080600000, 0x0000000080600000| Untracked 
|   6|0x0000000080600000, 0x0000000080700000, 0x0000000080700000|100%| O|  |TAMS 0x0000000080700000, 0x0000000080700000| Untracked 
|   7|0x0000000080700000, 0x0000000080800000, 0x0000000080800000|100%| O|  |TAMS 0x0000000080800000, 0x0000000080800000| Untracked 
|   8|0x0000000080800000, 0x0000000080900000, 0x0000000080900000|100%| O|  |TAMS 0x0000000080900000, 0x0000000080900000| Untracked 
|   9|0x0000000080900000, 0x0000000080a00000, 0x0000000080a00000|100%| O|  |TAMS 0x0000000080a00000, 0x0000000080a00000| Untracked 
|  10|0x0000000080a00000, 0x0000000080b00000, 0x0000000080b00000|100%| O|  |TAMS 0x0000000080b00000, 0x0000000080b00000| Untracked 
|  11|0x0000000080b00000, 0x0000000080c00000, 0x0000000080c00000|100%| O|  |TAMS 0x0000000080c00000, 0x0000000080c00000| Untracked 
|  12|0x0000000080c00000, 0x0000000080d00000, 0x0000000080d00000|100%| O|  |TAMS 0x0000000080d00000, 0x0000000080d00000| Untracked 
|  13|0x0000000080d00000, 0x0000000080e00000, 0x0000000080e00000|100%| O|  |TAMS 0x0000000080e00000, 0x0000000080e00000| Untracked 
|  14|0x0000000080e00000, 0x0000000080f00000, 0x0000000080f00000|100%| O|  |TAMS 0x0000000080f00000, 0x0000000080f00000| Untracked 
|  15|0x0000000080f00000, 0x0000000081000000, 0x0000000081000000|100%| O|  |TAMS 0x0000000081000000, 0x0000000081000000| Untracked 
|  16|0x0000000081000000, 0x0000000081100000, 0x0000000081100000|100%| O|  |TAMS 0x0000000081100000, 0x0000000081100000| Untracked 
|  17|0x0000000081100000, 0x0000000081200000, 0x0000000081200000|100%| O|  |TAMS 0x0000000081200000, 0x0000000081200000| Untracked 
|  18|0x0000000081200000, 0x0000000081300000, 0x0000000081300000|100%| O|  |TAMS 0x0000000081300000, 0x0000000081300000| Untracked 
|  19|0x0000000081300000, 0x0000000081400000, 0x0000000081400000|100%| O|  |TAMS 0x0000000081400000, 0x0000000081400000| Untracked 
|  20|0x0000000081400000, 0x0000000081500000, 0x0000000081500000|100%| O|  |TAMS 0x0000000081500000, 0x0000000081500000| Untracked 
|  21|0x0000000081500000, 0x0000000081600000, 0x0000000081600000|100%| O|  |TAMS 0x0000000081600000, 0x0000000081600000| Untracked 
|  22|0x0000000081600000, 0x0000000081700000, 0x0000000081700000|100%| O|  |TAMS 0x0000000081700000, 0x0000000081700000| Untracked 
|  23|0x0000000081700000, 0x0000000081800000, 0x0000000081800000|100%| O|  |TAMS 0x0000000081800000, 0x0000000081800000| Untracked 
|  24|0x0000000081800000, 0x0000000081900000, 0x0000000081900000|100%| O|  |TAMS 0x0000000081900000, 0x0000000081900000| Untracked 
|  25|0x0000000081900000, 0x0000000081a00000, 0x0000000081a00000|100%| O|  |TAMS 0x0000000081a00000, 0x0000000081a00000| Untracked 
|  26|0x0000000081a00000, 0x0000000081b00000, 0x0000000081b00000|100%| O|  |TAMS 0x0000000081b00000, 0x0000000081b00000| Untracked 
|  27|0x0000000081b00000, 0x0000000081c00000, 0x0000000081c00000|100%| O|  |TAMS 0x0000000081c00000, 0x0000000081c00000| Untracked 
|  28|0x0000000081c00000, 0x0000000081d00000, 0x0000000081d00000|100%| O|  |TAMS 0x0000000081d00000, 0x0000000081d00000| Untracked 
|  29|0x0000000081d00000, 0x0000000081e00000, 0x0000000081e00000|100%| O|  |TAMS 0x0000000081e00000, 0x0000000081e00000| Untracked 
|  30|0x0000000081e00000, 0x0000000081f00000, 0x0000000081f00000|100%| O|  |TAMS 0x0000000081f00000, 0x0000000081f00000| Untracked 
|  31|0x0000000081f00000, 0x0000000082000000, 0x0000000082000000|100%| O|  |TAMS 0x0000000082000000, 0x0000000082000000| Untracked 
|  32|0x0000000082000000, 0x0000000082100000, 0x0000000082100000|100%| O|  |TAMS 0x0000000082100000, 0x0000000082100000| Untracked 
|  33|0x0000000082100000, 0x0000000082200000, 0x0000000082200000|100%| O|  |TAMS 0x0000000082200000, 0x0000000082200000| Untracked 
|  34|0x0000000082200000, 0x0000000082300000, 0x0000000082300000|100%| O|  |TAMS 0x0000000082300000, 0x0000000082300000| Untracked 
|  35|0x0000000082300000, 0x0000000082400000, 0x0000000082400000|100%| O|  |TAMS 0x0000000082300000, 0x0000000082400000| Untracked 
|  36|0x0000000082400000, 0x0000000082500000, 0x0000000082500000|100%| O|  |TAMS 0x0000000082400000, 0x0000000082500000| Untracked 
|  37|0x0000000082500000, 0x0000000082600000, 0x0000000082600000|100%| O|  |TAMS 0x0000000082600000, 0x0000000082600000| Untracked 
|  38|0x0000000082600000, 0x0000000082700000, 0x0000000082700000|100%| O|  |TAMS 0x0000000082700000, 0x0000000082700000| Untracked 
|  39|0x0000000082700000, 0x0000000082800000, 0x0000000082800000|100%|HS|  |TAMS 0x0000000082800000, 0x0000000082800000| Complete 
|  40|0x0000000082800000, 0x0000000082900000, 0x0000000082900000|100%|HS|  |TAMS 0x0000000082900000, 0x0000000082900000| Complete 
|  41|0x0000000082900000, 0x0000000082a00000, 0x0000000082a00000|100%|HS|  |TAMS 0x0000000082a00000, 0x0000000082a00000| Complete 
|  42|0x0000000082a00000, 0x0000000082b00000, 0x0000000082b00000|100%|HS|  |TAMS 0x0000000082b00000, 0x0000000082b00000| Complete 
|  43|0x0000000082b00000, 0x0000000082c00000, 0x0000000082c00000|100%|HC|  |TAMS 0x0000000082c00000, 0x0000000082c00000| Complete 
|  44|0x0000000082c00000, 0x0000000082d00000, 0x0000000082d00000|100%| O|  |TAMS 0x0000000082d00000, 0x0000000082d00000| Untracked 
|  45|0x0000000082d00000, 0x0000000082e00000, 0x0000000082e00000|100%| O|  |TAMS 0x0000000082e00000, 0x0000000082e00000| Untracked 
|  46|0x0000000082e00000, 0x0000000082f00000, 0x0000000082f00000|100%|HS|  |TAMS 0x0000000082f00000, 0x0000000082f00000| Complete 
|  47|0x0000000082f00000, 0x0000000083000000, 0x0000000083000000|100%|HC|  |TAMS 0x0000000083000000, 0x0000000083000000| Complete 
|  48|0x0000000083000000, 0x0000000083100000, 0x0000000083100000|100%|HC|  |TAMS 0x0000000083100000, 0x0000000083100000| Complete 
|  49|0x0000000083100000, 0x0000000083200000, 0x0000000083200000|100%|HC|  |TAMS 0x0000000083200000, 0x0000000083200000| Complete 
|  50|0x0000000083200000, 0x0000000083300000, 0x0000000083300000|100%| O|  |TAMS 0x0000000083300000, 0x0000000083300000| Untracked 
|  51|0x0000000083300000, 0x0000000083400000, 0x0000000083400000|100%| O|  |TAMS 0x0000000083400000, 0x0000000083400000| Untracked 
|  52|0x0000000083400000, 0x0000000083500000, 0x0000000083500000|100%| O|  |TAMS 0x0000000083500000, 0x0000000083500000| Untracked 
|  53|0x0000000083500000, 0x0000000083600000, 0x0000000083600000|100%| O|  |TAMS 0x0000000083600000, 0x0000000083600000| Untracked 
|  54|0x0000000083600000, 0x0000000083700000, 0x0000000083700000|100%| O|  |TAMS 0x0000000083700000, 0x0000000083700000| Untracked 
|  55|0x0000000083700000, 0x0000000083800000, 0x0000000083800000|100%| O|  |TAMS 0x0000000083800000, 0x0000000083800000| Untracked 
|  56|0x0000000083800000, 0x0000000083900000, 0x0000000083900000|100%| O|  |TAMS 0x0000000083900000, 0x0000000083900000| Untracked 
|  57|0x0000000083900000, 0x0000000083a00000, 0x0000000083a00000|100%| O|  |TAMS 0x0000000083a00000, 0x0000000083a00000| Untracked 
|  58|0x0000000083a00000, 0x0000000083b00000, 0x0000000083b00000|100%| O|  |TAMS 0x0000000083b00000, 0x0000000083b00000| Untracked 
|  59|0x0000000083b00000, 0x0000000083c00000, 0x0000000083c00000|100%| O|  |TAMS 0x0000000083c00000, 0x0000000083c00000| Untracked 
|  60|0x0000000083c00000, 0x0000000083d00000, 0x0000000083d00000|100%| O|  |TAMS 0x0000000083d00000, 0x0000000083d00000| Untracked 
|  61|0x0000000083d00000, 0x0000000083e00000, 0x0000000083e00000|100%| O|  |TAMS 0x0000000083e00000, 0x0000000083e00000| Untracked 
|  62|0x0000000083e00000, 0x0000000083f00000, 0x0000000083f00000|100%| O|  |TAMS 0x0000000083f00000, 0x0000000083f00000| Untracked 
|  63|0x0000000083f00000, 0x0000000084000000, 0x0000000084000000|100%| O|  |TAMS 0x0000000084000000, 0x0000000084000000| Untracked 
|  64|0x0000000084000000, 0x0000000084100000, 0x0000000084100000|100%| O|  |TAMS 0x0000000084100000, 0x0000000084100000| Untracked 
|  65|0x0000000084100000, 0x0000000084200000, 0x0000000084200000|100%| O|  |TAMS 0x0000000084200000, 0x0000000084200000| Untracked 
|  66|0x0000000084200000, 0x0000000084300000, 0x0000000084300000|100%| O|  |TAMS 0x0000000084300000, 0x0000000084300000| Untracked 
|  67|0x0000000084300000, 0x0000000084400000, 0x0000000084400000|100%| O|  |TAMS 0x0000000084400000, 0x0000000084400000| Untracked 
|  68|0x0000000084400000, 0x0000000084500000, 0x0000000084500000|100%| O|  |TAMS 0x0000000084500000, 0x0000000084500000| Untracked 
|  69|0x0000000084500000, 0x0000000084600000, 0x0000000084600000|100%| O|  |TAMS 0x0000000084600000, 0x0000000084600000| Untracked 
|  70|0x0000000084600000, 0x0000000084700000, 0x0000000084700000|100%| O|  |TAMS 0x0000000084700000, 0x0000000084700000| Untracked 
|  71|0x0000000084700000, 0x0000000084800000, 0x0000000084800000|100%| O|  |TAMS 0x0000000084800000, 0x0000000084800000| Untracked 
|  72|0x0000000084800000, 0x0000000084900000, 0x0000000084900000|100%| O|  |TAMS 0x0000000084800000, 0x0000000084900000| Untracked 
|  73|0x0000000084900000, 0x0000000084a00000, 0x0000000084a00000|100%| O|  |TAMS 0x0000000084900000, 0x0000000084a00000| Untracked 
|  74|0x0000000084a00000, 0x0000000084b00000, 0x0000000084b00000|100%| O|  |TAMS 0x0000000084b00000, 0x0000000084b00000| Untracked 
|  75|0x0000000084b00000, 0x0000000084c00000, 0x0000000084c00000|100%| O|  |TAMS 0x0000000084c00000, 0x0000000084c00000| Untracked 
|  76|0x0000000084c00000, 0x0000000084d00000, 0x0000000084d00000|100%| O|  |TAMS 0x0000000084d00000, 0x0000000084d00000| Untracked 
|  77|0x0000000084d00000, 0x0000000084e00000, 0x0000000084e00000|100%| O|  |TAMS 0x0000000084e00000, 0x0000000084e00000| Untracked 
|  78|0x0000000084e00000, 0x0000000084f00000, 0x0000000084f00000|100%| O|  |TAMS 0x0000000084f00000, 0x0000000084f00000| Untracked 
|  79|0x0000000084f00000, 0x0000000085000000, 0x0000000085000000|100%| O|  |TAMS 0x0000000085000000, 0x0000000085000000| Untracked 
|  80|0x0000000085000000, 0x0000000085100000, 0x0000000085100000|100%| O|  |TAMS 0x0000000085100000, 0x0000000085100000| Untracked 
|  81|0x0000000085100000, 0x0000000085200000, 0x0000000085200000|100%| O|  |TAMS 0x0000000085200000, 0x0000000085200000| Untracked 
|  82|0x0000000085200000, 0x0000000085300000, 0x0000000085300000|100%| O|  |TAMS 0x0000000085300000, 0x0000000085300000| Untracked 
|  83|0x0000000085300000, 0x0000000085400000, 0x0000000085400000|100%| O|  |TAMS 0x0000000085400000, 0x0000000085400000| Untracked 
|  84|0x0000000085400000, 0x0000000085500000, 0x0000000085500000|100%| O|  |TAMS 0x0000000085500000, 0x0000000085500000| Untracked 
|  85|0x0000000085500000, 0x0000000085600000, 0x0000000085600000|100%| O|  |TAMS 0x0000000085600000, 0x0000000085600000| Untracked 
|  86|0x0000000085600000, 0x0000000085700000, 0x0000000085700000|100%| O|  |TAMS 0x0000000085700000, 0x0000000085700000| Untracked 
|  87|0x0000000085700000, 0x0000000085800000, 0x0000000085800000|100%| O|  |TAMS 0x0000000085800000, 0x0000000085800000| Untracked 
|  88|0x0000000085800000, 0x0000000085900000, 0x0000000085900000|100%| O|  |TAMS 0x0000000085900000, 0x0000000085900000| Untracked 
|  89|0x0000000085900000, 0x0000000085a00000, 0x0000000085a00000|100%| O|  |TAMS 0x0000000085a00000, 0x0000000085a00000| Untracked 
|  90|0x0000000085a00000, 0x0000000085b00000, 0x0000000085b00000|100%| O|  |TAMS 0x0000000085b00000, 0x0000000085b00000| Untracked 
|  91|0x0000000085b00000, 0x0000000085c00000, 0x0000000085c00000|100%| O|  |TAMS 0x0000000085c00000, 0x0000000085c00000| Untracked 
|  92|0x0000000085c00000, 0x0000000085d00000, 0x0000000085d00000|100%| O|  |TAMS 0x0000000085d00000, 0x0000000085d00000| Untracked 
|  93|0x0000000085d00000, 0x0000000085e00000, 0x0000000085e00000|100%| O|  |TAMS 0x0000000085e00000, 0x0000000085e00000| Untracked 
|  94|0x0000000085e00000, 0x0000000085f00000, 0x0000000085f00000|100%| O|  |TAMS 0x0000000085f00000, 0x0000000085f00000| Untracked 
|  95|0x0000000085f00000, 0x0000000086000000, 0x0000000086000000|100%| O|  |TAMS 0x0000000086000000, 0x0000000086000000| Untracked 
|  96|0x0000000086000000, 0x0000000086100000, 0x0000000086100000|100%| O|  |TAMS 0x0000000086100000, 0x0000000086100000| Untracked 
|  97|0x0000000086100000, 0x0000000086200000, 0x0000000086200000|100%| O|  |TAMS 0x0000000086200000, 0x0000000086200000| Untracked 
|  98|0x0000000086200000, 0x0000000086200000, 0x0000000086300000|  0%| F|  |TAMS 0x0000000086200000, 0x0000000086200000| Untracked 
|  99|0x0000000086300000, 0x0000000086400000, 0x0000000086400000|100%| O|  |TAMS 0x0000000086400000, 0x0000000086400000| Untracked 
| 100|0x0000000086400000, 0x0000000086400000, 0x0000000086500000|  0%| F|  |TAMS 0x0000000086400000, 0x0000000086400000| Untracked 
| 101|0x0000000086500000, 0x0000000086600000, 0x0000000086600000|100%| O|  |TAMS 0x0000000086500000, 0x0000000086600000| Untracked 
| 102|0x0000000086600000, 0x0000000086700000, 0x0000000086700000|100%| O|  |TAMS 0x0000000086700000, 0x0000000086700000| Untracked 
| 103|0x0000000086700000, 0x0000000086800000, 0x0000000086800000|100%| O|  |TAMS 0x0000000086700000, 0x0000000086800000| Untracked 
| 104|0x0000000086800000, 0x0000000086900000, 0x0000000086900000|100%| O|  |TAMS 0x0000000086800000, 0x0000000086900000| Untracked 
| 105|0x0000000086900000, 0x0000000086a00000, 0x0000000086a00000|100%| O|  |TAMS 0x0000000086900000, 0x0000000086a00000| Untracked 
| 106|0x0000000086a00000, 0x0000000086b00000, 0x0000000086b00000|100%| O|  |TAMS 0x0000000086b00000, 0x0000000086b00000| Untracked 
| 107|0x0000000086b00000, 0x0000000086c00000, 0x0000000086c00000|100%| O|  |TAMS 0x0000000086c00000, 0x0000000086c00000| Untracked 
| 108|0x0000000086c00000, 0x0000000086d00000, 0x0000000086d00000|100%| O|  |TAMS 0x0000000086c00000, 0x0000000086d00000| Untracked 
| 109|0x0000000086d00000, 0x0000000086e00000, 0x0000000086e00000|100%| O|  |TAMS 0x0000000086d00000, 0x0000000086e00000| Untracked 
| 110|0x0000000086e00000, 0x0000000086f00000, 0x0000000086f00000|100%| O|  |TAMS 0x0000000086e00000, 0x0000000086f00000| Untracked 
| 111|0x0000000086f00000, 0x0000000087000000, 0x0000000087000000|100%| O|  |TAMS 0x0000000086f00000, 0x0000000087000000| Untracked 
| 112|0x0000000087000000, 0x0000000087100000, 0x0000000087100000|100%| O|  |TAMS 0x0000000087000000, 0x0000000087100000| Untracked 
| 113|0x0000000087100000, 0x0000000087200000, 0x0000000087200000|100%| O|  |TAMS 0x0000000087100000, 0x0000000087200000| Untracked 
| 114|0x0000000087200000, 0x0000000087300000, 0x0000000087300000|100%| O|  |TAMS 0x0000000087300000, 0x0000000087300000| Untracked 
| 115|0x0000000087300000, 0x0000000087400000, 0x0000000087400000|100%| O|  |TAMS 0x0000000087400000, 0x0000000087400000| Untracked 
| 116|0x0000000087400000, 0x0000000087500000, 0x0000000087500000|100%| O|  |TAMS 0x0000000087500000, 0x0000000087500000| Untracked 
| 117|0x0000000087500000, 0x0000000087500000, 0x0000000087600000|  0%| F|  |TAMS 0x0000000087500000, 0x0000000087500000| Untracked 
| 118|0x0000000087600000, 0x0000000087700000, 0x0000000087700000|100%| O|  |TAMS 0x0000000087700000, 0x0000000087700000| Untracked 
| 119|0x0000000087700000, 0x0000000087800000, 0x0000000087800000|100%| O|  |TAMS 0x0000000087800000, 0x0000000087800000| Untracked 
| 120|0x0000000087800000, 0x0000000087900000, 0x0000000087900000|100%| O|  |TAMS 0x0000000087900000, 0x0000000087900000| Untracked 
| 121|0x0000000087900000, 0x0000000087a00000, 0x0000000087a00000|100%| O|  |TAMS 0x0000000087a00000, 0x0000000087a00000| Untracked 
| 122|0x0000000087a00000, 0x0000000087b00000, 0x0000000087b00000|100%| O|  |TAMS 0x0000000087b00000, 0x0000000087b00000| Untracked 
| 123|0x0000000087b00000, 0x0000000087c00000, 0x0000000087c00000|100%| O|  |TAMS 0x0000000087c00000, 0x0000000087c00000| Untracked 
| 124|0x0000000087c00000, 0x0000000087d00000, 0x0000000087d00000|100%| O|  |TAMS 0x0000000087d00000, 0x0000000087d00000| Untracked 
| 125|0x0000000087d00000, 0x0000000087e00000, 0x0000000087e00000|100%| O|  |TAMS 0x0000000087e00000, 0x0000000087e00000| Untracked 
| 126|0x0000000087e00000, 0x0000000087f00000, 0x0000000087f00000|100%| O|  |TAMS 0x0000000087f00000, 0x0000000087f00000| Untracked 
| 127|0x0000000087f00000, 0x0000000088000000, 0x0000000088000000|100%| O|  |TAMS 0x0000000088000000, 0x0000000088000000| Untracked 
| 128|0x0000000088000000, 0x0000000088100000, 0x0000000088100000|100%| O|  |TAMS 0x0000000088000000, 0x0000000088100000| Untracked 
| 129|0x0000000088100000, 0x0000000088200000, 0x0000000088200000|100%| O|  |TAMS 0x0000000088100000, 0x0000000088200000| Untracked 
| 130|0x0000000088200000, 0x0000000088300000, 0x0000000088300000|100%| O|  |TAMS 0x0000000088200000, 0x0000000088300000| Untracked 
| 131|0x0000000088300000, 0x0000000088400000, 0x0000000088400000|100%| O|  |TAMS 0x0000000088400000, 0x0000000088400000| Untracked 
| 132|0x0000000088400000, 0x0000000088500000, 0x0000000088500000|100%| O|  |TAMS 0x0000000088500000, 0x0000000088500000| Untracked 
| 133|0x0000000088500000, 0x0000000088600000, 0x0000000088600000|100%| O|  |TAMS 0x0000000088600000, 0x0000000088600000| Untracked 
| 134|0x0000000088600000, 0x0000000088700000, 0x0000000088700000|100%| O|  |TAMS 0x0000000088700000, 0x0000000088700000| Untracked 
| 135|0x0000000088700000, 0x0000000088800000, 0x0000000088800000|100%| O|  |TAMS 0x0000000088800000, 0x0000000088800000| Untracked 
| 136|0x0000000088800000, 0x0000000088900000, 0x0000000088900000|100%| O|  |TAMS 0x0000000088900000, 0x0000000088900000| Untracked 
| 137|0x0000000088900000, 0x0000000088a00000, 0x0000000088a00000|100%| O|  |TAMS 0x0000000088a00000, 0x0000000088a00000| Untracked 
| 138|0x0000000088a00000, 0x0000000088b00000, 0x0000000088b00000|100%| O|  |TAMS 0x0000000088b00000, 0x0000000088b00000| Untracked 
| 139|0x0000000088b00000, 0x0000000088c00000, 0x0000000088c00000|100%| O|  |TAMS 0x0000000088c00000, 0x0000000088c00000| Untracked 
| 140|0x0000000088c00000, 0x0000000088d00000, 0x0000000088d00000|100%| O|  |TAMS 0x0000000088d00000, 0x0000000088d00000| Untracked 
| 141|0x0000000088d00000, 0x0000000088e00000, 0x0000000088e00000|100%| O|  |TAMS 0x0000000088e00000, 0x0000000088e00000| Untracked 
| 142|0x0000000088e00000, 0x0000000088f00000, 0x0000000088f00000|100%| O|  |TAMS 0x0000000088f00000, 0x0000000088f00000| Untracked 
| 143|0x0000000088f00000, 0x0000000089000000, 0x0000000089000000|100%| O|  |TAMS 0x0000000089000000, 0x0000000089000000| Untracked 
| 144|0x0000000089000000, 0x0000000089100000, 0x0000000089100000|100%| O|  |TAMS 0x0000000089100000, 0x0000000089100000| Untracked 
| 145|0x0000000089100000, 0x0000000089200000, 0x0000000089200000|100%| O|  |TAMS 0x0000000089100000, 0x0000000089200000| Untracked 
| 146|0x0000000089200000, 0x0000000089300000, 0x0000000089300000|100%| O|  |TAMS 0x0000000089300000, 0x0000000089300000| Untracked 
| 147|0x0000000089300000, 0x0000000089400000, 0x0000000089400000|100%| O|  |TAMS 0x0000000089400000, 0x0000000089400000| Untracked 
| 148|0x0000000089400000, 0x0000000089500000, 0x0000000089500000|100%| O|  |TAMS 0x0000000089500000, 0x0000000089500000| Untracked 
| 149|0x0000000089500000, 0x0000000089500000, 0x0000000089600000|  0%| F|  |TAMS 0x0000000089500000, 0x0000000089500000| Untracked 
| 150|0x0000000089600000, 0x0000000089700000, 0x0000000089700000|100%| O|  |TAMS 0x0000000089700000, 0x0000000089700000| Untracked 
| 151|0x0000000089700000, 0x0000000089800000, 0x0000000089800000|100%| O|  |TAMS 0x0000000089800000, 0x0000000089800000| Untracked 
| 152|0x0000000089800000, 0x0000000089900000, 0x0000000089900000|100%| O|  |TAMS 0x0000000089900000, 0x0000000089900000| Untracked 
| 153|0x0000000089900000, 0x0000000089a00000, 0x0000000089a00000|100%| O|  |TAMS 0x0000000089a00000, 0x0000000089a00000| Untracked 
| 154|0x0000000089a00000, 0x0000000089b00000, 0x0000000089b00000|100%| O|  |TAMS 0x0000000089b00000, 0x0000000089b00000| Untracked 
| 155|0x0000000089b00000, 0x0000000089c00000, 0x0000000089c00000|100%| O|  |TAMS 0x0000000089c00000, 0x0000000089c00000| Untracked 
| 156|0x0000000089c00000, 0x0000000089d00000, 0x0000000089d00000|100%| O|  |TAMS 0x0000000089d00000, 0x0000000089d00000| Untracked 
| 157|0x0000000089d00000, 0x0000000089e00000, 0x0000000089e00000|100%| O|  |TAMS 0x0000000089e00000, 0x0000000089e00000| Untracked 
| 158|0x0000000089e00000, 0x0000000089f00000, 0x0000000089f00000|100%| O|  |TAMS 0x0000000089f00000, 0x0000000089f00000| Untracked 
| 159|0x0000000089f00000, 0x000000008a000000, 0x000000008a000000|100%| O|  |TAMS 0x000000008a000000, 0x000000008a000000| Untracked 
| 160|0x000000008a000000, 0x000000008a100000, 0x000000008a100000|100%| O|  |TAMS 0x000000008a100000, 0x000000008a100000| Untracked 
| 161|0x000000008a100000, 0x000000008a200000, 0x000000008a200000|100%| O|  |TAMS 0x000000008a200000, 0x000000008a200000| Untracked 
| 162|0x000000008a200000, 0x000000008a300000, 0x000000008a300000|100%| O|  |TAMS 0x000000008a300000, 0x000000008a300000| Untracked 
| 163|0x000000008a300000, 0x000000008a400000, 0x000000008a400000|100%| O|  |TAMS 0x000000008a400000, 0x000000008a400000| Untracked 
| 164|0x000000008a400000, 0x000000008a500000, 0x000000008a500000|100%| O|  |TAMS 0x000000008a500000, 0x000000008a500000| Untracked 
| 165|0x000000008a500000, 0x000000008a500000, 0x000000008a600000|  0%| F|  |TAMS 0x000000008a500000, 0x000000008a500000| Untracked 
| 166|0x000000008a600000, 0x000000008a700000, 0x000000008a700000|100%| O|  |TAMS 0x000000008a600000, 0x000000008a700000| Untracked 
| 167|0x000000008a700000, 0x000000008a800000, 0x000000008a800000|100%| O|  |TAMS 0x000000008a800000, 0x000000008a800000| Untracked 
| 168|0x000000008a800000, 0x000000008a900000, 0x000000008a900000|100%| O|  |TAMS 0x000000008a900000, 0x000000008a900000| Untracked 
| 169|0x000000008a900000, 0x000000008a900000, 0x000000008aa00000|  0%| F|  |TAMS 0x000000008a900000, 0x000000008a900000| Untracked 
| 170|0x000000008aa00000, 0x000000008aa00000, 0x000000008ab00000|  0%| F|  |TAMS 0x000000008aa00000, 0x000000008aa00000| Untracked 
| 171|0x000000008ab00000, 0x000000008ab00000, 0x000000008ac00000|  0%| F|  |TAMS 0x000000008ab00000, 0x000000008ab00000| Untracked 
| 172|0x000000008ac00000, 0x000000008ac00000, 0x000000008ad00000|  0%| F|  |TAMS 0x000000008ac00000, 0x000000008ac00000| Untracked 
| 173|0x000000008ad00000, 0x000000008ad00000, 0x000000008ae00000|  0%| F|  |TAMS 0x000000008ad00000, 0x000000008ad00000| Untracked 
| 174|0x000000008ae00000, 0x000000008ae00000, 0x000000008af00000|  0%| F|  |TAMS 0x000000008ae00000, 0x000000008ae00000| Untracked 
| 175|0x000000008af00000, 0x000000008af00000, 0x000000008b000000|  0%| F|  |TAMS 0x000000008af00000, 0x000000008af00000| Untracked 
| 176|0x000000008b000000, 0x000000008b000000, 0x000000008b100000|  0%| F|  |TAMS 0x000000008b000000, 0x000000008b000000| Untracked 
| 177|0x000000008b100000, 0x000000008b200000, 0x000000008b200000|100%| O|  |TAMS 0x000000008b100000, 0x000000008b200000| Untracked 
| 178|0x000000008b200000, 0x000000008b300000, 0x000000008b300000|100%| O|  |TAMS 0x000000008b200000, 0x000000008b300000| Untracked 
| 179|0x000000008b300000, 0x000000008b400000, 0x000000008b400000|100%| O|  |TAMS 0x000000008b300000, 0x000000008b400000| Untracked 
| 180|0x000000008b400000, 0x000000008b500000, 0x000000008b500000|100%| O|  |TAMS 0x000000008b400000, 0x000000008b500000| Untracked 
| 181|0x000000008b500000, 0x000000008b600000, 0x000000008b600000|100%| O|  |TAMS 0x000000008b500000, 0x000000008b600000| Untracked 
| 182|0x000000008b600000, 0x000000008b600000, 0x000000008b700000|  0%| F|  |TAMS 0x000000008b600000, 0x000000008b600000| Untracked 
| 183|0x000000008b700000, 0x000000008b800000, 0x000000008b800000|100%| O|  |TAMS 0x000000008b700000, 0x000000008b800000| Untracked 
| 184|0x000000008b800000, 0x000000008b800000, 0x000000008b900000|  0%| F|  |TAMS 0x000000008b800000, 0x000000008b800000| Untracked 
| 185|0x000000008b900000, 0x000000008ba00000, 0x000000008ba00000|100%| O|  |TAMS 0x000000008b900000, 0x000000008ba00000| Untracked 
| 186|0x000000008ba00000, 0x000000008bb00000, 0x000000008bb00000|100%| O|  |TAMS 0x000000008ba00000, 0x000000008bb00000| Untracked 
| 187|0x000000008bb00000, 0x000000008bc00000, 0x000000008bc00000|100%| O|  |TAMS 0x000000008bb00000, 0x000000008bc00000| Untracked 
| 188|0x000000008bc00000, 0x000000008bc00000, 0x000000008bd00000|  0%| F|  |TAMS 0x000000008bc00000, 0x000000008bc00000| Untracked 
| 189|0x000000008bd00000, 0x000000008bd00000, 0x000000008be00000|  0%| F|  |TAMS 0x000000008bd00000, 0x000000008bd00000| Untracked 
| 190|0x000000008be00000, 0x000000008be00000, 0x000000008bf00000|  0%| F|  |TAMS 0x000000008be00000, 0x000000008be00000| Untracked 
| 191|0x000000008bf00000, 0x000000008c000000, 0x000000008c000000|100%| O|  |TAMS 0x000000008bf00000, 0x000000008c000000| Untracked 
| 192|0x000000008c000000, 0x000000008c000000, 0x000000008c100000|  0%| F|  |TAMS 0x000000008c000000, 0x000000008c000000| Untracked 
| 193|0x000000008c100000, 0x000000008c100000, 0x000000008c200000|  0%| F|  |TAMS 0x000000008c100000, 0x000000008c100000| Untracked 
| 194|0x000000008c200000, 0x000000008c200000, 0x000000008c300000|  0%| F|  |TAMS 0x000000008c200000, 0x000000008c200000| Untracked 
| 195|0x000000008c300000, 0x000000008c400000, 0x000000008c400000|100%| O|  |TAMS 0x000000008c300000, 0x000000008c400000| Untracked 
| 196|0x000000008c400000, 0x000000008c500000, 0x000000008c500000|100%| O|  |TAMS 0x000000008c400000, 0x000000008c500000| Untracked 
| 197|0x000000008c500000, 0x000000008c500000, 0x000000008c600000|  0%| F|  |TAMS 0x000000008c500000, 0x000000008c500000| Untracked 
| 198|0x000000008c600000, 0x000000008c600000, 0x000000008c700000|  0%| F|  |TAMS 0x000000008c600000, 0x000000008c600000| Untracked 
| 199|0x000000008c700000, 0x000000008c700000, 0x000000008c800000|  0%| F|  |TAMS 0x000000008c700000, 0x000000008c700000| Untracked 
| 200|0x000000008c800000, 0x000000008c800000, 0x000000008c900000|  0%| F|  |TAMS 0x000000008c800000, 0x000000008c800000| Untracked 
| 201|0x000000008c900000, 0x000000008c900000, 0x000000008ca00000|  0%| F|  |TAMS 0x000000008c900000, 0x000000008c900000| Untracked 
| 202|0x000000008ca00000, 0x000000008ca00000, 0x000000008cb00000|  0%| F|  |TAMS 0x000000008ca00000, 0x000000008ca00000| Untracked 
| 203|0x000000008cb00000, 0x000000008cc00000, 0x000000008cc00000|100%| O|  |TAMS 0x000000008cb00000, 0x000000008cc00000| Untracked 
| 204|0x000000008cc00000, 0x000000008cc00000, 0x000000008cd00000|  0%| F|  |TAMS 0x000000008cc00000, 0x000000008cc00000| Untracked 
| 205|0x000000008cd00000, 0x000000008cd00000, 0x000000008ce00000|  0%| F|  |TAMS 0x000000008cd00000, 0x000000008cd00000| Untracked 
| 206|0x000000008ce00000, 0x000000008ce00000, 0x000000008cf00000|  0%| F|  |TAMS 0x000000008ce00000, 0x000000008ce00000| Untracked 
| 207|0x000000008cf00000, 0x000000008d000000, 0x000000008d000000|100%| O|  |TAMS 0x000000008cf00000, 0x000000008d000000| Untracked 
| 208|0x000000008d000000, 0x000000008d100000, 0x000000008d100000|100%| O|  |TAMS 0x000000008d000000, 0x000000008d100000| Untracked 
| 209|0x000000008d100000, 0x000000008d100000, 0x000000008d200000|  0%| F|  |TAMS 0x000000008d100000, 0x000000008d100000| Untracked 
| 210|0x000000008d200000, 0x000000008d200000, 0x000000008d300000|  0%| F|  |TAMS 0x000000008d200000, 0x000000008d200000| Untracked 
| 211|0x000000008d300000, 0x000000008d300000, 0x000000008d400000|  0%| F|  |TAMS 0x000000008d300000, 0x000000008d300000| Untracked 
| 212|0x000000008d400000, 0x000000008d400000, 0x000000008d500000|  0%| F|  |TAMS 0x000000008d400000, 0x000000008d400000| Untracked 
| 213|0x000000008d500000, 0x000000008d500000, 0x000000008d600000|  0%| F|  |TAMS 0x000000008d500000, 0x000000008d500000| Untracked 
| 214|0x000000008d600000, 0x000000008d600000, 0x000000008d700000|  0%| F|  |TAMS 0x000000008d600000, 0x000000008d600000| Untracked 
| 215|0x000000008d700000, 0x000000008d700000, 0x000000008d800000|  0%| F|  |TAMS 0x000000008d700000, 0x000000008d700000| Untracked 
| 216|0x000000008d800000, 0x000000008d800000, 0x000000008d900000|  0%| F|  |TAMS 0x000000008d800000, 0x000000008d800000| Untracked 
| 217|0x000000008d900000, 0x000000008d900000, 0x000000008da00000|  0%| F|  |TAMS 0x000000008d900000, 0x000000008d900000| Untracked 
| 218|0x000000008da00000, 0x000000008db00000, 0x000000008db00000|100%| O|  |TAMS 0x000000008db00000, 0x000000008db00000| Untracked 
| 219|0x000000008db00000, 0x000000008dc00000, 0x000000008dc00000|100%| O|  |TAMS 0x000000008dc00000, 0x000000008dc00000| Untracked 
| 220|0x000000008dc00000, 0x000000008dd00000, 0x000000008dd00000|100%| O|  |TAMS 0x000000008dd00000, 0x000000008dd00000| Untracked 
| 221|0x000000008dd00000, 0x000000008de00000, 0x000000008de00000|100%| O|  |TAMS 0x000000008de00000, 0x000000008de00000| Untracked 
| 222|0x000000008de00000, 0x000000008df00000, 0x000000008df00000|100%| O|  |TAMS 0x000000008df00000, 0x000000008df00000| Untracked 
| 223|0x000000008df00000, 0x000000008e000000, 0x000000008e000000|100%| O|  |TAMS 0x000000008e000000, 0x000000008e000000| Untracked 
| 224|0x000000008e000000, 0x000000008e100000, 0x000000008e100000|100%| O|  |TAMS 0x000000008e100000, 0x000000008e100000| Untracked 
| 225|0x000000008e100000, 0x000000008e200000, 0x000000008e200000|100%| O|  |TAMS 0x000000008e200000, 0x000000008e200000| Untracked 
| 226|0x000000008e200000, 0x000000008e300000, 0x000000008e300000|100%| O|  |TAMS 0x000000008e300000, 0x000000008e300000| Untracked 
| 227|0x000000008e300000, 0x000000008e400000, 0x000000008e400000|100%| O|  |TAMS 0x000000008e400000, 0x000000008e400000| Untracked 
| 228|0x000000008e400000, 0x000000008e500000, 0x000000008e500000|100%| O|  |TAMS 0x000000008e500000, 0x000000008e500000| Untracked 
| 229|0x000000008e500000, 0x000000008e600000, 0x000000008e600000|100%| O|  |TAMS 0x000000008e600000, 0x000000008e600000| Untracked 
| 230|0x000000008e600000, 0x000000008e700000, 0x000000008e700000|100%| O|  |TAMS 0x000000008e700000, 0x000000008e700000| Untracked 
| 231|0x000000008e700000, 0x000000008e800000, 0x000000008e800000|100%| O|  |TAMS 0x000000008e800000, 0x000000008e800000| Untracked 
| 232|0x000000008e800000, 0x000000008e900000, 0x000000008e900000|100%| O|  |TAMS 0x000000008e900000, 0x000000008e900000| Untracked 
| 233|0x000000008e900000, 0x000000008ea00000, 0x000000008ea00000|100%| O|  |TAMS 0x000000008ea00000, 0x000000008ea00000| Untracked 
| 234|0x000000008ea00000, 0x000000008eb00000, 0x000000008eb00000|100%| O|  |TAMS 0x000000008eb00000, 0x000000008eb00000| Untracked 
| 235|0x000000008eb00000, 0x000000008eb00000, 0x000000008ec00000|  0%| F|  |TAMS 0x000000008eb00000, 0x000000008eb00000| Untracked 
| 236|0x000000008ec00000, 0x000000008ed00000, 0x000000008ed00000|100%| O|  |TAMS 0x000000008ed00000, 0x000000008ed00000| Untracked 
| 237|0x000000008ed00000, 0x000000008ee00000, 0x000000008ee00000|100%| O|  |TAMS 0x000000008ee00000, 0x000000008ee00000| Untracked 
| 238|0x000000008ee00000, 0x000000008ef00000, 0x000000008ef00000|100%| O|  |TAMS 0x000000008ef00000, 0x000000008ef00000| Untracked 
| 239|0x000000008ef00000, 0x000000008ef00000, 0x000000008f000000|  0%| F|  |TAMS 0x000000008ef00000, 0x000000008ef00000| Untracked 
| 240|0x000000008f000000, 0x000000008f000000, 0x000000008f100000|  0%| F|  |TAMS 0x000000008f000000, 0x000000008f000000| Untracked 
| 241|0x000000008f100000, 0x000000008f100000, 0x000000008f200000|  0%| F|  |TAMS 0x000000008f100000, 0x000000008f100000| Untracked 
| 242|0x000000008f200000, 0x000000008f300000, 0x000000008f300000|100%| O|  |TAMS 0x000000008f300000, 0x000000008f300000| Untracked 
| 243|0x000000008f300000, 0x000000008f300000, 0x000000008f400000|  0%| F|  |TAMS 0x000000008f300000, 0x000000008f300000| Untracked 
| 244|0x000000008f400000, 0x000000008f400000, 0x000000008f500000|  0%| F|  |TAMS 0x000000008f400000, 0x000000008f400000| Untracked 
| 245|0x000000008f500000, 0x000000008f500000, 0x000000008f600000|  0%| F|  |TAMS 0x000000008f500000, 0x000000008f500000| Untracked 
| 246|0x000000008f600000, 0x000000008f600000, 0x000000008f700000|  0%| F|  |TAMS 0x000000008f600000, 0x000000008f600000| Untracked 
| 247|0x000000008f700000, 0x000000008f700000, 0x000000008f800000|  0%| F|  |TAMS 0x000000008f700000, 0x000000008f700000| Untracked 
| 248|0x000000008f800000, 0x000000008f800000, 0x000000008f900000|  0%| F|  |TAMS 0x000000008f800000, 0x000000008f800000| Untracked 
| 249|0x000000008f900000, 0x000000008fa00000, 0x000000008fa00000|100%| O|  |TAMS 0x000000008fa00000, 0x000000008fa00000| Untracked 
| 250|0x000000008fa00000, 0x000000008fa00000, 0x000000008fb00000|  0%| F|  |TAMS 0x000000008fa00000, 0x000000008fa00000| Untracked 
| 251|0x000000008fb00000, 0x000000008fb00000, 0x000000008fc00000|  0%| F|  |TAMS 0x000000008fb00000, 0x000000008fb00000| Untracked 
| 252|0x000000008fc00000, 0x000000008fd00000, 0x000000008fd00000|100%| O|  |TAMS 0x000000008fd00000, 0x000000008fd00000| Untracked 
| 253|0x000000008fd00000, 0x000000008fe00000, 0x000000008fe00000|100%| O|  |TAMS 0x000000008fe00000, 0x000000008fe00000| Untracked 
| 254|0x000000008fe00000, 0x000000008fe00000, 0x000000008ff00000|  0%| F|  |TAMS 0x000000008fe00000, 0x000000008fe00000| Untracked 
| 255|0x000000008ff00000, 0x000000008ff00000, 0x0000000090000000|  0%| F|  |TAMS 0x000000008ff00000, 0x000000008ff00000| Untracked 
| 256|0x0000000090000000, 0x0000000090100000, 0x0000000090100000|100%| O|  |TAMS 0x0000000090036000, 0x0000000090100000| Untracked 
| 257|0x0000000090100000, 0x0000000090200000, 0x0000000090200000|100%| O|  |TAMS 0x0000000090100000, 0x0000000090200000| Untracked 
| 258|0x0000000090200000, 0x0000000090300000, 0x0000000090300000|100%| O|  |TAMS 0x0000000090200000, 0x0000000090300000| Untracked 
| 259|0x0000000090300000, 0x0000000090400000, 0x0000000090400000|100%| O|  |TAMS 0x0000000090300000, 0x0000000090400000| Untracked 
| 260|0x0000000090400000, 0x0000000090500000, 0x0000000090500000|100%| O|  |TAMS 0x0000000090400000, 0x0000000090500000| Untracked 
| 261|0x0000000090500000, 0x0000000090600000, 0x0000000090600000|100%| O|  |TAMS 0x0000000090500000, 0x0000000090600000| Untracked 
| 262|0x0000000090600000, 0x0000000090700000, 0x0000000090700000|100%| O|  |TAMS 0x0000000090600000, 0x0000000090700000| Untracked 
| 263|0x0000000090700000, 0x0000000090800000, 0x0000000090800000|100%| O|  |TAMS 0x0000000090700000, 0x0000000090800000| Untracked 
| 264|0x0000000090800000, 0x0000000090900000, 0x0000000090900000|100%| O|  |TAMS 0x0000000090800000, 0x0000000090900000| Untracked 
| 265|0x0000000090900000, 0x0000000090a00000, 0x0000000090a00000|100%| O|  |TAMS 0x0000000090900000, 0x0000000090a00000| Untracked 
| 266|0x0000000090a00000, 0x0000000090b00000, 0x0000000090b00000|100%| O|  |TAMS 0x0000000090a00000, 0x0000000090b00000| Untracked 
| 267|0x0000000090b00000, 0x0000000090c00000, 0x0000000090c00000|100%| O|  |TAMS 0x0000000090b00000, 0x0000000090c00000| Untracked 
| 268|0x0000000090c00000, 0x0000000090d00000, 0x0000000090d00000|100%| O|  |TAMS 0x0000000090c00000, 0x0000000090d00000| Untracked 
| 269|0x0000000090d00000, 0x0000000090e00000, 0x0000000090e00000|100%| O|  |TAMS 0x0000000090d00000, 0x0000000090e00000| Untracked 
| 270|0x0000000090e00000, 0x0000000090f00000, 0x0000000090f00000|100%| O|  |TAMS 0x0000000090e00000, 0x0000000090f00000| Untracked 
| 271|0x0000000090f00000, 0x0000000091000000, 0x0000000091000000|100%| O|  |TAMS 0x0000000090f00000, 0x0000000091000000| Untracked 
| 272|0x0000000091000000, 0x0000000091100000, 0x0000000091100000|100%| O|  |TAMS 0x0000000091000000, 0x0000000091100000| Untracked 
| 273|0x0000000091100000, 0x0000000091200000, 0x0000000091200000|100%| O|  |TAMS 0x0000000091100000, 0x0000000091200000| Untracked 
| 274|0x0000000091200000, 0x0000000091300000, 0x0000000091300000|100%| O|  |TAMS 0x0000000091200000, 0x0000000091300000| Untracked 
| 275|0x0000000091300000, 0x0000000091300000, 0x0000000091400000|  0%| F|  |TAMS 0x0000000091300000, 0x0000000091300000| Untracked 
| 276|0x0000000091400000, 0x0000000091400000, 0x0000000091500000|  0%| F|  |TAMS 0x0000000091400000, 0x0000000091400000| Untracked 
| 277|0x0000000091500000, 0x0000000091500000, 0x0000000091600000|  0%| F|  |TAMS 0x0000000091500000, 0x0000000091500000| Untracked 
| 278|0x0000000091600000, 0x0000000091600000, 0x0000000091700000|  0%| F|  |TAMS 0x0000000091600000, 0x0000000091600000| Untracked 
| 279|0x0000000091700000, 0x0000000091700000, 0x0000000091800000|  0%| F|  |TAMS 0x0000000091700000, 0x0000000091700000| Untracked 
| 280|0x0000000091800000, 0x0000000091800000, 0x0000000091900000|  0%| F|  |TAMS 0x0000000091800000, 0x0000000091800000| Untracked 
| 281|0x0000000091900000, 0x0000000091900000, 0x0000000091a00000|  0%| F|  |TAMS 0x0000000091900000, 0x0000000091900000| Untracked 
| 282|0x0000000091a00000, 0x0000000091a00000, 0x0000000091b00000|  0%| F|  |TAMS 0x0000000091a00000, 0x0000000091a00000| Untracked 
| 283|0x0000000091b00000, 0x0000000091b00000, 0x0000000091c00000|  0%| F|  |TAMS 0x0000000091b00000, 0x0000000091b00000| Untracked 
| 284|0x0000000091c00000, 0x0000000091c00000, 0x0000000091d00000|  0%| F|  |TAMS 0x0000000091c00000, 0x0000000091c00000| Untracked 
| 285|0x0000000091d00000, 0x0000000091d00000, 0x0000000091e00000|  0%| F|  |TAMS 0x0000000091d00000, 0x0000000091d00000| Untracked 
| 286|0x0000000091e00000, 0x0000000091e00000, 0x0000000091f00000|  0%| F|  |TAMS 0x0000000091e00000, 0x0000000091e00000| Untracked 
| 287|0x0000000091f00000, 0x0000000091f00000, 0x0000000092000000|  0%| F|  |TAMS 0x0000000091f00000, 0x0000000091f00000| Untracked 
| 288|0x0000000092000000, 0x0000000092000000, 0x0000000092100000|  0%| F|  |TAMS 0x0000000092000000, 0x0000000092000000| Untracked 
| 289|0x0000000092100000, 0x0000000092100000, 0x0000000092200000|  0%| F|  |TAMS 0x0000000092100000, 0x0000000092100000| Untracked 
| 290|0x0000000092200000, 0x0000000092200000, 0x0000000092300000|  0%| F|  |TAMS 0x0000000092200000, 0x0000000092200000| Untracked 
| 291|0x0000000092300000, 0x0000000092300000, 0x0000000092400000|  0%| F|  |TAMS 0x0000000092300000, 0x0000000092300000| Untracked 
| 292|0x0000000092400000, 0x0000000092400000, 0x0000000092500000|  0%| F|  |TAMS 0x0000000092400000, 0x0000000092400000| Untracked 
| 293|0x0000000092500000, 0x0000000092500000, 0x0000000092600000|  0%| F|  |TAMS 0x0000000092500000, 0x0000000092500000| Untracked 
| 294|0x0000000092600000, 0x0000000092600000, 0x0000000092700000|  0%| F|  |TAMS 0x0000000092600000, 0x0000000092600000| Untracked 
| 295|0x0000000092700000, 0x0000000092700000, 0x0000000092800000|  0%| F|  |TAMS 0x0000000092700000, 0x0000000092700000| Untracked 
| 296|0x0000000092800000, 0x0000000092800000, 0x0000000092900000|  0%| F|  |TAMS 0x0000000092800000, 0x0000000092800000| Untracked 
| 297|0x0000000092900000, 0x0000000092900000, 0x0000000092a00000|  0%| F|  |TAMS 0x0000000092900000, 0x0000000092900000| Untracked 
| 298|0x0000000092a00000, 0x0000000092a00000, 0x0000000092b00000|  0%| F|  |TAMS 0x0000000092a00000, 0x0000000092a00000| Untracked 
| 299|0x0000000092b00000, 0x0000000092b00000, 0x0000000092c00000|  0%| F|  |TAMS 0x0000000092b00000, 0x0000000092b00000| Untracked 
| 300|0x0000000092c00000, 0x0000000092c00000, 0x0000000092d00000|  0%| F|  |TAMS 0x0000000092c00000, 0x0000000092c00000| Untracked 
| 301|0x0000000092d00000, 0x0000000092d00000, 0x0000000092e00000|  0%| F|  |TAMS 0x0000000092d00000, 0x0000000092d00000| Untracked 
| 302|0x0000000092e00000, 0x0000000092e00000, 0x0000000092f00000|  0%| F|  |TAMS 0x0000000092e00000, 0x0000000092e00000| Untracked 
| 303|0x0000000092f00000, 0x0000000092f00000, 0x0000000093000000|  0%| F|  |TAMS 0x0000000092f00000, 0x0000000092f00000| Untracked 
| 304|0x0000000093000000, 0x0000000093000000, 0x0000000093100000|  0%| F|  |TAMS 0x0000000093000000, 0x0000000093000000| Untracked 
| 305|0x0000000093100000, 0x0000000093100000, 0x0000000093200000|  0%| F|  |TAMS 0x0000000093100000, 0x0000000093100000| Untracked 
| 306|0x0000000093200000, 0x0000000093200000, 0x0000000093300000|  0%| F|  |TAMS 0x0000000093200000, 0x0000000093200000| Untracked 
| 307|0x0000000093300000, 0x0000000093300000, 0x0000000093400000|  0%| F|  |TAMS 0x0000000093300000, 0x0000000093300000| Untracked 
| 308|0x0000000093400000, 0x0000000093400000, 0x0000000093500000|  0%| F|  |TAMS 0x0000000093400000, 0x0000000093400000| Untracked 
| 309|0x0000000093500000, 0x0000000093500000, 0x0000000093600000|  0%| F|  |TAMS 0x0000000093500000, 0x0000000093500000| Untracked 
| 310|0x0000000093600000, 0x0000000093600000, 0x0000000093700000|  0%| F|  |TAMS 0x0000000093600000, 0x0000000093600000| Untracked 
| 311|0x0000000093700000, 0x0000000093700000, 0x0000000093800000|  0%| F|  |TAMS 0x0000000093700000, 0x0000000093700000| Untracked 
| 312|0x0000000093800000, 0x0000000093800000, 0x0000000093900000|  0%| F|  |TAMS 0x0000000093800000, 0x0000000093800000| Untracked 
| 313|0x0000000093900000, 0x0000000093900000, 0x0000000093a00000|  0%| F|  |TAMS 0x0000000093900000, 0x0000000093900000| Untracked 
| 314|0x0000000093a00000, 0x0000000093a00000, 0x0000000093b00000|  0%| F|  |TAMS 0x0000000093a00000, 0x0000000093a00000| Untracked 
| 315|0x0000000093b00000, 0x0000000093b00000, 0x0000000093c00000|  0%| F|  |TAMS 0x0000000093b00000, 0x0000000093b00000| Untracked 
| 316|0x0000000093c00000, 0x0000000093c00000, 0x0000000093d00000|  0%| F|  |TAMS 0x0000000093c00000, 0x0000000093c00000| Untracked 
| 317|0x0000000093d00000, 0x0000000093d00000, 0x0000000093e00000|  0%| F|  |TAMS 0x0000000093d00000, 0x0000000093d00000| Untracked 
| 318|0x0000000093e00000, 0x0000000093e00000, 0x0000000093f00000|  0%| F|  |TAMS 0x0000000093e00000, 0x0000000093e00000| Untracked 
| 319|0x0000000093f00000, 0x0000000093f00000, 0x0000000094000000|  0%| F|  |TAMS 0x0000000093f00000, 0x0000000093f00000| Untracked 
| 320|0x0000000094000000, 0x0000000094000000, 0x0000000094100000|  0%| F|  |TAMS 0x0000000094000000, 0x0000000094000000| Untracked 
| 321|0x0000000094100000, 0x0000000094100000, 0x0000000094200000|  0%| F|  |TAMS 0x0000000094100000, 0x0000000094100000| Untracked 
| 322|0x0000000094200000, 0x0000000094200000, 0x0000000094300000|  0%| F|  |TAMS 0x0000000094200000, 0x0000000094200000| Untracked 
| 323|0x0000000094300000, 0x0000000094300000, 0x0000000094400000|  0%| F|  |TAMS 0x0000000094300000, 0x0000000094300000| Untracked 
| 324|0x0000000094400000, 0x0000000094400000, 0x0000000094500000|  0%| F|  |TAMS 0x0000000094400000, 0x0000000094400000| Untracked 
| 325|0x0000000094500000, 0x0000000094500000, 0x0000000094600000|  0%| F|  |TAMS 0x0000000094500000, 0x0000000094500000| Untracked 
| 326|0x0000000094600000, 0x0000000094600000, 0x0000000094700000|  0%| F|  |TAMS 0x0000000094600000, 0x0000000094600000| Untracked 
| 327|0x0000000094700000, 0x0000000094700000, 0x0000000094800000|  0%| F|  |TAMS 0x0000000094700000, 0x0000000094700000| Untracked 
| 328|0x0000000094800000, 0x0000000094800000, 0x0000000094900000|  0%| F|  |TAMS 0x0000000094800000, 0x0000000094800000| Untracked 
| 329|0x0000000094900000, 0x0000000094900000, 0x0000000094a00000|  0%| F|  |TAMS 0x0000000094900000, 0x0000000094900000| Untracked 
| 330|0x0000000094a00000, 0x0000000094a00000, 0x0000000094b00000|  0%| F|  |TAMS 0x0000000094a00000, 0x0000000094a00000| Untracked 
| 331|0x0000000094b00000, 0x0000000094b00000, 0x0000000094c00000|  0%| F|  |TAMS 0x0000000094b00000, 0x0000000094b00000| Untracked 
| 332|0x0000000094c00000, 0x0000000094c00000, 0x0000000094d00000|  0%| F|  |TAMS 0x0000000094c00000, 0x0000000094c00000| Untracked 
| 333|0x0000000094d00000, 0x0000000094d00000, 0x0000000094e00000|  0%| F|  |TAMS 0x0000000094d00000, 0x0000000094d00000| Untracked 
| 334|0x0000000094e00000, 0x0000000094e00000, 0x0000000094f00000|  0%| F|  |TAMS 0x0000000094e00000, 0x0000000094e00000| Untracked 
| 335|0x0000000094f00000, 0x0000000094f00000, 0x0000000095000000|  0%| F|  |TAMS 0x0000000094f00000, 0x0000000094f00000| Untracked 
| 336|0x0000000095000000, 0x00000000950c37a8, 0x0000000095100000| 76%| S|CS|TAMS 0x0000000095000000, 0x0000000095000000| Complete 
| 337|0x0000000095100000, 0x0000000095200000, 0x0000000095200000|100%| S|CS|TAMS 0x0000000095100000, 0x0000000095100000| Complete 
| 338|0x0000000095200000, 0x0000000095300000, 0x0000000095300000|100%| S|CS|TAMS 0x0000000095200000, 0x0000000095200000| Complete 
| 339|0x0000000095300000, 0x0000000095400000, 0x0000000095400000|100%| S|CS|TAMS 0x0000000095300000, 0x0000000095300000| Complete 
| 340|0x0000000095400000, 0x0000000095500000, 0x0000000095500000|100%| S|CS|TAMS 0x0000000095400000, 0x0000000095400000| Complete 
| 341|0x0000000095500000, 0x0000000095600000, 0x0000000095600000|100%| S|CS|TAMS 0x0000000095500000, 0x0000000095500000| Complete 
| 342|0x0000000095600000, 0x0000000095700000, 0x0000000095700000|100%| S|CS|TAMS 0x0000000095600000, 0x0000000095600000| Complete 
| 343|0x0000000095700000, 0x0000000095800000, 0x0000000095800000|100%| S|CS|TAMS 0x0000000095700000, 0x0000000095700000| Complete 
| 344|0x0000000095800000, 0x0000000095900000, 0x0000000095900000|100%| S|CS|TAMS 0x0000000095800000, 0x0000000095800000| Complete 
| 345|0x0000000095900000, 0x0000000095a00000, 0x0000000095a00000|100%| S|CS|TAMS 0x0000000095900000, 0x0000000095900000| Complete 
| 346|0x0000000095a00000, 0x0000000095b00000, 0x0000000095b00000|100%| S|CS|TAMS 0x0000000095a00000, 0x0000000095a00000| Complete 
| 347|0x0000000095b00000, 0x0000000095c00000, 0x0000000095c00000|100%| S|CS|TAMS 0x0000000095b00000, 0x0000000095b00000| Complete 
| 348|0x0000000095c00000, 0x0000000095d00000, 0x0000000095d00000|100%| S|CS|TAMS 0x0000000095c00000, 0x0000000095c00000| Complete 
| 349|0x0000000095d00000, 0x0000000095d00000, 0x0000000095e00000|  0%| F|  |TAMS 0x0000000095d00000, 0x0000000095d00000| Untracked 
| 350|0x0000000095e00000, 0x0000000095e00000, 0x0000000095f00000|  0%| F|  |TAMS 0x0000000095e00000, 0x0000000095e00000| Untracked 
| 351|0x0000000095f00000, 0x0000000095f00000, 0x0000000096000000|  0%| F|  |TAMS 0x0000000095f00000, 0x0000000095f00000| Untracked 
| 352|0x0000000096000000, 0x0000000096000000, 0x0000000096100000|  0%| F|  |TAMS 0x0000000096000000, 0x0000000096000000| Untracked 
| 353|0x0000000096100000, 0x0000000096100000, 0x0000000096200000|  0%| F|  |TAMS 0x0000000096100000, 0x0000000096100000| Untracked 
| 354|0x0000000096200000, 0x0000000096200000, 0x0000000096300000|  0%| F|  |TAMS 0x0000000096200000, 0x0000000096200000| Untracked 
| 355|0x0000000096300000, 0x0000000096300000, 0x0000000096400000|  0%| F|  |TAMS 0x0000000096300000, 0x0000000096300000| Untracked 
| 356|0x0000000096400000, 0x0000000096400000, 0x0000000096500000|  0%| F|  |TAMS 0x0000000096400000, 0x0000000096400000| Untracked 
| 357|0x0000000096500000, 0x0000000096500000, 0x0000000096600000|  0%| F|  |TAMS 0x0000000096500000, 0x0000000096500000| Untracked 
| 358|0x0000000096600000, 0x0000000096600000, 0x0000000096700000|  0%| F|  |TAMS 0x0000000096600000, 0x0000000096600000| Untracked 
| 359|0x0000000096700000, 0x0000000096700000, 0x0000000096800000|  0%| F|  |TAMS 0x0000000096700000, 0x0000000096700000| Untracked 
| 360|0x0000000096800000, 0x0000000096800000, 0x0000000096900000|  0%| F|  |TAMS 0x0000000096800000, 0x0000000096800000| Untracked 
| 361|0x0000000096900000, 0x0000000096900000, 0x0000000096a00000|  0%| F|  |TAMS 0x0000000096900000, 0x0000000096900000| Untracked 
| 362|0x0000000096a00000, 0x0000000096a00000, 0x0000000096b00000|  0%| F|  |TAMS 0x0000000096a00000, 0x0000000096a00000| Untracked 
| 363|0x0000000096b00000, 0x0000000096b00000, 0x0000000096c00000|  0%| F|  |TAMS 0x0000000096b00000, 0x0000000096b00000| Untracked 
| 364|0x0000000096c00000, 0x0000000096c00000, 0x0000000096d00000|  0%| F|  |TAMS 0x0000000096c00000, 0x0000000096c00000| Untracked 
| 365|0x0000000096d00000, 0x0000000096d00000, 0x0000000096e00000|  0%| F|  |TAMS 0x0000000096d00000, 0x0000000096d00000| Untracked 
| 366|0x0000000096e00000, 0x0000000096e00000, 0x0000000096f00000|  0%| F|  |TAMS 0x0000000096e00000, 0x0000000096e00000| Untracked 
| 367|0x0000000096f00000, 0x0000000096f00000, 0x0000000097000000|  0%| F|  |TAMS 0x0000000096f00000, 0x0000000096f00000| Untracked 
| 368|0x0000000097000000, 0x0000000097000000, 0x0000000097100000|  0%| F|  |TAMS 0x0000000097000000, 0x0000000097000000| Untracked 
| 369|0x0000000097100000, 0x0000000097100000, 0x0000000097200000|  0%| F|  |TAMS 0x0000000097100000, 0x0000000097100000| Untracked 
| 370|0x0000000097200000, 0x0000000097200000, 0x0000000097300000|  0%| F|  |TAMS 0x0000000097200000, 0x0000000097200000| Untracked 
| 371|0x0000000097300000, 0x0000000097300000, 0x0000000097400000|  0%| F|  |TAMS 0x0000000097300000, 0x0000000097300000| Untracked 
| 372|0x0000000097400000, 0x0000000097400000, 0x0000000097500000|  0%| F|  |TAMS 0x0000000097400000, 0x0000000097400000| Untracked 
| 373|0x0000000097500000, 0x0000000097500000, 0x0000000097600000|  0%| F|  |TAMS 0x0000000097500000, 0x0000000097500000| Untracked 
| 374|0x0000000097600000, 0x0000000097600000, 0x0000000097700000|  0%| F|  |TAMS 0x0000000097600000, 0x0000000097600000| Untracked 
| 375|0x0000000097700000, 0x0000000097700000, 0x0000000097800000|  0%| F|  |TAMS 0x0000000097700000, 0x0000000097700000| Untracked 
| 376|0x0000000097800000, 0x0000000097800000, 0x0000000097900000|  0%| F|  |TAMS 0x0000000097800000, 0x0000000097800000| Untracked 
| 377|0x0000000097900000, 0x0000000097900000, 0x0000000097a00000|  0%| F|  |TAMS 0x0000000097900000, 0x0000000097900000| Untracked 
| 378|0x0000000097a00000, 0x0000000097a00000, 0x0000000097b00000|  0%| F|  |TAMS 0x0000000097a00000, 0x0000000097a00000| Untracked 
| 379|0x0000000097b00000, 0x0000000097b00000, 0x0000000097c00000|  0%| F|  |TAMS 0x0000000097b00000, 0x0000000097b00000| Untracked 
| 380|0x0000000097c00000, 0x0000000097c00000, 0x0000000097d00000|  0%| F|  |TAMS 0x0000000097c00000, 0x0000000097c00000| Untracked 
| 381|0x0000000097d00000, 0x0000000097d00000, 0x0000000097e00000|  0%| F|  |TAMS 0x0000000097d00000, 0x0000000097d00000| Untracked 
| 382|0x0000000097e00000, 0x0000000097e00000, 0x0000000097f00000|  0%| F|  |TAMS 0x0000000097e00000, 0x0000000097e00000| Untracked 
| 383|0x0000000097f00000, 0x0000000097f00000, 0x0000000098000000|  0%| F|  |TAMS 0x0000000097f00000, 0x0000000097f00000| Untracked 
| 384|0x0000000098000000, 0x0000000098000000, 0x0000000098100000|  0%| F|  |TAMS 0x0000000098000000, 0x0000000098000000| Untracked 
| 385|0x0000000098100000, 0x0000000098100000, 0x0000000098200000|  0%| F|  |TAMS 0x0000000098100000, 0x0000000098100000| Untracked 
| 386|0x0000000098200000, 0x0000000098200000, 0x0000000098300000|  0%| F|  |TAMS 0x0000000098200000, 0x0000000098200000| Untracked 
| 387|0x0000000098300000, 0x0000000098300000, 0x0000000098400000|  0%| F|  |TAMS 0x0000000098300000, 0x0000000098300000| Untracked 
| 388|0x0000000098400000, 0x0000000098400000, 0x0000000098500000|  0%| F|  |TAMS 0x0000000098400000, 0x0000000098400000| Untracked 
| 389|0x0000000098500000, 0x0000000098500000, 0x0000000098600000|  0%| F|  |TAMS 0x0000000098500000, 0x0000000098500000| Untracked 
| 390|0x0000000098600000, 0x0000000098600000, 0x0000000098700000|  0%| F|  |TAMS 0x0000000098600000, 0x0000000098600000| Untracked 
| 391|0x0000000098700000, 0x0000000098700000, 0x0000000098800000|  0%| F|  |TAMS 0x0000000098700000, 0x0000000098700000| Untracked 
| 392|0x0000000098800000, 0x0000000098800000, 0x0000000098900000|  0%| F|  |TAMS 0x0000000098800000, 0x0000000098800000| Untracked 
| 393|0x0000000098900000, 0x0000000098900000, 0x0000000098a00000|  0%| F|  |TAMS 0x0000000098900000, 0x0000000098900000| Untracked 
| 394|0x0000000098a00000, 0x0000000098a00000, 0x0000000098b00000|  0%| F|  |TAMS 0x0000000098a00000, 0x0000000098a00000| Untracked 
| 395|0x0000000098b00000, 0x0000000098b00000, 0x0000000098c00000|  0%| F|  |TAMS 0x0000000098b00000, 0x0000000098b00000| Untracked 
| 396|0x0000000098c00000, 0x0000000098c00000, 0x0000000098d00000|  0%| F|  |TAMS 0x0000000098c00000, 0x0000000098c00000| Untracked 
| 397|0x0000000098d00000, 0x0000000098d00000, 0x0000000098e00000|  0%| F|  |TAMS 0x0000000098d00000, 0x0000000098d00000| Untracked 
| 398|0x0000000098e00000, 0x0000000098e00000, 0x0000000098f00000|  0%| F|  |TAMS 0x0000000098e00000, 0x0000000098e00000| Untracked 
| 399|0x0000000098f00000, 0x0000000098f00000, 0x0000000099000000|  0%| F|  |TAMS 0x0000000098f00000, 0x0000000098f00000| Untracked 
| 400|0x0000000099000000, 0x0000000099000000, 0x0000000099100000|  0%| F|  |TAMS 0x0000000099000000, 0x0000000099000000| Untracked 
| 401|0x0000000099100000, 0x0000000099100000, 0x0000000099200000|  0%| F|  |TAMS 0x0000000099100000, 0x0000000099100000| Untracked 
| 402|0x0000000099200000, 0x0000000099200000, 0x0000000099300000|  0%| F|  |TAMS 0x0000000099200000, 0x0000000099200000| Untracked 
| 403|0x0000000099300000, 0x0000000099300000, 0x0000000099400000|  0%| F|  |TAMS 0x0000000099300000, 0x0000000099300000| Untracked 
| 404|0x0000000099400000, 0x0000000099400000, 0x0000000099500000|  0%| F|  |TAMS 0x0000000099400000, 0x0000000099400000| Untracked 
| 405|0x0000000099500000, 0x0000000099500000, 0x0000000099600000|  0%| F|  |TAMS 0x0000000099500000, 0x0000000099500000| Untracked 
| 406|0x0000000099600000, 0x0000000099600000, 0x0000000099700000|  0%| F|  |TAMS 0x0000000099600000, 0x0000000099600000| Untracked 
| 407|0x0000000099700000, 0x0000000099700000, 0x0000000099800000|  0%| F|  |TAMS 0x0000000099700000, 0x0000000099700000| Untracked 
| 408|0x0000000099800000, 0x0000000099800000, 0x0000000099900000|  0%| F|  |TAMS 0x0000000099800000, 0x0000000099800000| Untracked 
| 409|0x0000000099900000, 0x0000000099900000, 0x0000000099a00000|  0%| F|  |TAMS 0x0000000099900000, 0x0000000099900000| Untracked 
| 410|0x0000000099a00000, 0x0000000099a00000, 0x0000000099b00000|  0%| F|  |TAMS 0x0000000099a00000, 0x0000000099a00000| Untracked 
| 411|0x0000000099b00000, 0x0000000099b00000, 0x0000000099c00000|  0%| F|  |TAMS 0x0000000099b00000, 0x0000000099b00000| Untracked 
| 412|0x0000000099c00000, 0x0000000099c00000, 0x0000000099d00000|  0%| F|  |TAMS 0x0000000099c00000, 0x0000000099c00000| Untracked 
| 413|0x0000000099d00000, 0x0000000099d00000, 0x0000000099e00000|  0%| F|  |TAMS 0x0000000099d00000, 0x0000000099d00000| Untracked 
| 414|0x0000000099e00000, 0x0000000099e00000, 0x0000000099f00000|  0%| F|  |TAMS 0x0000000099e00000, 0x0000000099e00000| Untracked 
| 415|0x0000000099f00000, 0x0000000099f00000, 0x000000009a000000|  0%| F|  |TAMS 0x0000000099f00000, 0x0000000099f00000| Untracked 
| 416|0x000000009a000000, 0x000000009a000000, 0x000000009a100000|  0%| F|  |TAMS 0x000000009a000000, 0x000000009a000000| Untracked 
| 417|0x000000009a100000, 0x000000009a100000, 0x000000009a200000|  0%| F|  |TAMS 0x000000009a100000, 0x000000009a100000| Untracked 
| 418|0x000000009a200000, 0x000000009a200000, 0x000000009a300000|  0%| F|  |TAMS 0x000000009a200000, 0x000000009a200000| Untracked 
| 419|0x000000009a300000, 0x000000009a300000, 0x000000009a400000|  0%| F|  |TAMS 0x000000009a300000, 0x000000009a300000| Untracked 
| 420|0x000000009a400000, 0x000000009a400000, 0x000000009a500000|  0%| F|  |TAMS 0x000000009a400000, 0x000000009a400000| Untracked 
| 421|0x000000009a500000, 0x000000009a500000, 0x000000009a600000|  0%| F|  |TAMS 0x000000009a500000, 0x000000009a500000| Untracked 
| 422|0x000000009a600000, 0x000000009a600000, 0x000000009a700000|  0%| F|  |TAMS 0x000000009a600000, 0x000000009a600000| Untracked 
| 423|0x000000009a700000, 0x000000009a700000, 0x000000009a800000|  0%| F|  |TAMS 0x000000009a700000, 0x000000009a700000| Untracked 
| 424|0x000000009a800000, 0x000000009a800000, 0x000000009a900000|  0%| F|  |TAMS 0x000000009a800000, 0x000000009a800000| Untracked 
| 425|0x000000009a900000, 0x000000009a900000, 0x000000009aa00000|  0%| F|  |TAMS 0x000000009a900000, 0x000000009a900000| Untracked 
| 426|0x000000009aa00000, 0x000000009aa00000, 0x000000009ab00000|  0%| F|  |TAMS 0x000000009aa00000, 0x000000009aa00000| Untracked 
| 427|0x000000009ab00000, 0x000000009ab00000, 0x000000009ac00000|  0%| F|  |TAMS 0x000000009ab00000, 0x000000009ab00000| Untracked 
| 428|0x000000009ac00000, 0x000000009ac00000, 0x000000009ad00000|  0%| F|  |TAMS 0x000000009ac00000, 0x000000009ac00000| Untracked 
| 429|0x000000009ad00000, 0x000000009ad00000, 0x000000009ae00000|  0%| F|  |TAMS 0x000000009ad00000, 0x000000009ad00000| Untracked 
| 430|0x000000009ae00000, 0x000000009ae00000, 0x000000009af00000|  0%| F|  |TAMS 0x000000009ae00000, 0x000000009ae00000| Untracked 
| 431|0x000000009af00000, 0x000000009af00000, 0x000000009b000000|  0%| F|  |TAMS 0x000000009af00000, 0x000000009af00000| Untracked 
| 432|0x000000009b000000, 0x000000009b000000, 0x000000009b100000|  0%| F|  |TAMS 0x000000009b000000, 0x000000009b000000| Untracked 
| 433|0x000000009b100000, 0x000000009b100000, 0x000000009b200000|  0%| F|  |TAMS 0x000000009b100000, 0x000000009b100000| Untracked 
| 434|0x000000009b200000, 0x000000009b200000, 0x000000009b300000|  0%| F|  |TAMS 0x000000009b200000, 0x000000009b200000| Untracked 
| 435|0x000000009b300000, 0x000000009b300000, 0x000000009b400000|  0%| F|  |TAMS 0x000000009b300000, 0x000000009b300000| Untracked 
| 436|0x000000009b400000, 0x000000009b400000, 0x000000009b500000|  0%| F|  |TAMS 0x000000009b400000, 0x000000009b400000| Untracked 
| 437|0x000000009b500000, 0x000000009b500000, 0x000000009b600000|  0%| F|  |TAMS 0x000000009b500000, 0x000000009b500000| Untracked 
| 438|0x000000009b600000, 0x000000009b600000, 0x000000009b700000|  0%| F|  |TAMS 0x000000009b600000, 0x000000009b600000| Untracked 
| 439|0x000000009b700000, 0x000000009b700000, 0x000000009b800000|  0%| F|  |TAMS 0x000000009b700000, 0x000000009b700000| Untracked 
| 440|0x000000009b800000, 0x000000009b800000, 0x000000009b900000|  0%| F|  |TAMS 0x000000009b800000, 0x000000009b800000| Untracked 
| 441|0x000000009b900000, 0x000000009b900000, 0x000000009ba00000|  0%| F|  |TAMS 0x000000009b900000, 0x000000009b900000| Untracked 
| 442|0x000000009ba00000, 0x000000009ba00000, 0x000000009bb00000|  0%| F|  |TAMS 0x000000009ba00000, 0x000000009ba00000| Untracked 
| 443|0x000000009bb00000, 0x000000009bb00000, 0x000000009bc00000|  0%| F|  |TAMS 0x000000009bb00000, 0x000000009bb00000| Untracked 
| 444|0x000000009bc00000, 0x000000009bc00000, 0x000000009bd00000|  0%| F|  |TAMS 0x000000009bc00000, 0x000000009bc00000| Untracked 
| 445|0x000000009bd00000, 0x000000009bd00000, 0x000000009be00000|  0%| F|  |TAMS 0x000000009bd00000, 0x000000009bd00000| Untracked 
| 446|0x000000009be00000, 0x000000009be00000, 0x000000009bf00000|  0%| F|  |TAMS 0x000000009be00000, 0x000000009be00000| Untracked 
| 447|0x000000009bf00000, 0x000000009bf00000, 0x000000009c000000|  0%| F|  |TAMS 0x000000009bf00000, 0x000000009bf00000| Untracked 
| 448|0x000000009c000000, 0x000000009c000000, 0x000000009c100000|  0%| F|  |TAMS 0x000000009c000000, 0x000000009c000000| Untracked 
| 449|0x000000009c100000, 0x000000009c100000, 0x000000009c200000|  0%| F|  |TAMS 0x000000009c100000, 0x000000009c100000| Untracked 
| 450|0x000000009c200000, 0x000000009c200000, 0x000000009c300000|  0%| F|  |TAMS 0x000000009c200000, 0x000000009c200000| Untracked 
| 451|0x000000009c300000, 0x000000009c300000, 0x000000009c400000|  0%| F|  |TAMS 0x000000009c300000, 0x000000009c300000| Untracked 
| 452|0x000000009c400000, 0x000000009c400000, 0x000000009c500000|  0%| F|  |TAMS 0x000000009c400000, 0x000000009c400000| Untracked 
| 453|0x000000009c500000, 0x000000009c500000, 0x000000009c600000|  0%| F|  |TAMS 0x000000009c500000, 0x000000009c500000| Untracked 
| 454|0x000000009c600000, 0x000000009c600000, 0x000000009c700000|  0%| F|  |TAMS 0x000000009c600000, 0x000000009c600000| Untracked 
| 455|0x000000009c700000, 0x000000009c700000, 0x000000009c800000|  0%| F|  |TAMS 0x000000009c700000, 0x000000009c700000| Untracked 
| 456|0x000000009c800000, 0x000000009c800000, 0x000000009c900000|  0%| F|  |TAMS 0x000000009c800000, 0x000000009c800000| Untracked 
| 457|0x000000009c900000, 0x000000009c900000, 0x000000009ca00000|  0%| F|  |TAMS 0x000000009c900000, 0x000000009c900000| Untracked 
| 458|0x000000009ca00000, 0x000000009ca00000, 0x000000009cb00000|  0%| F|  |TAMS 0x000000009ca00000, 0x000000009ca00000| Untracked 
| 459|0x000000009cb00000, 0x000000009cb00000, 0x000000009cc00000|  0%| F|  |TAMS 0x000000009cb00000, 0x000000009cb00000| Untracked 
| 460|0x000000009cc00000, 0x000000009cc00000, 0x000000009cd00000|  0%| F|  |TAMS 0x000000009cc00000, 0x000000009cc00000| Untracked 
| 461|0x000000009cd00000, 0x000000009cd00000, 0x000000009ce00000|  0%| F|  |TAMS 0x000000009cd00000, 0x000000009cd00000| Untracked 
| 462|0x000000009ce00000, 0x000000009ce00000, 0x000000009cf00000|  0%| F|  |TAMS 0x000000009ce00000, 0x000000009ce00000| Untracked 
| 463|0x000000009cf00000, 0x000000009cf00000, 0x000000009d000000|  0%| F|  |TAMS 0x000000009cf00000, 0x000000009cf00000| Untracked 
| 464|0x000000009d000000, 0x000000009d000000, 0x000000009d100000|  0%| F|  |TAMS 0x000000009d000000, 0x000000009d000000| Untracked 
| 465|0x000000009d100000, 0x000000009d100000, 0x000000009d200000|  0%| F|  |TAMS 0x000000009d100000, 0x000000009d100000| Untracked 
| 466|0x000000009d200000, 0x000000009d200000, 0x000000009d300000|  0%| F|  |TAMS 0x000000009d200000, 0x000000009d200000| Untracked 
| 467|0x000000009d300000, 0x000000009d300000, 0x000000009d400000|  0%| F|  |TAMS 0x000000009d300000, 0x000000009d300000| Untracked 
| 468|0x000000009d400000, 0x000000009d400000, 0x000000009d500000|  0%| F|  |TAMS 0x000000009d400000, 0x000000009d400000| Untracked 
| 469|0x000000009d500000, 0x000000009d500000, 0x000000009d600000|  0%| F|  |TAMS 0x000000009d500000, 0x000000009d500000| Untracked 
| 470|0x000000009d600000, 0x000000009d600000, 0x000000009d700000|  0%| F|  |TAMS 0x000000009d600000, 0x000000009d600000| Untracked 
| 471|0x000000009d700000, 0x000000009d700000, 0x000000009d800000|  0%| F|  |TAMS 0x000000009d700000, 0x000000009d700000| Untracked 
| 472|0x000000009d800000, 0x000000009d800000, 0x000000009d900000|  0%| F|  |TAMS 0x000000009d800000, 0x000000009d800000| Untracked 
| 473|0x000000009d900000, 0x000000009d900000, 0x000000009da00000|  0%| F|  |TAMS 0x000000009d900000, 0x000000009d900000| Untracked 
| 474|0x000000009da00000, 0x000000009da00000, 0x000000009db00000|  0%| F|  |TAMS 0x000000009da00000, 0x000000009da00000| Untracked 
| 475|0x000000009db00000, 0x000000009db00000, 0x000000009dc00000|  0%| F|  |TAMS 0x000000009db00000, 0x000000009db00000| Untracked 
| 476|0x000000009dc00000, 0x000000009dc00000, 0x000000009dd00000|  0%| F|  |TAMS 0x000000009dc00000, 0x000000009dc00000| Untracked 
| 477|0x000000009dd00000, 0x000000009dd00000, 0x000000009de00000|  0%| F|  |TAMS 0x000000009dd00000, 0x000000009dd00000| Untracked 
| 478|0x000000009de00000, 0x000000009de00000, 0x000000009df00000|  0%| F|  |TAMS 0x000000009de00000, 0x000000009de00000| Untracked 
| 479|0x000000009df00000, 0x000000009df00000, 0x000000009e000000|  0%| F|  |TAMS 0x000000009df00000, 0x000000009df00000| Untracked 
| 480|0x000000009e000000, 0x000000009e000000, 0x000000009e100000|  0%| F|  |TAMS 0x000000009e000000, 0x000000009e000000| Untracked 
| 481|0x000000009e100000, 0x000000009e100000, 0x000000009e200000|  0%| F|  |TAMS 0x000000009e100000, 0x000000009e100000| Untracked 
| 482|0x000000009e200000, 0x000000009e200000, 0x000000009e300000|  0%| F|  |TAMS 0x000000009e200000, 0x000000009e200000| Untracked 
| 483|0x000000009e300000, 0x000000009e300000, 0x000000009e400000|  0%| F|  |TAMS 0x000000009e300000, 0x000000009e300000| Untracked 
| 484|0x000000009e400000, 0x000000009e400000, 0x000000009e500000|  0%| F|  |TAMS 0x000000009e400000, 0x000000009e400000| Untracked 
| 485|0x000000009e500000, 0x000000009e500000, 0x000000009e600000|  0%| F|  |TAMS 0x000000009e500000, 0x000000009e500000| Untracked 
| 486|0x000000009e600000, 0x000000009e600000, 0x000000009e700000|  0%| F|  |TAMS 0x000000009e600000, 0x000000009e600000| Untracked 
| 487|0x000000009e700000, 0x000000009e700000, 0x000000009e800000|  0%| F|  |TAMS 0x000000009e700000, 0x000000009e700000| Untracked 
| 488|0x000000009e800000, 0x000000009e800000, 0x000000009e900000|  0%| F|  |TAMS 0x000000009e800000, 0x000000009e800000| Untracked 
| 489|0x000000009e900000, 0x000000009e900000, 0x000000009ea00000|  0%| F|  |TAMS 0x000000009e900000, 0x000000009e900000| Untracked 
| 490|0x000000009ea00000, 0x000000009ea00000, 0x000000009eb00000|  0%| F|  |TAMS 0x000000009ea00000, 0x000000009ea00000| Untracked 
| 491|0x000000009eb00000, 0x000000009eb00000, 0x000000009ec00000|  0%| F|  |TAMS 0x000000009eb00000, 0x000000009eb00000| Untracked 
| 492|0x000000009ec00000, 0x000000009ec00000, 0x000000009ed00000|  0%| F|  |TAMS 0x000000009ec00000, 0x000000009ec00000| Untracked 
| 493|0x000000009ed00000, 0x000000009ed00000, 0x000000009ee00000|  0%| F|  |TAMS 0x000000009ed00000, 0x000000009ed00000| Untracked 
| 494|0x000000009ee00000, 0x000000009ee00000, 0x000000009ef00000|  0%| F|  |TAMS 0x000000009ee00000, 0x000000009ee00000| Untracked 
| 495|0x000000009ef00000, 0x000000009ef00000, 0x000000009f000000|  0%| F|  |TAMS 0x000000009ef00000, 0x000000009ef00000| Untracked 
| 496|0x000000009f000000, 0x000000009f000000, 0x000000009f100000|  0%| F|  |TAMS 0x000000009f000000, 0x000000009f000000| Untracked 
| 497|0x000000009f100000, 0x000000009f100000, 0x000000009f200000|  0%| F|  |TAMS 0x000000009f100000, 0x000000009f100000| Untracked 
| 498|0x000000009f200000, 0x000000009f200000, 0x000000009f300000|  0%| F|  |TAMS 0x000000009f200000, 0x000000009f200000| Untracked 
| 499|0x000000009f300000, 0x000000009f300000, 0x000000009f400000|  0%| F|  |TAMS 0x000000009f300000, 0x000000009f300000| Untracked 
| 500|0x000000009f400000, 0x000000009f400000, 0x000000009f500000|  0%| F|  |TAMS 0x000000009f400000, 0x000000009f400000| Untracked 
| 501|0x000000009f500000, 0x000000009f500000, 0x000000009f600000|  0%| F|  |TAMS 0x000000009f500000, 0x000000009f500000| Untracked 
| 502|0x000000009f600000, 0x000000009f600000, 0x000000009f700000|  0%| F|  |TAMS 0x000000009f600000, 0x000000009f600000| Untracked 
| 503|0x000000009f700000, 0x000000009f700000, 0x000000009f800000|  0%| F|  |TAMS 0x000000009f700000, 0x000000009f700000| Untracked 
| 504|0x000000009f800000, 0x000000009f800000, 0x000000009f900000|  0%| F|  |TAMS 0x000000009f800000, 0x000000009f800000| Untracked 
| 505|0x000000009f900000, 0x000000009f900000, 0x000000009fa00000|  0%| F|  |TAMS 0x000000009f900000, 0x000000009f900000| Untracked 
| 506|0x000000009fa00000, 0x000000009fa00000, 0x000000009fb00000|  0%| F|  |TAMS 0x000000009fa00000, 0x000000009fa00000| Untracked 
| 507|0x000000009fb00000, 0x000000009fb00000, 0x000000009fc00000|  0%| F|  |TAMS 0x000000009fb00000, 0x000000009fb00000| Untracked 
| 508|0x000000009fc00000, 0x000000009fc00000, 0x000000009fd00000|  0%| F|  |TAMS 0x000000009fc00000, 0x000000009fc00000| Untracked 
| 509|0x000000009fd00000, 0x000000009fd00000, 0x000000009fe00000|  0%| F|  |TAMS 0x000000009fd00000, 0x000000009fd00000| Untracked 
| 510|0x000000009fe00000, 0x000000009fe00000, 0x000000009ff00000|  0%| F|  |TAMS 0x000000009fe00000, 0x000000009fe00000| Untracked 
| 511|0x000000009ff00000, 0x000000009ff00000, 0x00000000a0000000|  0%| F|  |TAMS 0x000000009ff00000, 0x000000009ff00000| Untracked 
| 512|0x00000000a0000000, 0x00000000a0000000, 0x00000000a0100000|  0%| F|  |TAMS 0x00000000a0000000, 0x00000000a0000000| Untracked 
| 513|0x00000000a0100000, 0x00000000a0100000, 0x00000000a0200000|  0%| F|  |TAMS 0x00000000a0100000, 0x00000000a0100000| Untracked 
| 514|0x00000000a0200000, 0x00000000a0200000, 0x00000000a0300000|  0%| F|  |TAMS 0x00000000a0200000, 0x00000000a0200000| Untracked 
| 515|0x00000000a0300000, 0x00000000a0300000, 0x00000000a0400000|  0%| F|  |TAMS 0x00000000a0300000, 0x00000000a0300000| Untracked 
| 516|0x00000000a0400000, 0x00000000a0400000, 0x00000000a0500000|  0%| F|  |TAMS 0x00000000a0400000, 0x00000000a0400000| Untracked 
| 517|0x00000000a0500000, 0x00000000a0500000, 0x00000000a0600000|  0%| F|  |TAMS 0x00000000a0500000, 0x00000000a0500000| Untracked 
| 518|0x00000000a0600000, 0x00000000a0600000, 0x00000000a0700000|  0%| F|  |TAMS 0x00000000a0600000, 0x00000000a0600000| Untracked 
| 519|0x00000000a0700000, 0x00000000a0700000, 0x00000000a0800000|  0%| F|  |TAMS 0x00000000a0700000, 0x00000000a0700000| Untracked 
| 520|0x00000000a0800000, 0x00000000a0800000, 0x00000000a0900000|  0%| F|  |TAMS 0x00000000a0800000, 0x00000000a0800000| Untracked 
| 521|0x00000000a0900000, 0x00000000a0900000, 0x00000000a0a00000|  0%| F|  |TAMS 0x00000000a0900000, 0x00000000a0900000| Untracked 
| 522|0x00000000a0a00000, 0x00000000a0a00000, 0x00000000a0b00000|  0%| F|  |TAMS 0x00000000a0a00000, 0x00000000a0a00000| Untracked 
| 523|0x00000000a0b00000, 0x00000000a0b00000, 0x00000000a0c00000|  0%| F|  |TAMS 0x00000000a0b00000, 0x00000000a0b00000| Untracked 
| 524|0x00000000a0c00000, 0x00000000a0c00000, 0x00000000a0d00000|  0%| F|  |TAMS 0x00000000a0c00000, 0x00000000a0c00000| Untracked 
| 525|0x00000000a0d00000, 0x00000000a0d00000, 0x00000000a0e00000|  0%| F|  |TAMS 0x00000000a0d00000, 0x00000000a0d00000| Untracked 
| 526|0x00000000a0e00000, 0x00000000a0e00000, 0x00000000a0f00000|  0%| F|  |TAMS 0x00000000a0e00000, 0x00000000a0e00000| Untracked 
| 527|0x00000000a0f00000, 0x00000000a0f00000, 0x00000000a1000000|  0%| F|  |TAMS 0x00000000a0f00000, 0x00000000a0f00000| Untracked 
| 528|0x00000000a1000000, 0x00000000a1000000, 0x00000000a1100000|  0%| F|  |TAMS 0x00000000a1000000, 0x00000000a1000000| Untracked 
| 529|0x00000000a1100000, 0x00000000a1100000, 0x00000000a1200000|  0%| F|  |TAMS 0x00000000a1100000, 0x00000000a1100000| Untracked 
| 530|0x00000000a1200000, 0x00000000a1200000, 0x00000000a1300000|  0%| F|  |TAMS 0x00000000a1200000, 0x00000000a1200000| Untracked 
| 531|0x00000000a1300000, 0x00000000a1300000, 0x00000000a1400000|  0%| F|  |TAMS 0x00000000a1300000, 0x00000000a1300000| Untracked 
| 532|0x00000000a1400000, 0x00000000a1400000, 0x00000000a1500000|  0%| F|  |TAMS 0x00000000a1400000, 0x00000000a1400000| Untracked 
| 533|0x00000000a1500000, 0x00000000a1500000, 0x00000000a1600000|  0%| F|  |TAMS 0x00000000a1500000, 0x00000000a1500000| Untracked 
| 534|0x00000000a1600000, 0x00000000a1600000, 0x00000000a1700000|  0%| F|  |TAMS 0x00000000a1600000, 0x00000000a1600000| Untracked 
| 535|0x00000000a1700000, 0x00000000a1700000, 0x00000000a1800000|  0%| F|  |TAMS 0x00000000a1700000, 0x00000000a1700000| Untracked 
| 536|0x00000000a1800000, 0x00000000a1800000, 0x00000000a1900000|  0%| F|  |TAMS 0x00000000a1800000, 0x00000000a1800000| Untracked 
| 537|0x00000000a1900000, 0x00000000a1900000, 0x00000000a1a00000|  0%| F|  |TAMS 0x00000000a1900000, 0x00000000a1900000| Untracked 
| 538|0x00000000a1a00000, 0x00000000a1a00000, 0x00000000a1b00000|  0%| F|  |TAMS 0x00000000a1a00000, 0x00000000a1a00000| Untracked 
| 539|0x00000000a1b00000, 0x00000000a1b00000, 0x00000000a1c00000|  0%| F|  |TAMS 0x00000000a1b00000, 0x00000000a1b00000| Untracked 
| 540|0x00000000a1c00000, 0x00000000a1c00000, 0x00000000a1d00000|  0%| F|  |TAMS 0x00000000a1c00000, 0x00000000a1c00000| Untracked 
| 541|0x00000000a1d00000, 0x00000000a1d00000, 0x00000000a1e00000|  0%| F|  |TAMS 0x00000000a1d00000, 0x00000000a1d00000| Untracked 
| 542|0x00000000a1e00000, 0x00000000a1e00000, 0x00000000a1f00000|  0%| F|  |TAMS 0x00000000a1e00000, 0x00000000a1e00000| Untracked 
| 543|0x00000000a1f00000, 0x00000000a1f00000, 0x00000000a2000000|  0%| F|  |TAMS 0x00000000a1f00000, 0x00000000a1f00000| Untracked 
| 544|0x00000000a2000000, 0x00000000a2000000, 0x00000000a2100000|  0%| F|  |TAMS 0x00000000a2000000, 0x00000000a2000000| Untracked 
| 545|0x00000000a2100000, 0x00000000a2100000, 0x00000000a2200000|  0%| F|  |TAMS 0x00000000a2100000, 0x00000000a2100000| Untracked 
| 546|0x00000000a2200000, 0x00000000a2200000, 0x00000000a2300000|  0%| F|  |TAMS 0x00000000a2200000, 0x00000000a2200000| Untracked 
| 547|0x00000000a2300000, 0x00000000a2300000, 0x00000000a2400000|  0%| F|  |TAMS 0x00000000a2300000, 0x00000000a2300000| Untracked 
| 548|0x00000000a2400000, 0x00000000a2400000, 0x00000000a2500000|  0%| F|  |TAMS 0x00000000a2400000, 0x00000000a2400000| Untracked 
| 549|0x00000000a2500000, 0x00000000a2500000, 0x00000000a2600000|  0%| F|  |TAMS 0x00000000a2500000, 0x00000000a2500000| Untracked 
| 550|0x00000000a2600000, 0x00000000a2600000, 0x00000000a2700000|  0%| F|  |TAMS 0x00000000a2600000, 0x00000000a2600000| Untracked 
| 551|0x00000000a2700000, 0x00000000a2700000, 0x00000000a2800000|  0%| F|  |TAMS 0x00000000a2700000, 0x00000000a2700000| Untracked 
| 552|0x00000000a2800000, 0x00000000a2800000, 0x00000000a2900000|  0%| F|  |TAMS 0x00000000a2800000, 0x00000000a2800000| Untracked 
| 553|0x00000000a2900000, 0x00000000a2900000, 0x00000000a2a00000|  0%| F|  |TAMS 0x00000000a2900000, 0x00000000a2900000| Untracked 
| 554|0x00000000a2a00000, 0x00000000a2a00000, 0x00000000a2b00000|  0%| F|  |TAMS 0x00000000a2a00000, 0x00000000a2a00000| Untracked 
| 555|0x00000000a2b00000, 0x00000000a2b00000, 0x00000000a2c00000|  0%| F|  |TAMS 0x00000000a2b00000, 0x00000000a2b00000| Untracked 
| 556|0x00000000a2c00000, 0x00000000a2c00000, 0x00000000a2d00000|  0%| F|  |TAMS 0x00000000a2c00000, 0x00000000a2c00000| Untracked 
| 557|0x00000000a2d00000, 0x00000000a2d00000, 0x00000000a2e00000|  0%| F|  |TAMS 0x00000000a2d00000, 0x00000000a2d00000| Untracked 
| 558|0x00000000a2e00000, 0x00000000a2e00000, 0x00000000a2f00000|  0%| F|  |TAMS 0x00000000a2e00000, 0x00000000a2e00000| Untracked 
| 559|0x00000000a2f00000, 0x00000000a2f00000, 0x00000000a3000000|  0%| F|  |TAMS 0x00000000a2f00000, 0x00000000a2f00000| Untracked 
| 560|0x00000000a3000000, 0x00000000a3000000, 0x00000000a3100000|  0%| F|  |TAMS 0x00000000a3000000, 0x00000000a3000000| Untracked 
| 561|0x00000000a3100000, 0x00000000a3100000, 0x00000000a3200000|  0%| F|  |TAMS 0x00000000a3100000, 0x00000000a3100000| Untracked 
| 562|0x00000000a3200000, 0x00000000a3200000, 0x00000000a3300000|  0%| F|  |TAMS 0x00000000a3200000, 0x00000000a3200000| Untracked 
| 563|0x00000000a3300000, 0x00000000a3300000, 0x00000000a3400000|  0%| F|  |TAMS 0x00000000a3300000, 0x00000000a3300000| Untracked 
| 564|0x00000000a3400000, 0x00000000a3400000, 0x00000000a3500000|  0%| F|  |TAMS 0x00000000a3400000, 0x00000000a3400000| Untracked 
| 565|0x00000000a3500000, 0x00000000a3500000, 0x00000000a3600000|  0%| F|  |TAMS 0x00000000a3500000, 0x00000000a3500000| Untracked 
| 566|0x00000000a3600000, 0x00000000a3600000, 0x00000000a3700000|  0%| F|  |TAMS 0x00000000a3600000, 0x00000000a3600000| Untracked 
| 567|0x00000000a3700000, 0x00000000a3700000, 0x00000000a3800000|  0%| F|  |TAMS 0x00000000a3700000, 0x00000000a3700000| Untracked 
| 568|0x00000000a3800000, 0x00000000a3800000, 0x00000000a3900000|  0%| F|  |TAMS 0x00000000a3800000, 0x00000000a3800000| Untracked 
| 569|0x00000000a3900000, 0x00000000a3900000, 0x00000000a3a00000|  0%| F|  |TAMS 0x00000000a3900000, 0x00000000a3900000| Untracked 
| 570|0x00000000a3a00000, 0x00000000a3a00000, 0x00000000a3b00000|  0%| F|  |TAMS 0x00000000a3a00000, 0x00000000a3a00000| Untracked 
| 571|0x00000000a3b00000, 0x00000000a3b00000, 0x00000000a3c00000|  0%| F|  |TAMS 0x00000000a3b00000, 0x00000000a3b00000| Untracked 
| 572|0x00000000a3c00000, 0x00000000a3c00000, 0x00000000a3d00000|  0%| F|  |TAMS 0x00000000a3c00000, 0x00000000a3c00000| Untracked 
| 573|0x00000000a3d00000, 0x00000000a3d00000, 0x00000000a3e00000|  0%| F|  |TAMS 0x00000000a3d00000, 0x00000000a3d00000| Untracked 
| 574|0x00000000a3e00000, 0x00000000a3e00000, 0x00000000a3f00000|  0%| F|  |TAMS 0x00000000a3e00000, 0x00000000a3e00000| Untracked 
| 575|0x00000000a3f00000, 0x00000000a3f00000, 0x00000000a4000000|  0%| F|  |TAMS 0x00000000a3f00000, 0x00000000a3f00000| Untracked 
| 576|0x00000000a4000000, 0x00000000a4000000, 0x00000000a4100000|  0%| F|  |TAMS 0x00000000a4000000, 0x00000000a4000000| Untracked 
| 577|0x00000000a4100000, 0x00000000a4100000, 0x00000000a4200000|  0%| F|  |TAMS 0x00000000a4100000, 0x00000000a4100000| Untracked 
| 578|0x00000000a4200000, 0x00000000a4200000, 0x00000000a4300000|  0%| F|  |TAMS 0x00000000a4200000, 0x00000000a4200000| Untracked 
| 579|0x00000000a4300000, 0x00000000a4300000, 0x00000000a4400000|  0%| F|  |TAMS 0x00000000a4300000, 0x00000000a4300000| Untracked 
| 580|0x00000000a4400000, 0x00000000a4400000, 0x00000000a4500000|  0%| F|  |TAMS 0x00000000a4400000, 0x00000000a4400000| Untracked 
| 581|0x00000000a4500000, 0x00000000a4500000, 0x00000000a4600000|  0%| F|  |TAMS 0x00000000a4500000, 0x00000000a4500000| Untracked 
| 582|0x00000000a4600000, 0x00000000a4600000, 0x00000000a4700000|  0%| F|  |TAMS 0x00000000a4600000, 0x00000000a4600000| Untracked 
| 583|0x00000000a4700000, 0x00000000a4700000, 0x00000000a4800000|  0%| F|  |TAMS 0x00000000a4700000, 0x00000000a4700000| Untracked 
| 584|0x00000000a4800000, 0x00000000a4800000, 0x00000000a4900000|  0%| F|  |TAMS 0x00000000a4800000, 0x00000000a4800000| Untracked 
| 585|0x00000000a4900000, 0x00000000a4900000, 0x00000000a4a00000|  0%| F|  |TAMS 0x00000000a4900000, 0x00000000a4900000| Untracked 
| 586|0x00000000a4a00000, 0x00000000a4a00000, 0x00000000a4b00000|  0%| F|  |TAMS 0x00000000a4a00000, 0x00000000a4a00000| Untracked 
| 587|0x00000000a4b00000, 0x00000000a4b00000, 0x00000000a4c00000|  0%| F|  |TAMS 0x00000000a4b00000, 0x00000000a4b00000| Untracked 
| 588|0x00000000a4c00000, 0x00000000a4c00000, 0x00000000a4d00000|  0%| F|  |TAMS 0x00000000a4c00000, 0x00000000a4c00000| Untracked 
| 589|0x00000000a4d00000, 0x00000000a4d00000, 0x00000000a4e00000|  0%| F|  |TAMS 0x00000000a4d00000, 0x00000000a4d00000| Untracked 
| 590|0x00000000a4e00000, 0x00000000a4e00000, 0x00000000a4f00000|  0%| F|  |TAMS 0x00000000a4e00000, 0x00000000a4e00000| Untracked 
| 591|0x00000000a4f00000, 0x00000000a4f00000, 0x00000000a5000000|  0%| F|  |TAMS 0x00000000a4f00000, 0x00000000a4f00000| Untracked 
| 592|0x00000000a5000000, 0x00000000a5000000, 0x00000000a5100000|  0%| F|  |TAMS 0x00000000a5000000, 0x00000000a5000000| Untracked 
| 593|0x00000000a5100000, 0x00000000a5100000, 0x00000000a5200000|  0%| F|  |TAMS 0x00000000a5100000, 0x00000000a5100000| Untracked 
|2029|0x00000000fed00000, 0x00000000fee00000, 0x00000000fee00000|100%| O|  |TAMS 0x00000000fee00000, 0x00000000fee00000| Untracked 
|2030|0x00000000fee00000, 0x00000000fee00000, 0x00000000fef00000|  0%| F|  |TAMS 0x00000000fee00000, 0x00000000fee00000| Untracked 
|2031|0x00000000fef00000, 0x00000000fef00000, 0x00000000ff000000|  0%| F|  |TAMS 0x00000000fef00000, 0x00000000fef00000| Untracked 
|2032|0x00000000ff000000, 0x00000000ff000000, 0x00000000ff100000|  0%| F|  |TAMS 0x00000000ff000000, 0x00000000ff000000| Untracked 
|2033|0x00000000ff100000, 0x00000000ff100000, 0x00000000ff200000|  0%| F|  |TAMS 0x00000000ff100000, 0x00000000ff100000| Untracked 
|2034|0x00000000ff200000, 0x00000000ff200000, 0x00000000ff300000|  0%| F|  |TAMS 0x00000000ff200000, 0x00000000ff200000| Untracked 
|2035|0x00000000ff300000, 0x00000000ff300000, 0x00000000ff400000|  0%| F|  |TAMS 0x00000000ff300000, 0x00000000ff300000| Untracked 
|2036|0x00000000ff400000, 0x00000000ff400000, 0x00000000ff500000|  0%| F|  |TAMS 0x00000000ff400000, 0x00000000ff400000| Untracked 
|2037|0x00000000ff500000, 0x00000000ff500000, 0x00000000ff600000|  0%| F|  |TAMS 0x00000000ff500000, 0x00000000ff500000| Untracked 
|2038|0x00000000ff600000, 0x00000000ff600000, 0x00000000ff700000|  0%| F|  |TAMS 0x00000000ff600000, 0x00000000ff600000| Untracked 
|2039|0x00000000ff700000, 0x00000000ff700000, 0x00000000ff800000|  0%| F|  |TAMS 0x00000000ff700000, 0x00000000ff700000| Untracked 
|2040|0x00000000ff800000, 0x00000000ff800000, 0x00000000ff900000|  0%| F|  |TAMS 0x00000000ff800000, 0x00000000ff800000| Untracked 
|2041|0x00000000ff900000, 0x00000000ff900000, 0x00000000ffa00000|  0%| F|  |TAMS 0x00000000ff900000, 0x00000000ff900000| Untracked 
|2042|0x00000000ffa00000, 0x00000000ffa00000, 0x00000000ffb00000|  0%| F|  |TAMS 0x00000000ffa00000, 0x00000000ffa00000| Untracked 
|2043|0x00000000ffb00000, 0x00000000ffb00000, 0x00000000ffc00000|  0%| F|  |TAMS 0x00000000ffb00000, 0x00000000ffb00000| Untracked 
|2044|0x00000000ffc00000, 0x00000000ffc00000, 0x00000000ffd00000|  0%| F|  |TAMS 0x00000000ffc00000, 0x00000000ffc00000| Untracked 
|2045|0x00000000ffd00000, 0x00000000ffd00000, 0x00000000ffe00000|  0%| F|  |TAMS 0x00000000ffd00000, 0x00000000ffd00000| Untracked 
|2046|0x00000000ffe00000, 0x00000000ffe00000, 0x00000000fff00000|  0%| F|  |TAMS 0x00000000ffe00000, 0x00000000ffe00000| Untracked 
|2047|0x00000000fff00000, 0x00000000fff00000, 0x0000000100000000|  0%| F|  |TAMS 0x00000000fff00000, 0x00000000fff00000| Untracked 

Card table byte_map: [0x000002b9e2aa0000,0x000002b9e2ea0000] _byte_map_base: 0x000002b9e26a0000

Marking Bits (Prev, Next): (CMBitMap*) 0x000002b9cf9ae5e0, (CMBitMap*) 0x000002b9cf9ae5a0
 Prev Bits: [0x000002b9e52a0000, 0x000002b9e72a0000)
 Next Bits: [0x000002b9e32a0000, 0x000002b9e52a0000)

Polling page: 0x000002b9cd890000

Metaspace:

Usage:
  Non-class:    122.12 MB used.
      Class:     20.14 MB used.
       Both:    142.27 MB used.

Virtual space:
  Non-class space:      128.00 MB reserved,     122.69 MB ( 96%) committed,  16 nodes.
      Class space:        1.00 GB reserved,      20.62 MB (  2%) committed,  1 nodes.
             Both:        1.12 GB reserved,     143.31 MB ( 12%) committed. 

Chunk freelists:
   Non-Class:  48.00 KB
       Class:  3.32 MB
        Both:  3.37 MB

MaxMetaspaceSize: unlimited
CompressedClassSpaceSize: 1.00 GB
Initial GC threshold: 21.00 MB
Current GC threshold: 237.50 MB
CDS: off
MetaspaceReclaimPolicy: balanced
 - commit_granule_bytes: 65536.
 - commit_granule_words: 8192.
 - virtual_space_node_default_size: 1048576.
 - enlarge_chunks_in_place: 1.
 - new_chunks_are_fully_committed: 0.
 - uncommit_free_chunks: 1.
 - use_allocation_guard: 0.
 - handle_deallocations: 1.


Internal statistics:

num_allocs_failed_limit: 15.
num_arena_births: 2114.
num_arena_deaths: 316.
num_vsnodes_births: 17.
num_vsnodes_deaths: 0.
num_space_committed: 2291.
num_space_uncommitted: 0.
num_chunks_returned_to_freelist: 479.
num_chunks_taken_from_freelist: 8148.
num_chunk_merges: 219.
num_chunk_splits: 5185.
num_chunks_enlarged: 3287.
num_purges: 2.
num_inconsistent_stats: 0.

CodeHeap 'non-profiled nmethods': size=119168Kb used=14361Kb max_used=14361Kb free=104806Kb
 bounds [0x000002b9da9b0000, 0x000002b9db7c0000, 0x000002b9e1e10000]
CodeHeap 'profiled nmethods': size=119104Kb used=45693Kb max_used=45693Kb free=73410Kb
 bounds [0x000002b9d2e10000, 0x000002b9d5ab0000, 0x000002b9da260000]
CodeHeap 'non-nmethods': size=7488Kb used=4166Kb max_used=4235Kb free=3322Kb
 bounds [0x000002b9da260000, 0x000002b9da690000, 0x000002b9da9b0000]
 total_blobs=23131 nmethods=22112 adapters=926
 compilation: enabled
              stopped_count=0, restarted_count=0
 full_count=0

Compilation events (20 events):
Event: 143.269 Thread 0x000002b9f91058d0 nmethod 27578 0x000002b9d5a9e290 code [0x000002b9d5a9e460, 0x000002b9d5a9e728]
Event: 143.269 Thread 0x000002b9eacb5010 nmethod 27579 0x000002b9d5a9e910 code [0x000002b9d5a9eae0, 0x000002b9d5a9ed68]
Event: 143.269 Thread 0x000002b9f91011f0 nmethod 27577 0x000002b9d5a9ef90 code [0x000002b9d5a9f140, 0x000002b9d5a9f478]
Event: 143.270 Thread 0x000002b9f91058d0 27590       2       com.android.tools.r8.graph.Y2::a (18 bytes)
Event: 143.270 Thread 0x000002b9eacb5010 27591       2       com.android.tools.r8.graph.d0::a (77 bytes)
Event: 143.270 Thread 0x000002b9eacb5010 nmethod 27591 0x000002b9d5a9f590 code [0x000002b9d5a9f740, 0x000002b9d5a9f898]
Event: 143.270 Thread 0x000002b9f91058d0 nmethod 27590 0x000002b9d5a9fa10 code [0x000002b9d5a9fbc0, 0x000002b9d5a9fde8]
Event: 143.270 Thread 0x000002b9eacb5010 27592       2       com.android.tools.r8.graph.d0::c (162 bytes)
Event: 143.270 Thread 0x000002b9f91011f0 27593       2       com.android.tools.r8.internal.cJ::containsKey (80 bytes)
Event: 143.270 Thread 0x000002b9f91011f0 nmethod 27593 0x000002b9d5a9ff10 code [0x000002b9d5aa0100, 0x000002b9d5aa0488]
Event: 143.271 Thread 0x000002b9f9108b70 nmethod 27581 0x000002b9d5aa0610 code [0x000002b9d5aa0ae0, 0x000002b9d5aa2878]
Event: 143.271 Thread 0x000002b9eacb5010 nmethod 27592 0x000002b9d5aa4e10 code [0x000002b9d5aa5020, 0x000002b9d5aa5568]
Event: 143.271 Thread 0x000002b9eacb5010 27594       3       com.android.tools.r8.dex.B::a (836 bytes)
Event: 143.272 Thread 0x000002b9f91011f0 27595   !   2       com.android.tools.r8.internal.l::a (41 bytes)
Event: 143.272 Thread 0x000002b9f91011f0 nmethod 27595 0x000002b9d5aa5910 code [0x000002b9d5aa5b40, 0x000002b9d5aa5f88]
Event: 143.273 Thread 0x000002b9f91011f0 27597 %     3       com.android.tools.r8.graph.u2::a @ 14 (44 bytes)
Event: 143.273 Thread 0x000002b9f91011f0 nmethod 27597% 0x000002b9d5aa6410 code [0x000002b9d5aa65e0, 0x000002b9d5aa6938]
Event: 143.273 Thread 0x000002b9f91011f0 27598       2       com.android.tools.r8.utils.structural.z$$Lambda$4944/0x000000010121a748::a (11 bytes)
Event: 143.273 Thread 0x000002b9eacb5010 nmethod 27594 0x000002b9d5aa6b10 code [0x000002b9d5aa7380, 0x000002b9d5aacc28]
Event: 143.274 Thread 0x000002b9f91011f0 nmethod 27598 0x000002b9d5aaf090 code [0x000002b9d5aaf240, 0x000002b9d5aaf3c8]

GC Heap History (20 events):
Event: 15.897 GC heap after
{Heap after GC invocations=72 (full 0):
 garbage-first heap   total 504832K, used 237685K [0x0000000080000000, 0x0000000100000000)
  region size 1024K, 15 young (15360K), 15 survivors (15360K)
 Metaspace       used 135868K, committed 137024K, reserved 1171456K
  class space    used 19684K, committed 20224K, reserved 1048576K
}
Event: 16.004 GC heap before
{Heap before GC invocations=72 (full 0):
 garbage-first heap   total 504832K, used 430197K [0x0000000080000000, 0x0000000100000000)
  region size 1024K, 204 young (208896K), 15 survivors (15360K)
 Metaspace       used 136084K, committed 137216K, reserved 1171456K
  class space    used 19692K, committed 20224K, reserved 1048576K
}
Event: 16.010 GC heap after
{Heap after GC invocations=73 (full 0):
 garbage-first heap   total 600064K, used 239356K [0x0000000080000000, 0x0000000100000000)
  region size 1024K, 17 young (17408K), 17 survivors (17408K)
 Metaspace       used 136084K, committed 137216K, reserved 1171456K
  class space    used 19692K, committed 20224K, reserved 1048576K
}
Event: 16.188 GC heap before
{Heap before GC invocations=73 (full 0):
 garbage-first heap   total 600064K, used 510716K [0x0000000080000000, 0x0000000100000000)
  region size 1024K, 283 young (289792K), 17 survivors (17408K)
 Metaspace       used 136587K, committed 137728K, reserved 1171456K
  class space    used 19766K, committed 20288K, reserved 1048576K
}
Event: 16.194 GC heap after
{Heap after GC invocations=74 (full 0):
 garbage-first heap   total 600064K, used 242226K [0x0000000080000000, 0x0000000100000000)
  region size 1024K, 20 young (20480K), 20 survivors (20480K)
 Metaspace       used 136587K, committed 137728K, reserved 1171456K
  class space    used 19766K, committed 20288K, reserved 1048576K
}
Event: 20.907 GC heap before
{Heap before GC invocations=74 (full 0):
 garbage-first heap   total 600064K, used 475698K [0x0000000080000000, 0x0000000100000000)
  region size 1024K, 249 young (254976K), 20 survivors (20480K)
 Metaspace       used 137783K, committed 138816K, reserved 1171456K
  class space    used 19910K, committed 20416K, reserved 1048576K
}
Event: 20.914 GC heap after
{Heap after GC invocations=75 (full 0):
 garbage-first heap   total 600064K, used 241017K [0x0000000080000000, 0x0000000100000000)
  region size 1024K, 19 young (19456K), 19 survivors (19456K)
 Metaspace       used 137783K, committed 138816K, reserved 1171456K
  class space    used 19910K, committed 20416K, reserved 1048576K
}
Event: 108.224 GC heap before
{Heap before GC invocations=76 (full 0):
 garbage-first heap   total 600064K, used 567673K [0x0000000080000000, 0x0000000100000000)
  region size 1024K, 263 young (269312K), 19 survivors (19456K)
 Metaspace       used 144756K, committed 145792K, reserved 1179648K
  class space    used 20576K, committed 21056K, reserved 1048576K
}
Event: 108.248 GC heap after
{Heap after GC invocations=77 (full 0):
 garbage-first heap   total 627712K, used 278572K [0x0000000080000000, 0x0000000100000000)
  region size 1024K, 36 young (36864K), 36 survivors (36864K)
 Metaspace       used 144756K, committed 145792K, reserved 1179648K
  class space    used 20576K, committed 21056K, reserved 1048576K
}
Event: 108.277 GC heap before
{Heap before GC invocations=77 (full 0):
 garbage-first heap   total 627712K, used 280620K [0x0000000080000000, 0x0000000100000000)
  region size 1024K, 38 young (38912K), 36 survivors (36864K)
 Metaspace       used 144758K, committed 145792K, reserved 1179648K
  class space    used 20576K, committed 21056K, reserved 1048576K
}
Event: 108.288 GC heap after
{Heap after GC invocations=78 (full 0):
 garbage-first heap   total 627712K, used 264897K [0x0000000080000000, 0x0000000100000000)
  region size 1024K, 3 young (3072K), 3 survivors (3072K)
 Metaspace       used 144758K, committed 145792K, reserved 1179648K
  class space    used 20576K, committed 21056K, reserved 1048576K
}
Event: 111.435 GC heap before
{Heap before GC invocations=78 (full 0):
 garbage-first heap   total 627712K, used 504513K [0x0000000080000000, 0x0000000100000000)
  region size 1024K, 238 young (243712K), 3 survivors (3072K)
 Metaspace       used 144949K, committed 145920K, reserved 1179648K
  class space    used 20580K, committed 21056K, reserved 1048576K
}
Event: 111.439 GC heap after
{Heap after GC invocations=79 (full 0):
 garbage-first heap   total 627712K, used 268830K [0x0000000080000000, 0x0000000100000000)
  region size 1024K, 7 young (7168K), 7 survivors (7168K)
 Metaspace       used 144949K, committed 145920K, reserved 1179648K
  class space    used 20580K, committed 21056K, reserved 1048576K
}
Event: 140.649 GC heap before
{Heap before GC invocations=80 (full 0):
 garbage-first heap   total 627712K, used 570910K [0x0000000080000000, 0x0000000100000000)
  region size 1024K, 245 young (250880K), 7 survivors (7168K)
 Metaspace       used 145517K, committed 146560K, reserved 1179648K
  class space    used 20613K, committed 21120K, reserved 1048576K
}
Event: 140.659 GC heap after
{Heap after GC invocations=81 (full 0):
 garbage-first heap   total 627712K, used 270740K [0x0000000080000000, 0x0000000100000000)
  region size 1024K, 29 young (29696K), 29 survivors (29696K)
 Metaspace       used 145517K, committed 146560K, reserved 1179648K
  class space    used 20613K, committed 21120K, reserved 1048576K
}
Event: 140.661 GC heap before
{Heap before GC invocations=81 (full 0):
 garbage-first heap   total 627712K, used 271764K [0x0000000080000000, 0x0000000100000000)
  region size 1024K, 30 young (30720K), 29 survivors (29696K)
 Metaspace       used 145517K, committed 146560K, reserved 1179648K
  class space    used 20613K, committed 21120K, reserved 1048576K
}
Event: 140.674 GC heap after
{Heap after GC invocations=82 (full 0):
 garbage-first heap   total 627712K, used 222083K [0x0000000080000000, 0x0000000100000000)
  region size 1024K, 3 young (3072K), 3 survivors (3072K)
 Metaspace       used 145517K, committed 146560K, reserved 1179648K
  class space    used 20613K, committed 21120K, reserved 1048576K
}
Event: 140.740 GC heap before
{Heap before GC invocations=82 (full 0):
 garbage-first heap   total 627712K, used 249731K [0x0000000080000000, 0x0000000100000000)
  region size 1024K, 30 young (30720K), 3 survivors (3072K)
 Metaspace       used 145517K, committed 146560K, reserved 1179648K
  class space    used 20613K, committed 21120K, reserved 1048576K
}
Event: 140.746 GC heap after
{Heap after GC invocations=83 (full 0):
 garbage-first heap   total 627712K, used 231424K [0x0000000080000000, 0x0000000100000000)
  region size 1024K, 4 young (4096K), 4 survivors (4096K)
 Metaspace       used 145517K, committed 146560K, reserved 1179648K
  class space    used 20613K, committed 21120K, reserved 1048576K
}
Event: 143.274 GC heap before
{Heap before GC invocations=83 (full 0):
 garbage-first heap   total 627712K, used 495616K [0x0000000080000000, 0x0000000100000000)
  region size 1024K, 263 young (269312K), 4 survivors (4096K)
 Metaspace       used 145680K, committed 146752K, reserved 1179648K
  class space    used 20627K, committed 21120K, reserved 1048576K
}

Dll operation events (2 events):
Event: 0.005 Loaded shared library D:\Android\Android Studio\jbr\bin\java.dll
Event: 0.229 Loaded shared library D:\Android\Android Studio\jbr\bin\verify.dll

Deoptimization events (20 events):
Event: 143.260 Thread 0x000002b9ef281630 DEOPT PACKING pc=0x000002b9d4a629bd sp=0x000000c5eeefd6c0
Event: 143.260 Thread 0x000002b9ef281630 DEOPT UNPACKING pc=0x000002b9da2b7143 sp=0x000000c5eeefcd20 mode 0
Event: 143.261 Thread 0x000002b9ef281630 DEOPT PACKING pc=0x000002b9d4a629bd sp=0x000000c5eeefd6c0
Event: 143.261 Thread 0x000002b9ef281630 DEOPT UNPACKING pc=0x000002b9da2b7143 sp=0x000000c5eeefcd20 mode 0
Event: 143.261 Thread 0x000002b9ef281630 DEOPT PACKING pc=0x000002b9d4a629bd sp=0x000000c5eeefd6c0
Event: 143.261 Thread 0x000002b9ef281630 DEOPT UNPACKING pc=0x000002b9da2b7143 sp=0x000000c5eeefcd20 mode 0
Event: 143.262 Thread 0x000002b9ef281630 DEOPT PACKING pc=0x000002b9d4a629bd sp=0x000000c5eeefd6c0
Event: 143.262 Thread 0x000002b9ef281630 DEOPT UNPACKING pc=0x000002b9da2b7143 sp=0x000000c5eeefcd20 mode 0
Event: 143.262 Thread 0x000002b9ef281630 DEOPT PACKING pc=0x000002b9d4a629bd sp=0x000000c5eeefd6c0
Event: 143.262 Thread 0x000002b9ef281630 DEOPT UNPACKING pc=0x000002b9da2b7143 sp=0x000000c5eeefcd20 mode 0
Event: 143.262 Thread 0x000002b9ef281630 DEOPT PACKING pc=0x000002b9d4a629bd sp=0x000000c5eeefd6c0
Event: 143.262 Thread 0x000002b9ef281630 DEOPT UNPACKING pc=0x000002b9da2b7143 sp=0x000000c5eeefcd20 mode 0
Event: 143.263 Thread 0x000002b9ef281630 DEOPT PACKING pc=0x000002b9d4a629bd sp=0x000000c5eeefd6c0
Event: 143.263 Thread 0x000002b9ef281630 DEOPT UNPACKING pc=0x000002b9da2b7143 sp=0x000000c5eeefcd20 mode 0
Event: 143.264 Thread 0x000002b9ef281630 DEOPT PACKING pc=0x000002b9d4a629bd sp=0x000000c5eeefd6c0
Event: 143.264 Thread 0x000002b9ef281630 DEOPT UNPACKING pc=0x000002b9da2b7143 sp=0x000000c5eeefcd20 mode 0
Event: 143.264 Thread 0x000002b9ef281630 DEOPT PACKING pc=0x000002b9d4a629bd sp=0x000000c5eeefd6c0
Event: 143.264 Thread 0x000002b9ef281630 DEOPT UNPACKING pc=0x000002b9da2b7143 sp=0x000000c5eeefcd20 mode 0
Event: 143.271 Thread 0x000002b9ef281630 DEOPT PACKING pc=0x000002b9d4ee7841 sp=0x000000c5eeefcd10
Event: 143.271 Thread 0x000002b9ef281630 DEOPT UNPACKING pc=0x000002b9da2b7143 sp=0x000000c5eeefc300 mode 0

Classes unloaded (20 events):
Event: 20.996 Thread 0x000002b9eac40630 Unloading class 0x0000000100fe8800 'java/lang/invoke/LambdaForm$DMH+0x0000000100fe8800'
Event: 20.996 Thread 0x000002b9eac40630 Unloading class 0x0000000100fe8400 'java/lang/invoke/LambdaForm$DMH+0x0000000100fe8400'
Event: 20.996 Thread 0x000002b9eac40630 Unloading class 0x0000000100fd4400 'java/lang/invoke/LambdaForm$DMH+0x0000000100fd4400'
Event: 20.996 Thread 0x000002b9eac40630 Unloading class 0x0000000100fd4c00 'java/lang/invoke/LambdaForm$DMH+0x0000000100fd4c00'
Event: 20.996 Thread 0x000002b9eac40630 Unloading class 0x0000000100fd4800 'java/lang/invoke/LambdaForm$DMH+0x0000000100fd4800'
Event: 20.996 Thread 0x000002b9eac40630 Unloading class 0x0000000100defc00 'java/lang/invoke/LambdaForm$DMH+0x0000000100defc00'
Event: 20.996 Thread 0x000002b9eac40630 Unloading class 0x0000000100def800 'java/lang/invoke/LambdaForm$DMH+0x0000000100def800'
Event: 20.996 Thread 0x000002b9eac40630 Unloading class 0x0000000100def400 'java/lang/invoke/LambdaForm$DMH+0x0000000100def400'
Event: 20.996 Thread 0x000002b9eac40630 Unloading class 0x0000000100deec00 'java/lang/invoke/LambdaForm$DMH+0x0000000100deec00'
Event: 20.996 Thread 0x000002b9eac40630 Unloading class 0x0000000100def000 'java/lang/invoke/LambdaForm$DMH+0x0000000100def000'
Event: 20.996 Thread 0x000002b9eac40630 Unloading class 0x0000000100dee800 'java/lang/invoke/LambdaForm$DMH+0x0000000100dee800'
Event: 20.996 Thread 0x000002b9eac40630 Unloading class 0x0000000100dee400 'java/lang/invoke/LambdaForm$DMH+0x0000000100dee400'
Event: 20.996 Thread 0x000002b9eac40630 Unloading class 0x0000000100dedc00 'java/lang/invoke/LambdaForm$DMH+0x0000000100dedc00'
Event: 20.996 Thread 0x000002b9eac40630 Unloading class 0x0000000100dee000 'java/lang/invoke/LambdaForm$DMH+0x0000000100dee000'
Event: 20.996 Thread 0x000002b9eac40630 Unloading class 0x0000000100decc00 'java/lang/invoke/LambdaForm$DMH+0x0000000100decc00'
Event: 20.996 Thread 0x000002b9eac40630 Unloading class 0x0000000100ded000 'java/lang/invoke/LambdaForm$DMH+0x0000000100ded000'
Event: 20.996 Thread 0x000002b9eac40630 Unloading class 0x0000000100dec800 'java/lang/invoke/LambdaForm$DMH+0x0000000100dec800'
Event: 20.996 Thread 0x000002b9eac40630 Unloading class 0x0000000100ded400 'java/lang/invoke/LambdaForm$DMH+0x0000000100ded400'
Event: 20.996 Thread 0x000002b9eac40630 Unloading class 0x0000000100ded800 'java/lang/invoke/LambdaForm$DMH+0x0000000100ded800'
Event: 20.996 Thread 0x000002b9eac40630 Unloading class 0x0000000100dec000 'java/lang/invoke/LambdaForm$DMH+0x0000000100dec000'

Classes redefined (0 events):
No events

Internal exceptions (20 events):
Event: 143.037 Thread 0x000002b9f40b5550 Exception <a 'sun/nio/fs/WindowsException'{0x00000000a022e0b8}> (0x00000000a022e0b8) 
thrown [s\src\hotspot\share\prims\jni.cpp, line 517]
Event: 143.037 Thread 0x000002b9f40b5550 Exception <a 'sun/nio/fs/WindowsException'{0x00000000a022f9d8}> (0x00000000a022f9d8) 
thrown [s\src\hotspot\share\prims\jni.cpp, line 517]
Event: 143.037 Thread 0x000002b9f40b5550 Exception <a 'sun/nio/fs/WindowsException'{0x00000000a02310c0}> (0x00000000a02310c0) 
thrown [s\src\hotspot\share\prims\jni.cpp, line 517]
Event: 143.037 Thread 0x000002b9f40b5550 Exception <a 'sun/nio/fs/WindowsException'{0x00000000a0232a50}> (0x00000000a0232a50) 
thrown [s\src\hotspot\share\prims\jni.cpp, line 517]
Event: 143.037 Thread 0x000002b9f40b5550 Exception <a 'sun/nio/fs/WindowsException'{0x00000000a0234370}> (0x00000000a0234370) 
thrown [s\src\hotspot\share\prims\jni.cpp, line 517]
Event: 143.037 Thread 0x000002b9f40b5550 Exception <a 'sun/nio/fs/WindowsException'{0x00000000a0235748}> (0x00000000a0235748) 
thrown [s\src\hotspot\share\prims\jni.cpp, line 517]
Event: 143.046 Thread 0x000002b9ef27f480 Exception <a 'sun/nio/fs/WindowsException'{0x000000009d3b9820}> (0x000000009d3b9820) 
thrown [s\src\hotspot\share\prims\jni.cpp, line 517]
Event: 143.046 Thread 0x000002b9ef27eae0 Exception <a 'sun/nio/fs/WindowsException'{0x000000009d2ebb00}> (0x000000009d2ebb00) 
thrown [s\src\hotspot\share\prims\jni.cpp, line 517]
Event: 143.047 Thread 0x000002b9ef587220 Exception <a 'sun/nio/fs/WindowsException'{0x000000009d17f710}> (0x000000009d17f710) 
thrown [s\src\hotspot\share\prims\jni.cpp, line 517]
Event: 143.047 Thread 0x000002b9ef27e140 Exception <a 'sun/nio/fs/WindowsException'{0x000000009cf0f340}> (0x000000009cf0f340) 
thrown [s\src\hotspot\share\prims\jni.cpp, line 517]
Event: 143.062 Thread 0x000002b9ef27f480 Exception <a 'sun/nio/fs/WindowsException'{0x000000009c28a8f8}> (0x000000009c28a8f8) 
thrown [s\src\hotspot\share\prims\jni.cpp, line 517]
Event: 143.072 Thread 0x000002b9ef27eae0 Exception <a 'sun/nio/fs/WindowsException'{0x000000009b24d130}> (0x000000009b24d130) 
thrown [s\src\hotspot\share\prims\jni.cpp, line 517]
Event: 143.073 Thread 0x000002b9ef27eae0 Exception <a 'sun/nio/fs/WindowsException'{0x000000009b1b2898}> (0x000000009b1b2898) 
thrown [s\src\hotspot\share\prims\jni.cpp, line 517]
Event: 143.086 Thread 0x000002b9ef27e140 Exception <a 'sun/nio/fs/WindowsException'{0x000000009a2022d8}> (0x000000009a2022d8) 
thrown [s\src\hotspot\share\prims\jni.cpp, line 517]
Event: 143.086 Thread 0x000002b9ef27e140 Exception <a 'sun/nio/fs/WindowsException'{0x000000009a209c60}> (0x000000009a209c60) 
thrown [s\src\hotspot\share\prims\jni.cpp, line 517]
Event: 143.162 Thread 0x000002b9ef587220 Exception <a 'sun/nio/fs/WindowsException'{0x0000000097efe0f8}> (0x0000000097efe0f8) 
thrown [s\src\hotspot\share\prims\jni.cpp, line 517]
Event: 143.163 Thread 0x000002b9ef587220 Exception <a 'sun/nio/fs/WindowsException'{0x0000000097d48130}> (0x0000000097d48130) 
thrown [s\src\hotspot\share\prims\jni.cpp, line 517]
Event: 143.241 Thread 0x000002b9ef2802f0 Exception <a 'sun/nio/fs/WindowsException'{0x0000000096ac27b0}> (0x0000000096ac27b0) 
thrown [s\src\hotspot\share\prims\jni.cpp, line 517]
Event: 143.241 Thread 0x000002b9ef2802f0 Exception <a 'sun/nio/fs/WindowsException'{0x0000000096ac29c0}> (0x0000000096ac29c0) 
thrown [s\src\hotspot\share\prims\jni.cpp, line 517]
Event: 143.252 Thread 0x000002b9ef281630 Exception <a 'sun/nio/fs/WindowsException'{0x000000009682dca8}> (0x000000009682dca8) 
thrown [s\src\hotspot\share\prims\jni.cpp, line 517]

VM Operations (20 events):
Event: 112.708 Executing VM operation: Cleanup done
Event: 121.714 Executing VM operation: Cleanup
Event: 121.714 Executing VM operation: Cleanup done
Event: 140.191 Executing VM operation: ICBufferFull
Event: 140.192 Executing VM operation: ICBufferFull done
Event: 140.476 Executing VM operation: ICBufferFull
Event: 140.476 Executing VM operation: ICBufferFull done
Event: 140.648 Executing VM operation: G1CollectForAllocation
Event: 140.659 Executing VM operation: G1CollectForAllocation done
Event: 140.661 Executing VM operation: G1CollectForAllocation
Event: 140.674 Executing VM operation: G1CollectForAllocation done
Event: 140.740 Executing VM operation: G1CollectForAllocation
Event: 140.746 Executing VM operation: G1CollectForAllocation done
Event: 141.747 Executing VM operation: Cleanup
Event: 141.747 Executing VM operation: Cleanup done
Event: 142.747 Executing VM operation: Cleanup
Event: 142.747 Executing VM operation: Cleanup done
Event: 143.116 Executing VM operation: ICBufferFull
Event: 143.116 Executing VM operation: ICBufferFull done
Event: 143.274 Executing VM operation: G1CollectForAllocation

Events (20 events):
Event: 142.969 Thread 0x000002b9f96ddde0 Thread added: 0x000002b9f96ddde0
Event: 142.969 Thread 0x000002b9f96e0930 Thread added: 0x000002b9f96e0930
Event: 142.969 Thread 0x000002b9f96de2b0 Thread added: 0x000002b9f96de2b0
Event: 142.969 Thread 0x000002b9f96dec50 Thread added: 0x000002b9f96dec50
Event: 142.969 Thread 0x000002b9f96dd910 Thread added: 0x000002b9f96dd910
Event: 143.038 Thread 0x000002b9ef587220 Thread added: 0x000002b9ef587220
Event: 143.038 Thread 0x000002b9ef27eae0 Thread added: 0x000002b9ef27eae0
Event: 143.038 Thread 0x000002b9ef27e140 Thread added: 0x000002b9ef27e140
Event: 143.039 Thread 0x000002b9ef27efb0 Thread added: 0x000002b9ef27efb0
Event: 143.039 Thread 0x000002b9ef27f480 Thread added: 0x000002b9ef27f480
Event: 143.039 Thread 0x000002b9ef280c90 Thread added: 0x000002b9ef280c90
Event: 143.039 Thread 0x000002b9ef27f950 Thread added: 0x000002b9ef27f950
Event: 143.039 Thread 0x000002b9ef281b00 Thread added: 0x000002b9ef281b00
Event: 143.039 Thread 0x000002b9ef27fe20 Thread added: 0x000002b9ef27fe20
Event: 143.040 Thread 0x000002b9ef281630 Thread added: 0x000002b9ef281630
Event: 143.040 Thread 0x000002b9ef2802f0 Thread added: 0x000002b9ef2802f0
Event: 143.040 Thread 0x000002b9ef27e610 Thread added: 0x000002b9ef27e610
Event: 143.041 Thread 0x000002b9ef2807c0 Thread added: 0x000002b9ef2807c0
Event: 143.041 Thread 0x000002b9ef411ed0 Thread added: 0x000002b9ef411ed0
Event: 143.041 Thread 0x000002b9ef4123a0 Thread added: 0x000002b9ef4123a0


Dynamic libraries:
0x00007ff6381b0000 - 0x00007ff6381ba000 	D:\Android\Android Studio\jbr\bin\java.exe
0x00007ffa51450000 - 0x00007ffa51667000 	C:\WINDOWS\SYSTEM32\ntdll.dll
0x00007ffa4f760000 - 0x00007ffa4f824000 	C:\WINDOWS\System32\KERNEL32.DLL
0x00007ffa4ea70000 - 0x00007ffa4ee17000 	C:\WINDOWS\System32\KERNELBASE.dll
0x00007ffa4f030000 - 0x00007ffa4f141000 	C:\WINDOWS\System32\ucrtbase.dll
0x00007ffa31bc0000 - 0x00007ffa31bd7000 	D:\Android\Android Studio\jbr\bin\jli.dll
0x00007ffa1dc00000 - 0x00007ffa1dc1b000 	D:\Android\Android Studio\jbr\bin\VCRUNTIME140.dll
0x00007ffa50010000 - 0x00007ffa501be000 	C:\WINDOWS\System32\USER32.dll
0x00007ffa4e9d0000 - 0x00007ffa4e9f6000 	C:\WINDOWS\System32\win32u.dll
0x00007ffa4ffe0000 - 0x00007ffa50009000 	C:\WINDOWS\System32\GDI32.dll
0x00007ffa3d2f0000 - 0x00007ffa3d583000 	C:\WINDOWS\WinSxS\amd64_microsoft.windows.common-controls_6595b64144ccf1df_6.0.22621.3527_none_270e469b73872a76\COMCTL32.dll
0x00007ffa4e770000 - 0x00007ffa4e889000 	C:\WINDOWS\System32\gdi32full.dll
0x00007ffa4ee20000 - 0x00007ffa4eeba000 	C:\WINDOWS\System32\msvcp_win.dll
0x00007ffa4f480000 - 0x00007ffa4f527000 	C:\WINDOWS\System32\msvcrt.dll
0x00007ffa4f720000 - 0x00007ffa4f751000 	C:\WINDOWS\System32\IMM32.DLL
0x00007ffa2e330000 - 0x00007ffa2e33c000 	D:\Android\Android Studio\jbr\bin\vcruntime140_1.dll
0x00007ff9fdd60000 - 0x00007ff9fdded000 	D:\Android\Android Studio\jbr\bin\msvcp140.dll
0x00007ff9a7e40000 - 0x00007ff9a8aae000 	D:\Android\Android Studio\jbr\bin\server\jvm.dll
0x00007ffa50e40000 - 0x00007ffa50ef2000 	C:\WINDOWS\System32\ADVAPI32.dll
0x00007ffa4fb60000 - 0x00007ffa4fc08000 	C:\WINDOWS\System32\sechost.dll
0x00007ffa4f150000 - 0x00007ffa4f178000 	C:\WINDOWS\System32\bcrypt.dll
0x00007ffa4f970000 - 0x00007ffa4fa85000 	C:\WINDOWS\System32\RPCRT4.dll
0x00007ffa47be0000 - 0x00007ffa47c14000 	C:\WINDOWS\SYSTEM32\WINMM.dll
0x00007ffa49d20000 - 0x00007ffa49d29000 	C:\WINDOWS\SYSTEM32\WSOCK32.dll
0x00007ffa47320000 - 0x00007ffa4732a000 	C:\WINDOWS\SYSTEM32\VERSION.dll
0x00007ffa4ff60000 - 0x00007ffa4ffd1000 	C:\WINDOWS\System32\WS2_32.dll
0x00007ffa4d790000 - 0x00007ffa4d7a8000 	C:\WINDOWS\SYSTEM32\kernel.appcore.dll
0x00007ffa49cb0000 - 0x00007ffa49cba000 	D:\Android\Android Studio\jbr\bin\jimage.dll
0x00007ffa464b0000 - 0x00007ffa466e2000 	C:\WINDOWS\SYSTEM32\DBGHELP.DLL
0x00007ffa50250000 - 0x00007ffa505d8000 	C:\WINDOWS\System32\combase.dll
0x00007ffa4f890000 - 0x00007ffa4f967000 	C:\WINDOWS\System32\OLEAUT32.dll
0x00007ffa3af90000 - 0x00007ffa3afc2000 	C:\WINDOWS\SYSTEM32\dbgcore.DLL
0x00007ffa4e890000 - 0x00007ffa4e909000 	C:\WINDOWS\System32\bcryptPrimitives.dll
0x00007ffa18c70000 - 0x00007ffa18c95000 	D:\Android\Android Studio\jbr\bin\java.dll
0x00007ffa3af70000 - 0x00007ffa3af88000 	D:\Android\Android Studio\jbr\bin\zip.dll
0x00007ffa505e0000 - 0x00007ffa50e3c000 	C:\WINDOWS\System32\SHELL32.dll
0x00007ffa4c6b0000 - 0x00007ffa4cfa6000 	C:\WINDOWS\SYSTEM32\windows.storage.dll
0x00007ffa4c570000 - 0x00007ffa4c6ae000 	C:\WINDOWS\SYSTEM32\wintypes.dll
0x00007ffa4f180000 - 0x00007ffa4f275000 	C:\WINDOWS\System32\SHCORE.dll
0x00007ffa4fb00000 - 0x00007ffa4fb5e000 	C:\WINDOWS\System32\shlwapi.dll
0x00007ffa4e6a0000 - 0x00007ffa4e6c1000 	C:\WINDOWS\SYSTEM32\profapi.dll
0x00007ffa3adf0000 - 0x00007ffa3ae09000 	D:\Android\Android Studio\jbr\bin\net.dll
0x00007ffa48f20000 - 0x00007ffa49056000 	C:\WINDOWS\SYSTEM32\WINHTTP.dll
0x00007ffa4dc00000 - 0x00007ffa4dc69000 	C:\WINDOWS\system32\mswsock.dll
0x00007ffa379a0000 - 0x00007ffa379b6000 	D:\Android\Android Studio\jbr\bin\nio.dll
0x00007ffa491c0000 - 0x00007ffa491d0000 	D:\Android\Android Studio\jbr\bin\verify.dll
0x00007ffa16070000 - 0x00007ffa16097000 	C:\Users\liubov\.gradle\native\68d5fa5c4cc2d200863cafc0d521ce42e7d3e7ee720ec0a83991735586a16f82\windows-amd64\native-platform.dll
0x00007ffa067e0000 - 0x00007ffa06924000 	C:\Users\liubov\.gradle\native\e376f236ea51e6404a007f0833ffe2c6e607c4080706a723a18a27aeea778392\windows-amd64\native-platform-file-events.dll
0x00007ffa3e2d0000 - 0x00007ffa3e2d9000 	D:\Android\Android Studio\jbr\bin\management.dll
0x00007ffa3d9b0000 - 0x00007ffa3d9bb000 	D:\Android\Android Studio\jbr\bin\management_ext.dll
0x00007ffa50f80000 - 0x00007ffa50f88000 	C:\WINDOWS\System32\PSAPI.DLL
0x00007ffa4de60000 - 0x00007ffa4de7b000 	C:\WINDOWS\SYSTEM32\CRYPTSP.dll
0x00007ffa4d6f0000 - 0x00007ffa4d725000 	C:\WINDOWS\system32\rsaenh.dll
0x00007ffa4dd00000 - 0x00007ffa4dd28000 	C:\WINDOWS\SYSTEM32\USERENV.dll
0x00007ffa4de80000 - 0x00007ffa4de8c000 	C:\WINDOWS\SYSTEM32\CRYPTBASE.dll
0x00007ffa4d210000 - 0x00007ffa4d23d000 	C:\WINDOWS\SYSTEM32\IPHLPAPI.DLL
0x00007ffa4fd90000 - 0x00007ffa4fd99000 	C:\WINDOWS\System32\NSI.dll
0x00007ffa489a0000 - 0x00007ffa489b9000 	C:\WINDOWS\SYSTEM32\dhcpcsvc6.DLL
0x00007ffa48590000 - 0x00007ffa485af000 	C:\WINDOWS\SYSTEM32\dhcpcsvc.DLL
0x00007ffa4d240000 - 0x00007ffa4d338000 	C:\WINDOWS\SYSTEM32\DNSAPI.dll
0x00007ffa381d0000 - 0x00007ffa381d8000 	C:\WINDOWS\system32\wshunix.dll
0x00007ffa49c80000 - 0x00007ffa49c97000 	C:\WINDOWS\system32\napinsp.dll
0x00007ffa49b70000 - 0x00007ffa49b8b000 	C:\WINDOWS\system32\pnrpnsp.dll
0x00007ffa47c30000 - 0x00007ffa47c41000 	C:\WINDOWS\System32\winrnr.dll
0x00007ffa2f830000 - 0x00007ffa2f845000 	C:\WINDOWS\system32\wshbth.dll
0x00007ffa3d970000 - 0x00007ffa3d997000 	C:\WINDOWS\system32\nlansp_c.dll
0x00007ffa47740000 - 0x00007ffa4774a000 	C:\Windows\System32\rasadhlp.dll
0x00007ffa47880000 - 0x00007ffa47903000 	C:\WINDOWS\System32\fwpuclnt.dll
0x00007ffa31df0000 - 0x00007ffa31df7000 	D:\Android\Android Studio\jbr\bin\rmi.dll

dbghelp: loaded successfully - version: 4.0.5 - missing functions: none
symbol engine: initialized successfully - sym options: 0x614 - pdb path: .;D:\Android\Android Studio\jbr\bin;C:\WINDOWS\SYSTEM32;C:\WINDOWS\WinSxS\amd64_microsoft.windows.common-controls_6595b64144ccf1df_6.0.22621.3527_none_270e469b73872a76;D:\Android\Android Studio\jbr\bin\server;C:\Users\liubov\.gradle\native\68d5fa5c4cc2d200863cafc0d521ce42e7d3e7ee720ec0a83991735586a16f82\windows-amd64;C:\Users\liubov\.gradle\native\e376f236ea51e6404a007f0833ffe2c6e607c4080706a723a18a27aeea778392\windows-amd64

VM Arguments:
jvm_args: --add-opens=java.base/java.util=ALL-UNNAMED --add-opens=java.base/java.lang=ALL-UNNAMED --add-opens=java.base/java.lang.invoke=ALL-UNNAMED --add-opens=java.prefs/java.util.prefs=ALL-UNNAMED --add-opens=java.base/java.nio.charset=ALL-UNNAMED --add-opens=java.base/java.net=ALL-UNNAMED --add-opens=java.base/java.util.concurrent.atomic=ALL-UNNAMED -Xmx2048m -Dfile.encoding=UTF-8 -Duser.country=UA -Duser.language=uk -Duser.variant 
java_command: org.gradle.launcher.daemon.bootstrap.GradleDaemon 8.0
java_class_path (initial): C:\Users\liubov\.gradle\wrapper\dists\gradle-8.0-bin\ca5e32bp14vu59qr306oxotwh\gradle-8.0\lib\gradle-launcher-8.0.jar
Launcher Type: SUN_STANDARD

[Global flags]
     intx CICompilerCount                          = 12                                        {product} {ergonomic}
     uint ConcGCThreads                            = 3                                         {product} {ergonomic}
     uint G1ConcRefinementThreads                  = 13                                        {product} {ergonomic}
   size_t G1HeapRegionSize                         = 1048576                                   {product} {ergonomic}
    uintx GCDrainStackTargetSize                   = 64                                        {product} {ergonomic}
   size_t InitialHeapSize                          = 255852544                                 {product} {ergonomic}
   size_t MarkStackSize                            = 4194304                                   {product} {ergonomic}
   size_t MaxHeapSize                              = 2147483648                                {product} {command line}
   size_t MaxNewSize                               = 1287651328                                {product} {ergonomic}
   size_t MinHeapDeltaBytes                        = 1048576                                   {product} {ergonomic}
   size_t MinHeapSize                              = 8388608                                   {product} {ergonomic}
    uintx NonNMethodCodeHeapSize                   = 7602480                                {pd product} {ergonomic}
    uintx NonProfiledCodeHeapSize                  = 122027880                              {pd product} {ergonomic}
    uintx ProfiledCodeHeapSize                     = 122027880                              {pd product} {ergonomic}
    uintx ReservedCodeCacheSize                    = 251658240                              {pd product} {ergonomic}
     bool SegmentedCodeCache                       = true                                      {product} {ergonomic}
   size_t SoftMaxHeapSize                          = 2147483648                             {manageable} {ergonomic}
     bool UseCompressedClassPointers               = true                           {product lp64_product} {ergonomic}
     bool UseCompressedOops                        = true                           {product lp64_product} {ergonomic}
     bool UseG1GC                                  = true                                      {product} {ergonomic}
     bool UseLargePagesIndividualAllocation        = false                                  {pd product} {ergonomic}

Logging:
Log output configuration:
 #0: stdout all=warning uptime,level,tags
 #1: stderr all=off uptime,level,tags

Environment Variables:
PATH=D:\VMware\bin\;C:\Program Files\NVIDIA GPU Computing Toolkit\CUDA\v12.4\bin;C:\Program Files\NVIDIA GPU Computing Toolkit\CUDA\v12.4\libnvvp;C:\Program Files\Common Files\Oracle\Java\javapath;C:\WINDOWS\system32;C:\WINDOWS;C:\WINDOWS\System32\Wbem;C:\WINDOWS\System32\WindowsPowerShell\v1.0\;C:\WINDOWS\System32\OpenSSH\;C:\Program Files (x86)\NVIDIA Corporation\PhysX\Common;C:\Program Files\NVIDIA Corporation\NVIDIA NvDLISR;C:\Program Files\Git\cmd;C:\Program Files (x86)\Windows Kits\10\Windows Performance Toolkit\;D:\nodejs\;D:\opencv\opencv\build\x64\vc16\bin\;C:\Program Files\Amazon\AWSCLIV2\;C:\Program Files\NVIDIA Corporation\Nsight Compute 2024.1.0\;C:\Program Files\NVIDIA GPU Computing Toolkit\CUDA\v12.4\bin\\..\extras\CUPTI\lib64;C:\Program Files\Microsoft SDKs\Azure\CLI2\wbin;C:\Program Files\NVIDIA GPU Computing Toolkit\CUDA\v12.4\bin;C:\Program Files\NVIDIA GPU Computing Toolkit\CUDA\v12.4\libnvvp;C:\Program Files\Common Files\Oracle\Java\javapath;C:\WINDOWS\system32;C:\WINDOWS;C:\WINDOWS\System32\Wbem;C:\WINDOWS\System32\WindowsPowerShell\v1.0\;C:\WINDOWS\System32\OpenSSH\;C:\Program Files (x86)\NVIDIA Corporation\PhysX\Common;C:\Program Files\NVIDIA Corporation\NVIDIA NvDLISR;C:\Program Files\Git\cmd;C:\Program Files (x86)\Windows Kits\10\Windows Performance Toolkit\;D:\nodejs\;D:\opencv\opencv\build\x64\vc16\bin\;C:\Program Files\Amazon\AWSCLIV2\;C:\Program Files\NVIDIA Corporation\Nsight Compute 2024.1.0\;C:\Program Files\NVIDIA GPU Computing Toolkit\CUDA\v12.4\bin\\..\extras\CUPTI\lib64;C:\Program Files\NVIDIA GPU Computing Toolkit\CUDA\v12.4\bin;C:\Program Files\NVIDIA GPU Computing Toolkit\CUDA\v12.4\libnvvp;C:\Program Files\Common Files\Orac;D:\Microsoft\Microsoft VS Code\bin
USERNAME=liubov
OS=Windows_NT
PROCESSOR_IDENTIFIER=AMD64 Family 25 Model 68 Stepping 1, AuthenticAMD
TMP=C:\Users\liubov\AppData\Local\Temp
TEMP=C:\Users\liubov\AppData\Local\Temp


JNI global refs:
JNI global refs: 38, weak refs: 64

JNI global refs memory usage: 843, weak refs: 2169


---------------  S Y S T E M  ---------------

OS:
 Windows 11 , 64 bit Build 22621 (10.0.22621.3527)
OS uptime: 3 days 14:02 hours

CPU: total 16 (initial active 16) (16 cores per cpu, 2 threads per core) family 25 model 68 stepping 1 microcode 0x0, cx8, cmov, fxsr, ht, mmx, 3dnowpref, sse, sse2, sse3, ssse3, sse4a, sse4.1, sse4.2, popcnt, lzcnt, tsc, tscinvbit, avx, avx2, aes, erms, clmul, bmi1, bmi2, adx, sha, fma, vzeroupper, clflush, clflushopt

Memory: 4k page, system-wide physical 15557M (462M free)
TotalPageFile size 32097M (AvailPageFile size 204M)
current process WorkingSet (physical memory assigned to process): 960M, peak: 1018M
current process commit charge ("private bytes"): 1075M, peak: 1652M

vm_info: OpenJDK 64-Bit Server VM (17.0.6+0-b2043.56-10027231) for windows-amd64 JRE (17.0.6+0-b2043.56-10027231), built on Apr 28 2023 00:43:19 by "androidbuild" with MS VC++ 16.10 / 16.11 (VS2019)

END.
