#
# There is insufficient memory for the Java Runtime Environment to continue.
# Native memory allocation (mmap) failed to map 585105408 bytes for G1 virtual space
# Possible reasons:
#   The system is out of physical RAM or swap space
#   The process is running with CompressedOops enabled, and the Java Heap may be blocking the growth of the native heap
# Possible solutions:
#   Reduce memory load on the system
#   Increase physical memory or swap space
#   Check if swap backing store is full
#   Decrease Java heap size (-Xmx/-Xms)
#   Decrease number of Java threads
#   Decrease Java thread stack sizes (-Xss)
#   Set larger code cache with -XX:ReservedCodeCacheSize=
#   JVM is running with Unscaled Compressed Oops mode in which the Java heap is
#     placed in the first 4GB address space. The Java Heap base address is the
#     maximum limit for the native heap growth. Please use -XX:HeapBaseMinAddress
#     to set the Java Heap base and to place the Java Heap above 4GB virtual address.
# This output file may be truncated or incomplete.
#
#  Out of Memory Error (os_windows.cpp:3769), pid=102976, tid=90224
#
# JRE version: OpenJDK Runtime Environment (17.0.6) (build 17.0.6+0-b2043.56-10027231)
# Java VM: OpenJDK 64-Bit Server VM (17.0.6+0-b2043.56-10027231, mixed mode, tiered, compressed oops, compressed class ptrs, g1 gc, windows-amd64)
# No core dump will be written. Minidumps are not enabled by default on client versions of Windows
#

---------------  S U M M A R Y ------------

Command Line: --add-opens=java.base/java.util=ALL-UNNAMED --add-opens=java.base/java.lang=ALL-UNNAMED --add-opens=java.base/java.lang.invoke=ALL-UNNAMED --add-opens=java.prefs/java.util.prefs=ALL-UNNAMED --add-opens=java.base/java.nio.charset=ALL-UNNAMED --add-opens=java.base/java.net=ALL-UNNAMED --add-opens=java.base/java.util.concurrent.atomic=ALL-UNNAMED -Xmx2048m -Dfile.encoding=UTF-8 -Duser.country=UA -Duser.language=uk -Duser.variant org.gradle.launcher.daemon.bootstrap.GradleDaemon 8.0

Host: AMD Ryzen 7 6800H with Radeon Graphics         , 16 cores, 15G,  Windows 11 , 64 bit Build 22621 (10.0.22621.3527)
Time: Sun Jun  9 23:53:04 2024  Windows 11 , 64 bit Build 22621 (10.0.22621.3527) elapsed time: 1754.677910 seconds (0d 0h 29m 14s)

---------------  T H R E A D  ---------------

Current thread (0x000002415bf8ec40):  VMThread "VM Thread" [stack: 0x000000d7f5e00000,0x000000d7f5f00000] [id=90224]

Stack: [0x000000d7f5e00000,0x000000d7f5f00000]
Native frames: (J=compiled Java code, j=interpreted, Vv=VM code, C=native code)
V  [jvm.dll+0x683c9a]
V  [jvm.dll+0x8427a4]
V  [jvm.dll+0x843f9e]
V  [jvm.dll+0x844603]
V  [jvm.dll+0x249b75]
V  [jvm.dll+0x680b69]
V  [jvm.dll+0x67505a]
V  [jvm.dll+0x309acb]
V  [jvm.dll+0x310f86]
V  [jvm.dll+0x3608ee]
V  [jvm.dll+0x360b1f]
V  [jvm.dll+0x2dfbf8]
V  [jvm.dll+0x2ddec4]
V  [jvm.dll+0x2dd4cc]
V  [jvm.dll+0x322261]
V  [jvm.dll+0x848ccb]
V  [jvm.dll+0x849a04]
V  [jvm.dll+0x849f1d]
V  [jvm.dll+0x84a2f4]
V  [jvm.dll+0x84a3c0]
V  [jvm.dll+0x7f274a]
V  [jvm.dll+0x682ad5]
C  [ucrtbase.dll+0x29333]
C  [KERNEL32.DLL+0x1257d]
C  [ntdll.dll+0x5aa48]

VM_Operation (0x000000d7909fc340): G1TryInitiateConcMark, mode: safepoint, requested by thread 0x000002415f53c1f0


---------------  P R O C E S S  ---------------

Threads class SMR info:
_java_thread_list=0x0000024163cd7e50, length=302, elements={
0x0000024141683a80, 0x000002415c863270, 0x000002415c8640e0, 0x000002415c84e6e0,
0x000002415c89c010, 0x000002415c89eae0, 0x000002415c89f490, 0x000002415c8a0170,
0x000002415c8be020, 0x000002415c8c1110, 0x000002415ca7ce70, 0x000002415ca7db50,
0x000002415e4a61b0, 0x000002415f3a0220, 0x000002415f072330, 0x000002415f15e900,
0x000002415f1605e0, 0x000002415f161920, 0x000002415f161df0, 0x000002415f15edd0,
0x000002415f160110, 0x0000024160bd3390, 0x0000024160bd4ba0, 0x0000024160bd11e0,
0x0000024160bd2050, 0x0000024160bd5540, 0x0000024160bd3d30, 0x0000024160bd0d10,
0x0000024166d7dca0, 0x0000024166d7b150, 0x0000024166d79e10, 0x0000024166d7c490,
0x0000024161f945a0, 0x0000024161f928c0, 0x0000024161f90240, 0x0000024161f8f3d0,
0x0000024161f91a50, 0x0000024161f91f20, 0x0000024161f91580, 0x0000024161f93260,
0x000002415d49f630, 0x00000241603807d0, 0x000002416037f960, 0x000002415d4a4330,
0x000002415d4a4800, 0x000002416782a380, 0x000002415f9c8ac0, 0x000002415f9c8f90,
0x000002416888d120, 0x00000241660fb690, 0x00000241660c6c20, 0x000002415fe80e10,
0x0000024168923610, 0x000002415d4a0e40, 0x000002415d03b960, 0x0000024166d64ca0,
0x000002415ddad0c0, 0x0000024165de9440, 0x0000024167b177b0, 0x00000241660c58e0,
0x0000024160adccb0, 0x0000024160adee60, 0x0000024168584ec0, 0x00000241660c75c0,
0x0000024166d647d0, 0x000002416d21c3c0, 0x00000241675c6e30, 0x00000241660c92a0,
0x0000024165dea2b0, 0x000002416d21d230, 0x000002416d21c890, 0x000002416d21cd60,
0x0000024166d62fc0, 0x0000024166d63960, 0x0000024166d65640, 0x0000024166d63e30,
0x0000024166d65fe0, 0x0000024166d64300, 0x0000024166d65170, 0x0000024166d62620,
0x0000024166d65b10, 0x0000024166d62af0, 0x000002415d43db50, 0x000002415d43e4f0,
0x000002415d43fd00, 0x000002415d4406a0, 0x000002415d43f830, 0x000002415d4401d0,
0x000002415d440b70, 0x000002415d43e9c0, 0x000002415d43f360, 0x000002415d43ee90,
0x000002415d441040, 0x000002415fe80470, 0x000002415fe7ffa0, 0x000002415fe812e0,
0x000002415fe80940, 0x0000024166c6aa00, 0x0000024166c6b3a0, 0x0000024166c6da20,
0x0000024166c6def0, 0x0000024166c6a530, 0x0000024166c6aed0, 0x0000024166c6b870,
0x0000024166c6bd40, 0x0000024166c6c210, 0x0000024166c6c6e0, 0x0000024166c6cbb0,
0x0000024166c6d080, 0x0000024166c6d550, 0x000002416489c6d0, 0x000002416489dee0,
0x000002416489e880, 0x000002416489ed50, 0x000002416489d070, 0x000002416489f220,
0x000002416489d540, 0x000002416489e3b0, 0x000002416489c200, 0x000002416489cba0,
0x000002416489fbc0, 0x000002416489da10, 0x000002416489f6f0, 0x0000024162b9ae20,
0x0000024162b9b2f0, 0x0000024162b9bc90, 0x0000024162b9b7c0, 0x0000024162b9c160,
0x0000024164bc8230, 0x0000024164bc8700, 0x0000024164bc73c0, 0x0000024164bc6ef0,
0x000002415d0392e0, 0x000002415d0397b0, 0x000002415d03afc0, 0x000002415d039c80,
0x000002415d03a150, 0x000002415d03b490, 0x000002415d037fa0, 0x00000241675c7300,
0x00000241675c3470, 0x00000241675c3e10, 0x000002416782a850, 0x0000024167829eb0,
0x0000024167829510, 0x00000241675c3940, 0x00000241675c42e0, 0x00000241675c2fa0,
0x00000241675c2600, 0x00000241675c77d0, 0x000002416782ad20, 0x00000241678299e0,
0x000002416888ee00, 0x00000241688888f0, 0x000002416888c780, 0x000002416888cc50,
0x000002416888f2d0, 0x0000024168888dc0, 0x000002416888d5f0, 0x000002416888df90,
0x000002416888e460, 0x000002416888a5d0, 0x0000024168889290, 0x000002416888e930,
0x000002416888f7a0, 0x0000024168889760, 0x000002416888fc70, 0x000002416888b440,
0x000002416888af70, 0x0000024168888420, 0x0000024168889c30, 0x000002416888a100,
0x000002416888aaa0, 0x000002416888b910, 0x000002416888bde0, 0x000002416888c2b0,
0x00000241679beba0, 0x00000241679bf070, 0x00000241679c16f0, 0x00000241679c03b0,
0x00000241679c2090, 0x00000241679c0880, 0x00000241679c0d50, 0x00000241679c1220,
0x00000241679bfee0, 0x00000241679c1bc0, 0x00000241679bfa10, 0x00000241679bf540,
0x00000241679c2560, 0x000002415fa9c8d0, 0x000002415fa9e5b0, 0x000002415fa9c400,
0x000002415fa9ba60, 0x000002415fa9d740, 0x000002415fa9bf30, 0x000002415fa9ea80,
0x000002415fa9dc10, 0x000002415fa9cda0, 0x000002415fa9d270, 0x000002415fa9e0e0,
0x000002415fa9ef50, 0x000002415fa9f420, 0x000002415dc277b0, 0x000002415dc27c80,
0x000002415dc28150, 0x000002415dc28620, 0x000002415dc29490, 0x000002415dc28af0,
0x000002415dc28fc0, 0x000002415dc2a300, 0x000002415dc29960, 0x000002415dc29e30,
0x000002415dc26940, 0x000002415dc26e10, 0x000002415dc272e0, 0x0000024162401fb0,
0x00000241623ff930, 0x0000024162402e20, 0x0000024162401610, 0x0000024162401140,
0x00000241623ffe00, 0x00000241624002d0, 0x0000024162402480, 0x00000241624007a0,
0x00000241623ff460, 0x0000024162400c70, 0x0000024162401ae0, 0x0000024162402950,
0x000002415ce61250, 0x000002415ce61bf0, 0x000002415ce61720, 0x000002415ce5f570,
0x000002415ce620c0, 0x000002415ce62590, 0x000002415ce5fa40, 0x000002415ce62a60,
0x000002415ce5ff10, 0x000002415d4a1310, 0x000002415d49e2f0, 0x000002415d4a17e0,
0x000002415d49f160, 0x000002415d49ffd0, 0x000002415d49e7c0, 0x00000241600f1d50,
0x00000241600f26f0, 0x00000241600f1880, 0x00000241600f2220, 0x00000241600f2bc0,
0x00000241600f3090, 0x000002416daf5d10, 0x000002416daf8860, 0x000002416daf61e0,
0x000002416daf66b0, 0x000002416daf7520, 0x000002416daf5370, 0x000002416daf5840,
0x000002416daf6b80, 0x000002416daf7ec0, 0x000002415ce608b0, 0x0000024168582370,
0x0000024168581500, 0x00000241685819d0, 0x0000024168584520, 0x000002416d21b550,
0x000002416daf8d30, 0x0000024168925c90, 0x0000024168923fb0, 0x0000024166ee28c0,
0x00000241675c2130, 0x0000024166ee3260, 0x0000024166ee0be0, 0x0000024166ee0710,
0x0000024166ee10b0, 0x0000024166ee2d90, 0x0000024166edf8a0, 0x0000024166ee1580,
0x0000024166ee1a50, 0x0000024166ee0240, 0x0000024166ee23f0, 0x0000024166ee1f20,
0x0000024166edfd70, 0x000002415cee5280, 0x000002415cee6f60, 0x000002415cee48e0,
0x000002415cee5c20, 0x000002415fd02290, 0x000002415fd027a0, 0x000002415d038470,
0x000002415d038940, 0x000002415d03a620, 0x000002415d03aaf0, 0x000002415d038e10,
0x000002415f538d00, 0x000002415f53b380, 0x000002415f53bd20, 0x000002415f53c1f0,
0x000002415f5391d0, 0x000002416862b290, 0x000002416d21d700, 0x000002415d4a1cb0,
0x000002415d4a04a0, 0x0000024168581ea0
}

Java Threads: ( => current thread )
  0x0000024141683a80 JavaThread "main" [_thread_blocked, id=102612, stack(0x000000d7f5800000,0x000000d7f5900000)]
  0x000002415c863270 JavaThread "Reference Handler" daemon [_thread_blocked, id=16824, stack(0x000000d7f5f00000,0x000000d7f6000000)]
  0x000002415c8640e0 JavaThread "Finalizer" daemon [_thread_blocked, id=91428, stack(0x000000d7f6000000,0x000000d7f6100000)]
  0x000002415c84e6e0 JavaThread "Signal Dispatcher" daemon [_thread_blocked, id=103312, stack(0x000000d7f6100000,0x000000d7f6200000)]
  0x000002415c89c010 JavaThread "Attach Listener" daemon [_thread_blocked, id=96528, stack(0x000000d7f6200000,0x000000d7f6300000)]
  0x000002415c89eae0 JavaThread "Service Thread" daemon [_thread_blocked, id=85868, stack(0x000000d7f6300000,0x000000d7f6400000)]
  0x000002415c89f490 JavaThread "Monitor Deflation Thread" daemon [_thread_blocked, id=102160, stack(0x000000d7f6400000,0x000000d7f6500000)]
  0x000002415c8a0170 JavaThread "C2 CompilerThread0" daemon [_thread_blocked, id=97988, stack(0x000000d7f6500000,0x000000d7f6600000)]
  0x000002415c8be020 JavaThread "C1 CompilerThread0" daemon [_thread_blocked, id=96372, stack(0x000000d7f6600000,0x000000d7f6700000)]
  0x000002415c8c1110 JavaThread "Sweeper thread" daemon [_thread_blocked, id=101220, stack(0x000000d7f6700000,0x000000d7f6800000)]
  0x000002415ca7ce70 JavaThread "Common-Cleaner" daemon [_thread_blocked, id=102024, stack(0x000000d7f6900000,0x000000d7f6a00000)]
  0x000002415ca7db50 JavaThread "Notification Thread" daemon [_thread_blocked, id=98412, stack(0x000000d7f6a00000,0x000000d7f6b00000)]
  0x000002415e4a61b0 JavaThread "Daemon health stats" [_thread_blocked, id=101544, stack(0x000000d7f7400000,0x000000d7f7500000)]
  0x000002415f3a0220 JavaThread "Incoming local TCP Connector on port 56599" [_thread_in_native, id=61848, stack(0x000000d7f6d00000,0x000000d7f6e00000)]
  0x000002415f072330 JavaThread "Daemon periodic checks" [_thread_blocked, id=99728, stack(0x000000d7f7500000,0x000000d7f7600000)]
  0x000002415f15e900 JavaThread "Cache worker for journal cache (C:\Users\liubov\.gradle\caches\journal-1)" [_thread_blocked, id=100476, stack(0x000000d7f8700000,0x000000d7f8800000)]
  0x000002415f1605e0 JavaThread "File lock request listener" [_thread_in_native, id=100480, stack(0x000000d7f8800000,0x000000d7f8900000)]
  0x000002415f161920 JavaThread "Cache worker for file hash cache (C:\Users\liubov\.gradle\caches\8.0\fileHashes)" [_thread_blocked, id=101824, stack(0x000000d7f8900000,0x000000d7f8a00000)]
  0x000002415f161df0 JavaThread "File watcher server" daemon [_thread_blocked, id=90220, stack(0x000000d7f8b00000,0x000000d7f8c00000)]
  0x000002415f15edd0 JavaThread "File watcher consumer" daemon [_thread_blocked, id=103268, stack(0x000000d7f8c00000,0x000000d7f8d00000)]
  0x000002415f160110 JavaThread "Cache worker for file content cache (C:\Users\liubov\.gradle\caches\8.0\fileContent)" [_thread_blocked, id=83936, stack(0x000000d7f8f00000,0x000000d7f9000000)]
  0x0000024160bd3390 JavaThread "Cache worker for execution history cache (C:\Users\liubov\.gradle\caches\8.0\executionHistory)" [_thread_blocked, id=101728, stack(0x000000d7f6c00000,0x000000d7f6d00000)]
  0x0000024160bd4ba0 JavaThread "jar transforms" [_thread_blocked, id=101324, stack(0x000000d7f9200000,0x000000d7f9300000)]
  0x0000024160bd11e0 JavaThread "jar transforms Thread 2" [_thread_blocked, id=101360, stack(0x000000d7f9400000,0x000000d7f9500000)]
  0x0000024160bd2050 JavaThread "Cache worker for kotlin-dsl (C:\Users\liubov\.gradle\caches\8.0\kotlin-dsl)" [_thread_blocked, id=101336, stack(0x000000d7f9700000,0x000000d7f9800000)]
  0x0000024160bd5540 JavaThread "jar transforms Thread 3" [_thread_blocked, id=101316, stack(0x000000d7f9800000,0x000000d7f9900000)]
  0x0000024160bd3d30 JavaThread "jar transforms Thread 4" [_thread_blocked, id=102608, stack(0x000000d7f9900000,0x000000d7f9a00000)]
  0x0000024160bd0d10 JavaThread "jar transforms Thread 5" [_thread_blocked, id=101352, stack(0x000000d7f9c00000,0x000000d7f9d00000)]
  0x0000024166d7dca0 JavaThread "jar transforms Thread 6" [_thread_blocked, id=98756, stack(0x000000d783900000,0x000000d783a00000)]
  0x0000024166d7b150 JavaThread "jar transforms Thread 7" [_thread_blocked, id=100680, stack(0x000000d783a00000,0x000000d783b00000)]
  0x0000024166d79e10 JavaThread "jar transforms Thread 8" [_thread_blocked, id=93836, stack(0x000000d783b00000,0x000000d783c00000)]
  0x0000024166d7c490 JavaThread "jar transforms Thread 9" [_thread_blocked, id=101712, stack(0x000000d783c00000,0x000000d783d00000)]
  0x0000024161f945a0 JavaThread "jar transforms Thread 10" [_thread_blocked, id=100684, stack(0x000000d783d00000,0x000000d783e00000)]
  0x0000024161f928c0 JavaThread "jar transforms Thread 11" [_thread_blocked, id=68584, stack(0x000000d783e00000,0x000000d783f00000)]
  0x0000024161f90240 JavaThread "jar transforms Thread 12" [_thread_blocked, id=94068, stack(0x000000d783f00000,0x000000d784000000)]
  0x0000024161f8f3d0 JavaThread "jar transforms Thread 13" [_thread_blocked, id=103256, stack(0x000000d784000000,0x000000d784100000)]
  0x0000024161f91a50 JavaThread "jar transforms Thread 14" [_thread_blocked, id=99264, stack(0x000000d784100000,0x000000d784200000)]
  0x0000024161f91f20 JavaThread "jar transforms Thread 15" [_thread_blocked, id=64212, stack(0x000000d784200000,0x000000d784300000)]
  0x0000024161f91580 JavaThread "jar transforms Thread 16" [_thread_blocked, id=89176, stack(0x000000d784300000,0x000000d784400000)]
  0x0000024161f93260 JavaThread "Memory manager" [_thread_blocked, id=97904, stack(0x000000d784500000,0x000000d784600000)]
  0x000002415d49f630 JavaThread "pool-3-thread-1" [_thread_blocked, id=98572, stack(0x000000d784b00000,0x000000d784c00000)]
  0x00000241603807d0 JavaThread "RMI Scheduler(0)" daemon [_thread_blocked, id=100572, stack(0x000000d786b00000,0x000000d786c00000)]
  0x000002416037f960 JavaThread "RMI GC Daemon" daemon [_thread_blocked, id=99804, stack(0x000000d786d00000,0x000000d786e00000)]
  0x000002415d4a4330 JavaThread "RMI TCP Accept-0" daemon [_thread_in_native, id=90240, stack(0x000000d786e00000,0x000000d786f00000)]
  0x000002415d4a4800 JavaThread "RMI Reaper" [_thread_blocked, id=95856, stack(0x000000d786f00000,0x000000d787000000)]
  0x000002416782a380 JavaThread "Cache worker for Java compile cache (C:\Users\liubov\.gradle\caches\8.0\javaCompile)" [_thread_blocked, id=64956, stack(0x000000d787200000,0x000000d787300000)]
  0x000002415f9c8ac0 JavaThread "ForkJoinPool.commonPool-worker-7" daemon [_thread_blocked, id=101156, stack(0x000000d789600000,0x000000d789700000)]
  0x000002415f9c8f90 JavaThread "ForkJoinPool.commonPool-worker-9" daemon [_thread_blocked, id=102252, stack(0x000000d789800000,0x000000d789900000)]
  0x000002416888d120 JavaThread "pool-7-thread-1" [_thread_blocked, id=99028, stack(0x000000d78d200000,0x000000d78d300000)]
  0x00000241660fb690 JavaThread "ForkJoinPool.commonPool-worker-18" daemon [_thread_blocked, id=102792, stack(0x000000d790b00000,0x000000d790c00000)]
  0x00000241660c6c20 JavaThread "ForkJoinPool.commonPool-worker-19" daemon [_thread_blocked, id=92444, stack(0x000000d790c00000,0x000000d790d00000)]
  0x000002415fe80e10 JavaThread "pool-11-thread-1" [_thread_blocked, id=100592, stack(0x000000d78cf00000,0x000000d78d000000)]
  0x0000024168923610 JavaThread "ForkJoinPool.commonPool-worker-23" daemon [_thread_blocked, id=103140, stack(0x000000d78e900000,0x000000d78ea00000)]
  0x000002415d4a0e40 JavaThread "ForkJoinPool.commonPool-worker-24" daemon [_thread_blocked, id=88276, stack(0x000000d791200000,0x000000d791300000)]
  0x000002415d03b960 JavaThread "pool-15-thread-1" [_thread_blocked, id=103712, stack(0x000000d78cc00000,0x000000d78cd00000)]
  0x0000024166d64ca0 JavaThread "pool-19-thread-1" [_thread_blocked, id=104124, stack(0x000000d78cd00000,0x000000d78ce00000)]
  0x000002415ddad0c0 JavaThread "pool-23-thread-1" [_thread_blocked, id=104360, stack(0x000000d78d100000,0x000000d78d200000)]
  0x0000024165de9440 JavaThread "pool-27-thread-1" [_thread_blocked, id=58108, stack(0x000000d78ce00000,0x000000d78cf00000)]
  0x0000024167b177b0 JavaThread "ForkJoinPool.commonPool-worker-29" daemon [_thread_blocked, id=101732, stack(0x000000d78ca00000,0x000000d78cb00000)]
  0x00000241660c58e0 JavaThread "pool-31-thread-1" [_thread_blocked, id=104528, stack(0x000000d78d600000,0x000000d78d700000)]
  0x0000024160adccb0 JavaThread "pool-35-thread-1" [_thread_blocked, id=107876, stack(0x000000d78c900000,0x000000d78ca00000)]
  0x0000024160adee60 JavaThread "ForkJoinPool.commonPool-worker-30" daemon [_thread_blocked, id=108224, stack(0x000000d790f00000,0x000000d791000000)]
  0x0000024168584ec0 JavaThread "ForkJoinPool.commonPool-worker-31" daemon [_thread_blocked, id=108208, stack(0x000000d791000000,0x000000d791100000)]
  0x00000241660c75c0 JavaThread "ForkJoinPool.commonPool-worker-33" daemon [_thread_blocked, id=108376, stack(0x000000d791300000,0x000000d791400000)]
  0x0000024166d647d0 JavaThread "ForkJoinPool.commonPool-worker-34" daemon [_thread_blocked, id=108372, stack(0x000000d791400000,0x000000d791500000)]
  0x000002416d21c3c0 JavaThread "ForkJoinPool.commonPool-worker-35" daemon [_thread_blocked, id=108368, stack(0x000000d791500000,0x000000d791600000)]
  0x00000241675c6e30 JavaThread "ForkJoinPool.commonPool-worker-36" daemon [_thread_blocked, id=108420, stack(0x000000d791600000,0x000000d791700000)]
  0x00000241660c92a0 JavaThread "ForkJoinPool.commonPool-worker-37" daemon [_thread_blocked, id=108416, stack(0x000000d791700000,0x000000d791800000)]
  0x0000024165dea2b0 JavaThread "Daemon Thread 8" [_thread_blocked, id=108540, stack(0x000000d780000000,0x000000d780100000)]
  0x000002416d21d230 JavaThread "Handler for socket connection from /127.0.0.1:56599 to /127.0.0.1:58883" [_thread_in_native, id=107980, stack(0x000000d780100000,0x000000d780200000)]
  0x000002416d21c890 JavaThread "Cancel handler" [_thread_blocked, id=84668, stack(0x000000d780200000,0x000000d780300000)]
  0x000002416d21cd60 JavaThread "Daemon worker Thread 8" [_thread_blocked, id=104492, stack(0x000000d780300000,0x000000d780400000)]
  0x0000024166d62fc0 JavaThread "Asynchronous log dispatcher for DefaultDaemonConnection: socket connection from /127.0.0.1:56599 to /127.0.0.1:58883" [_thread_blocked, id=106164, stack(0x000000d780400000,0x000000d780500000)]
  0x0000024166d63960 JavaThread "Stdin handler" [_thread_blocked, id=105592, stack(0x000000d780500000,0x000000d780600000)]
  0x0000024166d65640 JavaThread "Daemon client event forwarder" [_thread_blocked, id=107172, stack(0x000000d780600000,0x000000d780700000)]
  0x0000024166d63e30 JavaThread "Cache worker for checksums cache (D:\StudioProjects\placement_example\.gradle\8.0\checksums)" [_thread_blocked, id=104132, stack(0x000000d780700000,0x000000d780800000)]
  0x0000024166d65fe0 JavaThread "Cache worker for cache directory md-rule (C:\Users\liubov\.gradle\caches\8.0\md-rule)" [_thread_blocked, id=107600, stack(0x000000d780800000,0x000000d780900000)]
  0x0000024166d64300 JavaThread "Cache worker for file hash cache (D:\StudioProjects\placement_example\.gradle\8.0\fileHashes)" [_thread_blocked, id=99368, stack(0x000000d780900000,0x000000d780a00000)]
  0x0000024166d65170 JavaThread "Cache worker for cache directory md-supplier (C:\Users\liubov\.gradle\caches\8.0\md-supplier)" [_thread_blocked, id=107148, stack(0x000000d780a00000,0x000000d780b00000)]
  0x0000024166d62620 JavaThread "Cache worker for dependencies-accessors (D:\StudioProjects\placement_example\.gradle\8.0\dependencies-accessors)" [_thread_blocked, id=107152, stack(0x000000d780b00000,0x000000d780c00000)]
  0x0000024166d65b10 JavaThread "Cache worker for Build Output Cleanup Cache (D:\StudioProjects\placement_example\.gradle\buildOutputCleanup)" [_thread_blocked, id=107844, stack(0x000000d780c00000,0x000000d780d00000)]
  0x0000024166d62af0 JavaThread "Unconstrained build operations" [_thread_blocked, id=106332, stack(0x000000d780f00000,0x000000d781000000)]
  0x000002415d43db50 JavaThread "Unconstrained build operations Thread 2" [_thread_blocked, id=100864, stack(0x000000d781000000,0x000000d781100000)]
  0x000002415d43e4f0 JavaThread "Unconstrained build operations Thread 3" [_thread_blocked, id=105068, stack(0x000000d781100000,0x000000d781200000)]
  0x000002415d43fd00 JavaThread "Unconstrained build operations Thread 4" [_thread_blocked, id=108204, stack(0x000000d781200000,0x000000d781300000)]
  0x000002415d4406a0 JavaThread "Unconstrained build operations Thread 5" [_thread_blocked, id=108340, stack(0x000000d781300000,0x000000d781400000)]
  0x000002415d43f830 JavaThread "Unconstrained build operations Thread 6" [_thread_blocked, id=98856, stack(0x000000d781400000,0x000000d781500000)]
  0x000002415d4401d0 JavaThread "Unconstrained build operations Thread 7" [_thread_blocked, id=107048, stack(0x000000d781500000,0x000000d781600000)]
  0x000002415d440b70 JavaThread "Unconstrained build operations Thread 8" [_thread_blocked, id=108148, stack(0x000000d781600000,0x000000d781700000)]
  0x000002415d43e9c0 JavaThread "Unconstrained build operations Thread 9" [_thread_blocked, id=107868, stack(0x000000d781700000,0x000000d781800000)]
  0x000002415d43f360 JavaThread "Unconstrained build operations Thread 10" [_thread_blocked, id=106864, stack(0x000000d781800000,0x000000d781900000)]
  0x000002415d43ee90 JavaThread "Unconstrained build operations Thread 11" [_thread_blocked, id=108360, stack(0x000000d781900000,0x000000d781a00000)]
  0x000002415d441040 JavaThread "Unconstrained build operations Thread 12" [_thread_blocked, id=102660, stack(0x000000d781a00000,0x000000d781b00000)]
  0x000002415fe80470 JavaThread "Unconstrained build operations Thread 13" [_thread_blocked, id=100644, stack(0x000000d781b00000,0x000000d781c00000)]
  0x000002415fe7ffa0 JavaThread "Unconstrained build operations Thread 14" [_thread_blocked, id=107272, stack(0x000000d781c00000,0x000000d781d00000)]
  0x000002415fe812e0 JavaThread "Unconstrained build operations Thread 15" [_thread_blocked, id=108252, stack(0x000000d781d00000,0x000000d781e00000)]
  0x000002415fe80940 JavaThread "Unconstrained build operations Thread 16" [_thread_blocked, id=98648, stack(0x000000d781e00000,0x000000d781f00000)]
  0x0000024166c6aa00 JavaThread "Unconstrained build operations Thread 17" [_thread_blocked, id=106628, stack(0x000000d781f00000,0x000000d782000000)]
  0x0000024166c6b3a0 JavaThread "Unconstrained build operations Thread 18" [_thread_blocked, id=107312, stack(0x000000d782000000,0x000000d782100000)]
  0x0000024166c6da20 JavaThread "Unconstrained build operations Thread 19" [_thread_blocked, id=99776, stack(0x000000d782100000,0x000000d782200000)]
  0x0000024166c6def0 JavaThread "Unconstrained build operations Thread 20" [_thread_blocked, id=103452, stack(0x000000d782200000,0x000000d782300000)]
  0x0000024166c6a530 JavaThread "Unconstrained build operations Thread 21" [_thread_blocked, id=106356, stack(0x000000d782300000,0x000000d782400000)]
  0x0000024166c6aed0 JavaThread "Unconstrained build operations Thread 22" [_thread_blocked, id=102128, stack(0x000000d782400000,0x000000d782500000)]
  0x0000024166c6b870 JavaThread "Unconstrained build operations Thread 23" [_thread_blocked, id=104692, stack(0x000000d782500000,0x000000d782600000)]
  0x0000024166c6bd40 JavaThread "Unconstrained build operations Thread 24" [_thread_blocked, id=104876, stack(0x000000d782600000,0x000000d782700000)]
  0x0000024166c6c210 JavaThread "Unconstrained build operations Thread 25" [_thread_blocked, id=106876, stack(0x000000d782700000,0x000000d782800000)]
  0x0000024166c6c6e0 JavaThread "Unconstrained build operations Thread 26" [_thread_blocked, id=107356, stack(0x000000d782800000,0x000000d782900000)]
  0x0000024166c6cbb0 JavaThread "Unconstrained build operations Thread 27" [_thread_blocked, id=107908, stack(0x000000d782900000,0x000000d782a00000)]
  0x0000024166c6d080 JavaThread "Unconstrained build operations Thread 28" [_thread_blocked, id=105468, stack(0x000000d782a00000,0x000000d782b00000)]
  0x0000024166c6d550 JavaThread "Unconstrained build operations Thread 29" [_thread_blocked, id=107208, stack(0x000000d782b00000,0x000000d782c00000)]
  0x000002416489c6d0 JavaThread "Unconstrained build operations Thread 30" [_thread_blocked, id=108400, stack(0x000000d782c00000,0x000000d782d00000)]
  0x000002416489dee0 JavaThread "Unconstrained build operations Thread 31" [_thread_blocked, id=104624, stack(0x000000d782d00000,0x000000d782e00000)]
  0x000002416489e880 JavaThread "Unconstrained build operations Thread 32" [_thread_blocked, id=103528, stack(0x000000d782e00000,0x000000d782f00000)]
  0x000002416489ed50 JavaThread "Unconstrained build operations Thread 33" [_thread_blocked, id=102204, stack(0x000000d782f00000,0x000000d783000000)]
  0x000002416489d070 JavaThread "Unconstrained build operations Thread 34" [_thread_blocked, id=93800, stack(0x000000d783000000,0x000000d783100000)]
  0x000002416489f220 JavaThread "Unconstrained build operations Thread 35" [_thread_blocked, id=106728, stack(0x000000d783100000,0x000000d783200000)]
  0x000002416489d540 JavaThread "Unconstrained build operations Thread 36" [_thread_blocked, id=106588, stack(0x000000d783200000,0x000000d783300000)]
  0x000002416489e3b0 JavaThread "Unconstrained build operations Thread 37" [_thread_blocked, id=84948, stack(0x000000d783300000,0x000000d783400000)]
  0x000002416489c200 JavaThread "Unconstrained build operations Thread 38" [_thread_blocked, id=106688, stack(0x000000d783400000,0x000000d783500000)]
  0x000002416489cba0 JavaThread "Unconstrained build operations Thread 39" [_thread_blocked, id=104856, stack(0x000000d783500000,0x000000d783600000)]
  0x000002416489fbc0 JavaThread "Unconstrained build operations Thread 40" [_thread_blocked, id=102392, stack(0x000000d783600000,0x000000d783700000)]
  0x000002416489da10 JavaThread "Unconstrained build operations Thread 41" [_thread_blocked, id=104500, stack(0x000000d783700000,0x000000d783800000)]
  0x000002416489f6f0 JavaThread "Unconstrained build operations Thread 42" [_thread_blocked, id=106768, stack(0x000000d783800000,0x000000d783900000)]
  0x0000024162b9ae20 JavaThread "Unconstrained build operations Thread 43" [_thread_blocked, id=105700, stack(0x000000d784400000,0x000000d784500000)]
  0x0000024162b9b2f0 JavaThread "Unconstrained build operations Thread 44" [_thread_blocked, id=107024, stack(0x000000d784600000,0x000000d784700000)]
  0x0000024162b9bc90 JavaThread "Unconstrained build operations Thread 45" [_thread_blocked, id=106816, stack(0x000000d784700000,0x000000d784800000)]
  0x0000024162b9b7c0 JavaThread "Unconstrained build operations Thread 46" [_thread_blocked, id=105052, stack(0x000000d784800000,0x000000d784900000)]
  0x0000024162b9c160 JavaThread "Unconstrained build operations Thread 47" [_thread_blocked, id=106412, stack(0x000000d784900000,0x000000d784a00000)]
  0x0000024164bc8230 JavaThread "Unconstrained build operations Thread 48" [_thread_blocked, id=106780, stack(0x000000d784a00000,0x000000d784b00000)]
  0x0000024164bc8700 JavaThread "Unconstrained build operations Thread 49" [_thread_blocked, id=103820, stack(0x000000d784c00000,0x000000d784d00000)]
  0x0000024164bc73c0 JavaThread "Unconstrained build operations Thread 50" [_thread_blocked, id=106172, stack(0x000000d784d00000,0x000000d784e00000)]
  0x0000024164bc6ef0 JavaThread "Unconstrained build operations Thread 51" [_thread_blocked, id=103980, stack(0x000000d784e00000,0x000000d784f00000)]
  0x000002415d0392e0 JavaThread "Unconstrained build operations Thread 52" [_thread_blocked, id=107784, stack(0x000000d784f00000,0x000000d785000000)]
  0x000002415d0397b0 JavaThread "Unconstrained build operations Thread 53" [_thread_blocked, id=104888, stack(0x000000d785000000,0x000000d785100000)]
  0x000002415d03afc0 JavaThread "Unconstrained build operations Thread 54" [_thread_blocked, id=106796, stack(0x000000d785100000,0x000000d785200000)]
  0x000002415d039c80 JavaThread "Unconstrained build operations Thread 55" [_thread_blocked, id=106800, stack(0x000000d785200000,0x000000d785300000)]
  0x000002415d03a150 JavaThread "Unconstrained build operations Thread 56" [_thread_blocked, id=108300, stack(0x000000d785300000,0x000000d785400000)]
  0x000002415d03b490 JavaThread "Unconstrained build operations Thread 57" [_thread_blocked, id=51716, stack(0x000000d785400000,0x000000d785500000)]
  0x000002415d037fa0 JavaThread "Unconstrained build operations Thread 58" [_thread_blocked, id=107080, stack(0x000000d785500000,0x000000d785600000)]
  0x00000241675c7300 JavaThread "Unconstrained build operations Thread 59" [_thread_blocked, id=108012, stack(0x000000d785600000,0x000000d785700000)]
  0x00000241675c3470 JavaThread "Unconstrained build operations Thread 60" [_thread_blocked, id=97292, stack(0x000000d785700000,0x000000d785800000)]
  0x00000241675c3e10 JavaThread "Unconstrained build operations Thread 61" [_thread_blocked, id=107616, stack(0x000000d785a00000,0x000000d785b00000)]
  0x000002416782a850 JavaThread "Unconstrained build operations Thread 62" [_thread_blocked, id=108024, stack(0x000000d785b00000,0x000000d785c00000)]
  0x0000024167829eb0 JavaThread "Unconstrained build operations Thread 63" [_thread_blocked, id=107000, stack(0x000000d785c00000,0x000000d785d00000)]
  0x0000024167829510 JavaThread "Unconstrained build operations Thread 64" [_thread_blocked, id=108480, stack(0x000000d785d00000,0x000000d785e00000)]
  0x00000241675c3940 JavaThread "Unconstrained build operations Thread 65" [_thread_blocked, id=107076, stack(0x000000d785e00000,0x000000d785f00000)]
  0x00000241675c42e0 JavaThread "Unconstrained build operations Thread 66" [_thread_blocked, id=107164, stack(0x000000d785f00000,0x000000d786000000)]
  0x00000241675c2fa0 JavaThread "Unconstrained build operations Thread 67" [_thread_blocked, id=104288, stack(0x000000d786000000,0x000000d786100000)]
  0x00000241675c2600 JavaThread "Unconstrained build operations Thread 68" [_thread_blocked, id=105736, stack(0x000000d786100000,0x000000d786200000)]
  0x00000241675c77d0 JavaThread "Unconstrained build operations Thread 69" [_thread_blocked, id=65548, stack(0x000000d786200000,0x000000d786300000)]
  0x000002416782ad20 JavaThread "Unconstrained build operations Thread 70" [_thread_blocked, id=107820, stack(0x000000d786300000,0x000000d786400000)]
  0x00000241678299e0 JavaThread "Unconstrained build operations Thread 71" [_thread_blocked, id=107008, stack(0x000000d786800000,0x000000d786900000)]
  0x000002416888ee00 JavaThread "Unconstrained build operations Thread 72" [_thread_blocked, id=107856, stack(0x000000d786900000,0x000000d786a00000)]
  0x00000241688888f0 JavaThread "Unconstrained build operations Thread 73" [_thread_blocked, id=108488, stack(0x000000d786a00000,0x000000d786b00000)]
  0x000002416888c780 JavaThread "Unconstrained build operations Thread 74" [_thread_blocked, id=100672, stack(0x000000d786c00000,0x000000d786d00000)]
  0x000002416888cc50 JavaThread "Unconstrained build operations Thread 75" [_thread_blocked, id=107512, stack(0x000000d787000000,0x000000d787100000)]
  0x000002416888f2d0 JavaThread "Unconstrained build operations Thread 76" [_thread_blocked, id=107572, stack(0x000000d787100000,0x000000d787200000)]
  0x0000024168888dc0 JavaThread "Unconstrained build operations Thread 77" [_thread_blocked, id=102036, stack(0x000000d787300000,0x000000d787400000)]
  0x000002416888d5f0 JavaThread "Unconstrained build operations Thread 78" [_thread_blocked, id=106868, stack(0x000000d787400000,0x000000d787500000)]
  0x000002416888df90 JavaThread "Unconstrained build operations Thread 79" [_thread_blocked, id=108020, stack(0x000000d787500000,0x000000d787600000)]
  0x000002416888e460 JavaThread "Unconstrained build operations Thread 80" [_thread_blocked, id=107100, stack(0x000000d787600000,0x000000d787700000)]
  0x000002416888a5d0 JavaThread "Unconstrained build operations Thread 81" [_thread_blocked, id=101788, stack(0x000000d787700000,0x000000d787800000)]
  0x0000024168889290 JavaThread "Unconstrained build operations Thread 82" [_thread_blocked, id=102112, stack(0x000000d787800000,0x000000d787900000)]
  0x000002416888e930 JavaThread "Unconstrained build operations Thread 83" [_thread_blocked, id=105168, stack(0x000000d787900000,0x000000d787a00000)]
  0x000002416888f7a0 JavaThread "Unconstrained build operations Thread 84" [_thread_blocked, id=104652, stack(0x000000d787a00000,0x000000d787b00000)]
  0x0000024168889760 JavaThread "Unconstrained build operations Thread 85" [_thread_blocked, id=107400, stack(0x000000d787b00000,0x000000d787c00000)]
  0x000002416888fc70 JavaThread "Unconstrained build operations Thread 86" [_thread_blocked, id=106544, stack(0x000000d787c00000,0x000000d787d00000)]
  0x000002416888b440 JavaThread "Unconstrained build operations Thread 87" [_thread_blocked, id=107496, stack(0x000000d787d00000,0x000000d787e00000)]
  0x000002416888af70 JavaThread "Unconstrained build operations Thread 88" [_thread_blocked, id=108504, stack(0x000000d787e00000,0x000000d787f00000)]
  0x0000024168888420 JavaThread "Unconstrained build operations Thread 89" [_thread_blocked, id=86320, stack(0x000000d787f00000,0x000000d788000000)]
  0x0000024168889c30 JavaThread "Unconstrained build operations Thread 90" [_thread_blocked, id=107404, stack(0x000000d788000000,0x000000d788100000)]
  0x000002416888a100 JavaThread "Unconstrained build operations Thread 91" [_thread_blocked, id=103976, stack(0x000000d788100000,0x000000d788200000)]
  0x000002416888aaa0 JavaThread "Unconstrained build operations Thread 92" [_thread_blocked, id=107524, stack(0x000000d788200000,0x000000d788300000)]
  0x000002416888b910 JavaThread "Unconstrained build operations Thread 93" [_thread_blocked, id=105512, stack(0x000000d788300000,0x000000d788400000)]
  0x000002416888bde0 JavaThread "Unconstrained build operations Thread 94" [_thread_blocked, id=106980, stack(0x000000d788400000,0x000000d788500000)]
  0x000002416888c2b0 JavaThread "Unconstrained build operations Thread 95" [_thread_blocked, id=107604, stack(0x000000d788500000,0x000000d788600000)]
  0x00000241679beba0 JavaThread "Unconstrained build operations Thread 96" [_thread_blocked, id=106556, stack(0x000000d788600000,0x000000d788700000)]
  0x00000241679bf070 JavaThread "Unconstrained build operations Thread 97" [_thread_blocked, id=69388, stack(0x000000d788700000,0x000000d788800000)]
  0x00000241679c16f0 JavaThread "Unconstrained build operations Thread 98" [_thread_blocked, id=106952, stack(0x000000d788800000,0x000000d788900000)]
  0x00000241679c03b0 JavaThread "Unconstrained build operations Thread 99" [_thread_blocked, id=12972, stack(0x000000d788900000,0x000000d788a00000)]
  0x00000241679c2090 JavaThread "Unconstrained build operations Thread 100" [_thread_blocked, id=106680, stack(0x000000d788a00000,0x000000d788b00000)]
  0x00000241679c0880 JavaThread "Unconstrained build operations Thread 101" [_thread_blocked, id=106672, stack(0x000000d788b00000,0x000000d788c00000)]
  0x00000241679c0d50 JavaThread "Unconstrained build operations Thread 102" [_thread_blocked, id=106528, stack(0x000000d788c00000,0x000000d788d00000)]
  0x00000241679c1220 JavaThread "Unconstrained build operations Thread 103" [_thread_blocked, id=106424, stack(0x000000d788d00000,0x000000d788e00000)]
  0x00000241679bfee0 JavaThread "Unconstrained build operations Thread 104" [_thread_blocked, id=104604, stack(0x000000d788e00000,0x000000d788f00000)]
  0x00000241679c1bc0 JavaThread "Unconstrained build operations Thread 105" [_thread_blocked, id=43288, stack(0x000000d788f00000,0x000000d789000000)]
  0x00000241679bfa10 JavaThread "Unconstrained build operations Thread 106" [_thread_blocked, id=105380, stack(0x000000d789000000,0x000000d789100000)]
  0x00000241679bf540 JavaThread "Unconstrained build operations Thread 107" [_thread_blocked, id=65332, stack(0x000000d789100000,0x000000d789200000)]
  0x00000241679c2560 JavaThread "Unconstrained build operations Thread 108" [_thread_blocked, id=100560, stack(0x000000d789200000,0x000000d789300000)]
  0x000002415fa9c8d0 JavaThread "Unconstrained build operations Thread 109" [_thread_blocked, id=101164, stack(0x000000d789300000,0x000000d789400000)]
  0x000002415fa9e5b0 JavaThread "Unconstrained build operations Thread 110" [_thread_blocked, id=96768, stack(0x000000d789400000,0x000000d789500000)]
  0x000002415fa9c400 JavaThread "Unconstrained build operations Thread 111" [_thread_blocked, id=105572, stack(0x000000d789500000,0x000000d789600000)]
  0x000002415fa9ba60 JavaThread "Unconstrained build operations Thread 112" [_thread_blocked, id=106292, stack(0x000000d789700000,0x000000d789800000)]
  0x000002415fa9d740 JavaThread "Unconstrained build operations Thread 113" [_thread_blocked, id=103092, stack(0x000000d789900000,0x000000d789a00000)]
  0x000002415fa9bf30 JavaThread "Unconstrained build operations Thread 114" [_thread_blocked, id=107004, stack(0x000000d789a00000,0x000000d789b00000)]
  0x000002415fa9ea80 JavaThread "Unconstrained build operations Thread 115" [_thread_blocked, id=88780, stack(0x000000d789b00000,0x000000d789c00000)]
  0x000002415fa9dc10 JavaThread "Unconstrained build operations Thread 116" [_thread_blocked, id=100880, stack(0x000000d789c00000,0x000000d789d00000)]
  0x000002415fa9cda0 JavaThread "Unconstrained build operations Thread 117" [_thread_blocked, id=106228, stack(0x000000d789d00000,0x000000d789e00000)]
  0x000002415fa9d270 JavaThread "Unconstrained build operations Thread 118" [_thread_blocked, id=104516, stack(0x000000d789e00000,0x000000d789f00000)]
  0x000002415fa9e0e0 JavaThread "Unconstrained build operations Thread 119" [_thread_blocked, id=88712, stack(0x000000d789f00000,0x000000d78a000000)]
  0x000002415fa9ef50 JavaThread "Unconstrained build operations Thread 120" [_thread_blocked, id=106908, stack(0x000000d78a000000,0x000000d78a100000)]
  0x000002415fa9f420 JavaThread "Unconstrained build operations Thread 121" [_thread_blocked, id=104112, stack(0x000000d78a100000,0x000000d78a200000)]
  0x000002415dc277b0 JavaThread "Unconstrained build operations Thread 122" [_thread_blocked, id=105276, stack(0x000000d78a200000,0x000000d78a300000)]
  0x000002415dc27c80 JavaThread "Unconstrained build operations Thread 123" [_thread_blocked, id=100668, stack(0x000000d78a300000,0x000000d78a400000)]
  0x000002415dc28150 JavaThread "Unconstrained build operations Thread 124" [_thread_blocked, id=101280, stack(0x000000d78a400000,0x000000d78a500000)]
  0x000002415dc28620 JavaThread "Unconstrained build operations Thread 125" [_thread_blocked, id=106900, stack(0x000000d78a500000,0x000000d78a600000)]
  0x000002415dc29490 JavaThread "Unconstrained build operations Thread 126" [_thread_blocked, id=106732, stack(0x000000d78a600000,0x000000d78a700000)]
  0x000002415dc28af0 JavaThread "Unconstrained build operations Thread 127" [_thread_blocked, id=105544, stack(0x000000d78a700000,0x000000d78a800000)]
  0x000002415dc28fc0 JavaThread "Unconstrained build operations Thread 128" [_thread_blocked, id=27192, stack(0x000000d78a800000,0x000000d78a900000)]
  0x000002415dc2a300 JavaThread "Unconstrained build operations Thread 129" [_thread_blocked, id=106036, stack(0x000000d78a900000,0x000000d78aa00000)]
  0x000002415dc29960 JavaThread "Unconstrained build operations Thread 130" [_thread_blocked, id=106976, stack(0x000000d78aa00000,0x000000d78ab00000)]
  0x000002415dc29e30 JavaThread "Unconstrained build operations Thread 131" [_thread_blocked, id=106932, stack(0x000000d78ab00000,0x000000d78ac00000)]
  0x000002415dc26940 JavaThread "Unconstrained build operations Thread 132" [_thread_blocked, id=108496, stack(0x000000d78ac00000,0x000000d78ad00000)]
  0x000002415dc26e10 JavaThread "Unconstrained build operations Thread 133" [_thread_blocked, id=81820, stack(0x000000d78ad00000,0x000000d78ae00000)]
  0x000002415dc272e0 JavaThread "Unconstrained build operations Thread 134" [_thread_blocked, id=107448, stack(0x000000d78ae00000,0x000000d78af00000)]
  0x0000024162401fb0 JavaThread "Unconstrained build operations Thread 135" [_thread_blocked, id=69804, stack(0x000000d78af00000,0x000000d78b000000)]
  0x00000241623ff930 JavaThread "Unconstrained build operations Thread 136" [_thread_blocked, id=104244, stack(0x000000d78b000000,0x000000d78b100000)]
  0x0000024162402e20 JavaThread "Unconstrained build operations Thread 137" [_thread_blocked, id=87156, stack(0x000000d78b100000,0x000000d78b200000)]
  0x0000024162401610 JavaThread "Unconstrained build operations Thread 138" [_thread_blocked, id=103440, stack(0x000000d78b200000,0x000000d78b300000)]
  0x0000024162401140 JavaThread "Unconstrained build operations Thread 139" [_thread_blocked, id=100748, stack(0x000000d78b300000,0x000000d78b400000)]
  0x00000241623ffe00 JavaThread "Unconstrained build operations Thread 140" [_thread_blocked, id=106984, stack(0x000000d78b400000,0x000000d78b500000)]
  0x00000241624002d0 JavaThread "Unconstrained build operations Thread 141" [_thread_blocked, id=107452, stack(0x000000d78b500000,0x000000d78b600000)]
  0x0000024162402480 JavaThread "Unconstrained build operations Thread 142" [_thread_blocked, id=104176, stack(0x000000d78b600000,0x000000d78b700000)]
  0x00000241624007a0 JavaThread "Unconstrained build operations Thread 143" [_thread_blocked, id=106716, stack(0x000000d78b700000,0x000000d78b800000)]
  0x00000241623ff460 JavaThread "Unconstrained build operations Thread 144" [_thread_blocked, id=107232, stack(0x000000d78b800000,0x000000d78b900000)]
  0x0000024162400c70 JavaThread "Unconstrained build operations Thread 145" [_thread_blocked, id=103764, stack(0x000000d78b900000,0x000000d78ba00000)]
  0x0000024162401ae0 JavaThread "Unconstrained build operations Thread 146" [_thread_blocked, id=106744, stack(0x000000d78ba00000,0x000000d78bb00000)]
  0x0000024162402950 JavaThread "Unconstrained build operations Thread 147" [_thread_blocked, id=77180, stack(0x000000d78bb00000,0x000000d78bc00000)]
  0x000002415ce61250 JavaThread "Unconstrained build operations Thread 148" [_thread_blocked, id=104340, stack(0x000000d78bc00000,0x000000d78bd00000)]
  0x000002415ce61bf0 JavaThread "Unconstrained build operations Thread 149" [_thread_blocked, id=108128, stack(0x000000d78bd00000,0x000000d78be00000)]
  0x000002415ce61720 JavaThread "Unconstrained build operations Thread 150" [_thread_blocked, id=106200, stack(0x000000d78be00000,0x000000d78bf00000)]
  0x000002415ce5f570 JavaThread "Unconstrained build operations Thread 151" [_thread_blocked, id=104740, stack(0x000000d78bf00000,0x000000d78c000000)]
  0x000002415ce620c0 JavaThread "Unconstrained build operations Thread 152" [_thread_blocked, id=104772, stack(0x000000d78c000000,0x000000d78c100000)]
  0x000002415ce62590 JavaThread "Unconstrained build operations Thread 153" [_thread_blocked, id=106812, stack(0x000000d78c100000,0x000000d78c200000)]
  0x000002415ce5fa40 JavaThread "Unconstrained build operations Thread 154" [_thread_blocked, id=106896, stack(0x000000d78c200000,0x000000d78c300000)]
  0x000002415ce62a60 JavaThread "Unconstrained build operations Thread 155" [_thread_blocked, id=97560, stack(0x000000d78c300000,0x000000d78c400000)]
  0x000002415ce5ff10 JavaThread "Unconstrained build operations Thread 156" [_thread_blocked, id=96664, stack(0x000000d78c400000,0x000000d78c500000)]
  0x000002415d4a1310 JavaThread "build event listener" [_thread_blocked, id=106632, stack(0x000000d78c500000,0x000000d78c600000)]
  0x000002415d49e2f0 JavaThread "build event listener" [_thread_blocked, id=108140, stack(0x000000d78c600000,0x000000d78c700000)]
  0x000002415d4a17e0 JavaThread "build event listener" [_thread_blocked, id=108144, stack(0x000000d78c700000,0x000000d78c800000)]
  0x000002415d49f160 JavaThread "pool-39-thread-1" [_thread_blocked, id=106848, stack(0x000000d78cb00000,0x000000d78cc00000)]
  0x000002415d49ffd0 JavaThread "build event listener" [_thread_blocked, id=94696, stack(0x000000d78d000000,0x000000d78d100000)]
  0x000002415d49e7c0 JavaThread "included builds" [_thread_blocked, id=108068, stack(0x000000d78d300000,0x000000d78d400000)]
  0x00000241600f1d50 JavaThread "Execution worker" [_thread_blocked, id=93004, stack(0x000000d78d400000,0x000000d78d500000)]
  0x00000241600f26f0 JavaThread "Execution worker Thread 2" [_thread_blocked, id=106852, stack(0x000000d78d500000,0x000000d78d600000)]
  0x00000241600f1880 JavaThread "Execution worker Thread 3" [_thread_blocked, id=107632, stack(0x000000d78d700000,0x000000d78d800000)]
  0x00000241600f2220 JavaThread "Execution worker Thread 4" [_thread_blocked, id=107516, stack(0x000000d78d800000,0x000000d78d900000)]
  0x00000241600f2bc0 JavaThread "Execution worker Thread 5" [_thread_blocked, id=106844, stack(0x000000d78d900000,0x000000d78da00000)]
  0x00000241600f3090 JavaThread "Execution worker Thread 6" [_thread_blocked, id=104660, stack(0x000000d78da00000,0x000000d78db00000)]
  0x000002416daf5d10 JavaThread "Execution worker Thread 7" [_thread_blocked, id=107664, stack(0x000000d78db00000,0x000000d78dc00000)]
  0x000002416daf8860 JavaThread "Execution worker Thread 8" [_thread_blocked, id=105212, stack(0x000000d78dc00000,0x000000d78dd00000)]
  0x000002416daf61e0 JavaThread "Execution worker Thread 9" [_thread_blocked, id=106508, stack(0x000000d78dd00000,0x000000d78de00000)]
  0x000002416daf66b0 JavaThread "Execution worker Thread 10" [_thread_blocked, id=107216, stack(0x000000d78de00000,0x000000d78df00000)]
  0x000002416daf7520 JavaThread "Execution worker Thread 11" [_thread_blocked, id=106384, stack(0x000000d78df00000,0x000000d78e000000)]
  0x000002416daf5370 JavaThread "Execution worker Thread 12" [_thread_blocked, id=106636, stack(0x000000d78e000000,0x000000d78e100000)]
  0x000002416daf5840 JavaThread "Execution worker Thread 13" [_thread_blocked, id=103316, stack(0x000000d78e100000,0x000000d78e200000)]
  0x000002416daf6b80 JavaThread "Execution worker Thread 14" [_thread_blocked, id=106592, stack(0x000000d78e200000,0x000000d78e300000)]
  0x000002416daf7ec0 JavaThread "Execution worker Thread 15" [_thread_blocked, id=104192, stack(0x000000d78e300000,0x000000d78e400000)]
  0x000002415ce608b0 JavaThread "Cache worker for execution history cache (D:\StudioProjects\placement_example\.gradle\8.0\executionHistory)" [_thread_blocked, id=102564, stack(0x000000d78e400000,0x000000d78e500000)]
  0x0000024168582370 JavaThread "Unconstrained build operations Thread 157" [_thread_blocked, id=92228, stack(0x000000d78e500000,0x000000d78e600000)]
  0x0000024168581500 JavaThread "Unconstrained build operations Thread 158" [_thread_blocked, id=106624, stack(0x000000d78e600000,0x000000d78e700000)]
  0x00000241685819d0 JavaThread "Unconstrained build operations Thread 159" [_thread_blocked, id=108076, stack(0x000000d78e700000,0x000000d78e800000)]
  0x0000024168584520 JavaThread "Unconstrained build operations Thread 160" [_thread_blocked, id=105948, stack(0x000000d78e800000,0x000000d78e900000)]
  0x000002416d21b550 JavaThread "WorkerExecutor Queue" [_thread_blocked, id=108652, stack(0x000000d78ea00000,0x000000d78eb00000)]
  0x000002416daf8d30 JavaThread "RMI TCP Connection(45)-127.0.0.1" daemon [_thread_in_native, id=108672, stack(0x000000d78ec00000,0x000000d78ed00000)]
  0x0000024168925c90 JavaThread "RMI TCP Connection(46)-127.0.0.1" daemon [_thread_in_native, id=108708, stack(0x000000d78ed00000,0x000000d78ee00000)]
  0x0000024168923fb0 JavaThread "RMI TCP Connection(47)-127.0.0.1" daemon [_thread_in_native, id=108712, stack(0x000000d78ee00000,0x000000d78ef00000)]
  0x0000024166ee28c0 JavaThread "WorkerExecutor Queue Thread 2" [_thread_blocked, id=108724, stack(0x000000d780d00000,0x000000d780e00000)]
  0x00000241675c2130 JavaThread "RMI TCP Connection(48)-127.0.0.1" daemon [_thread_in_native, id=108740, stack(0x000000d78ef00000,0x000000d78f000000)]
  0x0000024166ee3260 JavaThread "Build operations" [_thread_blocked, id=108812, stack(0x000000d78c800000,0x000000d78c900000)]
  0x0000024166ee0be0 JavaThread "Build operations Thread 2" [_thread_blocked, id=108816, stack(0x000000d78f000000,0x000000d78f100000)]
  0x0000024166ee0710 JavaThread "Build operations Thread 3" [_thread_blocked, id=108820, stack(0x000000d78f100000,0x000000d78f200000)]
  0x0000024166ee10b0 JavaThread "Build operations Thread 4" [_thread_blocked, id=108824, stack(0x000000d78f200000,0x000000d78f300000)]
  0x0000024166ee2d90 JavaThread "Build operations Thread 5" [_thread_blocked, id=108828, stack(0x000000d78f300000,0x000000d78f400000)]
  0x0000024166edf8a0 JavaThread "Build operations Thread 6" [_thread_blocked, id=108832, stack(0x000000d78f400000,0x000000d78f500000)]
  0x0000024166ee1580 JavaThread "Build operations Thread 7" [_thread_blocked, id=108836, stack(0x000000d78f500000,0x000000d78f600000)]
  0x0000024166ee1a50 JavaThread "Build operations Thread 8" [_thread_blocked, id=108840, stack(0x000000d78f600000,0x000000d78f700000)]
  0x0000024166ee0240 JavaThread "Build operations Thread 9" [_thread_blocked, id=108844, stack(0x000000d78f700000,0x000000d78f800000)]
  0x0000024166ee23f0 JavaThread "Build operations Thread 10" [_thread_blocked, id=108848, stack(0x000000d78f800000,0x000000d78f900000)]
  0x0000024166ee1f20 JavaThread "Build operations Thread 11" [_thread_blocked, id=108852, stack(0x000000d78f900000,0x000000d78fa00000)]
  0x0000024166edfd70 JavaThread "Build operations Thread 12" [_thread_blocked, id=108856, stack(0x000000d78fa00000,0x000000d78fb00000)]
  0x000002415cee5280 JavaThread "Build operations Thread 13" [_thread_blocked, id=108860, stack(0x000000d78fb00000,0x000000d78fc00000)]
  0x000002415cee6f60 JavaThread "Build operations Thread 14" [_thread_blocked, id=108864, stack(0x000000d78fc00000,0x000000d78fd00000)]
  0x000002415cee48e0 JavaThread "Build operations Thread 15" [_thread_blocked, id=108868, stack(0x000000d78fd00000,0x000000d78fe00000)]
  0x000002415cee5c20 JavaThread "Build operations Thread 16" [_thread_blocked, id=108872, stack(0x000000d78fe00000,0x000000d78ff00000)]
  0x000002415fd02290 JavaThread "C2 CompilerThread1" daemon [_thread_blocked, id=108880, stack(0x000000d78ff00000,0x000000d790000000)]
  0x000002415fd027a0 JavaThread "C2 CompilerThread2" daemon [_thread_in_native, id=108884, stack(0x000000d790000000,0x000000d790100000)]
  0x000002415d038470 JavaThread "WorkerExecutor Queue Thread 3" [_thread_blocked, id=108892, stack(0x000000d790100000,0x000000d790200000)]
  0x000002415d038940 JavaThread "WorkerExecutor Queue Thread 4" [_thread_blocked, id=108896, stack(0x000000d790200000,0x000000d790300000)]
  0x000002415d03a620 JavaThread "WorkerExecutor Queue Thread 5" [_thread_blocked, id=108900, stack(0x000000d790300000,0x000000d790400000)]
  0x000002415d03aaf0 JavaThread "WorkerExecutor Queue Thread 6" [_thread_blocked, id=108904, stack(0x000000d790400000,0x000000d790500000)]
  0x000002415d038e10 JavaThread "WorkerExecutor Queue Thread 7" [_thread_blocked, id=108908, stack(0x000000d790500000,0x000000d790600000)]
  0x000002415f538d00 JavaThread "WorkerExecutor Queue Thread 8" [_thread_blocked, id=108912, stack(0x000000d790600000,0x000000d790700000)]
  0x000002415f53b380 JavaThread "WorkerExecutor Queue Thread 9" [_thread_blocked, id=108916, stack(0x000000d790700000,0x000000d790800000)]
  0x000002415f53bd20 JavaThread "WorkerExecutor Queue Thread 10" [_thread_blocked, id=108920, stack(0x000000d790800000,0x000000d790900000)]
  0x000002415f53c1f0 JavaThread "WorkerExecutor Queue Thread 11" [_thread_blocked, id=108924, stack(0x000000d790900000,0x000000d790a00000)]
  0x000002415f5391d0 JavaThread "WorkerExecutor Queue Thread 12" [_thread_blocked, id=108928, stack(0x000000d790a00000,0x000000d790b00000)]
  0x000002416862b290 JavaThread "WorkerExecutor Queue Thread 13" [_thread_blocked, id=108932, stack(0x000000d790d00000,0x000000d790e00000)]
  0x000002416d21d700 JavaThread "WorkerExecutor Queue Thread 14" [_thread_blocked, id=108936, stack(0x000000d790e00000,0x000000d790f00000)]
  0x000002415d4a1cb0 JavaThread "WorkerExecutor Queue Thread 15" [_thread_blocked, id=108940, stack(0x000000d780e00000,0x000000d780f00000)]
  0x000002415d4a04a0 JavaThread "WorkerExecutor Queue Thread 16" [_thread_blocked, id=108944, stack(0x000000d78eb00000,0x000000d78ec00000)]
  0x0000024168581ea0 JavaThread "WorkerExecutor Queue Thread 17" [_thread_blocked, id=108948, stack(0x000000d791100000,0x000000d791200000)]

Other Threads:
=>0x000002415bf8ec40 VMThread "VM Thread" [stack: 0x000000d7f5e00000,0x000000d7f5f00000] [id=90224]
  0x000002415ca7e630 WatcherThread [stack: 0x000000d7f6b00000,0x000000d7f6c00000] [id=61504]
  0x00000241416df820 GCTaskThread "GC Thread#0" [stack: 0x000000d7f5900000,0x000000d7f5a00000] [id=99040]
  0x000002415dc52680 GCTaskThread "GC Thread#1" [stack: 0x000000d7f7000000,0x000000d7f7100000] [id=94812]
  0x000002415dc52930 GCTaskThread "GC Thread#2" [stack: 0x000000d7f7100000,0x000000d7f7200000] [id=82360]
  0x000002415dcf8360 GCTaskThread "GC Thread#3" [stack: 0x000000d7f7200000,0x000000d7f7300000] [id=94188]
  0x000002415dcf8610 GCTaskThread "GC Thread#4" [stack: 0x000000d7f7300000,0x000000d7f7400000] [id=95792]
  0x000002415f84b690 GCTaskThread "GC Thread#5" [stack: 0x000000d7f7d00000,0x000000d7f7e00000] [id=102744]
  0x000002415f84b940 GCTaskThread "GC Thread#6" [stack: 0x000000d7f7e00000,0x000000d7f7f00000] [id=101680]
  0x000002415dbf7980 GCTaskThread "GC Thread#7" [stack: 0x000000d7f7f00000,0x000000d7f8000000] [id=97780]
  0x000002415dbf7c30 GCTaskThread "GC Thread#8" [stack: 0x000000d7f8000000,0x000000d7f8100000] [id=97056]
  0x000002415f27dfe0 GCTaskThread "GC Thread#9" [stack: 0x000000d7f8100000,0x000000d7f8200000] [id=99788]
  0x000002415f27eaa0 GCTaskThread "GC Thread#10" [stack: 0x000000d7f8200000,0x000000d7f8300000] [id=80708]
  0x000002415f27e7f0 GCTaskThread "GC Thread#11" [stack: 0x000000d7f8300000,0x000000d7f8400000] [id=100452]
  0x000002415f27e540 GCTaskThread "GC Thread#12" [stack: 0x000000d7f8400000,0x000000d7f8500000] [id=100456]
  0x00000241416f0760 ConcurrentGCThread "G1 Main Marker" [stack: 0x000000d7f5a00000,0x000000d7f5b00000] [id=68460]
  0x00000241416f1910 ConcurrentGCThread "G1 Conc#0" [stack: 0x000000d7f5b00000,0x000000d7f5c00000] [id=102500]
  0x000002415f27f2b0 ConcurrentGCThread "G1 Conc#1" [stack: 0x000000d7f8500000,0x000000d7f8600000] [id=100460]
  0x000002415f27ed50 ConcurrentGCThread "G1 Conc#2" [stack: 0x000000d7f8600000,0x000000d7f8700000] [id=100464]
  0x000002414173ddf0 ConcurrentGCThread "G1 Refine#0" [stack: 0x000000d7f5c00000,0x000000d7f5d00000] [id=101148]
  0x0000024163f0d5c0 ConcurrentGCThread "G1 Refine#1" [stack: 0x000000d786400000,0x000000d786500000] [id=98516]
  0x0000024166f34700 ConcurrentGCThread "G1 Refine#2" [stack: 0x000000d786500000,0x000000d786600000] [id=102404]
  0x0000024166f321a0 ConcurrentGCThread "G1 Refine#3" [stack: 0x000000d786600000,0x000000d786700000] [id=95680]
  0x0000024166f33e60 ConcurrentGCThread "G1 Refine#4" [stack: 0x000000d786700000,0x000000d786800000] [id=101524]
  0x000002414173e810 ConcurrentGCThread "G1 Service" [stack: 0x000000d7f5d00000,0x000000d7f5e00000] [id=93868]

Threads with active compile tasks:
C2 CompilerThread0  1754710 35047 %     4       com.android.tools.r8.ir.optimize.q0::a @ 56 (520 bytes)
C2 CompilerThread1  1754710 35098       4       com.android.tools.r8.internal.kf::a (1419 bytes)
C2 CompilerThread2  1754710 35112       4       com.android.tools.r8.ir.regalloc.b::c (4041 bytes)

VM state: at safepoint (normal execution)

VM Mutex/Monitor currently owned by a thread:  ([mutex/lock_event])
[0x000002414167e630] Threads_lock - owner thread: 0x000002415bf8ec40
[0x000002414167e870] Heap_lock - owner thread: 0x000002415f53c1f0

Heap address: 0x0000000080000000, size: 2048 MB, Compressed Oops mode: 32-bit

CDS archive(s) not mapped
Compressed class space mapped at: 0x0000000100000000-0x0000000140000000, reserved size: 1073741824
Narrow klass base: 0x0000000000000000, Narrow klass shift: 3, Narrow klass range: 0x140000000

GC Precious Log:
 CPUs: 16 total, 16 available
 Memory: 15557M
 Large Page Support: Disabled
 NUMA Support: Disabled
 Compressed Oops: Enabled (32-bit)
 Heap Region Size: 1M
 Heap Min Capacity: 8M
 Heap Initial Capacity: 244M
 Heap Max Capacity: 2G
 Pre-touch: Disabled
 Parallel Workers: 13
 Concurrent Workers: 3
 Concurrent Refinement Workers: 13
 Periodic GC: Disabled

Heap:
 garbage-first heap   total 668672K, used 223944K [0x0000000080000000, 0x0000000100000000)
  region size 1024K, 6 young (6144K), 6 survivors (6144K)
 Metaspace       used 144748K, committed 146496K, reserved 1179648K
  class space    used 19519K, committed 20352K, reserved 1048576K

Heap Regions: E=young(eden), S=young(survivor), O=old, HS=humongous(starts), HC=humongous(continues), CS=collection set, F=free, OA=open archive, CA=closed archive, TAMS=top-at-mark-start (previous, next)
|   0|0x0000000080000000, 0x0000000080100000, 0x0000000080100000|100%|HS|  |TAMS 0x0000000080100000, 0x0000000080100000| Complete 
|   1|0x0000000080100000, 0x0000000080200000, 0x0000000080200000|100%|HC|  |TAMS 0x0000000080200000, 0x0000000080200000| Complete 
|   2|0x0000000080200000, 0x0000000080300000, 0x0000000080300000|100%|HC|  |TAMS 0x0000000080300000, 0x0000000080300000| Complete 
|   3|0x0000000080300000, 0x0000000080400000, 0x0000000080400000|100%|HC|  |TAMS 0x0000000080400000, 0x0000000080400000| Complete 
|   4|0x0000000080400000, 0x0000000080400000, 0x0000000080500000|  0%| F|  |TAMS 0x0000000080400000, 0x0000000080400000| Untracked 
|   5|0x0000000080500000, 0x0000000080600000, 0x0000000080600000|100%| O|  |TAMS 0x0000000080600000, 0x0000000080600000| Untracked 
|   6|0x0000000080600000, 0x0000000080700000, 0x0000000080700000|100%| O|  |TAMS 0x0000000080700000, 0x0000000080700000| Untracked 
|   7|0x0000000080700000, 0x0000000080800000, 0x0000000080800000|100%| O|  |TAMS 0x0000000080800000, 0x0000000080800000| Untracked 
|   8|0x0000000080800000, 0x0000000080900000, 0x0000000080900000|100%| O|  |TAMS 0x0000000080900000, 0x0000000080900000| Untracked 
|   9|0x0000000080900000, 0x0000000080a00000, 0x0000000080a00000|100%| O|  |TAMS 0x0000000080a00000, 0x0000000080a00000| Untracked 
|  10|0x0000000080a00000, 0x0000000080b00000, 0x0000000080b00000|100%| O|  |TAMS 0x0000000080b00000, 0x0000000080b00000| Untracked 
|  11|0x0000000080b00000, 0x0000000080c00000, 0x0000000080c00000|100%| O|  |TAMS 0x0000000080c00000, 0x0000000080c00000| Untracked 
|  12|0x0000000080c00000, 0x0000000080d00000, 0x0000000080d00000|100%| O|  |TAMS 0x0000000080d00000, 0x0000000080d00000| Untracked 
|  13|0x0000000080d00000, 0x0000000080e00000, 0x0000000080e00000|100%| O|  |TAMS 0x0000000080e00000, 0x0000000080e00000| Untracked 
|  14|0x0000000080e00000, 0x0000000080f00000, 0x0000000080f00000|100%| O|  |TAMS 0x0000000080f00000, 0x0000000080f00000| Untracked 
|  15|0x0000000080f00000, 0x0000000081000000, 0x0000000081000000|100%| O|  |TAMS 0x0000000081000000, 0x0000000081000000| Untracked 
|  16|0x0000000081000000, 0x0000000081100000, 0x0000000081100000|100%| O|  |TAMS 0x0000000081100000, 0x0000000081100000| Untracked 
|  17|0x0000000081100000, 0x0000000081200000, 0x0000000081200000|100%| O|  |TAMS 0x0000000081200000, 0x0000000081200000| Untracked 
|  18|0x0000000081200000, 0x0000000081300000, 0x0000000081300000|100%| O|  |TAMS 0x0000000081300000, 0x0000000081300000| Untracked 
|  19|0x0000000081300000, 0x0000000081400000, 0x0000000081400000|100%| O|  |TAMS 0x0000000081400000, 0x0000000081400000| Untracked 
|  20|0x0000000081400000, 0x0000000081500000, 0x0000000081500000|100%| O|  |TAMS 0x0000000081500000, 0x0000000081500000| Untracked 
|  21|0x0000000081500000, 0x0000000081600000, 0x0000000081600000|100%| O|  |TAMS 0x0000000081600000, 0x0000000081600000| Untracked 
|  22|0x0000000081600000, 0x0000000081700000, 0x0000000081700000|100%| O|  |TAMS 0x0000000081700000, 0x0000000081700000| Untracked 
|  23|0x0000000081700000, 0x0000000081800000, 0x0000000081800000|100%| O|  |TAMS 0x0000000081800000, 0x0000000081800000| Untracked 
|  24|0x0000000081800000, 0x0000000081900000, 0x0000000081900000|100%| O|  |TAMS 0x0000000081900000, 0x0000000081900000| Untracked 
|  25|0x0000000081900000, 0x0000000081a00000, 0x0000000081a00000|100%| O|  |TAMS 0x0000000081a00000, 0x0000000081a00000| Untracked 
|  26|0x0000000081a00000, 0x0000000081b00000, 0x0000000081b00000|100%| O|  |TAMS 0x0000000081b00000, 0x0000000081b00000| Untracked 
|  27|0x0000000081b00000, 0x0000000081c00000, 0x0000000081c00000|100%| O|  |TAMS 0x0000000081c00000, 0x0000000081c00000| Untracked 
|  28|0x0000000081c00000, 0x0000000081d00000, 0x0000000081d00000|100%| O|  |TAMS 0x0000000081d00000, 0x0000000081d00000| Untracked 
|  29|0x0000000081d00000, 0x0000000081e00000, 0x0000000081e00000|100%| O|  |TAMS 0x0000000081e00000, 0x0000000081e00000| Untracked 
|  30|0x0000000081e00000, 0x0000000081f00000, 0x0000000081f00000|100%| O|  |TAMS 0x0000000081f00000, 0x0000000081f00000| Untracked 
|  31|0x0000000081f00000, 0x0000000082000000, 0x0000000082000000|100%| O|  |TAMS 0x0000000082000000, 0x0000000082000000| Untracked 
|  32|0x0000000082000000, 0x0000000082100000, 0x0000000082100000|100%| O|  |TAMS 0x0000000082100000, 0x0000000082100000| Untracked 
|  33|0x0000000082100000, 0x0000000082200000, 0x0000000082200000|100%| O|  |TAMS 0x0000000082200000, 0x0000000082200000| Untracked 
|  34|0x0000000082200000, 0x0000000082300000, 0x0000000082300000|100%| O|  |TAMS 0x0000000082300000, 0x0000000082300000| Untracked 
|  35|0x0000000082300000, 0x0000000082400000, 0x0000000082400000|100%| O|  |TAMS 0x0000000082400000, 0x0000000082400000| Untracked 
|  36|0x0000000082400000, 0x0000000082500000, 0x0000000082500000|100%|HS|  |TAMS 0x0000000082500000, 0x0000000082500000| Complete 
|  37|0x0000000082500000, 0x0000000082600000, 0x0000000082600000|100%|HS|  |TAMS 0x0000000082600000, 0x0000000082600000| Complete 
|  38|0x0000000082600000, 0x0000000082700000, 0x0000000082700000|100%| O|  |TAMS 0x0000000082700000, 0x0000000082700000| Untracked 
|  39|0x0000000082700000, 0x0000000082800000, 0x0000000082800000|100%| O|  |TAMS 0x0000000082800000, 0x0000000082800000| Untracked 
|  40|0x0000000082800000, 0x0000000082900000, 0x0000000082900000|100%| O|  |TAMS 0x0000000082900000, 0x0000000082900000| Untracked 
|  41|0x0000000082900000, 0x0000000082a00000, 0x0000000082a00000|100%|HS|  |TAMS 0x0000000082a00000, 0x0000000082a00000| Complete 
|  42|0x0000000082a00000, 0x0000000082b00000, 0x0000000082b00000|100%|HS|  |TAMS 0x0000000082b00000, 0x0000000082b00000| Complete 
|  43|0x0000000082b00000, 0x0000000082c00000, 0x0000000082c00000|100%|HC|  |TAMS 0x0000000082c00000, 0x0000000082c00000| Complete 
|  44|0x0000000082c00000, 0x0000000082d00000, 0x0000000082d00000|100%|HS|  |TAMS 0x0000000082d00000, 0x0000000082d00000| Complete 
|  45|0x0000000082d00000, 0x0000000082e00000, 0x0000000082e00000|100%|HC|  |TAMS 0x0000000082e00000, 0x0000000082e00000| Complete 
|  46|0x0000000082e00000, 0x0000000082f00000, 0x0000000082f00000|100%|HC|  |TAMS 0x0000000082f00000, 0x0000000082f00000| Complete 
|  47|0x0000000082f00000, 0x0000000083000000, 0x0000000083000000|100%|HC|  |TAMS 0x0000000083000000, 0x0000000083000000| Complete 
|  48|0x0000000083000000, 0x0000000083100000, 0x0000000083100000|100%| O|  |TAMS 0x0000000083100000, 0x0000000083100000| Untracked 
|  49|0x0000000083100000, 0x0000000083200000, 0x0000000083200000|100%| O|  |TAMS 0x0000000083200000, 0x0000000083200000| Untracked 
|  50|0x0000000083200000, 0x0000000083300000, 0x0000000083300000|100%| O|  |TAMS 0x0000000083300000, 0x0000000083300000| Untracked 
|  51|0x0000000083300000, 0x0000000083400000, 0x0000000083400000|100%| O|  |TAMS 0x0000000083400000, 0x0000000083400000| Untracked 
|  52|0x0000000083400000, 0x0000000083500000, 0x0000000083500000|100%| O|  |TAMS 0x0000000083500000, 0x0000000083500000| Untracked 
|  53|0x0000000083500000, 0x0000000083600000, 0x0000000083600000|100%| O|  |TAMS 0x0000000083600000, 0x0000000083600000| Untracked 
|  54|0x0000000083600000, 0x0000000083700000, 0x0000000083700000|100%| O|  |TAMS 0x0000000083700000, 0x0000000083700000| Untracked 
|  55|0x0000000083700000, 0x0000000083800000, 0x0000000083800000|100%| O|  |TAMS 0x0000000083800000, 0x0000000083800000| Untracked 
|  56|0x0000000083800000, 0x0000000083900000, 0x0000000083900000|100%| O|  |TAMS 0x0000000083900000, 0x0000000083900000| Untracked 
|  57|0x0000000083900000, 0x0000000083a00000, 0x0000000083a00000|100%| O|  |TAMS 0x0000000083a00000, 0x0000000083a00000| Untracked 
|  58|0x0000000083a00000, 0x0000000083b00000, 0x0000000083b00000|100%| O|  |TAMS 0x0000000083b00000, 0x0000000083b00000| Untracked 
|  59|0x0000000083b00000, 0x0000000083c00000, 0x0000000083c00000|100%| O|  |TAMS 0x0000000083c00000, 0x0000000083c00000| Untracked 
|  60|0x0000000083c00000, 0x0000000083d00000, 0x0000000083d00000|100%| O|  |TAMS 0x0000000083d00000, 0x0000000083d00000| Untracked 
|  61|0x0000000083d00000, 0x0000000083e00000, 0x0000000083e00000|100%| O|  |TAMS 0x0000000083e00000, 0x0000000083e00000| Untracked 
|  62|0x0000000083e00000, 0x0000000083f00000, 0x0000000083f00000|100%| O|  |TAMS 0x0000000083f00000, 0x0000000083f00000| Untracked 
|  63|0x0000000083f00000, 0x0000000084000000, 0x0000000084000000|100%| O|  |TAMS 0x0000000084000000, 0x0000000084000000| Untracked 
|  64|0x0000000084000000, 0x0000000084100000, 0x0000000084100000|100%| O|  |TAMS 0x0000000084100000, 0x0000000084100000| Untracked 
|  65|0x0000000084100000, 0x0000000084200000, 0x0000000084200000|100%| O|  |TAMS 0x0000000084200000, 0x0000000084200000| Untracked 
|  66|0x0000000084200000, 0x0000000084300000, 0x0000000084300000|100%| O|  |TAMS 0x0000000084300000, 0x0000000084300000| Untracked 
|  67|0x0000000084300000, 0x0000000084400000, 0x0000000084400000|100%| O|  |TAMS 0x0000000084400000, 0x0000000084400000| Untracked 
|  68|0x0000000084400000, 0x0000000084500000, 0x0000000084500000|100%| O|  |TAMS 0x0000000084500000, 0x0000000084500000| Untracked 
|  69|0x0000000084500000, 0x0000000084600000, 0x0000000084600000|100%| O|  |TAMS 0x0000000084600000, 0x0000000084600000| Untracked 
|  70|0x0000000084600000, 0x0000000084700000, 0x0000000084700000|100%| O|  |TAMS 0x0000000084700000, 0x0000000084700000| Untracked 
|  71|0x0000000084700000, 0x0000000084800000, 0x0000000084800000|100%| O|  |TAMS 0x0000000084800000, 0x0000000084800000| Untracked 
|  72|0x0000000084800000, 0x0000000084900000, 0x0000000084900000|100%| O|  |TAMS 0x0000000084900000, 0x0000000084900000| Untracked 
|  73|0x0000000084900000, 0x0000000084a00000, 0x0000000084a00000|100%| O|  |TAMS 0x0000000084a00000, 0x0000000084a00000| Untracked 
|  74|0x0000000084a00000, 0x0000000084b00000, 0x0000000084b00000|100%| O|  |TAMS 0x0000000084b00000, 0x0000000084b00000| Untracked 
|  75|0x0000000084b00000, 0x0000000084c00000, 0x0000000084c00000|100%| O|  |TAMS 0x0000000084c00000, 0x0000000084c00000| Untracked 
|  76|0x0000000084c00000, 0x0000000084d00000, 0x0000000084d00000|100%| O|  |TAMS 0x0000000084d00000, 0x0000000084d00000| Untracked 
|  77|0x0000000084d00000, 0x0000000084e00000, 0x0000000084e00000|100%| O|  |TAMS 0x0000000084e00000, 0x0000000084e00000| Untracked 
|  78|0x0000000084e00000, 0x0000000084f00000, 0x0000000084f00000|100%| O|  |TAMS 0x0000000084f00000, 0x0000000084f00000| Untracked 
|  79|0x0000000084f00000, 0x0000000085000000, 0x0000000085000000|100%| O|  |TAMS 0x0000000085000000, 0x0000000085000000| Untracked 
|  80|0x0000000085000000, 0x0000000085100000, 0x0000000085100000|100%| O|  |TAMS 0x0000000085100000, 0x0000000085100000| Untracked 
|  81|0x0000000085100000, 0x0000000085200000, 0x0000000085200000|100%| O|  |TAMS 0x0000000085200000, 0x0000000085200000| Untracked 
|  82|0x0000000085200000, 0x0000000085300000, 0x0000000085300000|100%| O|  |TAMS 0x0000000085300000, 0x0000000085300000| Untracked 
|  83|0x0000000085300000, 0x0000000085400000, 0x0000000085400000|100%| O|  |TAMS 0x0000000085400000, 0x0000000085400000| Untracked 
|  84|0x0000000085400000, 0x0000000085500000, 0x0000000085500000|100%| O|  |TAMS 0x0000000085500000, 0x0000000085500000| Untracked 
|  85|0x0000000085500000, 0x0000000085600000, 0x0000000085600000|100%| O|  |TAMS 0x0000000085600000, 0x0000000085600000| Untracked 
|  86|0x0000000085600000, 0x0000000085700000, 0x0000000085700000|100%| O|  |TAMS 0x0000000085700000, 0x0000000085700000| Untracked 
|  87|0x0000000085700000, 0x0000000085800000, 0x0000000085800000|100%| O|  |TAMS 0x0000000085800000, 0x0000000085800000| Untracked 
|  88|0x0000000085800000, 0x0000000085900000, 0x0000000085900000|100%| O|  |TAMS 0x0000000085900000, 0x0000000085900000| Untracked 
|  89|0x0000000085900000, 0x0000000085a00000, 0x0000000085a00000|100%| O|  |TAMS 0x0000000085a00000, 0x0000000085a00000| Untracked 
|  90|0x0000000085a00000, 0x0000000085b00000, 0x0000000085b00000|100%| O|  |TAMS 0x0000000085b00000, 0x0000000085b00000| Untracked 
|  91|0x0000000085b00000, 0x0000000085c00000, 0x0000000085c00000|100%| O|  |TAMS 0x0000000085c00000, 0x0000000085c00000| Untracked 
|  92|0x0000000085c00000, 0x0000000085d00000, 0x0000000085d00000|100%| O|  |TAMS 0x0000000085d00000, 0x0000000085d00000| Untracked 
|  93|0x0000000085d00000, 0x0000000085e00000, 0x0000000085e00000|100%| O|  |TAMS 0x0000000085d00000, 0x0000000085e00000| Untracked 
|  94|0x0000000085e00000, 0x0000000085f00000, 0x0000000085f00000|100%| O|  |TAMS 0x0000000085f00000, 0x0000000085f00000| Untracked 
|  95|0x0000000085f00000, 0x0000000086000000, 0x0000000086000000|100%| O|  |TAMS 0x0000000086000000, 0x0000000086000000| Untracked 
|  96|0x0000000086000000, 0x0000000086100000, 0x0000000086100000|100%| O|  |TAMS 0x0000000086100000, 0x0000000086100000| Untracked 
|  97|0x0000000086100000, 0x0000000086200000, 0x0000000086200000|100%| O|  |TAMS 0x0000000086200000, 0x0000000086200000| Untracked 
|  98|0x0000000086200000, 0x0000000086300000, 0x0000000086300000|100%| O|  |TAMS 0x0000000086300000, 0x0000000086300000| Untracked 
|  99|0x0000000086300000, 0x0000000086400000, 0x0000000086400000|100%| O|  |TAMS 0x0000000086400000, 0x0000000086400000| Untracked 
| 100|0x0000000086400000, 0x0000000086500000, 0x0000000086500000|100%| O|  |TAMS 0x0000000086500000, 0x0000000086500000| Untracked 
| 101|0x0000000086500000, 0x0000000086600000, 0x0000000086600000|100%| O|  |TAMS 0x0000000086600000, 0x0000000086600000| Untracked 
| 102|0x0000000086600000, 0x0000000086700000, 0x0000000086700000|100%| O|  |TAMS 0x0000000086700000, 0x0000000086700000| Untracked 
| 103|0x0000000086700000, 0x0000000086800000, 0x0000000086800000|100%| O|  |TAMS 0x0000000086800000, 0x0000000086800000| Untracked 
| 104|0x0000000086800000, 0x0000000086900000, 0x0000000086900000|100%| O|  |TAMS 0x0000000086900000, 0x0000000086900000| Untracked 
| 105|0x0000000086900000, 0x0000000086a00000, 0x0000000086a00000|100%| O|  |TAMS 0x0000000086a00000, 0x0000000086a00000| Untracked 
| 106|0x0000000086a00000, 0x0000000086b00000, 0x0000000086b00000|100%| O|  |TAMS 0x0000000086b00000, 0x0000000086b00000| Untracked 
| 107|0x0000000086b00000, 0x0000000086c00000, 0x0000000086c00000|100%| O|  |TAMS 0x0000000086c00000, 0x0000000086c00000| Untracked 
| 108|0x0000000086c00000, 0x0000000086d00000, 0x0000000086d00000|100%| O|  |TAMS 0x0000000086d00000, 0x0000000086d00000| Untracked 
| 109|0x0000000086d00000, 0x0000000086e00000, 0x0000000086e00000|100%| O|  |TAMS 0x0000000086e00000, 0x0000000086e00000| Untracked 
| 110|0x0000000086e00000, 0x0000000086f00000, 0x0000000086f00000|100%| O|  |TAMS 0x0000000086f00000, 0x0000000086f00000| Untracked 
| 111|0x0000000086f00000, 0x0000000087000000, 0x0000000087000000|100%| O|  |TAMS 0x0000000087000000, 0x0000000087000000| Untracked 
| 112|0x0000000087000000, 0x0000000087100000, 0x0000000087100000|100%| O|  |TAMS 0x0000000087100000, 0x0000000087100000| Untracked 
| 113|0x0000000087100000, 0x0000000087200000, 0x0000000087200000|100%| O|  |TAMS 0x0000000087200000, 0x0000000087200000| Untracked 
| 114|0x0000000087200000, 0x0000000087300000, 0x0000000087300000|100%| O|  |TAMS 0x0000000087300000, 0x0000000087300000| Untracked 
| 115|0x0000000087300000, 0x0000000087400000, 0x0000000087400000|100%| O|  |TAMS 0x0000000087400000, 0x0000000087400000| Untracked 
| 116|0x0000000087400000, 0x0000000087500000, 0x0000000087500000|100%| O|  |TAMS 0x0000000087500000, 0x0000000087500000| Untracked 
| 117|0x0000000087500000, 0x0000000087600000, 0x0000000087600000|100%| O|  |TAMS 0x0000000087600000, 0x0000000087600000| Untracked 
| 118|0x0000000087600000, 0x0000000087700000, 0x0000000087700000|100%| O|  |TAMS 0x0000000087700000, 0x0000000087700000| Untracked 
| 119|0x0000000087700000, 0x0000000087800000, 0x0000000087800000|100%| O|  |TAMS 0x0000000087800000, 0x0000000087800000| Untracked 
| 120|0x0000000087800000, 0x0000000087900000, 0x0000000087900000|100%| O|  |TAMS 0x0000000087800000, 0x0000000087900000| Untracked 
| 121|0x0000000087900000, 0x0000000087a00000, 0x0000000087a00000|100%| O|  |TAMS 0x0000000087a00000, 0x0000000087a00000| Untracked 
| 122|0x0000000087a00000, 0x0000000087b00000, 0x0000000087b00000|100%| O|  |TAMS 0x0000000087b00000, 0x0000000087b00000| Untracked 
| 123|0x0000000087b00000, 0x0000000087c00000, 0x0000000087c00000|100%| O|  |TAMS 0x0000000087c00000, 0x0000000087c00000| Untracked 
| 124|0x0000000087c00000, 0x0000000087d00000, 0x0000000087d00000|100%| O|  |TAMS 0x0000000087d00000, 0x0000000087d00000| Untracked 
| 125|0x0000000087d00000, 0x0000000087d00000, 0x0000000087e00000|  0%| F|  |TAMS 0x0000000087d00000, 0x0000000087d00000| Untracked 
| 126|0x0000000087e00000, 0x0000000087f00000, 0x0000000087f00000|100%| O|  |TAMS 0x0000000087e00000, 0x0000000087f00000| Untracked 
| 127|0x0000000087f00000, 0x0000000088000000, 0x0000000088000000|100%| O|  |TAMS 0x0000000087f00000, 0x0000000088000000| Untracked 
| 128|0x0000000088000000, 0x0000000088100000, 0x0000000088100000|100%| O|  |TAMS 0x0000000088100000, 0x0000000088100000| Untracked 
| 129|0x0000000088100000, 0x0000000088200000, 0x0000000088200000|100%| O|  |TAMS 0x0000000088200000, 0x0000000088200000| Untracked 
| 130|0x0000000088200000, 0x0000000088300000, 0x0000000088300000|100%| O|  |TAMS 0x0000000088300000, 0x0000000088300000| Untracked 
| 131|0x0000000088300000, 0x0000000088400000, 0x0000000088400000|100%| O|  |TAMS 0x0000000088400000, 0x0000000088400000| Untracked 
| 132|0x0000000088400000, 0x0000000088500000, 0x0000000088500000|100%| O|  |TAMS 0x0000000088500000, 0x0000000088500000| Untracked 
| 133|0x0000000088500000, 0x0000000088600000, 0x0000000088600000|100%| O|  |TAMS 0x0000000088600000, 0x0000000088600000| Untracked 
| 134|0x0000000088600000, 0x0000000088700000, 0x0000000088700000|100%| O|  |TAMS 0x0000000088700000, 0x0000000088700000| Untracked 
| 135|0x0000000088700000, 0x0000000088700000, 0x0000000088800000|  0%| F|  |TAMS 0x0000000088700000, 0x0000000088700000| Untracked 
| 136|0x0000000088800000, 0x0000000088900000, 0x0000000088900000|100%| O|  |TAMS 0x0000000088900000, 0x0000000088900000| Untracked 
| 137|0x0000000088900000, 0x0000000088a00000, 0x0000000088a00000|100%| O|  |TAMS 0x0000000088a00000, 0x0000000088a00000| Untracked 
| 138|0x0000000088a00000, 0x0000000088b00000, 0x0000000088b00000|100%| O|  |TAMS 0x0000000088b00000, 0x0000000088b00000| Untracked 
| 139|0x0000000088b00000, 0x0000000088b00000, 0x0000000088c00000|  0%| F|  |TAMS 0x0000000088b00000, 0x0000000088b00000| Untracked 
| 140|0x0000000088c00000, 0x0000000088d00000, 0x0000000088d00000|100%| O|  |TAMS 0x0000000088d00000, 0x0000000088d00000| Untracked 
| 141|0x0000000088d00000, 0x0000000088e00000, 0x0000000088e00000|100%| O|  |TAMS 0x0000000088d00000, 0x0000000088e00000| Untracked 
| 142|0x0000000088e00000, 0x0000000088f00000, 0x0000000088f00000|100%| O|  |TAMS 0x0000000088f00000, 0x0000000088f00000| Untracked 
| 143|0x0000000088f00000, 0x0000000089000000, 0x0000000089000000|100%| O|  |TAMS 0x0000000089000000, 0x0000000089000000| Untracked 
| 144|0x0000000089000000, 0x0000000089100000, 0x0000000089100000|100%| O|  |TAMS 0x0000000089000000, 0x0000000089100000| Untracked 
| 145|0x0000000089100000, 0x0000000089100000, 0x0000000089200000|  0%| F|  |TAMS 0x0000000089100000, 0x0000000089100000| Untracked 
| 146|0x0000000089200000, 0x0000000089300000, 0x0000000089300000|100%| O|  |TAMS 0x0000000089200000, 0x0000000089300000| Untracked 
| 147|0x0000000089300000, 0x0000000089400000, 0x0000000089400000|100%| O|  |TAMS 0x0000000089300000, 0x0000000089400000| Untracked 
| 148|0x0000000089400000, 0x0000000089500000, 0x0000000089500000|100%| O|  |TAMS 0x0000000089500000, 0x0000000089500000| Untracked 
| 149|0x0000000089500000, 0x0000000089600000, 0x0000000089600000|100%| O|  |TAMS 0x0000000089600000, 0x0000000089600000| Untracked 
| 150|0x0000000089600000, 0x0000000089700000, 0x0000000089700000|100%| O|  |TAMS 0x0000000089700000, 0x0000000089700000| Untracked 
| 151|0x0000000089700000, 0x0000000089800000, 0x0000000089800000|100%| O|  |TAMS 0x0000000089800000, 0x0000000089800000| Untracked 
| 152|0x0000000089800000, 0x0000000089900000, 0x0000000089900000|100%| O|  |TAMS 0x0000000089900000, 0x0000000089900000| Untracked 
| 153|0x0000000089900000, 0x0000000089a00000, 0x0000000089a00000|100%| O|  |TAMS 0x0000000089900000, 0x0000000089a00000| Untracked 
| 154|0x0000000089a00000, 0x0000000089b00000, 0x0000000089b00000|100%| O|  |TAMS 0x0000000089b00000, 0x0000000089b00000| Untracked 
| 155|0x0000000089b00000, 0x0000000089c00000, 0x0000000089c00000|100%| O|  |TAMS 0x0000000089c00000, 0x0000000089c00000| Untracked 
| 156|0x0000000089c00000, 0x0000000089d00000, 0x0000000089d00000|100%| O|  |TAMS 0x0000000089d00000, 0x0000000089d00000| Untracked 
| 157|0x0000000089d00000, 0x0000000089e00000, 0x0000000089e00000|100%| O|  |TAMS 0x0000000089e00000, 0x0000000089e00000| Untracked 
| 158|0x0000000089e00000, 0x0000000089f00000, 0x0000000089f00000|100%| O|  |TAMS 0x0000000089f00000, 0x0000000089f00000| Untracked 
| 159|0x0000000089f00000, 0x000000008a000000, 0x000000008a000000|100%| O|  |TAMS 0x000000008a000000, 0x000000008a000000| Untracked 
| 160|0x000000008a000000, 0x000000008a100000, 0x000000008a100000|100%| O|  |TAMS 0x000000008a100000, 0x000000008a100000| Untracked 
| 161|0x000000008a100000, 0x000000008a200000, 0x000000008a200000|100%| O|  |TAMS 0x000000008a200000, 0x000000008a200000| Untracked 
| 162|0x000000008a200000, 0x000000008a300000, 0x000000008a300000|100%| O|  |TAMS 0x000000008a300000, 0x000000008a300000| Untracked 
| 163|0x000000008a300000, 0x000000008a400000, 0x000000008a400000|100%| O|  |TAMS 0x000000008a400000, 0x000000008a400000| Untracked 
| 164|0x000000008a400000, 0x000000008a500000, 0x000000008a500000|100%| O|  |TAMS 0x000000008a500000, 0x000000008a500000| Untracked 
| 165|0x000000008a500000, 0x000000008a600000, 0x000000008a600000|100%| O|  |TAMS 0x000000008a600000, 0x000000008a600000| Untracked 
| 166|0x000000008a600000, 0x000000008a700000, 0x000000008a700000|100%| O|  |TAMS 0x000000008a700000, 0x000000008a700000| Untracked 
| 167|0x000000008a700000, 0x000000008a700000, 0x000000008a800000|  0%| F|  |TAMS 0x000000008a700000, 0x000000008a700000| Untracked 
| 168|0x000000008a800000, 0x000000008a800000, 0x000000008a900000|  0%| F|  |TAMS 0x000000008a800000, 0x000000008a800000| Untracked 
| 169|0x000000008a900000, 0x000000008aa00000, 0x000000008aa00000|100%| O|  |TAMS 0x000000008aa00000, 0x000000008aa00000| Untracked 
| 170|0x000000008aa00000, 0x000000008ab00000, 0x000000008ab00000|100%| O|  |TAMS 0x000000008ab00000, 0x000000008ab00000| Untracked 
| 171|0x000000008ab00000, 0x000000008ab00000, 0x000000008ac00000|  0%| F|  |TAMS 0x000000008ab00000, 0x000000008ab00000| Untracked 
| 172|0x000000008ac00000, 0x000000008ac00000, 0x000000008ad00000|  0%| F|  |TAMS 0x000000008ac00000, 0x000000008ac00000| Untracked 
| 173|0x000000008ad00000, 0x000000008ad00000, 0x000000008ae00000|  0%| F|  |TAMS 0x000000008ad00000, 0x000000008ad00000| Untracked 
| 174|0x000000008ae00000, 0x000000008af00000, 0x000000008af00000|100%| O|  |TAMS 0x000000008ae00000, 0x000000008af00000| Untracked 
| 175|0x000000008af00000, 0x000000008b000000, 0x000000008b000000|100%| O|  |TAMS 0x000000008af00000, 0x000000008b000000| Untracked 
| 176|0x000000008b000000, 0x000000008b100000, 0x000000008b100000|100%| O|  |TAMS 0x000000008b100000, 0x000000008b100000| Untracked 
| 177|0x000000008b100000, 0x000000008b200000, 0x000000008b200000|100%| O|  |TAMS 0x000000008b100000, 0x000000008b200000| Untracked 
| 178|0x000000008b200000, 0x000000008b300000, 0x000000008b300000|100%| O|  |TAMS 0x000000008b300000, 0x000000008b300000| Untracked 
| 179|0x000000008b300000, 0x000000008b400000, 0x000000008b400000|100%| O|  |TAMS 0x000000008b400000, 0x000000008b400000| Untracked 
| 180|0x000000008b400000, 0x000000008b500000, 0x000000008b500000|100%| O|  |TAMS 0x000000008b500000, 0x000000008b500000| Untracked 
| 181|0x000000008b500000, 0x000000008b600000, 0x000000008b600000|100%| O|  |TAMS 0x000000008b600000, 0x000000008b600000| Untracked 
| 182|0x000000008b600000, 0x000000008b700000, 0x000000008b700000|100%| O|  |TAMS 0x000000008b700000, 0x000000008b700000| Untracked 
| 183|0x000000008b700000, 0x000000008b800000, 0x000000008b800000|100%| O|  |TAMS 0x000000008b800000, 0x000000008b800000| Untracked 
| 184|0x000000008b800000, 0x000000008b900000, 0x000000008b900000|100%| O|  |TAMS 0x000000008b8b2800, 0x000000008b900000| Untracked 
| 185|0x000000008b900000, 0x000000008ba00000, 0x000000008ba00000|100%| O|  |TAMS 0x000000008b900000, 0x000000008ba00000| Untracked 
| 186|0x000000008ba00000, 0x000000008bb00000, 0x000000008bb00000|100%| O|  |TAMS 0x000000008ba00000, 0x000000008bb00000| Untracked 
| 187|0x000000008bb00000, 0x000000008bb00000, 0x000000008bc00000|  0%| F|  |TAMS 0x000000008bb00000, 0x000000008bb00000| Untracked 
| 188|0x000000008bc00000, 0x000000008bc00000, 0x000000008bd00000|  0%| F|  |TAMS 0x000000008bc00000, 0x000000008bc00000| Untracked 
| 189|0x000000008bd00000, 0x000000008be00000, 0x000000008be00000|100%| O|  |TAMS 0x000000008be00000, 0x000000008be00000| Untracked 
| 190|0x000000008be00000, 0x000000008bf00000, 0x000000008bf00000|100%| O|  |TAMS 0x000000008be00000, 0x000000008bf00000| Untracked 
| 191|0x000000008bf00000, 0x000000008c000000, 0x000000008c000000|100%| O|  |TAMS 0x000000008bf00000, 0x000000008c000000| Untracked 
| 192|0x000000008c000000, 0x000000008c100000, 0x000000008c100000|100%| O|  |TAMS 0x000000008c000000, 0x000000008c100000| Untracked 
| 193|0x000000008c100000, 0x000000008c200000, 0x000000008c200000|100%| O|  |TAMS 0x000000008c100000, 0x000000008c200000| Untracked 
| 194|0x000000008c200000, 0x000000008c200000, 0x000000008c300000|  0%| F|  |TAMS 0x000000008c200000, 0x000000008c200000| Untracked 
| 195|0x000000008c300000, 0x000000008c400000, 0x000000008c400000|100%| O|  |TAMS 0x000000008c300000, 0x000000008c400000| Untracked 
| 196|0x000000008c400000, 0x000000008c400000, 0x000000008c500000|  0%| F|  |TAMS 0x000000008c400000, 0x000000008c400000| Untracked 
| 197|0x000000008c500000, 0x000000008c600000, 0x000000008c600000|100%| O|  |TAMS 0x000000008c500000, 0x000000008c600000| Untracked 
| 198|0x000000008c600000, 0x000000008c600000, 0x000000008c700000|  0%| F|  |TAMS 0x000000008c600000, 0x000000008c600000| Untracked 
| 199|0x000000008c700000, 0x000000008c800000, 0x000000008c800000|100%| O|  |TAMS 0x000000008c700000, 0x000000008c800000| Untracked 
| 200|0x000000008c800000, 0x000000008c900000, 0x000000008c900000|100%| O|  |TAMS 0x000000008c800000, 0x000000008c900000| Untracked 
| 201|0x000000008c900000, 0x000000008ca00000, 0x000000008ca00000|100%| O|  |TAMS 0x000000008c900000, 0x000000008ca00000| Untracked 
| 202|0x000000008ca00000, 0x000000008ca00000, 0x000000008cb00000|  0%| F|  |TAMS 0x000000008ca00000, 0x000000008ca00000| Untracked 
| 203|0x000000008cb00000, 0x000000008cb00000, 0x000000008cc00000|  0%| F|  |TAMS 0x000000008cb00000, 0x000000008cb00000| Untracked 
| 204|0x000000008cc00000, 0x000000008cc00000, 0x000000008cd00000|  0%| F|  |TAMS 0x000000008cc00000, 0x000000008cc00000| Untracked 
| 205|0x000000008cd00000, 0x000000008cd00000, 0x000000008ce00000|  0%| F|  |TAMS 0x000000008cd00000, 0x000000008cd00000| Untracked 
| 206|0x000000008ce00000, 0x000000008ce00000, 0x000000008cf00000|  0%| F|  |TAMS 0x000000008ce00000, 0x000000008ce00000| Untracked 
| 207|0x000000008cf00000, 0x000000008cf00000, 0x000000008d000000|  0%| F|  |TAMS 0x000000008cf00000, 0x000000008cf00000| Untracked 
| 208|0x000000008d000000, 0x000000008d000000, 0x000000008d100000|  0%| F|  |TAMS 0x000000008d000000, 0x000000008d000000| Untracked 
| 209|0x000000008d100000, 0x000000008d100000, 0x000000008d200000|  0%| F|  |TAMS 0x000000008d100000, 0x000000008d100000| Untracked 
| 210|0x000000008d200000, 0x000000008d200000, 0x000000008d300000|  0%| F|  |TAMS 0x000000008d200000, 0x000000008d200000| Untracked 
| 211|0x000000008d300000, 0x000000008d300000, 0x000000008d400000|  0%| F|  |TAMS 0x000000008d300000, 0x000000008d300000| Untracked 
| 212|0x000000008d400000, 0x000000008d400000, 0x000000008d500000|  0%| F|  |TAMS 0x000000008d400000, 0x000000008d400000| Untracked 
| 213|0x000000008d500000, 0x000000008d500000, 0x000000008d600000|  0%| F|  |TAMS 0x000000008d500000, 0x000000008d500000| Untracked 
| 214|0x000000008d600000, 0x000000008d700000, 0x000000008d700000|100%| O|  |TAMS 0x000000008d700000, 0x000000008d700000| Untracked 
| 215|0x000000008d700000, 0x000000008d800000, 0x000000008d800000|100%| O|  |TAMS 0x000000008d700000, 0x000000008d800000| Untracked 
| 216|0x000000008d800000, 0x000000008d900000, 0x000000008d900000|100%| O|  |TAMS 0x000000008d800000, 0x000000008d900000| Untracked 
| 217|0x000000008d900000, 0x000000008da00000, 0x000000008da00000|100%| O|  |TAMS 0x000000008d900000, 0x000000008da00000| Untracked 
| 218|0x000000008da00000, 0x000000008da00000, 0x000000008db00000|  0%| F|  |TAMS 0x000000008da00000, 0x000000008da00000| Untracked 
| 219|0x000000008db00000, 0x000000008db00000, 0x000000008dc00000|  0%| F|  |TAMS 0x000000008db00000, 0x000000008db00000| Untracked 
| 220|0x000000008dc00000, 0x000000008dc00000, 0x000000008dd00000|  0%| F|  |TAMS 0x000000008dc00000, 0x000000008dc00000| Untracked 
| 221|0x000000008dd00000, 0x000000008dd00000, 0x000000008de00000|  0%| F|  |TAMS 0x000000008dd00000, 0x000000008dd00000| Untracked 
| 222|0x000000008de00000, 0x000000008de00000, 0x000000008df00000|  0%| F|  |TAMS 0x000000008de00000, 0x000000008de00000| Untracked 
| 223|0x000000008df00000, 0x000000008df00000, 0x000000008e000000|  0%| F|  |TAMS 0x000000008df00000, 0x000000008df00000| Untracked 
| 224|0x000000008e000000, 0x000000008e000000, 0x000000008e100000|  0%| F|  |TAMS 0x000000008e000000, 0x000000008e000000| Untracked 
| 225|0x000000008e100000, 0x000000008e100000, 0x000000008e200000|  0%| F|  |TAMS 0x000000008e100000, 0x000000008e100000| Untracked 
| 226|0x000000008e200000, 0x000000008e200000, 0x000000008e300000|  0%| F|  |TAMS 0x000000008e200000, 0x000000008e200000| Untracked 
| 227|0x000000008e300000, 0x000000008e300000, 0x000000008e400000|  0%| F|  |TAMS 0x000000008e300000, 0x000000008e300000| Untracked 
| 228|0x000000008e400000, 0x000000008e400000, 0x000000008e500000|  0%| F|  |TAMS 0x000000008e400000, 0x000000008e400000| Untracked 
| 229|0x000000008e500000, 0x000000008e500000, 0x000000008e600000|  0%| F|  |TAMS 0x000000008e500000, 0x000000008e500000| Untracked 
| 230|0x000000008e600000, 0x000000008e600000, 0x000000008e700000|  0%| F|  |TAMS 0x000000008e600000, 0x000000008e600000| Untracked 
| 231|0x000000008e700000, 0x000000008e700000, 0x000000008e800000|  0%| F|  |TAMS 0x000000008e700000, 0x000000008e700000| Untracked 
| 232|0x000000008e800000, 0x000000008e800000, 0x000000008e900000|  0%| F|  |TAMS 0x000000008e800000, 0x000000008e800000| Untracked 
| 233|0x000000008e900000, 0x000000008e900000, 0x000000008ea00000|  0%| F|  |TAMS 0x000000008e900000, 0x000000008e900000| Untracked 
| 234|0x000000008ea00000, 0x000000008ea00000, 0x000000008eb00000|  0%| F|  |TAMS 0x000000008ea00000, 0x000000008ea00000| Untracked 
| 235|0x000000008eb00000, 0x000000008ec00000, 0x000000008ec00000|100%| O|  |TAMS 0x000000008ec00000, 0x000000008ec00000| Untracked 
| 236|0x000000008ec00000, 0x000000008ed00000, 0x000000008ed00000|100%| O|  |TAMS 0x000000008ed00000, 0x000000008ed00000| Untracked 
| 237|0x000000008ed00000, 0x000000008ee00000, 0x000000008ee00000|100%| O|  |TAMS 0x000000008ee00000, 0x000000008ee00000| Untracked 
| 238|0x000000008ee00000, 0x000000008ef00000, 0x000000008ef00000|100%| O|  |TAMS 0x000000008ef00000, 0x000000008ef00000| Untracked 
| 239|0x000000008ef00000, 0x000000008f000000, 0x000000008f000000|100%| O|  |TAMS 0x000000008f000000, 0x000000008f000000| Untracked 
| 240|0x000000008f000000, 0x000000008f100000, 0x000000008f100000|100%| O|  |TAMS 0x000000008f100000, 0x000000008f100000| Untracked 
| 241|0x000000008f100000, 0x000000008f200000, 0x000000008f200000|100%| O|  |TAMS 0x000000008f200000, 0x000000008f200000| Untracked 
| 242|0x000000008f200000, 0x000000008f300000, 0x000000008f300000|100%| O|  |TAMS 0x000000008f300000, 0x000000008f300000| Untracked 
| 243|0x000000008f300000, 0x000000008f400000, 0x000000008f400000|100%| O|  |TAMS 0x000000008f400000, 0x000000008f400000| Untracked 
| 244|0x000000008f400000, 0x000000008f500000, 0x000000008f500000|100%| O|  |TAMS 0x000000008f500000, 0x000000008f500000| Untracked 
| 245|0x000000008f500000, 0x000000008f600000, 0x000000008f600000|100%| O|  |TAMS 0x000000008f600000, 0x000000008f600000| Untracked 
| 246|0x000000008f600000, 0x000000008f700000, 0x000000008f700000|100%| O|  |TAMS 0x000000008f700000, 0x000000008f700000| Untracked 
| 247|0x000000008f700000, 0x000000008f800000, 0x000000008f800000|100%| O|  |TAMS 0x000000008f800000, 0x000000008f800000| Untracked 
| 248|0x000000008f800000, 0x000000008f900000, 0x000000008f900000|100%| O|  |TAMS 0x000000008f900000, 0x000000008f900000| Untracked 
| 249|0x000000008f900000, 0x000000008fa00000, 0x000000008fa00000|100%| O|  |TAMS 0x000000008fa00000, 0x000000008fa00000| Untracked 
| 250|0x000000008fa00000, 0x000000008fb00000, 0x000000008fb00000|100%| O|  |TAMS 0x000000008fb00000, 0x000000008fb00000| Untracked 
| 251|0x000000008fb00000, 0x000000008fb00000, 0x000000008fc00000|  0%| F|  |TAMS 0x000000008fb00000, 0x000000008fb00000| Untracked 
| 252|0x000000008fc00000, 0x000000008fc00000, 0x000000008fd00000|  0%| F|  |TAMS 0x000000008fc00000, 0x000000008fc00000| Untracked 
| 253|0x000000008fd00000, 0x000000008fd00000, 0x000000008fe00000|  0%| F|  |TAMS 0x000000008fd00000, 0x000000008fd00000| Untracked 
| 254|0x000000008fe00000, 0x000000008fe00000, 0x000000008ff00000|  0%| F|  |TAMS 0x000000008fe00000, 0x000000008fe00000| Untracked 
| 255|0x000000008ff00000, 0x000000008ff00000, 0x0000000090000000|  0%| F|  |TAMS 0x000000008ff00000, 0x000000008ff00000| Untracked 
| 256|0x0000000090000000, 0x0000000090000000, 0x0000000090100000|  0%| F|  |TAMS 0x0000000090000000, 0x0000000090000000| Untracked 
| 257|0x0000000090100000, 0x0000000090100000, 0x0000000090200000|  0%| F|  |TAMS 0x0000000090100000, 0x0000000090100000| Untracked 
| 258|0x0000000090200000, 0x0000000090200000, 0x0000000090300000|  0%| F|  |TAMS 0x0000000090200000, 0x0000000090200000| Untracked 
| 259|0x0000000090300000, 0x0000000090300000, 0x0000000090400000|  0%| F|  |TAMS 0x0000000090300000, 0x0000000090300000| Untracked 
| 260|0x0000000090400000, 0x0000000090400000, 0x0000000090500000|  0%| F|  |TAMS 0x0000000090400000, 0x0000000090400000| Untracked 
| 261|0x0000000090500000, 0x0000000090500000, 0x0000000090600000|  0%| F|  |TAMS 0x0000000090500000, 0x0000000090500000| Untracked 
| 262|0x0000000090600000, 0x0000000090600000, 0x0000000090700000|  0%| F|  |TAMS 0x0000000090600000, 0x0000000090600000| Untracked 
| 263|0x0000000090700000, 0x0000000090700000, 0x0000000090800000|  0%| F|  |TAMS 0x0000000090700000, 0x0000000090700000| Untracked 
| 264|0x0000000090800000, 0x0000000090800000, 0x0000000090900000|  0%| F|  |TAMS 0x0000000090800000, 0x0000000090800000| Untracked 
| 265|0x0000000090900000, 0x0000000090900000, 0x0000000090a00000|  0%| F|  |TAMS 0x0000000090900000, 0x0000000090900000| Untracked 
| 266|0x0000000090a00000, 0x0000000090a00000, 0x0000000090b00000|  0%| F|  |TAMS 0x0000000090a00000, 0x0000000090a00000| Untracked 
| 267|0x0000000090b00000, 0x0000000090b00000, 0x0000000090c00000|  0%| F|  |TAMS 0x0000000090b00000, 0x0000000090b00000| Untracked 
| 268|0x0000000090c00000, 0x0000000090c00000, 0x0000000090d00000|  0%| F|  |TAMS 0x0000000090c00000, 0x0000000090c00000| Untracked 
| 269|0x0000000090d00000, 0x0000000090d00000, 0x0000000090e00000|  0%| F|  |TAMS 0x0000000090d00000, 0x0000000090d00000| Untracked 
| 270|0x0000000090e00000, 0x0000000090e00000, 0x0000000090f00000|  0%| F|  |TAMS 0x0000000090e00000, 0x0000000090e00000| Untracked 
| 271|0x0000000090f00000, 0x0000000090f00000, 0x0000000091000000|  0%| F|  |TAMS 0x0000000090f00000, 0x0000000090f00000| Untracked 
| 272|0x0000000091000000, 0x0000000091000000, 0x0000000091100000|  0%| F|  |TAMS 0x0000000091000000, 0x0000000091000000| Untracked 
| 273|0x0000000091100000, 0x0000000091100000, 0x0000000091200000|  0%| F|  |TAMS 0x0000000091100000, 0x0000000091100000| Untracked 
| 274|0x0000000091200000, 0x0000000091200000, 0x0000000091300000|  0%| F|  |TAMS 0x0000000091200000, 0x0000000091200000| Untracked 
| 275|0x0000000091300000, 0x0000000091300000, 0x0000000091400000|  0%| F|  |TAMS 0x0000000091300000, 0x0000000091300000| Untracked 
| 276|0x0000000091400000, 0x0000000091400000, 0x0000000091500000|  0%| F|  |TAMS 0x0000000091400000, 0x0000000091400000| Untracked 
| 277|0x0000000091500000, 0x0000000091500000, 0x0000000091600000|  0%| F|  |TAMS 0x0000000091500000, 0x0000000091500000| Untracked 
| 278|0x0000000091600000, 0x0000000091700000, 0x0000000091700000|100%| O|  |TAMS 0x0000000091700000, 0x0000000091700000| Untracked 
| 279|0x0000000091700000, 0x0000000091800000, 0x0000000091800000|100%| O|  |TAMS 0x0000000091800000, 0x0000000091800000| Untracked 
| 280|0x0000000091800000, 0x0000000091900000, 0x0000000091900000|100%| O|  |TAMS 0x0000000091900000, 0x0000000091900000| Untracked 
| 281|0x0000000091900000, 0x0000000091a00000, 0x0000000091a00000|100%| O|  |TAMS 0x0000000091a00000, 0x0000000091a00000| Untracked 
| 282|0x0000000091a00000, 0x0000000091b00000, 0x0000000091b00000|100%| O|  |TAMS 0x0000000091b00000, 0x0000000091b00000| Untracked 
| 283|0x0000000091b00000, 0x0000000091c00000, 0x0000000091c00000|100%| O|  |TAMS 0x0000000091c00000, 0x0000000091c00000| Untracked 
| 284|0x0000000091c00000, 0x0000000091c00000, 0x0000000091d00000|  0%| F|  |TAMS 0x0000000091c00000, 0x0000000091c00000| Untracked 
| 285|0x0000000091d00000, 0x0000000091d00000, 0x0000000091e00000|  0%| F|  |TAMS 0x0000000091d00000, 0x0000000091d00000| Untracked 
| 286|0x0000000091e00000, 0x0000000091e00000, 0x0000000091f00000|  0%| F|  |TAMS 0x0000000091e00000, 0x0000000091e00000| Untracked 
| 287|0x0000000091f00000, 0x0000000091f00000, 0x0000000092000000|  0%| F|  |TAMS 0x0000000091f00000, 0x0000000091f00000| Untracked 
| 288|0x0000000092000000, 0x0000000092000000, 0x0000000092100000|  0%| F|  |TAMS 0x0000000092000000, 0x0000000092000000| Untracked 
| 289|0x0000000092100000, 0x0000000092100000, 0x0000000092200000|  0%| F|  |TAMS 0x0000000092100000, 0x0000000092100000| Untracked 
| 290|0x0000000092200000, 0x0000000092200000, 0x0000000092300000|  0%| F|  |TAMS 0x0000000092200000, 0x0000000092200000| Untracked 
| 291|0x0000000092300000, 0x0000000092300000, 0x0000000092400000|  0%| F|  |TAMS 0x0000000092300000, 0x0000000092300000| Untracked 
| 292|0x0000000092400000, 0x0000000092400000, 0x0000000092500000|  0%| F|  |TAMS 0x0000000092400000, 0x0000000092400000| Untracked 
| 293|0x0000000092500000, 0x0000000092500000, 0x0000000092600000|  0%| F|  |TAMS 0x0000000092500000, 0x0000000092500000| Untracked 
| 294|0x0000000092600000, 0x0000000092600000, 0x0000000092700000|  0%| F|  |TAMS 0x0000000092600000, 0x0000000092600000| Untracked 
| 295|0x0000000092700000, 0x0000000092700000, 0x0000000092800000|  0%| F|  |TAMS 0x0000000092700000, 0x0000000092700000| Untracked 
| 296|0x0000000092800000, 0x0000000092800000, 0x0000000092900000|  0%| F|  |TAMS 0x0000000092800000, 0x0000000092800000| Untracked 
| 297|0x0000000092900000, 0x0000000092900000, 0x0000000092a00000|  0%| F|  |TAMS 0x0000000092900000, 0x0000000092900000| Untracked 
| 298|0x0000000092a00000, 0x0000000092a00000, 0x0000000092b00000|  0%| F|  |TAMS 0x0000000092a00000, 0x0000000092a00000| Untracked 
| 299|0x0000000092b00000, 0x0000000092b00000, 0x0000000092c00000|  0%| F|  |TAMS 0x0000000092b00000, 0x0000000092b00000| Untracked 
| 300|0x0000000092c00000, 0x0000000092c00000, 0x0000000092d00000|  0%| F|  |TAMS 0x0000000092c00000, 0x0000000092c00000| Untracked 
| 301|0x0000000092d00000, 0x0000000092d00000, 0x0000000092e00000|  0%| F|  |TAMS 0x0000000092d00000, 0x0000000092d00000| Untracked 
| 302|0x0000000092e00000, 0x0000000092e00000, 0x0000000092f00000|  0%| F|  |TAMS 0x0000000092e00000, 0x0000000092e00000| Untracked 
| 303|0x0000000092f00000, 0x0000000092f00000, 0x0000000093000000|  0%| F|  |TAMS 0x0000000092f00000, 0x0000000092f00000| Untracked 
| 304|0x0000000093000000, 0x0000000093000000, 0x0000000093100000|  0%| F|  |TAMS 0x0000000093000000, 0x0000000093000000| Untracked 
| 305|0x0000000093100000, 0x0000000093100000, 0x0000000093200000|  0%| F|  |TAMS 0x0000000093100000, 0x0000000093100000| Untracked 
| 306|0x0000000093200000, 0x0000000093200000, 0x0000000093300000|  0%| F|  |TAMS 0x0000000093200000, 0x0000000093200000| Untracked 
| 307|0x0000000093300000, 0x0000000093300000, 0x0000000093400000|  0%| F|  |TAMS 0x0000000093300000, 0x0000000093300000| Untracked 
| 308|0x0000000093400000, 0x0000000093400000, 0x0000000093500000|  0%| F|  |TAMS 0x0000000093400000, 0x0000000093400000| Untracked 
| 309|0x0000000093500000, 0x0000000093500000, 0x0000000093600000|  0%| F|  |TAMS 0x0000000093500000, 0x0000000093500000| Untracked 
| 310|0x0000000093600000, 0x0000000093600000, 0x0000000093700000|  0%| F|  |TAMS 0x0000000093600000, 0x0000000093600000| Untracked 
| 311|0x0000000093700000, 0x0000000093700000, 0x0000000093800000|  0%| F|  |TAMS 0x0000000093700000, 0x0000000093700000| Untracked 
| 312|0x0000000093800000, 0x0000000093800000, 0x0000000093900000|  0%| F|  |TAMS 0x0000000093800000, 0x0000000093800000| Untracked 
| 313|0x0000000093900000, 0x0000000093900000, 0x0000000093a00000|  0%| F|  |TAMS 0x0000000093900000, 0x0000000093900000| Untracked 
| 314|0x0000000093a00000, 0x0000000093a00000, 0x0000000093b00000|  0%| F|  |TAMS 0x0000000093a00000, 0x0000000093a00000| Untracked 
| 315|0x0000000093b00000, 0x0000000093b00000, 0x0000000093c00000|  0%| F|  |TAMS 0x0000000093b00000, 0x0000000093b00000| Untracked 
| 316|0x0000000093c00000, 0x0000000093c00000, 0x0000000093d00000|  0%| F|  |TAMS 0x0000000093c00000, 0x0000000093c00000| Untracked 
| 317|0x0000000093d00000, 0x0000000093d00000, 0x0000000093e00000|  0%| F|  |TAMS 0x0000000093d00000, 0x0000000093d00000| Untracked 
| 318|0x0000000093e00000, 0x0000000093e00000, 0x0000000093f00000|  0%| F|  |TAMS 0x0000000093e00000, 0x0000000093e00000| Untracked 
| 319|0x0000000093f00000, 0x0000000093f00000, 0x0000000094000000|  0%| F|  |TAMS 0x0000000093f00000, 0x0000000093f00000| Untracked 
| 320|0x0000000094000000, 0x0000000094000000, 0x0000000094100000|  0%| F|  |TAMS 0x0000000094000000, 0x0000000094000000| Untracked 
| 321|0x0000000094100000, 0x0000000094100000, 0x0000000094200000|  0%| F|  |TAMS 0x0000000094100000, 0x0000000094100000| Untracked 
| 322|0x0000000094200000, 0x0000000094200000, 0x0000000094300000|  0%| F|  |TAMS 0x0000000094200000, 0x0000000094200000| Untracked 
| 323|0x0000000094300000, 0x0000000094300000, 0x0000000094400000|  0%| F|  |TAMS 0x0000000094300000, 0x0000000094300000| Untracked 
| 324|0x0000000094400000, 0x0000000094400000, 0x0000000094500000|  0%| F|  |TAMS 0x0000000094400000, 0x0000000094400000| Untracked 
| 325|0x0000000094500000, 0x0000000094500000, 0x0000000094600000|  0%| F|  |TAMS 0x0000000094500000, 0x0000000094500000| Untracked 
| 326|0x0000000094600000, 0x0000000094600000, 0x0000000094700000|  0%| F|  |TAMS 0x0000000094600000, 0x0000000094600000| Untracked 
| 327|0x0000000094700000, 0x0000000094700000, 0x0000000094800000|  0%| F|  |TAMS 0x0000000094700000, 0x0000000094700000| Untracked 
| 328|0x0000000094800000, 0x0000000094800000, 0x0000000094900000|  0%| F|  |TAMS 0x0000000094800000, 0x0000000094800000| Untracked 
| 329|0x0000000094900000, 0x0000000094900000, 0x0000000094a00000|  0%| F|  |TAMS 0x0000000094900000, 0x0000000094900000| Untracked 
| 330|0x0000000094a00000, 0x0000000094a00000, 0x0000000094b00000|  0%| F|  |TAMS 0x0000000094a00000, 0x0000000094a00000| Untracked 
| 331|0x0000000094b00000, 0x0000000094b00000, 0x0000000094c00000|  0%| F|  |TAMS 0x0000000094b00000, 0x0000000094b00000| Untracked 
| 332|0x0000000094c00000, 0x0000000094c00000, 0x0000000094d00000|  0%| F|  |TAMS 0x0000000094c00000, 0x0000000094c00000| Untracked 
| 333|0x0000000094d00000, 0x0000000094d00000, 0x0000000094e00000|  0%| F|  |TAMS 0x0000000094d00000, 0x0000000094d00000| Untracked 
| 334|0x0000000094e00000, 0x0000000094e00000, 0x0000000094f00000|  0%| F|  |TAMS 0x0000000094e00000, 0x0000000094e00000| Untracked 
| 335|0x0000000094f00000, 0x0000000094f00000, 0x0000000095000000|  0%| F|  |TAMS 0x0000000094f00000, 0x0000000094f00000| Untracked 
| 336|0x0000000095000000, 0x0000000095000000, 0x0000000095100000|  0%| F|  |TAMS 0x0000000095000000, 0x0000000095000000| Untracked 
| 337|0x0000000095100000, 0x0000000095100000, 0x0000000095200000|  0%| F|  |TAMS 0x0000000095100000, 0x0000000095100000| Untracked 
| 338|0x0000000095200000, 0x0000000095200000, 0x0000000095300000|  0%| F|  |TAMS 0x0000000095200000, 0x0000000095200000| Untracked 
| 339|0x0000000095300000, 0x0000000095300000, 0x0000000095400000|  0%| F|  |TAMS 0x0000000095300000, 0x0000000095300000| Untracked 
| 340|0x0000000095400000, 0x0000000095400000, 0x0000000095500000|  0%| F|  |TAMS 0x0000000095400000, 0x0000000095400000| Untracked 
| 341|0x0000000095500000, 0x0000000095500000, 0x0000000095600000|  0%| F|  |TAMS 0x0000000095500000, 0x0000000095500000| Untracked 
| 342|0x0000000095600000, 0x0000000095600000, 0x0000000095700000|  0%| F|  |TAMS 0x0000000095600000, 0x0000000095600000| Untracked 
| 343|0x0000000095700000, 0x0000000095700000, 0x0000000095800000|  0%| F|  |TAMS 0x0000000095700000, 0x0000000095700000| Untracked 
| 344|0x0000000095800000, 0x0000000095800000, 0x0000000095900000|  0%| F|  |TAMS 0x0000000095800000, 0x0000000095800000| Untracked 
| 345|0x0000000095900000, 0x0000000095900000, 0x0000000095a00000|  0%| F|  |TAMS 0x0000000095900000, 0x0000000095900000| Untracked 
| 346|0x0000000095a00000, 0x0000000095a00000, 0x0000000095b00000|  0%| F|  |TAMS 0x0000000095a00000, 0x0000000095a00000| Untracked 
| 347|0x0000000095b00000, 0x0000000095b00000, 0x0000000095c00000|  0%| F|  |TAMS 0x0000000095b00000, 0x0000000095b00000| Untracked 
| 348|0x0000000095c00000, 0x0000000095c00000, 0x0000000095d00000|  0%| F|  |TAMS 0x0000000095c00000, 0x0000000095c00000| Untracked 
| 349|0x0000000095d00000, 0x0000000095d00000, 0x0000000095e00000|  0%| F|  |TAMS 0x0000000095d00000, 0x0000000095d00000| Untracked 
| 350|0x0000000095e00000, 0x0000000095e00000, 0x0000000095f00000|  0%| F|  |TAMS 0x0000000095e00000, 0x0000000095e00000| Untracked 
| 351|0x0000000095f00000, 0x0000000095f00000, 0x0000000096000000|  0%| F|  |TAMS 0x0000000095f00000, 0x0000000095f00000| Untracked 
| 352|0x0000000096000000, 0x0000000096000000, 0x0000000096100000|  0%| F|  |TAMS 0x0000000096000000, 0x0000000096000000| Untracked 
| 353|0x0000000096100000, 0x0000000096100000, 0x0000000096200000|  0%| F|  |TAMS 0x0000000096100000, 0x0000000096100000| Untracked 
| 354|0x0000000096200000, 0x0000000096200000, 0x0000000096300000|  0%| F|  |TAMS 0x0000000096200000, 0x0000000096200000| Untracked 
| 355|0x0000000096300000, 0x0000000096300000, 0x0000000096400000|  0%| F|  |TAMS 0x0000000096300000, 0x0000000096300000| Untracked 
| 356|0x0000000096400000, 0x0000000096400000, 0x0000000096500000|  0%| F|  |TAMS 0x0000000096400000, 0x0000000096400000| Untracked 
| 357|0x0000000096500000, 0x0000000096500000, 0x0000000096600000|  0%| F|  |TAMS 0x0000000096500000, 0x0000000096500000| Untracked 
| 358|0x0000000096600000, 0x0000000096600000, 0x0000000096700000|  0%| F|  |TAMS 0x0000000096600000, 0x0000000096600000| Untracked 
| 359|0x0000000096700000, 0x0000000096700000, 0x0000000096800000|  0%| F|  |TAMS 0x0000000096700000, 0x0000000096700000| Untracked 
| 360|0x0000000096800000, 0x0000000096800000, 0x0000000096900000|  0%| F|  |TAMS 0x0000000096800000, 0x0000000096800000| Untracked 
| 361|0x0000000096900000, 0x0000000096900000, 0x0000000096a00000|  0%| F|  |TAMS 0x0000000096900000, 0x0000000096900000| Untracked 
| 362|0x0000000096a00000, 0x0000000096a00000, 0x0000000096b00000|  0%| F|  |TAMS 0x0000000096a00000, 0x0000000096a00000| Untracked 
| 363|0x0000000096b00000, 0x0000000096b00000, 0x0000000096c00000|  0%| F|  |TAMS 0x0000000096b00000, 0x0000000096b00000| Untracked 
| 364|0x0000000096c00000, 0x0000000096c00000, 0x0000000096d00000|  0%| F|  |TAMS 0x0000000096c00000, 0x0000000096c00000| Untracked 
| 365|0x0000000096d00000, 0x0000000096d00000, 0x0000000096e00000|  0%| F|  |TAMS 0x0000000096d00000, 0x0000000096d00000| Untracked 
| 366|0x0000000096e00000, 0x0000000096e00000, 0x0000000096f00000|  0%| F|  |TAMS 0x0000000096e00000, 0x0000000096e00000| Untracked 
| 367|0x0000000096f00000, 0x0000000096f00000, 0x0000000097000000|  0%| F|  |TAMS 0x0000000096f00000, 0x0000000096f00000| Untracked 
| 368|0x0000000097000000, 0x0000000097000000, 0x0000000097100000|  0%| F|  |TAMS 0x0000000097000000, 0x0000000097000000| Untracked 
| 369|0x0000000097100000, 0x0000000097100000, 0x0000000097200000|  0%| F|  |TAMS 0x0000000097100000, 0x0000000097100000| Untracked 
| 370|0x0000000097200000, 0x0000000097200000, 0x0000000097300000|  0%| F|  |TAMS 0x0000000097200000, 0x0000000097200000| Untracked 
| 371|0x0000000097300000, 0x0000000097300000, 0x0000000097400000|  0%| F|  |TAMS 0x0000000097300000, 0x0000000097300000| Untracked 
| 372|0x0000000097400000, 0x0000000097400000, 0x0000000097500000|  0%| F|  |TAMS 0x0000000097400000, 0x0000000097400000| Untracked 
| 373|0x0000000097500000, 0x0000000097500000, 0x0000000097600000|  0%| F|  |TAMS 0x0000000097500000, 0x0000000097500000| Untracked 
| 374|0x0000000097600000, 0x0000000097600000, 0x0000000097700000|  0%| F|  |TAMS 0x0000000097600000, 0x0000000097600000| Untracked 
| 375|0x0000000097700000, 0x0000000097700000, 0x0000000097800000|  0%| F|  |TAMS 0x0000000097700000, 0x0000000097700000| Untracked 
| 376|0x0000000097800000, 0x0000000097800000, 0x0000000097900000|  0%| F|  |TAMS 0x0000000097800000, 0x0000000097800000| Untracked 
| 377|0x0000000097900000, 0x0000000097900000, 0x0000000097a00000|  0%| F|  |TAMS 0x0000000097900000, 0x0000000097900000| Untracked 
| 378|0x0000000097a00000, 0x0000000097a00000, 0x0000000097b00000|  0%| F|  |TAMS 0x0000000097a00000, 0x0000000097a00000| Untracked 
| 379|0x0000000097b00000, 0x0000000097b00000, 0x0000000097c00000|  0%| F|  |TAMS 0x0000000097b00000, 0x0000000097b00000| Untracked 
| 380|0x0000000097c00000, 0x0000000097c00000, 0x0000000097d00000|  0%| F|  |TAMS 0x0000000097c00000, 0x0000000097c00000| Untracked 
| 381|0x0000000097d00000, 0x0000000097d00000, 0x0000000097e00000|  0%| F|  |TAMS 0x0000000097d00000, 0x0000000097d00000| Untracked 
| 382|0x0000000097e00000, 0x0000000097e00000, 0x0000000097f00000|  0%| F|  |TAMS 0x0000000097e00000, 0x0000000097e00000| Untracked 
| 383|0x0000000097f00000, 0x0000000097f00000, 0x0000000098000000|  0%| F|  |TAMS 0x0000000097f00000, 0x0000000097f00000| Untracked 
| 384|0x0000000098000000, 0x0000000098000000, 0x0000000098100000|  0%| F|  |TAMS 0x0000000098000000, 0x0000000098000000| Untracked 
| 385|0x0000000098100000, 0x0000000098100000, 0x0000000098200000|  0%| F|  |TAMS 0x0000000098100000, 0x0000000098100000| Untracked 
| 386|0x0000000098200000, 0x0000000098200000, 0x0000000098300000|  0%| F|  |TAMS 0x0000000098200000, 0x0000000098200000| Untracked 
| 387|0x0000000098300000, 0x0000000098300000, 0x0000000098400000|  0%| F|  |TAMS 0x0000000098300000, 0x0000000098300000| Untracked 
| 388|0x0000000098400000, 0x0000000098400000, 0x0000000098500000|  0%| F|  |TAMS 0x0000000098400000, 0x0000000098400000| Untracked 
| 389|0x0000000098500000, 0x0000000098500000, 0x0000000098600000|  0%| F|  |TAMS 0x0000000098500000, 0x0000000098500000| Untracked 
| 390|0x0000000098600000, 0x0000000098600000, 0x0000000098700000|  0%| F|  |TAMS 0x0000000098600000, 0x0000000098600000| Untracked 
| 391|0x0000000098700000, 0x0000000098700000, 0x0000000098800000|  0%| F|  |TAMS 0x0000000098700000, 0x0000000098700000| Untracked 
| 392|0x0000000098800000, 0x0000000098800000, 0x0000000098900000|  0%| F|  |TAMS 0x0000000098800000, 0x0000000098800000| Untracked 
| 393|0x0000000098900000, 0x0000000098900000, 0x0000000098a00000|  0%| F|  |TAMS 0x0000000098900000, 0x0000000098900000| Untracked 
| 394|0x0000000098a00000, 0x0000000098a00000, 0x0000000098b00000|  0%| F|  |TAMS 0x0000000098a00000, 0x0000000098a00000| Untracked 
| 395|0x0000000098b00000, 0x0000000098b00000, 0x0000000098c00000|  0%| F|  |TAMS 0x0000000098b00000, 0x0000000098b00000| Untracked 
| 396|0x0000000098c00000, 0x0000000098c00000, 0x0000000098d00000|  0%| F|  |TAMS 0x0000000098c00000, 0x0000000098c00000| Untracked 
| 397|0x0000000098d00000, 0x0000000098d00000, 0x0000000098e00000|  0%| F|  |TAMS 0x0000000098d00000, 0x0000000098d00000| Untracked 
| 398|0x0000000098e00000, 0x0000000098e00000, 0x0000000098f00000|  0%| F|  |TAMS 0x0000000098e00000, 0x0000000098e00000| Untracked 
| 399|0x0000000098f00000, 0x0000000098f00000, 0x0000000099000000|  0%| F|  |TAMS 0x0000000098f00000, 0x0000000098f00000| Untracked 
| 400|0x0000000099000000, 0x0000000099000000, 0x0000000099100000|  0%| F|  |TAMS 0x0000000099000000, 0x0000000099000000| Untracked 
| 401|0x0000000099100000, 0x0000000099100000, 0x0000000099200000|  0%| F|  |TAMS 0x0000000099100000, 0x0000000099100000| Untracked 
| 402|0x0000000099200000, 0x0000000099200000, 0x0000000099300000|  0%| F|  |TAMS 0x0000000099200000, 0x0000000099200000| Untracked 
| 403|0x0000000099300000, 0x0000000099300000, 0x0000000099400000|  0%| F|  |TAMS 0x0000000099300000, 0x0000000099300000| Untracked 
| 404|0x0000000099400000, 0x0000000099400000, 0x0000000099500000|  0%| F|  |TAMS 0x0000000099400000, 0x0000000099400000| Untracked 
| 405|0x0000000099500000, 0x0000000099500000, 0x0000000099600000|  0%| F|  |TAMS 0x0000000099500000, 0x0000000099500000| Untracked 
| 406|0x0000000099600000, 0x0000000099600000, 0x0000000099700000|  0%| F|  |TAMS 0x0000000099600000, 0x0000000099600000| Untracked 
| 407|0x0000000099700000, 0x0000000099700000, 0x0000000099800000|  0%| F|  |TAMS 0x0000000099700000, 0x0000000099700000| Untracked 
| 408|0x0000000099800000, 0x0000000099800000, 0x0000000099900000|  0%| F|  |TAMS 0x0000000099800000, 0x0000000099800000| Untracked 
| 409|0x0000000099900000, 0x0000000099900000, 0x0000000099a00000|  0%| F|  |TAMS 0x0000000099900000, 0x0000000099900000| Untracked 
| 410|0x0000000099a00000, 0x0000000099a00000, 0x0000000099b00000|  0%| F|  |TAMS 0x0000000099a00000, 0x0000000099a00000| Untracked 
| 411|0x0000000099b00000, 0x0000000099b00000, 0x0000000099c00000|  0%| F|  |TAMS 0x0000000099b00000, 0x0000000099b00000| Untracked 
| 412|0x0000000099c00000, 0x0000000099c00000, 0x0000000099d00000|  0%| F|  |TAMS 0x0000000099c00000, 0x0000000099c00000| Untracked 
| 413|0x0000000099d00000, 0x0000000099d00000, 0x0000000099e00000|  0%| F|  |TAMS 0x0000000099d00000, 0x0000000099d00000| Untracked 
| 414|0x0000000099e00000, 0x0000000099e00000, 0x0000000099f00000|  0%| F|  |TAMS 0x0000000099e00000, 0x0000000099e00000| Untracked 
| 415|0x0000000099f00000, 0x0000000099f00000, 0x000000009a000000|  0%| F|  |TAMS 0x0000000099f00000, 0x0000000099f00000| Untracked 
| 416|0x000000009a000000, 0x000000009a000000, 0x000000009a100000|  0%| F|  |TAMS 0x000000009a000000, 0x000000009a000000| Untracked 
| 417|0x000000009a100000, 0x000000009a100000, 0x000000009a200000|  0%| F|  |TAMS 0x000000009a100000, 0x000000009a100000| Untracked 
| 418|0x000000009a200000, 0x000000009a200000, 0x000000009a300000|  0%| F|  |TAMS 0x000000009a200000, 0x000000009a200000| Untracked 
| 419|0x000000009a300000, 0x000000009a300000, 0x000000009a400000|  0%| F|  |TAMS 0x000000009a300000, 0x000000009a300000| Untracked 
| 420|0x000000009a400000, 0x000000009a400000, 0x000000009a500000|  0%| F|  |TAMS 0x000000009a400000, 0x000000009a400000| Untracked 
| 421|0x000000009a500000, 0x000000009a500000, 0x000000009a600000|  0%| F|  |TAMS 0x000000009a500000, 0x000000009a500000| Untracked 
| 422|0x000000009a600000, 0x000000009a600000, 0x000000009a700000|  0%| F|  |TAMS 0x000000009a600000, 0x000000009a600000| Untracked 
| 423|0x000000009a700000, 0x000000009a700000, 0x000000009a800000|  0%| F|  |TAMS 0x000000009a700000, 0x000000009a700000| Untracked 
| 424|0x000000009a800000, 0x000000009a800000, 0x000000009a900000|  0%| F|  |TAMS 0x000000009a800000, 0x000000009a800000| Untracked 
| 425|0x000000009a900000, 0x000000009a900000, 0x000000009aa00000|  0%| F|  |TAMS 0x000000009a900000, 0x000000009a900000| Untracked 
| 426|0x000000009aa00000, 0x000000009aa00000, 0x000000009ab00000|  0%| F|  |TAMS 0x000000009aa00000, 0x000000009aa00000| Untracked 
| 427|0x000000009ab00000, 0x000000009ab00000, 0x000000009ac00000|  0%| F|  |TAMS 0x000000009ab00000, 0x000000009ab00000| Untracked 
| 428|0x000000009ac00000, 0x000000009ac00000, 0x000000009ad00000|  0%| F|  |TAMS 0x000000009ac00000, 0x000000009ac00000| Untracked 
| 429|0x000000009ad00000, 0x000000009ad00000, 0x000000009ae00000|  0%| F|  |TAMS 0x000000009ad00000, 0x000000009ad00000| Untracked 
| 430|0x000000009ae00000, 0x000000009ae00000, 0x000000009af00000|  0%| F|  |TAMS 0x000000009ae00000, 0x000000009ae00000| Untracked 
| 431|0x000000009af00000, 0x000000009af00000, 0x000000009b000000|  0%| F|  |TAMS 0x000000009af00000, 0x000000009af00000| Untracked 
| 432|0x000000009b000000, 0x000000009b000000, 0x000000009b100000|  0%| F|  |TAMS 0x000000009b000000, 0x000000009b000000| Untracked 
| 433|0x000000009b100000, 0x000000009b100000, 0x000000009b200000|  0%| F|  |TAMS 0x000000009b100000, 0x000000009b100000| Untracked 
| 434|0x000000009b200000, 0x000000009b200000, 0x000000009b300000|  0%| F|  |TAMS 0x000000009b200000, 0x000000009b200000| Untracked 
| 435|0x000000009b300000, 0x000000009b300000, 0x000000009b400000|  0%| F|  |TAMS 0x000000009b300000, 0x000000009b300000| Untracked 
| 436|0x000000009b400000, 0x000000009b400000, 0x000000009b500000|  0%| F|  |TAMS 0x000000009b400000, 0x000000009b400000| Untracked 
| 437|0x000000009b500000, 0x000000009b500000, 0x000000009b600000|  0%| F|  |TAMS 0x000000009b500000, 0x000000009b500000| Untracked 
| 438|0x000000009b600000, 0x000000009b600000, 0x000000009b700000|  0%| F|  |TAMS 0x000000009b600000, 0x000000009b600000| Untracked 
| 439|0x000000009b700000, 0x000000009b700000, 0x000000009b800000|  0%| F|  |TAMS 0x000000009b700000, 0x000000009b700000| Untracked 
| 440|0x000000009b800000, 0x000000009b800000, 0x000000009b900000|  0%| F|  |TAMS 0x000000009b800000, 0x000000009b800000| Untracked 
| 441|0x000000009b900000, 0x000000009b900000, 0x000000009ba00000|  0%| F|  |TAMS 0x000000009b900000, 0x000000009b900000| Untracked 
| 442|0x000000009ba00000, 0x000000009ba00000, 0x000000009bb00000|  0%| F|  |TAMS 0x000000009ba00000, 0x000000009ba00000| Untracked 
| 443|0x000000009bb00000, 0x000000009bb00000, 0x000000009bc00000|  0%| F|  |TAMS 0x000000009bb00000, 0x000000009bb00000| Untracked 
| 444|0x000000009bc00000, 0x000000009bc00000, 0x000000009bd00000|  0%| F|  |TAMS 0x000000009bc00000, 0x000000009bc00000| Untracked 
| 445|0x000000009bd00000, 0x000000009bd00000, 0x000000009be00000|  0%| F|  |TAMS 0x000000009bd00000, 0x000000009bd00000| Untracked 
| 446|0x000000009be00000, 0x000000009be00000, 0x000000009bf00000|  0%| F|  |TAMS 0x000000009be00000, 0x000000009be00000| Untracked 
| 447|0x000000009bf00000, 0x000000009bf00000, 0x000000009c000000|  0%| F|  |TAMS 0x000000009bf00000, 0x000000009bf00000| Untracked 
| 448|0x000000009c000000, 0x000000009c000000, 0x000000009c100000|  0%| F|  |TAMS 0x000000009c000000, 0x000000009c000000| Untracked 
| 449|0x000000009c100000, 0x000000009c100000, 0x000000009c200000|  0%| F|  |TAMS 0x000000009c100000, 0x000000009c100000| Untracked 
| 450|0x000000009c200000, 0x000000009c200000, 0x000000009c300000|  0%| F|  |TAMS 0x000000009c200000, 0x000000009c200000| Untracked 
| 451|0x000000009c300000, 0x000000009c300000, 0x000000009c400000|  0%| F|  |TAMS 0x000000009c300000, 0x000000009c300000| Untracked 
| 452|0x000000009c400000, 0x000000009c400000, 0x000000009c500000|  0%| F|  |TAMS 0x000000009c400000, 0x000000009c400000| Untracked 
| 453|0x000000009c500000, 0x000000009c500000, 0x000000009c600000|  0%| F|  |TAMS 0x000000009c500000, 0x000000009c500000| Untracked 
| 454|0x000000009c600000, 0x000000009c600000, 0x000000009c700000|  0%| F|  |TAMS 0x000000009c600000, 0x000000009c600000| Untracked 
| 455|0x000000009c700000, 0x000000009c7b2330, 0x000000009c800000| 69%| S|CS|TAMS 0x000000009c700000, 0x000000009c700000| Complete 
| 456|0x000000009c800000, 0x000000009c900000, 0x000000009c900000|100%| S|CS|TAMS 0x000000009c800000, 0x000000009c800000| Complete 
| 457|0x000000009c900000, 0x000000009ca00000, 0x000000009ca00000|100%| S|CS|TAMS 0x000000009c900000, 0x000000009c900000| Complete 
| 458|0x000000009ca00000, 0x000000009cb00000, 0x000000009cb00000|100%| S|CS|TAMS 0x000000009ca00000, 0x000000009ca00000| Complete 
| 459|0x000000009cb00000, 0x000000009cc00000, 0x000000009cc00000|100%| S|CS|TAMS 0x000000009cb00000, 0x000000009cb00000| Complete 
| 460|0x000000009cc00000, 0x000000009cd00000, 0x000000009cd00000|100%| S|CS|TAMS 0x000000009cc00000, 0x000000009cc00000| Complete 
| 461|0x000000009cd00000, 0x000000009cd00000, 0x000000009ce00000|  0%| F|  |TAMS 0x000000009cd00000, 0x000000009cd00000| Untracked 
| 462|0x000000009ce00000, 0x000000009ce00000, 0x000000009cf00000|  0%| F|  |TAMS 0x000000009ce00000, 0x000000009ce00000| Untracked 
| 463|0x000000009cf00000, 0x000000009cf00000, 0x000000009d000000|  0%| F|  |TAMS 0x000000009cf00000, 0x000000009cf00000| Untracked 
| 464|0x000000009d000000, 0x000000009d000000, 0x000000009d100000|  0%| F|  |TAMS 0x000000009d000000, 0x000000009d000000| Untracked 
| 465|0x000000009d100000, 0x000000009d100000, 0x000000009d200000|  0%| F|  |TAMS 0x000000009d100000, 0x000000009d100000| Untracked 
| 466|0x000000009d200000, 0x000000009d200000, 0x000000009d300000|  0%| F|  |TAMS 0x000000009d200000, 0x000000009d200000| Untracked 
| 467|0x000000009d300000, 0x000000009d300000, 0x000000009d400000|  0%| F|  |TAMS 0x000000009d300000, 0x000000009d300000| Untracked 
| 468|0x000000009d400000, 0x000000009d400000, 0x000000009d500000|  0%| F|  |TAMS 0x000000009d400000, 0x000000009d400000| Untracked 
| 469|0x000000009d500000, 0x000000009d500000, 0x000000009d600000|  0%| F|  |TAMS 0x000000009d500000, 0x000000009d500000| Untracked 
| 470|0x000000009d600000, 0x000000009d600000, 0x000000009d700000|  0%| F|  |TAMS 0x000000009d600000, 0x000000009d600000| Untracked 
| 471|0x000000009d700000, 0x000000009d700000, 0x000000009d800000|  0%| F|  |TAMS 0x000000009d700000, 0x000000009d700000| Untracked 
| 472|0x000000009d800000, 0x000000009d800000, 0x000000009d900000|  0%| F|  |TAMS 0x000000009d800000, 0x000000009d800000| Untracked 
| 473|0x000000009d900000, 0x000000009d900000, 0x000000009da00000|  0%| F|  |TAMS 0x000000009d900000, 0x000000009d900000| Untracked 
| 474|0x000000009da00000, 0x000000009da00000, 0x000000009db00000|  0%| F|  |TAMS 0x000000009da00000, 0x000000009da00000| Untracked 
| 475|0x000000009db00000, 0x000000009db00000, 0x000000009dc00000|  0%| F|  |TAMS 0x000000009db00000, 0x000000009db00000| Untracked 
| 476|0x000000009dc00000, 0x000000009dc00000, 0x000000009dd00000|  0%| F|  |TAMS 0x000000009dc00000, 0x000000009dc00000| Untracked 
| 477|0x000000009dd00000, 0x000000009dd00000, 0x000000009de00000|  0%| F|  |TAMS 0x000000009dd00000, 0x000000009dd00000| Untracked 
| 478|0x000000009de00000, 0x000000009de00000, 0x000000009df00000|  0%| F|  |TAMS 0x000000009de00000, 0x000000009de00000| Untracked 
| 479|0x000000009df00000, 0x000000009df00000, 0x000000009e000000|  0%| F|  |TAMS 0x000000009df00000, 0x000000009df00000| Untracked 
| 480|0x000000009e000000, 0x000000009e000000, 0x000000009e100000|  0%| F|  |TAMS 0x000000009e000000, 0x000000009e000000| Untracked 
| 481|0x000000009e100000, 0x000000009e100000, 0x000000009e200000|  0%| F|  |TAMS 0x000000009e100000, 0x000000009e100000| Untracked 
| 482|0x000000009e200000, 0x000000009e200000, 0x000000009e300000|  0%| F|  |TAMS 0x000000009e200000, 0x000000009e200000| Untracked 
| 483|0x000000009e300000, 0x000000009e300000, 0x000000009e400000|  0%| F|  |TAMS 0x000000009e300000, 0x000000009e300000| Untracked 
| 484|0x000000009e400000, 0x000000009e400000, 0x000000009e500000|  0%| F|  |TAMS 0x000000009e400000, 0x000000009e400000| Untracked 
| 485|0x000000009e500000, 0x000000009e500000, 0x000000009e600000|  0%| F|  |TAMS 0x000000009e500000, 0x000000009e500000| Untracked 
| 486|0x000000009e600000, 0x000000009e600000, 0x000000009e700000|  0%| F|  |TAMS 0x000000009e600000, 0x000000009e600000| Untracked 
| 487|0x000000009e700000, 0x000000009e700000, 0x000000009e800000|  0%| F|  |TAMS 0x000000009e700000, 0x000000009e700000| Untracked 
| 488|0x000000009e800000, 0x000000009e800000, 0x000000009e900000|  0%| F|  |TAMS 0x000000009e800000, 0x000000009e800000| Untracked 
| 489|0x000000009e900000, 0x000000009e900000, 0x000000009ea00000|  0%| F|  |TAMS 0x000000009e900000, 0x000000009e900000| Untracked 
| 490|0x000000009ea00000, 0x000000009ea00000, 0x000000009eb00000|  0%| F|  |TAMS 0x000000009ea00000, 0x000000009ea00000| Untracked 
| 491|0x000000009eb00000, 0x000000009eb00000, 0x000000009ec00000|  0%| F|  |TAMS 0x000000009eb00000, 0x000000009eb00000| Untracked 
| 492|0x000000009ec00000, 0x000000009ec00000, 0x000000009ed00000|  0%| F|  |TAMS 0x000000009ec00000, 0x000000009ec00000| Untracked 
| 493|0x000000009ed00000, 0x000000009ed00000, 0x000000009ee00000|  0%| F|  |TAMS 0x000000009ed00000, 0x000000009ed00000| Untracked 
| 494|0x000000009ee00000, 0x000000009ee00000, 0x000000009ef00000|  0%| F|  |TAMS 0x000000009ee00000, 0x000000009ee00000| Untracked 
| 495|0x000000009ef00000, 0x000000009ef00000, 0x000000009f000000|  0%| F|  |TAMS 0x000000009ef00000, 0x000000009ef00000| Untracked 
| 496|0x000000009f000000, 0x000000009f000000, 0x000000009f100000|  0%| F|  |TAMS 0x000000009f000000, 0x000000009f000000| Untracked 
| 497|0x000000009f100000, 0x000000009f100000, 0x000000009f200000|  0%| F|  |TAMS 0x000000009f100000, 0x000000009f100000| Untracked 
| 498|0x000000009f200000, 0x000000009f200000, 0x000000009f300000|  0%| F|  |TAMS 0x000000009f200000, 0x000000009f200000| Untracked 
| 499|0x000000009f300000, 0x000000009f300000, 0x000000009f400000|  0%| F|  |TAMS 0x000000009f300000, 0x000000009f300000| Untracked 
| 500|0x000000009f400000, 0x000000009f400000, 0x000000009f500000|  0%| F|  |TAMS 0x000000009f400000, 0x000000009f400000| Untracked 
| 501|0x000000009f500000, 0x000000009f500000, 0x000000009f600000|  0%| F|  |TAMS 0x000000009f500000, 0x000000009f500000| Untracked 
| 502|0x000000009f600000, 0x000000009f600000, 0x000000009f700000|  0%| F|  |TAMS 0x000000009f600000, 0x000000009f600000| Untracked 
| 503|0x000000009f700000, 0x000000009f700000, 0x000000009f800000|  0%| F|  |TAMS 0x000000009f700000, 0x000000009f700000| Untracked 
| 504|0x000000009f800000, 0x000000009f800000, 0x000000009f900000|  0%| F|  |TAMS 0x000000009f800000, 0x000000009f800000| Untracked 
| 505|0x000000009f900000, 0x000000009f900000, 0x000000009fa00000|  0%| F|  |TAMS 0x000000009f900000, 0x000000009f900000| Untracked 
| 506|0x000000009fa00000, 0x000000009fa00000, 0x000000009fb00000|  0%| F|  |TAMS 0x000000009fa00000, 0x000000009fa00000| Untracked 
| 507|0x000000009fb00000, 0x000000009fb00000, 0x000000009fc00000|  0%| F|  |TAMS 0x000000009fb00000, 0x000000009fb00000| Untracked 
| 508|0x000000009fc00000, 0x000000009fc00000, 0x000000009fd00000|  0%| F|  |TAMS 0x000000009fc00000, 0x000000009fc00000| Untracked 
| 509|0x000000009fd00000, 0x000000009fd00000, 0x000000009fe00000|  0%| F|  |TAMS 0x000000009fd00000, 0x000000009fd00000| Untracked 
| 510|0x000000009fe00000, 0x000000009fe00000, 0x000000009ff00000|  0%| F|  |TAMS 0x000000009fe00000, 0x000000009fe00000| Untracked 
| 511|0x000000009ff00000, 0x000000009ff00000, 0x00000000a0000000|  0%| F|  |TAMS 0x000000009ff00000, 0x000000009ff00000| Untracked 
| 512|0x00000000a0000000, 0x00000000a0000000, 0x00000000a0100000|  0%| F|  |TAMS 0x00000000a0000000, 0x00000000a0000000| Untracked 
| 513|0x00000000a0100000, 0x00000000a0100000, 0x00000000a0200000|  0%| F|  |TAMS 0x00000000a0100000, 0x00000000a0100000| Untracked 
| 514|0x00000000a0200000, 0x00000000a0200000, 0x00000000a0300000|  0%| F|  |TAMS 0x00000000a0200000, 0x00000000a0200000| Untracked 
| 515|0x00000000a0300000, 0x00000000a0300000, 0x00000000a0400000|  0%| F|  |TAMS 0x00000000a0300000, 0x00000000a0300000| Untracked 
| 516|0x00000000a0400000, 0x00000000a0400000, 0x00000000a0500000|  0%| F|  |TAMS 0x00000000a0400000, 0x00000000a0400000| Untracked 
| 517|0x00000000a0500000, 0x00000000a0500000, 0x00000000a0600000|  0%| F|  |TAMS 0x00000000a0500000, 0x00000000a0500000| Untracked 
| 518|0x00000000a0600000, 0x00000000a0600000, 0x00000000a0700000|  0%| F|  |TAMS 0x00000000a0600000, 0x00000000a0600000| Untracked 
| 519|0x00000000a0700000, 0x00000000a0700000, 0x00000000a0800000|  0%| F|  |TAMS 0x00000000a0700000, 0x00000000a0700000| Untracked 
| 520|0x00000000a0800000, 0x00000000a0800000, 0x00000000a0900000|  0%| F|  |TAMS 0x00000000a0800000, 0x00000000a0800000| Untracked 
| 521|0x00000000a0900000, 0x00000000a0900000, 0x00000000a0a00000|  0%| F|  |TAMS 0x00000000a0900000, 0x00000000a0900000| Untracked 
| 522|0x00000000a0a00000, 0x00000000a0a00000, 0x00000000a0b00000|  0%| F|  |TAMS 0x00000000a0a00000, 0x00000000a0a00000| Untracked 
| 523|0x00000000a0b00000, 0x00000000a0b00000, 0x00000000a0c00000|  0%| F|  |TAMS 0x00000000a0b00000, 0x00000000a0b00000| Untracked 
| 524|0x00000000a0c00000, 0x00000000a0c00000, 0x00000000a0d00000|  0%| F|  |TAMS 0x00000000a0c00000, 0x00000000a0c00000| Untracked 
| 525|0x00000000a0d00000, 0x00000000a0d00000, 0x00000000a0e00000|  0%| F|  |TAMS 0x00000000a0d00000, 0x00000000a0d00000| Untracked 
| 526|0x00000000a0e00000, 0x00000000a0e00000, 0x00000000a0f00000|  0%| F|  |TAMS 0x00000000a0e00000, 0x00000000a0e00000| Untracked 
| 527|0x00000000a0f00000, 0x00000000a0f00000, 0x00000000a1000000|  0%| F|  |TAMS 0x00000000a0f00000, 0x00000000a0f00000| Untracked 
| 528|0x00000000a1000000, 0x00000000a1000000, 0x00000000a1100000|  0%| F|  |TAMS 0x00000000a1000000, 0x00000000a1000000| Untracked 
| 529|0x00000000a1100000, 0x00000000a1100000, 0x00000000a1200000|  0%| F|  |TAMS 0x00000000a1100000, 0x00000000a1100000| Untracked 
| 530|0x00000000a1200000, 0x00000000a1200000, 0x00000000a1300000|  0%| F|  |TAMS 0x00000000a1200000, 0x00000000a1200000| Untracked 
| 531|0x00000000a1300000, 0x00000000a1300000, 0x00000000a1400000|  0%| F|  |TAMS 0x00000000a1300000, 0x00000000a1300000| Untracked 
| 532|0x00000000a1400000, 0x00000000a1400000, 0x00000000a1500000|  0%| F|  |TAMS 0x00000000a1400000, 0x00000000a1400000| Untracked 
| 533|0x00000000a1500000, 0x00000000a1500000, 0x00000000a1600000|  0%| F|  |TAMS 0x00000000a1500000, 0x00000000a1500000| Untracked 
| 534|0x00000000a1600000, 0x00000000a1600000, 0x00000000a1700000|  0%| F|  |TAMS 0x00000000a1600000, 0x00000000a1600000| Untracked 
| 535|0x00000000a1700000, 0x00000000a1700000, 0x00000000a1800000|  0%| F|  |TAMS 0x00000000a1700000, 0x00000000a1700000| Untracked 
| 536|0x00000000a1800000, 0x00000000a1800000, 0x00000000a1900000|  0%| F|  |TAMS 0x00000000a1800000, 0x00000000a1800000| Untracked 
| 537|0x00000000a1900000, 0x00000000a1900000, 0x00000000a1a00000|  0%| F|  |TAMS 0x00000000a1900000, 0x00000000a1900000| Untracked 
| 538|0x00000000a1a00000, 0x00000000a1a00000, 0x00000000a1b00000|  0%| F|  |TAMS 0x00000000a1a00000, 0x00000000a1a00000| Untracked 
| 539|0x00000000a1b00000, 0x00000000a1b00000, 0x00000000a1c00000|  0%| F|  |TAMS 0x00000000a1b00000, 0x00000000a1b00000| Untracked 
| 540|0x00000000a1c00000, 0x00000000a1c00000, 0x00000000a1d00000|  0%| F|  |TAMS 0x00000000a1c00000, 0x00000000a1c00000| Untracked 
| 541|0x00000000a1d00000, 0x00000000a1d00000, 0x00000000a1e00000|  0%| F|  |TAMS 0x00000000a1d00000, 0x00000000a1d00000| Untracked 
| 542|0x00000000a1e00000, 0x00000000a1e00000, 0x00000000a1f00000|  0%| F|  |TAMS 0x00000000a1e00000, 0x00000000a1e00000| Untracked 
| 543|0x00000000a1f00000, 0x00000000a1f00000, 0x00000000a2000000|  0%| F|  |TAMS 0x00000000a1f00000, 0x00000000a1f00000| Untracked 
| 544|0x00000000a2000000, 0x00000000a2000000, 0x00000000a2100000|  0%| F|  |TAMS 0x00000000a2000000, 0x00000000a2000000| Untracked 
| 545|0x00000000a2100000, 0x00000000a2100000, 0x00000000a2200000|  0%| F|  |TAMS 0x00000000a2100000, 0x00000000a2100000| Untracked 
| 546|0x00000000a2200000, 0x00000000a2200000, 0x00000000a2300000|  0%| F|  |TAMS 0x00000000a2200000, 0x00000000a2200000| Untracked 
| 547|0x00000000a2300000, 0x00000000a2300000, 0x00000000a2400000|  0%| F|  |TAMS 0x00000000a2300000, 0x00000000a2300000| Untracked 
| 548|0x00000000a2400000, 0x00000000a2400000, 0x00000000a2500000|  0%| F|  |TAMS 0x00000000a2400000, 0x00000000a2400000| Untracked 
| 549|0x00000000a2500000, 0x00000000a2500000, 0x00000000a2600000|  0%| F|  |TAMS 0x00000000a2500000, 0x00000000a2500000| Untracked 
| 550|0x00000000a2600000, 0x00000000a2600000, 0x00000000a2700000|  0%| F|  |TAMS 0x00000000a2600000, 0x00000000a2600000| Untracked 
| 551|0x00000000a2700000, 0x00000000a2700000, 0x00000000a2800000|  0%| F|  |TAMS 0x00000000a2700000, 0x00000000a2700000| Untracked 
| 552|0x00000000a2800000, 0x00000000a2800000, 0x00000000a2900000|  0%| F|  |TAMS 0x00000000a2800000, 0x00000000a2800000| Untracked 
| 553|0x00000000a2900000, 0x00000000a2900000, 0x00000000a2a00000|  0%| F|  |TAMS 0x00000000a2900000, 0x00000000a2900000| Untracked 
| 554|0x00000000a2a00000, 0x00000000a2a00000, 0x00000000a2b00000|  0%| F|  |TAMS 0x00000000a2a00000, 0x00000000a2a00000| Untracked 
| 555|0x00000000a2b00000, 0x00000000a2b00000, 0x00000000a2c00000|  0%| F|  |TAMS 0x00000000a2b00000, 0x00000000a2b00000| Untracked 
| 556|0x00000000a2c00000, 0x00000000a2c00000, 0x00000000a2d00000|  0%| F|  |TAMS 0x00000000a2c00000, 0x00000000a2c00000| Untracked 
| 557|0x00000000a2d00000, 0x00000000a2d00000, 0x00000000a2e00000|  0%| F|  |TAMS 0x00000000a2d00000, 0x00000000a2d00000| Untracked 
| 558|0x00000000a2e00000, 0x00000000a2e00000, 0x00000000a2f00000|  0%| F|  |TAMS 0x00000000a2e00000, 0x00000000a2e00000| Untracked 
| 559|0x00000000a2f00000, 0x00000000a2f00000, 0x00000000a3000000|  0%| F|  |TAMS 0x00000000a2f00000, 0x00000000a2f00000| Untracked 
| 560|0x00000000a3000000, 0x00000000a3000000, 0x00000000a3100000|  0%| F|  |TAMS 0x00000000a3000000, 0x00000000a3000000| Untracked 
| 561|0x00000000a3100000, 0x00000000a3100000, 0x00000000a3200000|  0%| F|  |TAMS 0x00000000a3100000, 0x00000000a3100000| Untracked 
| 562|0x00000000a3200000, 0x00000000a3200000, 0x00000000a3300000|  0%| F|  |TAMS 0x00000000a3200000, 0x00000000a3200000| Untracked 
| 563|0x00000000a3300000, 0x00000000a3300000, 0x00000000a3400000|  0%| F|  |TAMS 0x00000000a3300000, 0x00000000a3300000| Untracked 
| 564|0x00000000a3400000, 0x00000000a3400000, 0x00000000a3500000|  0%| F|  |TAMS 0x00000000a3400000, 0x00000000a3400000| Untracked 
| 565|0x00000000a3500000, 0x00000000a3500000, 0x00000000a3600000|  0%| F|  |TAMS 0x00000000a3500000, 0x00000000a3500000| Untracked 
| 566|0x00000000a3600000, 0x00000000a3600000, 0x00000000a3700000|  0%| F|  |TAMS 0x00000000a3600000, 0x00000000a3600000| Untracked 
| 567|0x00000000a3700000, 0x00000000a3700000, 0x00000000a3800000|  0%| F|  |TAMS 0x00000000a3700000, 0x00000000a3700000| Untracked 
| 568|0x00000000a3800000, 0x00000000a3800000, 0x00000000a3900000|  0%| F|  |TAMS 0x00000000a3800000, 0x00000000a3800000| Untracked 
| 569|0x00000000a3900000, 0x00000000a3900000, 0x00000000a3a00000|  0%| F|  |TAMS 0x00000000a3900000, 0x00000000a3900000| Untracked 
| 570|0x00000000a3a00000, 0x00000000a3a00000, 0x00000000a3b00000|  0%| F|  |TAMS 0x00000000a3a00000, 0x00000000a3a00000| Untracked 
| 571|0x00000000a3b00000, 0x00000000a3b00000, 0x00000000a3c00000|  0%| F|  |TAMS 0x00000000a3b00000, 0x00000000a3b00000| Untracked 
| 572|0x00000000a3c00000, 0x00000000a3c00000, 0x00000000a3d00000|  0%| F|  |TAMS 0x00000000a3c00000, 0x00000000a3c00000| Untracked 
| 573|0x00000000a3d00000, 0x00000000a3d00000, 0x00000000a3e00000|  0%| F|  |TAMS 0x00000000a3d00000, 0x00000000a3d00000| Untracked 
| 574|0x00000000a3e00000, 0x00000000a3e00000, 0x00000000a3f00000|  0%| F|  |TAMS 0x00000000a3e00000, 0x00000000a3e00000| Untracked 
| 575|0x00000000a3f00000, 0x00000000a3f00000, 0x00000000a4000000|  0%| F|  |TAMS 0x00000000a3f00000, 0x00000000a3f00000| Untracked 
| 576|0x00000000a4000000, 0x00000000a4000000, 0x00000000a4100000|  0%| F|  |TAMS 0x00000000a4000000, 0x00000000a4000000| Untracked 
| 577|0x00000000a4100000, 0x00000000a4100000, 0x00000000a4200000|  0%| F|  |TAMS 0x00000000a4100000, 0x00000000a4100000| Untracked 
| 578|0x00000000a4200000, 0x00000000a4200000, 0x00000000a4300000|  0%| F|  |TAMS 0x00000000a4200000, 0x00000000a4200000| Untracked 
| 579|0x00000000a4300000, 0x00000000a4300000, 0x00000000a4400000|  0%| F|  |TAMS 0x00000000a4300000, 0x00000000a4300000| Untracked 
| 580|0x00000000a4400000, 0x00000000a4400000, 0x00000000a4500000|  0%| F|  |TAMS 0x00000000a4400000, 0x00000000a4400000| Untracked 
| 581|0x00000000a4500000, 0x00000000a4500000, 0x00000000a4600000|  0%| F|  |TAMS 0x00000000a4500000, 0x00000000a4500000| Untracked 
| 582|0x00000000a4600000, 0x00000000a4600000, 0x00000000a4700000|  0%| F|  |TAMS 0x00000000a4600000, 0x00000000a4600000| Untracked 
| 583|0x00000000a4700000, 0x00000000a4700000, 0x00000000a4800000|  0%| F|  |TAMS 0x00000000a4700000, 0x00000000a4700000| Untracked 
| 584|0x00000000a4800000, 0x00000000a4800000, 0x00000000a4900000|  0%| F|  |TAMS 0x00000000a4800000, 0x00000000a4800000| Untracked 
| 585|0x00000000a4900000, 0x00000000a4900000, 0x00000000a4a00000|  0%| F|  |TAMS 0x00000000a4900000, 0x00000000a4900000| Untracked 
| 586|0x00000000a4a00000, 0x00000000a4a00000, 0x00000000a4b00000|  0%| F|  |TAMS 0x00000000a4a00000, 0x00000000a4a00000| Untracked 
| 587|0x00000000a4b00000, 0x00000000a4b00000, 0x00000000a4c00000|  0%| F|  |TAMS 0x00000000a4b00000, 0x00000000a4b00000| Untracked 
| 588|0x00000000a4c00000, 0x00000000a4c00000, 0x00000000a4d00000|  0%| F|  |TAMS 0x00000000a4c00000, 0x00000000a4c00000| Untracked 
| 589|0x00000000a4d00000, 0x00000000a4d00000, 0x00000000a4e00000|  0%| F|  |TAMS 0x00000000a4d00000, 0x00000000a4d00000| Untracked 
| 590|0x00000000a4e00000, 0x00000000a4e00000, 0x00000000a4f00000|  0%| F|  |TAMS 0x00000000a4e00000, 0x00000000a4e00000| Untracked 
| 591|0x00000000a4f00000, 0x00000000a4f00000, 0x00000000a5000000|  0%| F|  |TAMS 0x00000000a4f00000, 0x00000000a4f00000| Untracked 
| 592|0x00000000a5000000, 0x00000000a5000000, 0x00000000a5100000|  0%| F|  |TAMS 0x00000000a5000000, 0x00000000a5000000| Untracked 
| 593|0x00000000a5100000, 0x00000000a5100000, 0x00000000a5200000|  0%| F|  |TAMS 0x00000000a5100000, 0x00000000a5100000| Untracked 
| 594|0x00000000a5200000, 0x00000000a5200000, 0x00000000a5300000|  0%| F|  |TAMS 0x00000000a5200000, 0x00000000a5200000| Untracked 
| 595|0x00000000a5300000, 0x00000000a5300000, 0x00000000a5400000|  0%| F|  |TAMS 0x00000000a5300000, 0x00000000a5300000| Untracked 
| 596|0x00000000a5400000, 0x00000000a5400000, 0x00000000a5500000|  0%| F|  |TAMS 0x00000000a5400000, 0x00000000a5400000| Untracked 
| 597|0x00000000a5500000, 0x00000000a5500000, 0x00000000a5600000|  0%| F|  |TAMS 0x00000000a5500000, 0x00000000a5500000| Untracked 
| 598|0x00000000a5600000, 0x00000000a5600000, 0x00000000a5700000|  0%| F|  |TAMS 0x00000000a5600000, 0x00000000a5600000| Untracked 
| 599|0x00000000a5700000, 0x00000000a5700000, 0x00000000a5800000|  0%| F|  |TAMS 0x00000000a5700000, 0x00000000a5700000| Untracked 
| 600|0x00000000a5800000, 0x00000000a5800000, 0x00000000a5900000|  0%| F|  |TAMS 0x00000000a5800000, 0x00000000a5800000| Untracked 
| 601|0x00000000a5900000, 0x00000000a5900000, 0x00000000a5a00000|  0%| F|  |TAMS 0x00000000a5900000, 0x00000000a5900000| Untracked 
| 602|0x00000000a5a00000, 0x00000000a5a00000, 0x00000000a5b00000|  0%| F|  |TAMS 0x00000000a5a00000, 0x00000000a5a00000| Untracked 
| 603|0x00000000a5b00000, 0x00000000a5b00000, 0x00000000a5c00000|  0%| F|  |TAMS 0x00000000a5b00000, 0x00000000a5b00000| Untracked 
| 604|0x00000000a5c00000, 0x00000000a5c00000, 0x00000000a5d00000|  0%| F|  |TAMS 0x00000000a5c00000, 0x00000000a5c00000| Untracked 
| 605|0x00000000a5d00000, 0x00000000a5d00000, 0x00000000a5e00000|  0%| F|  |TAMS 0x00000000a5d00000, 0x00000000a5d00000| Untracked 
| 606|0x00000000a5e00000, 0x00000000a5e00000, 0x00000000a5f00000|  0%| F|  |TAMS 0x00000000a5e00000, 0x00000000a5e00000| Untracked 
| 607|0x00000000a5f00000, 0x00000000a5f00000, 0x00000000a6000000|  0%| F|  |TAMS 0x00000000a5f00000, 0x00000000a5f00000| Untracked 
| 608|0x00000000a6000000, 0x00000000a6000000, 0x00000000a6100000|  0%| F|  |TAMS 0x00000000a6000000, 0x00000000a6000000| Untracked 
| 609|0x00000000a6100000, 0x00000000a6100000, 0x00000000a6200000|  0%| F|  |TAMS 0x00000000a6100000, 0x00000000a6100000| Untracked 
| 610|0x00000000a6200000, 0x00000000a6200000, 0x00000000a6300000|  0%| F|  |TAMS 0x00000000a6200000, 0x00000000a6200000| Untracked 
| 611|0x00000000a6300000, 0x00000000a6300000, 0x00000000a6400000|  0%| F|  |TAMS 0x00000000a6300000, 0x00000000a6300000| Untracked 
| 612|0x00000000a6400000, 0x00000000a6400000, 0x00000000a6500000|  0%| F|  |TAMS 0x00000000a6400000, 0x00000000a6400000| Untracked 
| 613|0x00000000a6500000, 0x00000000a6500000, 0x00000000a6600000|  0%| F|  |TAMS 0x00000000a6500000, 0x00000000a6500000| Untracked 
| 614|0x00000000a6600000, 0x00000000a6600000, 0x00000000a6700000|  0%| F|  |TAMS 0x00000000a6600000, 0x00000000a6600000| Untracked 
| 615|0x00000000a6700000, 0x00000000a6700000, 0x00000000a6800000|  0%| F|  |TAMS 0x00000000a6700000, 0x00000000a6700000| Untracked 
| 616|0x00000000a6800000, 0x00000000a6800000, 0x00000000a6900000|  0%| F|  |TAMS 0x00000000a6800000, 0x00000000a6800000| Untracked 
| 617|0x00000000a6900000, 0x00000000a6900000, 0x00000000a6a00000|  0%| F|  |TAMS 0x00000000a6900000, 0x00000000a6900000| Untracked 
| 618|0x00000000a6a00000, 0x00000000a6a00000, 0x00000000a6b00000|  0%| F|  |TAMS 0x00000000a6a00000, 0x00000000a6a00000| Untracked 
| 619|0x00000000a6b00000, 0x00000000a6b00000, 0x00000000a6c00000|  0%| F|  |TAMS 0x00000000a6b00000, 0x00000000a6b00000| Untracked 
| 620|0x00000000a6c00000, 0x00000000a6c00000, 0x00000000a6d00000|  0%| F|  |TAMS 0x00000000a6c00000, 0x00000000a6c00000| Untracked 
| 621|0x00000000a6d00000, 0x00000000a6d00000, 0x00000000a6e00000|  0%| F|  |TAMS 0x00000000a6d00000, 0x00000000a6d00000| Untracked 
| 622|0x00000000a6e00000, 0x00000000a6e00000, 0x00000000a6f00000|  0%| F|  |TAMS 0x00000000a6e00000, 0x00000000a6e00000| Untracked 
| 623|0x00000000a6f00000, 0x00000000a6f00000, 0x00000000a7000000|  0%| F|  |TAMS 0x00000000a6f00000, 0x00000000a6f00000| Untracked 
| 624|0x00000000a7000000, 0x00000000a7000000, 0x00000000a7100000|  0%| F|  |TAMS 0x00000000a7000000, 0x00000000a7000000| Untracked 
| 625|0x00000000a7100000, 0x00000000a7100000, 0x00000000a7200000|  0%| F|  |TAMS 0x00000000a7100000, 0x00000000a7100000| Untracked 
| 626|0x00000000a7200000, 0x00000000a7200000, 0x00000000a7300000|  0%| F|  |TAMS 0x00000000a7200000, 0x00000000a7200000| Untracked 
| 627|0x00000000a7300000, 0x00000000a7300000, 0x00000000a7400000|  0%| F|  |TAMS 0x00000000a7300000, 0x00000000a7300000| Untracked 
| 628|0x00000000a7400000, 0x00000000a7400000, 0x00000000a7500000|  0%| F|  |TAMS 0x00000000a7400000, 0x00000000a7400000| Untracked 
| 629|0x00000000a7500000, 0x00000000a7500000, 0x00000000a7600000|  0%| F|  |TAMS 0x00000000a7500000, 0x00000000a7500000| Untracked 
| 630|0x00000000a7600000, 0x00000000a7600000, 0x00000000a7700000|  0%| F|  |TAMS 0x00000000a7600000, 0x00000000a7600000| Untracked 
| 631|0x00000000a7700000, 0x00000000a7700000, 0x00000000a7800000|  0%| F|  |TAMS 0x00000000a7700000, 0x00000000a7700000| Untracked 
| 632|0x00000000a7800000, 0x00000000a7800000, 0x00000000a7900000|  0%| F|  |TAMS 0x00000000a7800000, 0x00000000a7800000| Untracked 
| 633|0x00000000a7900000, 0x00000000a7900000, 0x00000000a7a00000|  0%| F|  |TAMS 0x00000000a7900000, 0x00000000a7900000| Untracked 
| 634|0x00000000a7a00000, 0x00000000a7a00000, 0x00000000a7b00000|  0%| F|  |TAMS 0x00000000a7a00000, 0x00000000a7a00000| Untracked 
| 635|0x00000000a7b00000, 0x00000000a7b00000, 0x00000000a7c00000|  0%| F|  |TAMS 0x00000000a7b00000, 0x00000000a7b00000| Untracked 
| 636|0x00000000a7c00000, 0x00000000a7c00000, 0x00000000a7d00000|  0%| F|  |TAMS 0x00000000a7c00000, 0x00000000a7c00000| Untracked 
| 637|0x00000000a7d00000, 0x00000000a7d00000, 0x00000000a7e00000|  0%| F|  |TAMS 0x00000000a7d00000, 0x00000000a7d00000| Untracked 
| 638|0x00000000a7e00000, 0x00000000a7e00000, 0x00000000a7f00000|  0%| F|  |TAMS 0x00000000a7e00000, 0x00000000a7e00000| Untracked 
| 639|0x00000000a7f00000, 0x00000000a7f00000, 0x00000000a8000000|  0%| F|  |TAMS 0x00000000a7f00000, 0x00000000a7f00000| Untracked 
| 640|0x00000000a8000000, 0x00000000a8000000, 0x00000000a8100000|  0%| F|  |TAMS 0x00000000a8000000, 0x00000000a8000000| Untracked 
| 641|0x00000000a8100000, 0x00000000a8100000, 0x00000000a8200000|  0%| F|  |TAMS 0x00000000a8100000, 0x00000000a8100000| Untracked 
| 642|0x00000000a8200000, 0x00000000a8200000, 0x00000000a8300000|  0%| F|  |TAMS 0x00000000a8200000, 0x00000000a8200000| Untracked 
| 643|0x00000000a8300000, 0x00000000a8300000, 0x00000000a8400000|  0%| F|  |TAMS 0x00000000a8300000, 0x00000000a8300000| Untracked 
| 644|0x00000000a8400000, 0x00000000a8400000, 0x00000000a8500000|  0%| F|  |TAMS 0x00000000a8400000, 0x00000000a8400000| Untracked 
| 645|0x00000000a8500000, 0x00000000a8500000, 0x00000000a8600000|  0%| F|  |TAMS 0x00000000a8500000, 0x00000000a8500000| Untracked 
| 646|0x00000000a8600000, 0x00000000a8600000, 0x00000000a8700000|  0%| F|  |TAMS 0x00000000a8600000, 0x00000000a8600000| Untracked 
| 647|0x00000000a8700000, 0x00000000a8700000, 0x00000000a8800000|  0%| F|  |TAMS 0x00000000a8700000, 0x00000000a8700000| Untracked 
| 648|0x00000000a8800000, 0x00000000a8800000, 0x00000000a8900000|  0%| F|  |TAMS 0x00000000a8800000, 0x00000000a8800000| Untracked 
| 649|0x00000000a8900000, 0x00000000a8900000, 0x00000000a8a00000|  0%| F|  |TAMS 0x00000000a8900000, 0x00000000a8900000| Untracked 
| 650|0x00000000a8a00000, 0x00000000a8a00000, 0x00000000a8b00000|  0%| F|  |TAMS 0x00000000a8a00000, 0x00000000a8a00000| Untracked 
| 651|0x00000000a8b00000, 0x00000000a8b00000, 0x00000000a8c00000|  0%| F|  |TAMS 0x00000000a8b00000, 0x00000000a8b00000| Untracked 
| 652|0x00000000a8c00000, 0x00000000a8c00000, 0x00000000a8d00000|  0%| F|  |TAMS 0x00000000a8c00000, 0x00000000a8c00000| Untracked 

Card table byte_map: [0x00000241547c0000,0x0000024154bc0000] _byte_map_base: 0x00000241543c0000

Marking Bits (Prev, Next): (CMBitMap*) 0x00000241416dfe30, (CMBitMap*) 0x00000241416dfe70
 Prev Bits: [0x0000024154fc0000, 0x0000024156fc0000)
 Next Bits: [0x0000024156fc0000, 0x0000024158fc0000)

Polling page: 0x000002413f5f0000

Metaspace:

Usage:
  Non-class:    122.29 MB used.
      Class:     19.06 MB used.
       Both:    141.36 MB used.

Virtual space:
  Non-class space:      128.00 MB reserved,     123.19 MB ( 96%) committed,  16 nodes.
      Class space:        1.00 GB reserved,      19.88 MB (  2%) committed,  1 nodes.
             Both:        1.12 GB reserved,     143.06 MB ( 12%) committed. 

Chunk freelists:
   Non-Class:  478.00 KB
       Class:  102.00 KB
        Both:  580.00 KB

MaxMetaspaceSize: unlimited
CompressedClassSpaceSize: 1.00 GB
Initial GC threshold: 21.00 MB
Current GC threshold: 238.25 MB
CDS: off
MetaspaceReclaimPolicy: balanced
 - commit_granule_bytes: 65536.
 - commit_granule_words: 8192.
 - virtual_space_node_default_size: 1048576.
 - enlarge_chunks_in_place: 1.
 - new_chunks_are_fully_committed: 0.
 - uncommit_free_chunks: 1.
 - use_allocation_guard: 0.
 - handle_deallocations: 1.


Internal statistics:

num_allocs_failed_limit: 6.
num_arena_births: 3402.
num_arena_deaths: 144.
num_vsnodes_births: 17.
num_vsnodes_deaths: 0.
num_space_committed: 2287.
num_space_uncommitted: 0.
num_chunks_returned_to_freelist: 220.
num_chunks_taken_from_freelist: 9673.
num_chunk_merges: 84.
num_chunk_splits: 5828.
num_chunks_enlarged: 3177.
num_purges: 2.
num_inconsistent_stats: 0.

CodeHeap 'non-profiled nmethods': size=119168Kb used=23124Kb max_used=23124Kb free=96043Kb
 bounds [0x000002414c6e0000, 0x000002414dd80000, 0x0000024153b40000]
CodeHeap 'profiled nmethods': size=119104Kb used=53137Kb max_used=53137Kb free=65966Kb
 bounds [0x0000024144b40000, 0x0000024147fb0000, 0x000002414bf90000]
CodeHeap 'non-nmethods': size=7488Kb used=2467Kb max_used=4236Kb free=5020Kb
 bounds [0x000002414bf90000, 0x000002414c3d0000, 0x000002414c6e0000]
 total_blobs=27119 nmethods=26102 adapters=926
 compilation: enabled
              stopped_count=0, restarted_count=0
 full_count=0

Compilation events (20 events):
Event: 1754.581 Thread 0x000002415c8be020 35143       3       org.gradle.api.specs.OrSpec::isSatisfiedBy (55 bytes)
Event: 1754.582 Thread 0x000002415c8be020 nmethod 35143 0x0000024146b19b10 code [0x0000024146b19ce0, 0x0000024146b1a0e8]
Event: 1754.589 Thread 0x000002415c8be020 35145       3       org.gradle.api.internal.provider.AbstractProperty$NonFinalizedValue::finalState (10 bytes)
Event: 1754.589 Thread 0x000002415c8be020 nmethod 35145 0x0000024146a41510 code [0x0000024146a416c0, 0x0000024146a41898]
Event: 1754.594 Thread 0x000002415c8be020 35148       3       com.android.builder.dexing.DexUtilsKt$getSortedFilesInDir$2$1::test (9 bytes)
Event: 1754.595 Thread 0x000002415c8be020 nmethod 35148 0x0000024146b19190 code [0x0000024146b19380, 0x0000024146b19948]
Event: 1754.605 Thread 0x000002415c8be020 35149       3       java.io.PushbackInputStream::read (145 bytes)
Event: 1754.605 Thread 0x000002415c8be020 nmethod 35149 0x0000024146b18390 code [0x0000024146b185c0, 0x0000024146b18ee8]
Event: 1754.632 Thread 0x000002415c8be020 35152       3       java.nio.HeapByteBuffer::getInt (30 bytes)
Event: 1754.633 Thread 0x000002415c8be020 nmethod 35152 0x0000024146e36490 code [0x0000024146e366e0, 0x0000024146e370a8]
Event: 1754.640 Thread 0x000002415c8be020 35161       3       com.android.tools.r8.dex.B::f (109 bytes)
Event: 1754.640 Thread 0x000002415c8be020 nmethod 35161 0x0000024146e35190 code [0x0000024146e35400, 0x0000024146e35f38]
Event: 1754.641 Thread 0x000002415c8be020 35169       3       com.android.tools.r8.dex.code.T0::<init> (28 bytes)
Event: 1754.642 Thread 0x000002415c8be020 nmethod 35169 0x000002414569da90 code [0x000002414569dc80, 0x000002414569e2f8]
Event: 1754.644 Thread 0x000002415c8be020 35174       3       com.android.tools.r8.synthesis.N::a (42 bytes)
Event: 1754.645 Thread 0x000002415c8be020 nmethod 35174 0x000002414569cd10 code [0x000002414569cf20, 0x000002414569d7b8]
Event: 1754.645 Thread 0x000002415c8be020 35175       3       com.android.tools.r8.synthesis.O::a (14 bytes)
Event: 1754.645 Thread 0x000002415c8be020 nmethod 35175 0x000002414569c490 code [0x000002414569c680, 0x000002414569cb38]
Event: 1754.665 Thread 0x000002415c8be020 35198       3       com.android.tools.r8.utils.Q1::a (123 bytes)
Event: 1754.665 Thread 0x000002415c8be020 nmethod 35198 0x0000024146e34a90 code [0x0000024146e34c40, 0x0000024146e35048]

GC Heap History (20 events):
Event: 1078.075 GC heap after
{Heap after GC invocations=88 (full 0):
 garbage-first heap   total 668672K, used 219671K [0x0000000080000000, 0x0000000100000000)
  region size 1024K, 3 young (3072K), 3 survivors (3072K)
 Metaspace       used 143104K, committed 144512K, reserved 1179648K
  class space    used 19293K, committed 19968K, reserved 1048576K
}
Event: 1078.901 GC heap before
{Heap before GC invocations=88 (full 0):
 garbage-first heap   total 668672K, used 395799K [0x0000000080000000, 0x0000000100000000)
  region size 1024K, 177 young (181248K), 3 survivors (3072K)
 Metaspace       used 143132K, committed 144576K, reserved 1179648K
  class space    used 19293K, committed 19968K, reserved 1048576K
}
Event: 1078.905 GC heap after
{Heap after GC invocations=89 (full 0):
 garbage-first heap   total 668672K, used 222906K [0x0000000080000000, 0x0000000100000000)
  region size 1024K, 6 young (6144K), 6 survivors (6144K)
 Metaspace       used 143132K, committed 144576K, reserved 1179648K
  class space    used 19293K, committed 19968K, reserved 1048576K
}
Event: 1130.436 GC heap before
{Heap before GC invocations=90 (full 0):
 garbage-first heap   total 668672K, used 626362K [0x0000000080000000, 0x0000000100000000)
  region size 1024K, 325 young (332800K), 6 survivors (6144K)
 Metaspace       used 144135K, committed 145856K, reserved 1179648K
  class space    used 19481K, committed 20288K, reserved 1048576K
}
Event: 1130.449 GC heap after
{Heap after GC invocations=91 (full 0):
 garbage-first heap   total 668672K, used 237603K [0x0000000080000000, 0x0000000100000000)
  region size 1024K, 22 young (22528K), 22 survivors (22528K)
 Metaspace       used 144135K, committed 145856K, reserved 1179648K
  class space    used 19481K, committed 20288K, reserved 1048576K
}
Event: 1130.453 GC heap before
{Heap before GC invocations=91 (full 0):
 garbage-first heap   total 668672K, used 247843K [0x0000000080000000, 0x0000000100000000)
  region size 1024K, 32 young (32768K), 22 survivors (22528K)
 Metaspace       used 144140K, committed 145856K, reserved 1179648K
  class space    used 19481K, committed 20288K, reserved 1048576K
}
Event: 1130.471 GC heap after
{Heap after GC invocations=92 (full 0):
 garbage-first heap   total 668672K, used 221074K [0x0000000080000000, 0x0000000100000000)
  region size 1024K, 3 young (3072K), 3 survivors (3072K)
 Metaspace       used 144140K, committed 145856K, reserved 1179648K
  class space    used 19481K, committed 20288K, reserved 1048576K
}
Event: 1131.215 GC heap before
{Heap before GC invocations=92 (full 0):
 garbage-first heap   total 668672K, used 406418K [0x0000000080000000, 0x0000000100000000)
  region size 1024K, 186 young (190464K), 3 survivors (3072K)
 Metaspace       used 144208K, committed 145920K, reserved 1179648K
  class space    used 19493K, committed 20288K, reserved 1048576K
}
Event: 1131.220 GC heap after
{Heap after GC invocations=93 (full 0):
 garbage-first heap   total 668672K, used 224136K [0x0000000080000000, 0x0000000100000000)
  region size 1024K, 6 young (6144K), 6 survivors (6144K)
 Metaspace       used 144208K, committed 145920K, reserved 1179648K
  class space    used 19493K, committed 20288K, reserved 1048576K
}
Event: 1634.601 GC heap before
{Heap before GC invocations=94 (full 0):
 garbage-first heap   total 668672K, used 612232K [0x0000000080000000, 0x0000000100000000)
  region size 1024K, 315 young (322560K), 6 survivors (6144K)
 Metaspace       used 144523K, committed 146304K, reserved 1179648K
  class space    used 19516K, committed 20352K, reserved 1048576K
}
Event: 1634.619 GC heap after
{Heap after GC invocations=95 (full 0):
 garbage-first heap   total 668672K, used 237471K [0x0000000080000000, 0x0000000100000000)
  region size 1024K, 26 young (26624K), 26 survivors (26624K)
 Metaspace       used 144523K, committed 146304K, reserved 1179648K
  class space    used 19516K, committed 20352K, reserved 1048576K
}
Event: 1634.662 GC heap before
{Heap before GC invocations=95 (full 0):
 garbage-first heap   total 668672K, used 242591K [0x0000000080000000, 0x0000000100000000)
  region size 1024K, 32 young (32768K), 26 survivors (26624K)
 Metaspace       used 144527K, committed 146304K, reserved 1179648K
  class space    used 19516K, committed 20352K, reserved 1048576K
}
Event: 1634.683 GC heap after
{Heap after GC invocations=96 (full 0):
 garbage-first heap   total 668672K, used 222196K [0x0000000080000000, 0x0000000100000000)
  region size 1024K, 4 young (4096K), 4 survivors (4096K)
 Metaspace       used 144527K, committed 146304K, reserved 1179648K
  class space    used 19516K, committed 20352K, reserved 1048576K
}
Event: 1635.261 GC heap before
{Heap before GC invocations=96 (full 0):
 garbage-first heap   total 668672K, used 435188K [0x0000000080000000, 0x0000000100000000)
  region size 1024K, 214 young (219136K), 4 survivors (4096K)
 Metaspace       used 144559K, committed 146368K, reserved 1179648K
  class space    used 19516K, committed 20352K, reserved 1048576K
}
Event: 1635.266 GC heap after
{Heap after GC invocations=97 (full 0):
 garbage-first heap   total 668672K, used 224398K [0x0000000080000000, 0x0000000100000000)
  region size 1024K, 6 young (6144K), 6 survivors (6144K)
 Metaspace       used 144559K, committed 146368K, reserved 1179648K
  class space    used 19516K, committed 20352K, reserved 1048576K
}
Event: 1754.181 GC heap before
{Heap before GC invocations=98 (full 0):
 garbage-first heap   total 668672K, used 623758K [0x0000000080000000, 0x0000000100000000)
  region size 1024K, 319 young (326656K), 6 survivors (6144K)
 Metaspace       used 144737K, committed 146496K, reserved 1179648K
  class space    used 19519K, committed 20352K, reserved 1048576K
}
Event: 1754.190 GC heap after
{Heap after GC invocations=99 (full 0):
 garbage-first heap   total 668672K, used 240265K [0x0000000080000000, 0x0000000100000000)
  region size 1024K, 21 young (21504K), 21 survivors (21504K)
 Metaspace       used 144737K, committed 146496K, reserved 1179648K
  class space    used 19519K, committed 20352K, reserved 1048576K
}
Event: 1754.194 GC heap before
{Heap before GC invocations=99 (full 0):
 garbage-first heap   total 668672K, used 251529K [0x0000000080000000, 0x0000000100000000)
  region size 1024K, 32 young (32768K), 21 survivors (21504K)
 Metaspace       used 144738K, committed 146496K, reserved 1179648K
  class space    used 19519K, committed 20352K, reserved 1048576K
}
Event: 1754.210 GC heap after
{Heap after GC invocations=100 (full 0):
 garbage-first heap   total 668672K, used 220675K [0x0000000080000000, 0x0000000100000000)
  region size 1024K, 3 young (3072K), 3 survivors (3072K)
 Metaspace       used 144738K, committed 146496K, reserved 1179648K
  class space    used 19519K, committed 20352K, reserved 1048576K
}
Event: 1754.670 GC heap before
{Heap before GC invocations=100 (full 0):
 garbage-first heap   total 668672K, used 412163K [0x0000000080000000, 0x0000000100000000)
  region size 1024K, 192 young (196608K), 3 survivors (3072K)
 Metaspace       used 144748K, committed 146496K, reserved 1179648K
  class space    used 19519K, committed 20352K, reserved 1048576K
}

Dll operation events (2 events):
Event: 0.007 Loaded shared library D:\Android\Android Studio\jbr\bin\java.dll
Event: 0.523 Loaded shared library D:\Android\Android Studio\jbr\bin\verify.dll

Deoptimization events (20 events):
Event: 1754.297 Thread 0x000002415d038470 DEOPT PACKING pc=0x0000024147f7a1e6 sp=0x000000d7901fb6c0
Event: 1754.297 Thread 0x000002415d038470 DEOPT UNPACKING pc=0x000002414bfe7143 sp=0x000000d7901faed8 mode 0
Event: 1754.302 Thread 0x000002415d038470 DEOPT PACKING pc=0x0000024146979821 sp=0x000000d7901fbce0
Event: 1754.302 Thread 0x000002415d038470 DEOPT UNPACKING pc=0x000002414bfe7143 sp=0x000000d7901fb218 mode 0
Event: 1754.308 Thread 0x000002415d038470 DEOPT PACKING pc=0x0000024147f7a8ac sp=0x000000d7901fb6c0
Event: 1754.308 Thread 0x000002415d038470 DEOPT UNPACKING pc=0x000002414bfe7143 sp=0x000000d7901faee0 mode 0
Event: 1754.308 Thread 0x000002415d038470 DEOPT PACKING pc=0x0000024147f1ba95 sp=0x000000d7901fb650
Event: 1754.308 Thread 0x000002415d038470 DEOPT UNPACKING pc=0x000002414bfe7143 sp=0x000000d7901faed8 mode 0
Event: 1754.334 Thread 0x000002415d038470 DEOPT PACKING pc=0x0000024147f7a8ac sp=0x000000d7901fbae0
Event: 1754.334 Thread 0x000002415d038470 DEOPT UNPACKING pc=0x000002414bfe7143 sp=0x000000d7901fb300 mode 0
Event: 1754.341 Thread 0x000002415d038470 DEOPT PACKING pc=0x0000024147f7a1e6 sp=0x000000d7901fb6c0
Event: 1754.341 Thread 0x000002415d038470 DEOPT UNPACKING pc=0x000002414bfe7143 sp=0x000000d7901faed8 mode 0
Event: 1754.342 Thread 0x000002415d038470 DEOPT PACKING pc=0x0000024147719ea3 sp=0x000000d7901fb950
Event: 1754.342 Thread 0x000002415d038470 DEOPT UNPACKING pc=0x000002414bfe7143 sp=0x000000d7901fae68 mode 0
Event: 1754.658 Thread 0x000002415f53c1f0 DEOPT PACKING pc=0x000002414768079c sp=0x000000d7909fcea0
Event: 1754.658 Thread 0x000002415f53c1f0 DEOPT UNPACKING pc=0x000002414bfe7143 sp=0x000000d7909fc3b0 mode 0
Event: 1754.659 Thread 0x000002415f53c1f0 Uncommon trap: trap_request=0xffffffd6 fr.pc=0x000002414dc6729c relative=0x000000000000171c
Event: 1754.659 Thread 0x000002415f53c1f0 Uncommon trap: reason=array_check action=maybe_recompile pc=0x000002414dc6729c method=java.util.TimSort.mergeHi(IIII)V @ 101 c2
Event: 1754.659 Thread 0x000002415f53c1f0 DEOPT PACKING pc=0x000002414dc6729c sp=0x000000d7909fcc40
Event: 1754.659 Thread 0x000002415f53c1f0 DEOPT UNPACKING pc=0x000002414bfe69a3 sp=0x000000d7909fcc18 mode 2

Classes unloaded (20 events):
Event: 449.284 Thread 0x000002415bf8ec40 Unloading class 0x0000000100f21000 'jdk/internal/reflect/GeneratedSerializationConstructorAccessor157'
Event: 449.284 Thread 0x000002415bf8ec40 Unloading class 0x0000000100f21400 'jdk/internal/reflect/GeneratedSerializationConstructorAccessor161'
Event: 449.284 Thread 0x000002415bf8ec40 Unloading class 0x0000000100f20c00 'jdk/internal/reflect/GeneratedSerializationConstructorAccessor160'
Event: 449.284 Thread 0x000002415bf8ec40 Unloading class 0x0000000100f20400 'jdk/internal/reflect/GeneratedSerializationConstructorAccessor159'
Event: 449.284 Thread 0x000002415bf8ec40 Unloading class 0x0000000100f20000 'jdk/internal/reflect/GeneratedSerializationConstructorAccessor155'
Event: 449.284 Thread 0x000002415bf8ec40 Unloading class 0x0000000100df3c00 'java/lang/invoke/LambdaForm$DMH+0x0000000100df3c00'
Event: 449.284 Thread 0x000002415bf8ec40 Unloading class 0x0000000100df3800 'java/lang/invoke/LambdaForm$DMH+0x0000000100df3800'
Event: 449.284 Thread 0x000002415bf8ec40 Unloading class 0x0000000100df3400 'java/lang/invoke/LambdaForm$DMH+0x0000000100df3400'
Event: 449.284 Thread 0x000002415bf8ec40 Unloading class 0x0000000100df2c00 'java/lang/invoke/LambdaForm$DMH+0x0000000100df2c00'
Event: 449.284 Thread 0x000002415bf8ec40 Unloading class 0x0000000100df3000 'java/lang/invoke/LambdaForm$DMH+0x0000000100df3000'
Event: 449.284 Thread 0x000002415bf8ec40 Unloading class 0x0000000100df2800 'java/lang/invoke/LambdaForm$DMH+0x0000000100df2800'
Event: 449.284 Thread 0x000002415bf8ec40 Unloading class 0x0000000100df2000 'java/lang/invoke/LambdaForm$DMH+0x0000000100df2000'
Event: 449.284 Thread 0x000002415bf8ec40 Unloading class 0x0000000100df2400 'java/lang/invoke/LambdaForm$DMH+0x0000000100df2400'
Event: 449.285 Thread 0x000002415bf8ec40 Unloading class 0x0000000100df0c00 'java/lang/invoke/LambdaForm$DMH+0x0000000100df0c00'
Event: 449.285 Thread 0x000002415bf8ec40 Unloading class 0x0000000100df1800 'java/lang/invoke/LambdaForm$DMH+0x0000000100df1800'
Event: 449.285 Thread 0x000002415bf8ec40 Unloading class 0x0000000100df1400 'java/lang/invoke/LambdaForm$DMH+0x0000000100df1400'
Event: 449.285 Thread 0x000002415bf8ec40 Unloading class 0x0000000100df1c00 'java/lang/invoke/LambdaForm$DMH+0x0000000100df1c00'
Event: 449.285 Thread 0x000002415bf8ec40 Unloading class 0x0000000100df1000 'java/lang/invoke/LambdaForm$DMH+0x0000000100df1000'
Event: 449.285 Thread 0x000002415bf8ec40 Unloading class 0x0000000100df0800 'java/lang/invoke/LambdaForm$DMH+0x0000000100df0800'
Event: 449.285 Thread 0x000002415bf8ec40 Unloading class 0x0000000100df0400 'java/lang/invoke/LambdaForm$DMH+0x0000000100df0400'

Classes redefined (0 events):
No events

Internal exceptions (20 events):
Event: 1754.275 Thread 0x000002415d038940 Exception <a 'sun/nio/fs/WindowsException'{0x00000000a20f80d8}> (0x00000000a20f80d8) 
thrown [s\src\hotspot\share\prims\jni.cpp, line 517]
Event: 1754.276 Thread 0x000002415d038940 Exception <a 'sun/nio/fs/WindowsException'{0x00000000a20ff198}> (0x00000000a20ff198) 
thrown [s\src\hotspot\share\prims\jni.cpp, line 517]
Event: 1754.277 Thread 0x000002415d038940 Exception <a 'sun/nio/fs/WindowsException'{0x00000000a1ead718}> (0x00000000a1ead718) 
thrown [s\src\hotspot\share\prims\jni.cpp, line 517]
Event: 1754.278 Thread 0x000002415d03aaf0 Exception <a 'sun/nio/fs/WindowsException'{0x00000000a1dc7eb8}> (0x00000000a1dc7eb8) 
thrown [s\src\hotspot\share\prims\jni.cpp, line 517]
Event: 1754.279 Thread 0x000002415d03aaf0 Exception <a 'sun/nio/fs/WindowsException'{0x00000000a1dcef50}> (0x00000000a1dcef50) 
thrown [s\src\hotspot\share\prims\jni.cpp, line 517]
Event: 1754.281 Thread 0x000002415d03aaf0 Exception <a 'sun/nio/fs/WindowsException'{0x00000000a1a31e18}> (0x00000000a1a31e18) 
thrown [s\src\hotspot\share\prims\jni.cpp, line 517]
Event: 1754.282 Thread 0x000002415d03aaf0 Exception <a 'sun/nio/fs/WindowsException'{0x00000000a1a39478}> (0x00000000a1a39478) 
thrown [s\src\hotspot\share\prims\jni.cpp, line 517]
Event: 1754.283 Thread 0x000002415d03aaf0 Exception <a 'sun/nio/fs/WindowsException'{0x00000000a1a40258}> (0x00000000a1a40258) 
thrown [s\src\hotspot\share\prims\jni.cpp, line 517]
Event: 1754.284 Thread 0x000002415d03aaf0 Exception <a 'sun/nio/fs/WindowsException'{0x00000000a1a46418}> (0x00000000a1a46418) 
thrown [s\src\hotspot\share\prims\jni.cpp, line 517]
Event: 1754.351 Thread 0x000002415d038470 Exception <a 'sun/nio/fs/WindowsException'{0x000000009f612658}> (0x000000009f612658) 
thrown [s\src\hotspot\share\prims\jni.cpp, line 517]
Event: 1754.351 Thread 0x000002415d038470 Exception <a 'sun/nio/fs/WindowsException'{0x000000009f619b18}> (0x000000009f619b18) 
thrown [s\src\hotspot\share\prims\jni.cpp, line 517]
Event: 1754.352 Thread 0x000002415d038470 Exception <a 'sun/nio/fs/WindowsException'{0x000000009f61fca0}> (0x000000009f61fca0) 
thrown [s\src\hotspot\share\prims\jni.cpp, line 517]
Event: 1754.353 Thread 0x000002415d038470 Exception <a 'sun/nio/fs/WindowsException'{0x000000009f6e67a8}> (0x000000009f6e67a8) 
thrown [s\src\hotspot\share\prims\jni.cpp, line 517]
Event: 1754.353 Thread 0x000002415d038470 Exception <a 'sun/nio/fs/WindowsException'{0x000000009f6ec990}> (0x000000009f6ec990) 
thrown [s\src\hotspot\share\prims\jni.cpp, line 517]
Event: 1754.354 Thread 0x000002415d038470 Exception <a 'sun/nio/fs/WindowsException'{0x000000009f6fb5b8}> (0x000000009f6fb5b8) 
thrown [s\src\hotspot\share\prims\jni.cpp, line 517]
Event: 1754.354 Thread 0x000002415d038470 Exception <a 'sun/nio/fs/WindowsException'{0x000000009f5c4bc8}> (0x000000009f5c4bc8) 
thrown [s\src\hotspot\share\prims\jni.cpp, line 517]
Event: 1754.355 Thread 0x000002415d038470 Exception <a 'sun/nio/fs/WindowsException'{0x000000009f5cd428}> (0x000000009f5cd428) 
thrown [s\src\hotspot\share\prims\jni.cpp, line 517]
Event: 1754.606 Thread 0x000002415d4a04a0 Exception <a 'sun/nio/fs/WindowsException'{0x000000009e055db8}> (0x000000009e055db8) 
thrown [s\src\hotspot\share\prims\jni.cpp, line 517]
Event: 1754.606 Thread 0x000002415d4a04a0 Exception <a 'sun/nio/fs/WindowsException'{0x000000009e055fc8}> (0x000000009e055fc8) 
thrown [s\src\hotspot\share\prims\jni.cpp, line 517]
Event: 1754.631 Thread 0x000002415f53c1f0 Exception <a 'sun/nio/fs/WindowsException'{0x000000009dfa2b10}> (0x000000009dfa2b10) 
thrown [s\src\hotspot\share\prims\jni.cpp, line 517]

VM Operations (20 events):
Event: 1634.683 Executing VM operation: G1CollectForAllocation done
Event: 1635.260 Executing VM operation: G1TryInitiateConcMark
Event: 1635.266 Executing VM operation: G1TryInitiateConcMark done
Event: 1635.388 Executing VM operation: G1Concurrent
Event: 1635.396 Executing VM operation: G1Concurrent done
Event: 1635.434 Executing VM operation: G1Concurrent
Event: 1635.434 Executing VM operation: G1Concurrent done
Event: 1635.453 Executing VM operation: HandshakeAllThreads
Event: 1635.453 Executing VM operation: HandshakeAllThreads done
Event: 1636.462 Executing VM operation: Cleanup
Event: 1636.471 Executing VM operation: Cleanup done
Event: 1750.530 Executing VM operation: Cleanup
Event: 1750.531 Executing VM operation: Cleanup done
Event: 1752.531 Executing VM operation: Cleanup
Event: 1752.532 Executing VM operation: Cleanup done
Event: 1754.181 Executing VM operation: G1CollectForAllocation
Event: 1754.190 Executing VM operation: G1CollectForAllocation done
Event: 1754.194 Executing VM operation: G1CollectForAllocation
Event: 1754.210 Executing VM operation: G1CollectForAllocation done
Event: 1754.670 Executing VM operation: G1TryInitiateConcMark

Events (20 events):
Event: 1754.096 Thread 0x000002415cee5c20 Thread added: 0x000002415cee5c20
Event: 1754.121 Thread 0x000002415fd02290 Thread added: 0x000002415fd02290
Event: 1754.121 Thread 0x000002415fd027a0 Thread added: 0x000002415fd027a0
Event: 1754.177 Thread 0x000002415d038470 Thread added: 0x000002415d038470
Event: 1754.177 Thread 0x000002415d038940 Thread added: 0x000002415d038940
Event: 1754.177 Thread 0x000002415d03a620 Thread added: 0x000002415d03a620
Event: 1754.178 Thread 0x000002415d03aaf0 Thread added: 0x000002415d03aaf0
Event: 1754.178 Thread 0x000002415d038e10 Thread added: 0x000002415d038e10
Event: 1754.178 Thread 0x000002415f538d00 Thread added: 0x000002415f538d00
Event: 1754.179 Thread 0x000002415f53b380 Thread added: 0x000002415f53b380
Event: 1754.179 Thread 0x000002415f53bd20 Thread added: 0x000002415f53bd20
Event: 1754.180 Thread 0x000002415f53c1f0 Thread added: 0x000002415f53c1f0
Event: 1754.180 Thread 0x000002415f5391d0 Thread added: 0x000002415f5391d0
Event: 1754.190 Thread 0x000002416862b290 Thread added: 0x000002416862b290
Event: 1754.191 Thread 0x000002416d21d700 Thread added: 0x000002416d21d700
Event: 1754.192 Thread 0x000002416daf79f0 Thread exited: 0x000002416daf79f0
Event: 1754.192 Thread 0x0000024168581ea0 Thread exited: 0x0000024168581ea0
Event: 1754.193 Thread 0x000002415d4a1cb0 Thread added: 0x000002415d4a1cb0
Event: 1754.194 Thread 0x000002415d4a04a0 Thread added: 0x000002415d4a04a0
Event: 1754.211 Thread 0x0000024168581ea0 Thread added: 0x0000024168581ea0


Dynamic libraries:
0x00007ff6381b0000 - 0x00007ff6381ba000 	D:\Android\Android Studio\jbr\bin\java.exe
0x00007ffa51450000 - 0x00007ffa51667000 	C:\WINDOWS\SYSTEM32\ntdll.dll
0x00007ffa4f760000 - 0x00007ffa4f824000 	C:\WINDOWS\System32\KERNEL32.DLL
0x00007ffa4ea70000 - 0x00007ffa4ee17000 	C:\WINDOWS\System32\KERNELBASE.dll
0x00007ffa4f030000 - 0x00007ffa4f141000 	C:\WINDOWS\System32\ucrtbase.dll
0x00007ffa31bc0000 - 0x00007ffa31bd7000 	D:\Android\Android Studio\jbr\bin\jli.dll
0x00007ffa1dc00000 - 0x00007ffa1dc1b000 	D:\Android\Android Studio\jbr\bin\VCRUNTIME140.dll
0x00007ffa50010000 - 0x00007ffa501be000 	C:\WINDOWS\System32\USER32.dll
0x00007ffa3d2f0000 - 0x00007ffa3d583000 	C:\WINDOWS\WinSxS\amd64_microsoft.windows.common-controls_6595b64144ccf1df_6.0.22621.3527_none_270e469b73872a76\COMCTL32.dll
0x00007ffa4e9d0000 - 0x00007ffa4e9f6000 	C:\WINDOWS\System32\win32u.dll
0x00007ffa4f480000 - 0x00007ffa4f527000 	C:\WINDOWS\System32\msvcrt.dll
0x00007ffa4ffe0000 - 0x00007ffa50009000 	C:\WINDOWS\System32\GDI32.dll
0x00007ffa4e770000 - 0x00007ffa4e889000 	C:\WINDOWS\System32\gdi32full.dll
0x00007ffa4ee20000 - 0x00007ffa4eeba000 	C:\WINDOWS\System32\msvcp_win.dll
0x00007ffa4f720000 - 0x00007ffa4f751000 	C:\WINDOWS\System32\IMM32.DLL
0x00007ffa2e330000 - 0x00007ffa2e33c000 	D:\Android\Android Studio\jbr\bin\vcruntime140_1.dll
0x00007ff9fdd60000 - 0x00007ff9fdded000 	D:\Android\Android Studio\jbr\bin\msvcp140.dll
0x00007ff9a7e40000 - 0x00007ff9a8aae000 	D:\Android\Android Studio\jbr\bin\server\jvm.dll
0x00007ffa50e40000 - 0x00007ffa50ef2000 	C:\WINDOWS\System32\ADVAPI32.dll
0x00007ffa4fb60000 - 0x00007ffa4fc08000 	C:\WINDOWS\System32\sechost.dll
0x00007ffa4f150000 - 0x00007ffa4f178000 	C:\WINDOWS\System32\bcrypt.dll
0x00007ffa4f970000 - 0x00007ffa4fa85000 	C:\WINDOWS\System32\RPCRT4.dll
0x00007ffa47be0000 - 0x00007ffa47c14000 	C:\WINDOWS\SYSTEM32\WINMM.dll
0x00007ffa49d20000 - 0x00007ffa49d29000 	C:\WINDOWS\SYSTEM32\WSOCK32.dll
0x00007ffa47320000 - 0x00007ffa4732a000 	C:\WINDOWS\SYSTEM32\VERSION.dll
0x00007ffa4ff60000 - 0x00007ffa4ffd1000 	C:\WINDOWS\System32\WS2_32.dll
0x00007ffa4d790000 - 0x00007ffa4d7a8000 	C:\WINDOWS\SYSTEM32\kernel.appcore.dll
0x00007ffa49cb0000 - 0x00007ffa49cba000 	D:\Android\Android Studio\jbr\bin\jimage.dll
0x00007ffa464b0000 - 0x00007ffa466e2000 	C:\WINDOWS\SYSTEM32\DBGHELP.DLL
0x00007ffa50250000 - 0x00007ffa505d8000 	C:\WINDOWS\System32\combase.dll
0x00007ffa4f890000 - 0x00007ffa4f967000 	C:\WINDOWS\System32\OLEAUT32.dll
0x00007ffa3af90000 - 0x00007ffa3afc2000 	C:\WINDOWS\SYSTEM32\dbgcore.DLL
0x00007ffa4e890000 - 0x00007ffa4e909000 	C:\WINDOWS\System32\bcryptPrimitives.dll
0x00007ffa18c70000 - 0x00007ffa18c95000 	D:\Android\Android Studio\jbr\bin\java.dll
0x00007ffa3af70000 - 0x00007ffa3af88000 	D:\Android\Android Studio\jbr\bin\zip.dll
0x00007ffa505e0000 - 0x00007ffa50e3c000 	C:\WINDOWS\System32\SHELL32.dll
0x00007ffa4c6b0000 - 0x00007ffa4cfa6000 	C:\WINDOWS\SYSTEM32\windows.storage.dll
0x00007ffa4c570000 - 0x00007ffa4c6ae000 	C:\WINDOWS\SYSTEM32\wintypes.dll
0x00007ffa4f180000 - 0x00007ffa4f275000 	C:\WINDOWS\System32\SHCORE.dll
0x00007ffa4fb00000 - 0x00007ffa4fb5e000 	C:\WINDOWS\System32\shlwapi.dll
0x00007ffa4e6a0000 - 0x00007ffa4e6c1000 	C:\WINDOWS\SYSTEM32\profapi.dll
0x00007ffa3adf0000 - 0x00007ffa3ae09000 	D:\Android\Android Studio\jbr\bin\net.dll
0x00007ffa48f20000 - 0x00007ffa49056000 	C:\WINDOWS\SYSTEM32\WINHTTP.dll
0x00007ffa4dc00000 - 0x00007ffa4dc69000 	C:\WINDOWS\system32\mswsock.dll
0x00007ffa379a0000 - 0x00007ffa379b6000 	D:\Android\Android Studio\jbr\bin\nio.dll
0x00007ffa491c0000 - 0x00007ffa491d0000 	D:\Android\Android Studio\jbr\bin\verify.dll
0x00007ffa16070000 - 0x00007ffa16097000 	C:\Users\liubov\.gradle\native\68d5fa5c4cc2d200863cafc0d521ce42e7d3e7ee720ec0a83991735586a16f82\windows-amd64\native-platform.dll
0x00007ffa067e0000 - 0x00007ffa06924000 	C:\Users\liubov\.gradle\native\e376f236ea51e6404a007f0833ffe2c6e607c4080706a723a18a27aeea778392\windows-amd64\native-platform-file-events.dll
0x00007ffa3e2d0000 - 0x00007ffa3e2d9000 	D:\Android\Android Studio\jbr\bin\management.dll
0x00007ffa3d9b0000 - 0x00007ffa3d9bb000 	D:\Android\Android Studio\jbr\bin\management_ext.dll
0x00007ffa50f80000 - 0x00007ffa50f88000 	C:\WINDOWS\System32\PSAPI.DLL
0x00007ffa4de60000 - 0x00007ffa4de7b000 	C:\WINDOWS\SYSTEM32\CRYPTSP.dll
0x00007ffa4d6f0000 - 0x00007ffa4d725000 	C:\WINDOWS\system32\rsaenh.dll
0x00007ffa4dd00000 - 0x00007ffa4dd28000 	C:\WINDOWS\SYSTEM32\USERENV.dll
0x00007ffa4de80000 - 0x00007ffa4de8c000 	C:\WINDOWS\SYSTEM32\CRYPTBASE.dll
0x00007ffa4d210000 - 0x00007ffa4d23d000 	C:\WINDOWS\SYSTEM32\IPHLPAPI.DLL
0x00007ffa4fd90000 - 0x00007ffa4fd99000 	C:\WINDOWS\System32\NSI.dll
0x00007ffa489a0000 - 0x00007ffa489b9000 	C:\WINDOWS\SYSTEM32\dhcpcsvc6.DLL
0x00007ffa48590000 - 0x00007ffa485af000 	C:\WINDOWS\SYSTEM32\dhcpcsvc.DLL
0x00007ffa4d240000 - 0x00007ffa4d338000 	C:\WINDOWS\SYSTEM32\DNSAPI.dll
0x00007ffa381d0000 - 0x00007ffa381d8000 	C:\WINDOWS\system32\wshunix.dll
0x00007ffa49c80000 - 0x00007ffa49c97000 	C:\WINDOWS\system32\napinsp.dll
0x00007ffa49b70000 - 0x00007ffa49b8b000 	C:\WINDOWS\system32\pnrpnsp.dll
0x00007ffa47c30000 - 0x00007ffa47c41000 	C:\WINDOWS\System32\winrnr.dll
0x00007ffa2f830000 - 0x00007ffa2f845000 	C:\WINDOWS\system32\wshbth.dll
0x00007ffa3d970000 - 0x00007ffa3d997000 	C:\WINDOWS\system32\nlansp_c.dll
0x00007ffa47740000 - 0x00007ffa4774a000 	C:\Windows\System32\rasadhlp.dll
0x00007ffa47880000 - 0x00007ffa47903000 	C:\WINDOWS\System32\fwpuclnt.dll
0x00007ffa31df0000 - 0x00007ffa31df7000 	D:\Android\Android Studio\jbr\bin\rmi.dll

dbghelp: loaded successfully - version: 4.0.5 - missing functions: none
symbol engine: initialized successfully - sym options: 0x614 - pdb path: .;D:\Android\Android Studio\jbr\bin;C:\WINDOWS\SYSTEM32;C:\WINDOWS\WinSxS\amd64_microsoft.windows.common-controls_6595b64144ccf1df_6.0.22621.3527_none_270e469b73872a76;D:\Android\Android Studio\jbr\bin\server;C:\Users\liubov\.gradle\native\68d5fa5c4cc2d200863cafc0d521ce42e7d3e7ee720ec0a83991735586a16f82\windows-amd64;C:\Users\liubov\.gradle\native\e376f236ea51e6404a007f0833ffe2c6e607c4080706a723a18a27aeea778392\windows-amd64

VM Arguments:
jvm_args: --add-opens=java.base/java.util=ALL-UNNAMED --add-opens=java.base/java.lang=ALL-UNNAMED --add-opens=java.base/java.lang.invoke=ALL-UNNAMED --add-opens=java.prefs/java.util.prefs=ALL-UNNAMED --add-opens=java.base/java.nio.charset=ALL-UNNAMED --add-opens=java.base/java.net=ALL-UNNAMED --add-opens=java.base/java.util.concurrent.atomic=ALL-UNNAMED -Xmx2048m -Dfile.encoding=UTF-8 -Duser.country=UA -Duser.language=uk -Duser.variant 
java_command: org.gradle.launcher.daemon.bootstrap.GradleDaemon 8.0
java_class_path (initial): C:\Users\liubov\.gradle\wrapper\dists\gradle-8.0-bin\ca5e32bp14vu59qr306oxotwh\gradle-8.0\lib\gradle-launcher-8.0.jar
Launcher Type: SUN_STANDARD

[Global flags]
     intx CICompilerCount                          = 12                                        {product} {ergonomic}
     uint ConcGCThreads                            = 3                                         {product} {ergonomic}
     uint G1ConcRefinementThreads                  = 13                                        {product} {ergonomic}
   size_t G1HeapRegionSize                         = 1048576                                   {product} {ergonomic}
    uintx GCDrainStackTargetSize                   = 64                                        {product} {ergonomic}
   size_t InitialHeapSize                          = 255852544                                 {product} {ergonomic}
   size_t MarkStackSize                            = 4194304                                   {product} {ergonomic}
   size_t MaxHeapSize                              = 2147483648                                {product} {command line}
   size_t MaxNewSize                               = 1287651328                                {product} {ergonomic}
   size_t MinHeapDeltaBytes                        = 1048576                                   {product} {ergonomic}
   size_t MinHeapSize                              = 8388608                                   {product} {ergonomic}
    uintx NonNMethodCodeHeapSize                   = 7602480                                {pd product} {ergonomic}
    uintx NonProfiledCodeHeapSize                  = 122027880                              {pd product} {ergonomic}
    uintx ProfiledCodeHeapSize                     = 122027880                              {pd product} {ergonomic}
    uintx ReservedCodeCacheSize                    = 251658240                              {pd product} {ergonomic}
     bool SegmentedCodeCache                       = true                                      {product} {ergonomic}
   size_t SoftMaxHeapSize                          = 2147483648                             {manageable} {ergonomic}
     bool UseCompressedClassPointers               = true                           {product lp64_product} {ergonomic}
     bool UseCompressedOops                        = true                           {product lp64_product} {ergonomic}
     bool UseG1GC                                  = true                                      {product} {ergonomic}
     bool UseLargePagesIndividualAllocation        = false                                  {pd product} {ergonomic}

Logging:
Log output configuration:
 #0: stdout all=warning uptime,level,tags
 #1: stderr all=off uptime,level,tags

Environment Variables:
PATH=D:\VMware\bin\;C:\Program Files\NVIDIA GPU Computing Toolkit\CUDA\v12.4\bin;C:\Program Files\NVIDIA GPU Computing Toolkit\CUDA\v12.4\libnvvp;C:\Program Files\Common Files\Oracle\Java\javapath;C:\WINDOWS\system32;C:\WINDOWS;C:\WINDOWS\System32\Wbem;C:\WINDOWS\System32\WindowsPowerShell\v1.0\;C:\WINDOWS\System32\OpenSSH\;C:\Program Files (x86)\NVIDIA Corporation\PhysX\Common;C:\Program Files\NVIDIA Corporation\NVIDIA NvDLISR;C:\Program Files\Git\cmd;C:\Program Files (x86)\Windows Kits\10\Windows Performance Toolkit\;D:\nodejs\;D:\opencv\opencv\build\x64\vc16\bin\;C:\Program Files\Amazon\AWSCLIV2\;C:\Program Files\NVIDIA Corporation\Nsight Compute 2024.1.0\;C:\Program Files\NVIDIA GPU Computing Toolkit\CUDA\v12.4\bin\\..\extras\CUPTI\lib64;C:\Program Files\Microsoft SDKs\Azure\CLI2\wbin;C:\Program Files\NVIDIA GPU Computing Toolkit\CUDA\v12.4\bin;C:\Program Files\NVIDIA GPU Computing Toolkit\CUDA\v12.4\libnvvp;C:\Program Files\Common Files\Oracle\Java\javapath;C:\WINDOWS\system32;C:\WINDOWS;C:\WINDOWS\System32\Wbem;C:\WINDOWS\System32\WindowsPowerShell\v1.0\;C:\WINDOWS\System32\OpenSSH\;C:\Program Files (x86)\NVIDIA Corporation\PhysX\Common;C:\Program Files\NVIDIA Corporation\NVIDIA NvDLISR;C:\Program Files\Git\cmd;C:\Program Files (x86)\Windows Kits\10\Windows Performance Toolkit\;D:\nodejs\;D:\opencv\opencv\build\x64\vc16\bin\;C:\Program Files\Amazon\AWSCLIV2\;C:\Program Files\NVIDIA Corporation\Nsight Compute 2024.1.0\;C:\Program Files\NVIDIA GPU Computing Toolkit\CUDA\v12.4\bin\\..\extras\CUPTI\lib64;C:\Program Files\NVIDIA GPU Computing Toolkit\CUDA\v12.4\bin;C:\Program Files\NVIDIA GPU Computing Toolkit\CUDA\v12.4\libnvvp;C:\Program Files\Common Files\Orac;D:\Microsoft\Microsoft VS Code\bin
USERNAME=liubov
OS=Windows_NT
PROCESSOR_IDENTIFIER=AMD64 Family 25 Model 68 Stepping 1, AuthenticAMD
TMP=C:\Users\liubov\AppData\Local\Temp
TEMP=C:\Users\liubov\AppData\Local\Temp


JNI global refs:
JNI global refs: 39, weak refs: 55

JNI global refs memory usage: 843, weak refs: 1473


---------------  S Y S T E M  ---------------

OS:
 Windows 11 , 64 bit Build 22621 (10.0.22621.3527)
OS uptime: 3 days 13:51 hours

CPU: total 16 (initial active 16) (16 cores per cpu, 2 threads per core) family 25 model 68 stepping 1 microcode 0x0, cx8, cmov, fxsr, ht, mmx, 3dnowpref, sse, sse2, sse3, ssse3, sse4a, sse4.1, sse4.2, popcnt, lzcnt, tsc, tscinvbit, avx, avx2, aes, erms, clmul, bmi1, bmi2, adx, sha, fma, vzeroupper, clflush, clflushopt

Memory: 4k page, system-wide physical 15557M (590M free)
TotalPageFile size 32097M (AvailPageFile size 279M)
current process WorkingSet (physical memory assigned to process): 908M, peak: 969M
current process commit charge ("private bytes"): 1160M, peak: 1723M

vm_info: OpenJDK 64-Bit Server VM (17.0.6+0-b2043.56-10027231) for windows-amd64 JRE (17.0.6+0-b2043.56-10027231), built on Apr 28 2023 00:43:19 by "androidbuild" with MS VC++ 16.10 / 16.11 (VS2019)

END.
