#
# There is insufficient memory for the Java Runtime Environment to continue.
# Native memory allocation (mmap) failed to map 551550976 bytes for G1 virtual space
# Possible reasons:
#   The system is out of physical RAM or swap space
#   The process is running with CompressedOops enabled, and the Java Heap may be blocking the growth of the native heap
# Possible solutions:
#   Reduce memory load on the system
#   Increase physical memory or swap space
#   Check if swap backing store is full
#   Decrease Java heap size (-Xmx/-Xms)
#   Decrease number of Java threads
#   Decrease Java thread stack sizes (-Xss)
#   Set larger code cache with -XX:ReservedCodeCacheSize=
#   JVM is running with Unscaled Compressed Oops mode in which the Java heap is
#     placed in the first 4GB address space. The Java Heap base address is the
#     maximum limit for the native heap growth. Please use -XX:HeapBaseMinAddress
#     to set the Java Heap base and to place the Java Heap above 4GB virtual address.
# This output file may be truncated or incomplete.
#
#  Out of Memory Error (os_windows.cpp:3769), pid=105064, tid=107548
#
# JRE version: OpenJDK Runtime Environment (17.0.6) (build 17.0.6+0-b2043.56-10027231)
# Java VM: OpenJDK 64-Bit Server VM (17.0.6+0-b2043.56-10027231, mixed mode, tiered, compressed oops, compressed class ptrs, g1 gc, windows-amd64)
# No core dump will be written. Minidumps are not enabled by default on client versions of Windows
#

---------------  S U M M A R Y ------------

Command Line: --add-opens=java.base/java.util=ALL-UNNAMED --add-opens=java.base/java.lang=ALL-UNNAMED --add-opens=java.base/java.lang.invoke=ALL-UNNAMED --add-opens=java.prefs/java.util.prefs=ALL-UNNAMED --add-opens=java.base/java.nio.charset=ALL-UNNAMED --add-opens=java.base/java.net=ALL-UNNAMED --add-opens=java.base/java.util.concurrent.atomic=ALL-UNNAMED -Xmx2048m -Dfile.encoding=UTF-8 -Duser.country=UA -Duser.language=uk -Duser.variant org.gradle.launcher.daemon.bootstrap.GradleDaemon 8.0

Host: AMD Ryzen 7 6800H with Radeon Graphics         , 16 cores, 15G,  Windows 11 , 64 bit Build 22621 (10.0.22621.3527)
Time: Mon Jun 10 00:00:49 2024  Windows 11 , 64 bit Build 22621 (10.0.22621.3527) elapsed time: 320.819208 seconds (0d 0h 5m 20s)

---------------  T H R E A D  ---------------

Current thread (0x0000023656041040):  VMThread "VM Thread" [stack: 0x000000a12c400000,0x000000a12c500000] [id=107548]

Stack: [0x000000a12c400000,0x000000a12c500000]
Native frames: (J=compiled Java code, j=interpreted, Vv=VM code, C=native code)
V  [jvm.dll+0x683c9a]
V  [jvm.dll+0x8427a4]
V  [jvm.dll+0x843f9e]
V  [jvm.dll+0x844603]
V  [jvm.dll+0x249b75]
V  [jvm.dll+0x680b69]
V  [jvm.dll+0x67505a]
V  [jvm.dll+0x309acb]
V  [jvm.dll+0x310f86]
V  [jvm.dll+0x3608ee]
V  [jvm.dll+0x360b1f]
V  [jvm.dll+0x2dfbf8]
V  [jvm.dll+0x2ddec4]
V  [jvm.dll+0x2dd4cc]
V  [jvm.dll+0x321f3b]
V  [jvm.dll+0x848ccb]
V  [jvm.dll+0x849a04]
V  [jvm.dll+0x849f1d]
V  [jvm.dll+0x84a2f4]
V  [jvm.dll+0x84a3c0]
V  [jvm.dll+0x7f274a]
V  [jvm.dll+0x682ad5]
C  [ucrtbase.dll+0x29333]
C  [KERNEL32.DLL+0x1257d]
C  [ntdll.dll+0x5aa48]

VM_Operation (0x000000a13f6fc2c0): G1CollectForAllocation, mode: safepoint, requested by thread 0x000002365cf2d750


---------------  P R O C E S S  ---------------

Threads class SMR info:
_java_thread_list=0x000002365c862ea0, length=295, elements={
0x000002363ac52000, 0x0000023656063270, 0x0000023656065610, 0x00000236560ac9d0,
0x00000236560ad0a0, 0x00000236560afa70, 0x00000236560b0330, 0x00000236560b0f20,
0x00000236560b18d0, 0x00000236560b45e0, 0x000002365623fd70, 0x00000236562643b0,
0x00000236567a9810, 0x00000236589bd200, 0x00000236589bd6d0, 0x0000023658815bd0,
0x000002365a75c760, 0x000002365a75d5d0, 0x000002365a762c70, 0x000002365a75cc30,
0x000002365a75d100, 0x000002365a75fc50, 0x000002365a761460, 0x000002365a75bdc0,
0x000002365a75e440, 0x000002365a75f2b0, 0x000002365a760120, 0x0000023659086d60,
0x000002365b570820, 0x000002365b56b180, 0x000002365b56bff0, 0x000002365b572030,
0x000002365b56eb40, 0x000002365b570350, 0x000002365b56c4c0, 0x000002365b570cf0,
0x000002365b5711c0, 0x000002365c59b670, 0x000002365c59acd0, 0x000002365c598ff0,
0x000002365c59dcf0, 0x0000023663693b10, 0x000002365ba52040, 0x00000236576144f0,
0x000002365ba50d00, 0x000002365761f230, 0x00000236610a23d0, 0x000002365c461f20,
0x000002365ab9f520, 0x00000236576200a0, 0x000002365ba511d0, 0x000002366020ecc0,
0x000002365ba50830, 0x0000023656b955c0, 0x0000023663a95710, 0x000002366020b970,
0x000002365b6fb9e0, 0x000002366020e320, 0x000002365761aa00, 0x000002365761b3a0,
0x000002365fedcec0, 0x000002365feda840, 0x0000023656783680, 0x000002365f78fd60,
0x000002365cf2d280, 0x0000023665e455d0, 0x000002365649c270, 0x000002366020c7e0,
0x000002366020b4a0, 0x00000236637e9d80, 0x000002365cf2dc20, 0x000002365cf2c410,
0x000002365fedbb80, 0x000002365fede6d0, 0x000002365fee2090, 0x000002365fee0d50,
0x000002365fedc050, 0x000002365fedb1e0, 0x000002365fedad10, 0x000002365fedeba0,
0x000002365fedc520, 0x0000023666390400, 0x00000236663908d0, 0x00000236663925b0,
0x0000023666391740, 0x0000023666390da0, 0x000002365cf6fdb0, 0x000002365cf70280,
0x000002365cf6f410, 0x000002365cf6ef40, 0x000002365cf6ea70, 0x000002365cf6f8e0,
0x00000236568b1790, 0x00000236568b1c60, 0x00000236568b12c0, 0x00000236568b0df0,
0x00000236568b2600, 0x00000236568b2130, 0x00000236568b2ad0, 0x00000236568b3470,
0x00000236568b3940, 0x00000236568b2fa0, 0x00000236568b3e10, 0x00000236568b0450,
0x00000236568b0920, 0x000002366100c250, 0x000002366100b3e0, 0x000002366100c720,
0x000002366100af10, 0x000002366100da60, 0x000002366100cbf0, 0x000002366100b8b0,
0x000002366100bd80, 0x000002366100e8d0, 0x000002366100d0c0, 0x000002366100df30,
0x000002366100d590, 0x000002366100e400, 0x000002365bff4c70, 0x000002365bff6950,
0x000002365bff6e20, 0x000002365bff5fb0, 0x000002365ab9f050, 0x000002365ab9fec0,
0x000002365aba0390, 0x000002365aba0860, 0x00000236574eaa00, 0x00000236574eb3a0,
0x00000236574eb870, 0x00000236574eda20, 0x00000236574ebd40, 0x00000236574ec210,
0x00000236574eaed0, 0x00000236574ec6e0, 0x00000236574ecbb0, 0x00000236574ed080,
0x00000236574ed550, 0x00000236574ea530, 0x00000236574ea060, 0x00000236637751b0,
0x0000023663774810, 0x0000023663775680, 0x0000023663776e90, 0x0000023663774ce0,
0x0000023663776020, 0x0000023663775b50, 0x00000236637764f0, 0x00000236637769c0,
0x0000023663774340, 0x0000023663777830, 0x0000023663777360, 0x0000023663932680,
0x000002365f790230, 0x000002365f78f890, 0x000002365f78c870, 0x000002365f78dbb0,
0x000002365f78cd40, 0x000002365f78e080, 0x000002365f78d6e0, 0x000002365f78d210,
0x000002365f78e550, 0x000002365f78ea20, 0x00000236600cb670, 0x00000236600cb1a0,
0x00000236600c9990, 0x00000236600cbb40, 0x00000236600c94c0, 0x00000236600cacd0,
0x00000236600cc010, 0x00000236600cc4e0, 0x00000236600c8b20, 0x00000236600c8ff0,
0x00000236600c9e60, 0x00000236600ca330, 0x00000236600ca800, 0x000002366349c4f0,
0x000002366349e6a0, 0x000002366349eb70, 0x000002366349d830, 0x000002366349dd00,
0x000002366638f590, 0x000002366638ff30, 0x0000023666392a80, 0x0000023666392f50,
0x000002366638fa60, 0x0000023666391270, 0x0000023666391c10, 0x00000236571e94f0,
0x00000236571ec510, 0x00000236571e99c0, 0x00000236571e9e90, 0x00000236571ea360,
0x00000236571ec040, 0x00000236571ec9e0, 0x00000236571ea830, 0x00000236571e9020,
0x00000236571eb6a0, 0x00000236571ead00, 0x000002365b6f8e90, 0x000002365b6f9360,
0x000002365b6fab70, 0x000002365b6f9830, 0x000002365b6f9d00, 0x000002365b6fa1d0,
0x000002365b6fa6a0, 0x000002365b6fb510, 0x000002365b6fb040, 0x0000023656783b50,
0x0000023656784020, 0x00000236567849c0, 0x0000023656784e90, 0x00000236567844f0,
0x00000236610a28a0, 0x0000023663f01440, 0x0000023663f01910, 0x0000023663f01de0,
0x0000023663f02780, 0x0000023663f00f70, 0x0000023663f022b0, 0x0000023663f03120,
0x0000023663f02c50, 0x0000023663f005d0, 0x0000023663f035f0, 0x0000023663f03ac0,
0x0000023663f00100, 0x0000023663f00aa0, 0x000002366349d360, 0x000002366349b680,
0x000002366349c9c0, 0x000002366349ce90, 0x000002366349f040, 0x000002366349e1d0,
0x000002366070fa40, 0x0000023660710d80, 0x000002366070ff10, 0x00000236607103e0,
0x0000023660711250, 0x00000236637ea250, 0x00000236637ea720, 0x000002365f450550,
0x00000236609ce9e0, 0x000002365f451890, 0x000002365f451d60, 0x000002365f44fbb0,
0x0000023665e46de0, 0x0000023665e485f0, 0x0000023665e48120, 0x0000023665e472b0,
0x0000023665e46440, 0x0000023665e47780, 0x0000023665e47c50, 0x0000023665e44c30,
0x0000023665e45100, 0x0000023665e45aa0, 0x0000023656b95a90, 0x0000023656b96430,
0x0000023656b95f60, 0x0000023656b94c20, 0x000002365f3e5790, 0x0000023663930e70,
0x000002366349bb50, 0x000002366349c020, 0x000002365649df50, 0x000002365649d0e0,
0x0000023663a948a0, 0x0000023657615360, 0x0000023663a95240, 0x0000023657617510,
0x0000023658ec5340, 0x0000023663a95be0, 0x0000023663a943d0, 0x0000023663a94d70,
0x0000023663b39fc0, 0x0000023663b3cb10, 0x0000023663b3b7d0, 0x0000023663b3b300,
0x0000023663b39150, 0x0000023663b3bca0, 0x0000023663b3ae30, 0x0000023663b3a490,
0x0000023663b3c170, 0x0000023663b39af0, 0x0000023663b39620, 0x0000023663b3a960,
0x0000023663b3c640, 0x000002365f450a20, 0x000002365f44f210, 0x000002365cf2c8e0,
0x000002365cf2d750, 0x00000236655f4090, 0x00000236655f53d0, 0x00000236655f23b0,
0x000002365f44f6e0, 0x000002365f44e3a0, 0x000002365f44e870
}

Java Threads: ( => current thread )
  0x000002363ac52000 JavaThread "main" [_thread_blocked, id=104872, stack(0x000000a12be00000,0x000000a12bf00000)]
  0x0000023656063270 JavaThread "Reference Handler" daemon [_thread_blocked, id=108432, stack(0x000000a12c500000,0x000000a12c600000)]
  0x0000023656065610 JavaThread "Finalizer" daemon [_thread_blocked, id=99812, stack(0x000000a12c600000,0x000000a12c700000)]
  0x00000236560ac9d0 JavaThread "Signal Dispatcher" daemon [_thread_blocked, id=95704, stack(0x000000a12c700000,0x000000a12c800000)]
  0x00000236560ad0a0 JavaThread "Attach Listener" daemon [_thread_blocked, id=103888, stack(0x000000a12c800000,0x000000a12c900000)]
  0x00000236560afa70 JavaThread "Service Thread" daemon [_thread_blocked, id=107864, stack(0x000000a12c900000,0x000000a12ca00000)]
  0x00000236560b0330 JavaThread "Monitor Deflation Thread" daemon [_thread_blocked, id=14028, stack(0x000000a12ca00000,0x000000a12cb00000)]
  0x00000236560b0f20 JavaThread "C2 CompilerThread0" daemon [_thread_in_native, id=105980, stack(0x000000a12cb00000,0x000000a12cc00000)]
  0x00000236560b18d0 JavaThread "C1 CompilerThread0" daemon [_thread_blocked, id=106656, stack(0x000000a12cc00000,0x000000a12cd00000)]
  0x00000236560b45e0 JavaThread "Sweeper thread" daemon [_thread_blocked, id=107032, stack(0x000000a12cd00000,0x000000a12ce00000)]
  0x000002365623fd70 JavaThread "Common-Cleaner" daemon [_thread_blocked, id=108484, stack(0x000000a12d000000,0x000000a12d100000)]
  0x00000236562643b0 JavaThread "Notification Thread" daemon [_thread_blocked, id=106860, stack(0x000000a12d100000,0x000000a12d200000)]
  0x00000236567a9810 JavaThread "Daemon health stats" [_thread_blocked, id=108356, stack(0x000000a12da00000,0x000000a12db00000)]
  0x00000236589bd200 JavaThread "Incoming local TCP Connector on port 59036" [_thread_in_native, id=107028, stack(0x000000a12db00000,0x000000a12dc00000)]
  0x00000236589bd6d0 JavaThread "Daemon periodic checks" [_thread_blocked, id=109448, stack(0x000000a12dc00000,0x000000a12dd00000)]
  0x0000023658815bd0 JavaThread "Cache worker for journal cache (C:\Users\liubov\.gradle\caches\journal-1)" [_thread_blocked, id=106676, stack(0x000000a12ee00000,0x000000a12ef00000)]
  0x000002365a75c760 JavaThread "File lock request listener" [_thread_in_native, id=107836, stack(0x000000a12ef00000,0x000000a12f000000)]
  0x000002365a75d5d0 JavaThread "Cache worker for file hash cache (C:\Users\liubov\.gradle\caches\8.0\fileHashes)" [_thread_blocked, id=107884, stack(0x000000a12f000000,0x000000a12f100000)]
  0x000002365a762c70 JavaThread "File watcher server" daemon [_thread_blocked, id=108060, stack(0x000000a12f200000,0x000000a12f300000)]
  0x000002365a75cc30 JavaThread "File watcher consumer" daemon [_thread_blocked, id=105556, stack(0x000000a12f300000,0x000000a12f400000)]
  0x000002365a75d100 JavaThread "Cache worker for file content cache (C:\Users\liubov\.gradle\caches\8.0\fileContent)" [_thread_blocked, id=91180, stack(0x000000a12f600000,0x000000a12f700000)]
  0x000002365a75fc50 JavaThread "Cache worker for execution history cache (C:\Users\liubov\.gradle\caches\8.0\executionHistory)" [_thread_blocked, id=107248, stack(0x000000a12f900000,0x000000a12fa00000)]
  0x000002365a761460 JavaThread "jar transforms" [_thread_blocked, id=108684, stack(0x000000a12fa00000,0x000000a12fb00000)]
  0x000002365a75bdc0 JavaThread "jar transforms Thread 2" [_thread_blocked, id=20604, stack(0x000000a12fb00000,0x000000a12fc00000)]
  0x000002365a75e440 JavaThread "Cache worker for kotlin-dsl (C:\Users\liubov\.gradle\caches\8.0\kotlin-dsl)" [_thread_blocked, id=106308, stack(0x000000a12fc00000,0x000000a12fd00000)]
  0x000002365a75f2b0 JavaThread "jar transforms Thread 3" [_thread_blocked, id=104592, stack(0x000000a12fd00000,0x000000a12fe00000)]
  0x000002365a760120 JavaThread "jar transforms Thread 4" [_thread_blocked, id=98712, stack(0x000000a12fe00000,0x000000a12ff00000)]
  0x0000023659086d60 JavaThread "jar transforms Thread 5" [_thread_blocked, id=108876, stack(0x000000a130100000,0x000000a130200000)]
  0x000002365b570820 JavaThread "jar transforms Thread 6" [_thread_blocked, id=109324, stack(0x000000a139e00000,0x000000a139f00000)]
  0x000002365b56b180 JavaThread "jar transforms Thread 7" [_thread_blocked, id=109148, stack(0x000000a139f00000,0x000000a13a000000)]
  0x000002365b56bff0 JavaThread "jar transforms Thread 8" [_thread_blocked, id=109172, stack(0x000000a13a000000,0x000000a13a100000)]
  0x000002365b572030 JavaThread "jar transforms Thread 9" [_thread_blocked, id=109184, stack(0x000000a13a100000,0x000000a13a200000)]
  0x000002365b56eb40 JavaThread "jar transforms Thread 10" [_thread_blocked, id=109112, stack(0x000000a13a200000,0x000000a13a300000)]
  0x000002365b570350 JavaThread "jar transforms Thread 11" [_thread_blocked, id=108996, stack(0x000000a13a300000,0x000000a13a400000)]
  0x000002365b56c4c0 JavaThread "jar transforms Thread 12" [_thread_blocked, id=109168, stack(0x000000a13a400000,0x000000a13a500000)]
  0x000002365b570cf0 JavaThread "jar transforms Thread 13" [_thread_blocked, id=109272, stack(0x000000a13a500000,0x000000a13a600000)]
  0x000002365b5711c0 JavaThread "jar transforms Thread 14" [_thread_blocked, id=107956, stack(0x000000a13a600000,0x000000a13a700000)]
  0x000002365c59b670 JavaThread "jar transforms Thread 15" [_thread_blocked, id=108956, stack(0x000000a13a700000,0x000000a13a800000)]
  0x000002365c59acd0 JavaThread "jar transforms Thread 16" [_thread_blocked, id=109240, stack(0x000000a13a800000,0x000000a13a900000)]
  0x000002365c598ff0 JavaThread "Memory manager" [_thread_blocked, id=109276, stack(0x000000a13aa00000,0x000000a13ab00000)]
  0x000002365c59dcf0 JavaThread "pool-3-thread-1" [_thread_blocked, id=104852, stack(0x000000a13ad00000,0x000000a13ae00000)]
  0x0000023663693b10 JavaThread "ForkJoinPool.commonPool-worker-1" daemon [_thread_blocked, id=109312, stack(0x000000a13de00000,0x000000a13df00000)]
  0x000002365ba52040 JavaThread "ForkJoinPool.commonPool-worker-5" daemon [_thread_blocked, id=106016, stack(0x000000a13e200000,0x000000a13e300000)]
  0x00000236576144f0 JavaThread "ForkJoinPool.commonPool-worker-6" daemon [_thread_blocked, id=109364, stack(0x000000a13e300000,0x000000a13e400000)]
  0x000002365ba50d00 JavaThread "ForkJoinPool.commonPool-worker-7" daemon [_thread_blocked, id=107780, stack(0x000000a13e400000,0x000000a13e500000)]
  0x000002365761f230 JavaThread "ForkJoinPool.commonPool-worker-8" daemon [_thread_blocked, id=108000, stack(0x000000a13e500000,0x000000a13e600000)]
  0x00000236610a23d0 JavaThread "ForkJoinPool.commonPool-worker-9" daemon [_thread_blocked, id=100372, stack(0x000000a13e600000,0x000000a13e700000)]
  0x000002365c461f20 JavaThread "ForkJoinPool.commonPool-worker-10" daemon [_thread_blocked, id=109404, stack(0x000000a13e700000,0x000000a13e800000)]
  0x000002365ab9f520 JavaThread "ForkJoinPool.commonPool-worker-11" daemon [_thread_blocked, id=109420, stack(0x000000a13e800000,0x000000a13e900000)]
  0x00000236576200a0 JavaThread "ForkJoinPool.commonPool-worker-12" daemon [_thread_blocked, id=107576, stack(0x000000a13e900000,0x000000a13ea00000)]
  0x000002365ba511d0 JavaThread "ForkJoinPool.commonPool-worker-13" daemon [_thread_blocked, id=106648, stack(0x000000a13ea00000,0x000000a13eb00000)]
  0x000002366020ecc0 JavaThread "ForkJoinPool.commonPool-worker-14" daemon [_thread_blocked, id=104732, stack(0x000000a13eb00000,0x000000a13ec00000)]
  0x000002365ba50830 JavaThread "ForkJoinPool.commonPool-worker-15" daemon [_thread_blocked, id=103024, stack(0x000000a13ec00000,0x000000a13ed00000)]
  0x0000023656b955c0 JavaThread "Daemon Thread 2" [_thread_blocked, id=99688, stack(0x000000a12bb00000,0x000000a12bc00000)]
  0x0000023663a95710 JavaThread "Daemon worker Thread 2" [_thread_blocked, id=107012, stack(0x000000a12ce00000,0x000000a12cf00000)]
  0x000002366020b970 JavaThread "pool-7-thread-1" [_thread_blocked, id=109852, stack(0x000000a139d00000,0x000000a139e00000)]
  0x000002365b6fb9e0 JavaThread "RMI Scheduler(0)" daemon [_thread_blocked, id=110068, stack(0x000000a13c400000,0x000000a13c500000)]
  0x000002366020e320 JavaThread "RMI GC Daemon" daemon [_thread_blocked, id=110076, stack(0x000000a13c600000,0x000000a13c700000)]
  0x000002365761aa00 JavaThread "RMI TCP Accept-0" daemon [_thread_in_native, id=110092, stack(0x000000a13c700000,0x000000a13c800000)]
  0x000002365761b3a0 JavaThread "RMI Reaper" [_thread_blocked, id=110096, stack(0x000000a13c800000,0x000000a13c900000)]
  0x000002365fedcec0 JavaThread "RMI TCP Connection(11)-127.0.0.1" daemon [_thread_in_native, id=110104, stack(0x000000a13c900000,0x000000a13ca00000)]
  0x000002365feda840 JavaThread "RMI TCP Connection(10)-127.0.0.1" daemon [_thread_in_native, id=110152, stack(0x000000a139c00000,0x000000a139d00000)]
  0x0000023656783680 JavaThread "Cache worker for Java compile cache (C:\Users\liubov\.gradle\caches\8.0\javaCompile)" [_thread_blocked, id=110184, stack(0x000000a12e300000,0x000000a12e400000)]
  0x000002365f78fd60 JavaThread "ForkJoinPool.commonPool-worker-16" daemon [_thread_blocked, id=110336, stack(0x000000a13fc00000,0x000000a13fd00000)]
  0x000002365cf2d280 JavaThread "ForkJoinPool.commonPool-worker-17" daemon [_thread_blocked, id=110340, stack(0x000000a13fd00000,0x000000a13fe00000)]
  0x0000023665e455d0 JavaThread "ForkJoinPool.commonPool-worker-18" daemon [_thread_blocked, id=110344, stack(0x000000a13fe00000,0x000000a13ff00000)]
  0x000002365649c270 JavaThread "pool-11-thread-1" [_thread_blocked, id=101728, stack(0x000000a13a900000,0x000000a13aa00000)]
  0x000002366020c7e0 JavaThread "pool-14-thread-1" [_thread_blocked, id=108496, stack(0x000000a139b00000,0x000000a139c00000)]
  0x000002366020b4a0 JavaThread "included builds" [_thread_blocked, id=105776, stack(0x000000a13af00000,0x000000a13b000000)]
  0x00000236637e9d80 JavaThread "RMI TCP Connection(9)-127.0.0.1" daemon [_thread_in_native, id=108192, stack(0x000000a13cd00000,0x000000a13ce00000)]
  0x000002365cf2dc20 JavaThread "Handler for socket connection from /127.0.0.1:59036 to /127.0.0.1:59330" [_thread_in_native, id=110560, stack(0x000000a12bc00000,0x000000a12bd00000)]
  0x000002365cf2c410 JavaThread "Cancel handler" [_thread_blocked, id=94316, stack(0x000000a12bd00000,0x000000a12be00000)]
  0x000002365fedbb80 JavaThread "Asynchronous log dispatcher for DefaultDaemonConnection: socket connection from /127.0.0.1:59036 to /127.0.0.1:59330" [_thread_blocked, id=108252, stack(0x000000a12cf00000,0x000000a12d000000)]
  0x000002365fede6d0 JavaThread "Stdin handler" [_thread_blocked, id=110032, stack(0x000000a12d300000,0x000000a12d400000)]
  0x000002365fee2090 JavaThread "Daemon client event forwarder" [_thread_blocked, id=110424, stack(0x000000a12d400000,0x000000a12d500000)]
  0x000002365fee0d50 JavaThread "Cache worker for checksums cache (D:\StudioProjects\placement_example\.gradle\8.0\checksums)" [_thread_blocked, id=108732, stack(0x000000a12d900000,0x000000a12da00000)]
  0x000002365fedc050 JavaThread "Cache worker for cache directory md-rule (C:\Users\liubov\.gradle\caches\8.0\md-rule)" [_thread_blocked, id=109316, stack(0x000000a12dd00000,0x000000a12de00000)]
  0x000002365fedb1e0 JavaThread "Cache worker for file hash cache (D:\StudioProjects\placement_example\.gradle\8.0\fileHashes)" [_thread_blocked, id=108332, stack(0x000000a12de00000,0x000000a12df00000)]
  0x000002365fedad10 JavaThread "Cache worker for cache directory md-supplier (C:\Users\liubov\.gradle\caches\8.0\md-supplier)" [_thread_blocked, id=110484, stack(0x000000a12df00000,0x000000a12e000000)]
  0x000002365fedeba0 JavaThread "Cache worker for dependencies-accessors (D:\StudioProjects\placement_example\.gradle\8.0\dependencies-accessors)" [_thread_blocked, id=109808, stack(0x000000a12e000000,0x000000a12e100000)]
  0x000002365fedc520 JavaThread "Cache worker for Build Output Cleanup Cache (D:\StudioProjects\placement_example\.gradle\buildOutputCleanup)" [_thread_blocked, id=110436, stack(0x000000a12e100000,0x000000a12e200000)]
  0x0000023666390400 JavaThread "Unconstrained build operations" [_thread_blocked, id=109828, stack(0x000000a12f100000,0x000000a12f200000)]
  0x00000236663908d0 JavaThread "Unconstrained build operations Thread 2" [_thread_blocked, id=110524, stack(0x000000a12f400000,0x000000a12f500000)]
  0x00000236663925b0 JavaThread "Unconstrained build operations Thread 3" [_thread_blocked, id=110120, stack(0x000000a12f500000,0x000000a12f600000)]
  0x0000023666391740 JavaThread "Unconstrained build operations Thread 4" [_thread_blocked, id=107428, stack(0x000000a12f700000,0x000000a12f800000)]
  0x0000023666390da0 JavaThread "Unconstrained build operations Thread 5" [_thread_blocked, id=106852, stack(0x000000a12f800000,0x000000a12f900000)]
  0x000002365cf6fdb0 JavaThread "Unconstrained build operations Thread 6" [_thread_blocked, id=110140, stack(0x000000a12ff00000,0x000000a130000000)]
  0x000002365cf70280 JavaThread "Unconstrained build operations Thread 7" [_thread_blocked, id=110272, stack(0x000000a130000000,0x000000a130100000)]
  0x000002365cf6f410 JavaThread "Unconstrained build operations Thread 8" [_thread_blocked, id=107572, stack(0x000000a130200000,0x000000a130300000)]
  0x000002365cf6ef40 JavaThread "Unconstrained build operations Thread 9" [_thread_blocked, id=107456, stack(0x000000a130300000,0x000000a130400000)]
  0x000002365cf6ea70 JavaThread "Unconstrained build operations Thread 10" [_thread_blocked, id=110004, stack(0x000000a130400000,0x000000a130500000)]
  0x000002365cf6f8e0 JavaThread "Unconstrained build operations Thread 11" [_thread_blocked, id=110576, stack(0x000000a130500000,0x000000a130600000)]
  0x00000236568b1790 JavaThread "Unconstrained build operations Thread 12" [_thread_blocked, id=110060, stack(0x000000a130600000,0x000000a130700000)]
  0x00000236568b1c60 JavaThread "Unconstrained build operations Thread 13" [_thread_blocked, id=109920, stack(0x000000a130700000,0x000000a130800000)]
  0x00000236568b12c0 JavaThread "Unconstrained build operations Thread 14" [_thread_blocked, id=42548, stack(0x000000a130800000,0x000000a130900000)]
  0x00000236568b0df0 JavaThread "Unconstrained build operations Thread 15" [_thread_blocked, id=103704, stack(0x000000a130900000,0x000000a130a00000)]
  0x00000236568b2600 JavaThread "Unconstrained build operations Thread 16" [_thread_blocked, id=107664, stack(0x000000a130a00000,0x000000a130b00000)]
  0x00000236568b2130 JavaThread "Unconstrained build operations Thread 17" [_thread_blocked, id=105248, stack(0x000000a130b00000,0x000000a130c00000)]
  0x00000236568b2ad0 JavaThread "Unconstrained build operations Thread 18" [_thread_blocked, id=109756, stack(0x000000a130c00000,0x000000a130d00000)]
  0x00000236568b3470 JavaThread "Unconstrained build operations Thread 19" [_thread_blocked, id=107656, stack(0x000000a130d00000,0x000000a130e00000)]
  0x00000236568b3940 JavaThread "Unconstrained build operations Thread 20" [_thread_blocked, id=109908, stack(0x000000a130e00000,0x000000a130f00000)]
  0x00000236568b2fa0 JavaThread "Unconstrained build operations Thread 21" [_thread_blocked, id=110580, stack(0x000000a130f00000,0x000000a131000000)]
  0x00000236568b3e10 JavaThread "Unconstrained build operations Thread 22" [_thread_blocked, id=107532, stack(0x000000a131000000,0x000000a131100000)]
  0x00000236568b0450 JavaThread "Unconstrained build operations Thread 23" [_thread_blocked, id=108100, stack(0x000000a131100000,0x000000a131200000)]
  0x00000236568b0920 JavaThread "Unconstrained build operations Thread 24" [_thread_blocked, id=109536, stack(0x000000a131200000,0x000000a131300000)]
  0x000002366100c250 JavaThread "Unconstrained build operations Thread 25" [_thread_blocked, id=109072, stack(0x000000a131300000,0x000000a131400000)]
  0x000002366100b3e0 JavaThread "Unconstrained build operations Thread 26" [_thread_blocked, id=110460, stack(0x000000a131400000,0x000000a131500000)]
  0x000002366100c720 JavaThread "Unconstrained build operations Thread 27" [_thread_blocked, id=108740, stack(0x000000a131500000,0x000000a131600000)]
  0x000002366100af10 JavaThread "Unconstrained build operations Thread 28" [_thread_blocked, id=110508, stack(0x000000a131600000,0x000000a131700000)]
  0x000002366100da60 JavaThread "Unconstrained build operations Thread 29" [_thread_blocked, id=110112, stack(0x000000a131700000,0x000000a131800000)]
  0x000002366100cbf0 JavaThread "Unconstrained build operations Thread 30" [_thread_blocked, id=108036, stack(0x000000a131800000,0x000000a131900000)]
  0x000002366100b8b0 JavaThread "Unconstrained build operations Thread 31" [_thread_blocked, id=107876, stack(0x000000a131900000,0x000000a131a00000)]
  0x000002366100bd80 JavaThread "Unconstrained build operations Thread 32" [_thread_blocked, id=110584, stack(0x000000a131a00000,0x000000a131b00000)]
  0x000002366100e8d0 JavaThread "Unconstrained build operations Thread 33" [_thread_blocked, id=110048, stack(0x000000a131b00000,0x000000a131c00000)]
  0x000002366100d0c0 JavaThread "Unconstrained build operations Thread 34" [_thread_blocked, id=110168, stack(0x000000a131c00000,0x000000a131d00000)]
  0x000002366100df30 JavaThread "Unconstrained build operations Thread 35" [_thread_blocked, id=108532, stack(0x000000a131d00000,0x000000a131e00000)]
  0x000002366100d590 JavaThread "Unconstrained build operations Thread 36" [_thread_blocked, id=64956, stack(0x000000a131e00000,0x000000a131f00000)]
  0x000002366100e400 JavaThread "Unconstrained build operations Thread 37" [_thread_blocked, id=109732, stack(0x000000a131f00000,0x000000a132000000)]
  0x000002365bff4c70 JavaThread "Unconstrained build operations Thread 38" [_thread_blocked, id=54164, stack(0x000000a132000000,0x000000a132100000)]
  0x000002365bff6950 JavaThread "Unconstrained build operations Thread 39" [_thread_blocked, id=101900, stack(0x000000a132100000,0x000000a132200000)]
  0x000002365bff6e20 JavaThread "Unconstrained build operations Thread 40" [_thread_blocked, id=107968, stack(0x000000a132200000,0x000000a132300000)]
  0x000002365bff5fb0 JavaThread "Unconstrained build operations Thread 41" [_thread_blocked, id=110444, stack(0x000000a132300000,0x000000a132400000)]
  0x000002365ab9f050 JavaThread "Unconstrained build operations Thread 42" [_thread_blocked, id=106328, stack(0x000000a132400000,0x000000a132500000)]
  0x000002365ab9fec0 JavaThread "Unconstrained build operations Thread 43" [_thread_blocked, id=104884, stack(0x000000a132500000,0x000000a132600000)]
  0x000002365aba0390 JavaThread "Unconstrained build operations Thread 44" [_thread_blocked, id=110532, stack(0x000000a132600000,0x000000a132700000)]
  0x000002365aba0860 JavaThread "Unconstrained build operations Thread 45" [_thread_blocked, id=109792, stack(0x000000a132700000,0x000000a132800000)]
  0x00000236574eaa00 JavaThread "Unconstrained build operations Thread 46" [_thread_blocked, id=108420, stack(0x000000a132800000,0x000000a132900000)]
  0x00000236574eb3a0 JavaThread "Unconstrained build operations Thread 47" [_thread_blocked, id=108384, stack(0x000000a132900000,0x000000a132a00000)]
  0x00000236574eb870 JavaThread "Unconstrained build operations Thread 48" [_thread_blocked, id=109608, stack(0x000000a132a00000,0x000000a132b00000)]
  0x00000236574eda20 JavaThread "Unconstrained build operations Thread 49" [_thread_blocked, id=107220, stack(0x000000a132b00000,0x000000a132c00000)]
  0x00000236574ebd40 JavaThread "Unconstrained build operations Thread 50" [_thread_blocked, id=110420, stack(0x000000a132c00000,0x000000a132d00000)]
  0x00000236574ec210 JavaThread "Unconstrained build operations Thread 51" [_thread_blocked, id=100452, stack(0x000000a132d00000,0x000000a132e00000)]
  0x00000236574eaed0 JavaThread "Unconstrained build operations Thread 52" [_thread_blocked, id=108748, stack(0x000000a132e00000,0x000000a132f00000)]
  0x00000236574ec6e0 JavaThread "Unconstrained build operations Thread 53" [_thread_blocked, id=104292, stack(0x000000a132f00000,0x000000a133000000)]
  0x00000236574ecbb0 JavaThread "Unconstrained build operations Thread 54" [_thread_blocked, id=110536, stack(0x000000a133000000,0x000000a133100000)]
  0x00000236574ed080 JavaThread "Unconstrained build operations Thread 55" [_thread_blocked, id=102564, stack(0x000000a133100000,0x000000a133200000)]
  0x00000236574ed550 JavaThread "Unconstrained build operations Thread 56" [_thread_blocked, id=110160, stack(0x000000a133200000,0x000000a133300000)]
  0x00000236574ea530 JavaThread "Unconstrained build operations Thread 57" [_thread_blocked, id=109548, stack(0x000000a133300000,0x000000a133400000)]
  0x00000236574ea060 JavaThread "Unconstrained build operations Thread 58" [_thread_blocked, id=108744, stack(0x000000a133400000,0x000000a133500000)]
  0x00000236637751b0 JavaThread "Unconstrained build operations Thread 59" [_thread_blocked, id=110480, stack(0x000000a133500000,0x000000a133600000)]
  0x0000023663774810 JavaThread "Unconstrained build operations Thread 60" [_thread_blocked, id=109748, stack(0x000000a133600000,0x000000a133700000)]
  0x0000023663775680 JavaThread "Unconstrained build operations Thread 61" [_thread_blocked, id=108896, stack(0x000000a133700000,0x000000a133800000)]
  0x0000023663776e90 JavaThread "Unconstrained build operations Thread 62" [_thread_blocked, id=109640, stack(0x000000a133800000,0x000000a133900000)]
  0x0000023663774ce0 JavaThread "Unconstrained build operations Thread 63" [_thread_blocked, id=107416, stack(0x000000a133900000,0x000000a133a00000)]
  0x0000023663776020 JavaThread "Unconstrained build operations Thread 64" [_thread_blocked, id=109048, stack(0x000000a133a00000,0x000000a133b00000)]
  0x0000023663775b50 JavaThread "Unconstrained build operations Thread 65" [_thread_blocked, id=105540, stack(0x000000a133b00000,0x000000a133c00000)]
  0x00000236637764f0 JavaThread "Unconstrained build operations Thread 66" [_thread_blocked, id=110356, stack(0x000000a133c00000,0x000000a133d00000)]
  0x00000236637769c0 JavaThread "Unconstrained build operations Thread 67" [_thread_blocked, id=110224, stack(0x000000a133d00000,0x000000a133e00000)]
  0x0000023663774340 JavaThread "Unconstrained build operations Thread 68" [_thread_blocked, id=104496, stack(0x000000a133e00000,0x000000a133f00000)]
  0x0000023663777830 JavaThread "Unconstrained build operations Thread 69" [_thread_blocked, id=107860, stack(0x000000a133f00000,0x000000a134000000)]
  0x0000023663777360 JavaThread "Unconstrained build operations Thread 70" [_thread_blocked, id=105760, stack(0x000000a134000000,0x000000a134100000)]
  0x0000023663932680 JavaThread "Unconstrained build operations Thread 71" [_thread_blocked, id=84668, stack(0x000000a134100000,0x000000a134200000)]
  0x000002365f790230 JavaThread "Unconstrained build operations Thread 72" [_thread_blocked, id=105832, stack(0x000000a134200000,0x000000a134300000)]
  0x000002365f78f890 JavaThread "Unconstrained build operations Thread 73" [_thread_blocked, id=107020, stack(0x000000a134300000,0x000000a134400000)]
  0x000002365f78c870 JavaThread "Unconstrained build operations Thread 74" [_thread_blocked, id=106024, stack(0x000000a134400000,0x000000a134500000)]
  0x000002365f78dbb0 JavaThread "Unconstrained build operations Thread 75" [_thread_blocked, id=108148, stack(0x000000a134500000,0x000000a134600000)]
  0x000002365f78cd40 JavaThread "Unconstrained build operations Thread 76" [_thread_blocked, id=105056, stack(0x000000a134600000,0x000000a134700000)]
  0x000002365f78e080 JavaThread "Unconstrained build operations Thread 77" [_thread_blocked, id=109784, stack(0x000000a134700000,0x000000a134800000)]
  0x000002365f78d6e0 JavaThread "Unconstrained build operations Thread 78" [_thread_blocked, id=104316, stack(0x000000a134800000,0x000000a134900000)]
  0x000002365f78d210 JavaThread "Unconstrained build operations Thread 79" [_thread_blocked, id=110264, stack(0x000000a134900000,0x000000a134a00000)]
  0x000002365f78e550 JavaThread "Unconstrained build operations Thread 80" [_thread_blocked, id=109580, stack(0x000000a134a00000,0x000000a134b00000)]
  0x000002365f78ea20 JavaThread "Unconstrained build operations Thread 81" [_thread_blocked, id=108872, stack(0x000000a134b00000,0x000000a134c00000)]
  0x00000236600cb670 JavaThread "Unconstrained build operations Thread 82" [_thread_blocked, id=108908, stack(0x000000a134c00000,0x000000a134d00000)]
  0x00000236600cb1a0 JavaThread "Unconstrained build operations Thread 83" [_thread_blocked, id=109876, stack(0x000000a134d00000,0x000000a134e00000)]
  0x00000236600c9990 JavaThread "Unconstrained build operations Thread 84" [_thread_blocked, id=108660, stack(0x000000a134e00000,0x000000a134f00000)]
  0x00000236600cbb40 JavaThread "Unconstrained build operations Thread 85" [_thread_blocked, id=110176, stack(0x000000a134f00000,0x000000a135000000)]
  0x00000236600c94c0 JavaThread "Unconstrained build operations Thread 86" [_thread_blocked, id=110320, stack(0x000000a135000000,0x000000a135100000)]
  0x00000236600cacd0 JavaThread "Unconstrained build operations Thread 87" [_thread_blocked, id=109592, stack(0x000000a135100000,0x000000a135200000)]
  0x00000236600cc010 JavaThread "Unconstrained build operations Thread 88" [_thread_blocked, id=103696, stack(0x000000a135200000,0x000000a135300000)]
  0x00000236600cc4e0 JavaThread "Unconstrained build operations Thread 89" [_thread_blocked, id=99500, stack(0x000000a135300000,0x000000a135400000)]
  0x00000236600c8b20 JavaThread "Unconstrained build operations Thread 90" [_thread_blocked, id=106384, stack(0x000000a135400000,0x000000a135500000)]
  0x00000236600c8ff0 JavaThread "Unconstrained build operations Thread 91" [_thread_blocked, id=110000, stack(0x000000a135500000,0x000000a135600000)]
  0x00000236600c9e60 JavaThread "Unconstrained build operations Thread 92" [_thread_blocked, id=107588, stack(0x000000a135600000,0x000000a135700000)]
  0x00000236600ca330 JavaThread "Unconstrained build operations Thread 93" [_thread_blocked, id=109220, stack(0x000000a135700000,0x000000a135800000)]
  0x00000236600ca800 JavaThread "Unconstrained build operations Thread 94" [_thread_blocked, id=106164, stack(0x000000a135800000,0x000000a135900000)]
  0x000002366349c4f0 JavaThread "Unconstrained build operations Thread 95" [_thread_blocked, id=69444, stack(0x000000a135900000,0x000000a135a00000)]
  0x000002366349e6a0 JavaThread "Unconstrained build operations Thread 96" [_thread_blocked, id=104664, stack(0x000000a135a00000,0x000000a135b00000)]
  0x000002366349eb70 JavaThread "Unconstrained build operations Thread 97" [_thread_blocked, id=100592, stack(0x000000a135b00000,0x000000a135c00000)]
  0x000002366349d830 JavaThread "Unconstrained build operations Thread 98" [_thread_blocked, id=109948, stack(0x000000a135c00000,0x000000a135d00000)]
  0x000002366349dd00 JavaThread "Unconstrained build operations Thread 99" [_thread_blocked, id=109652, stack(0x000000a135d00000,0x000000a135e00000)]
  0x000002366638f590 JavaThread "Unconstrained build operations Thread 100" [_thread_blocked, id=110248, stack(0x000000a135e00000,0x000000a135f00000)]
  0x000002366638ff30 JavaThread "Unconstrained build operations Thread 101" [_thread_blocked, id=110172, stack(0x000000a135f00000,0x000000a136000000)]
  0x0000023666392a80 JavaThread "Unconstrained build operations Thread 102" [_thread_blocked, id=110588, stack(0x000000a136000000,0x000000a136100000)]
  0x0000023666392f50 JavaThread "Unconstrained build operations Thread 103" [_thread_blocked, id=109888, stack(0x000000a136100000,0x000000a136200000)]
  0x000002366638fa60 JavaThread "Unconstrained build operations Thread 104" [_thread_blocked, id=105736, stack(0x000000a136200000,0x000000a136300000)]
  0x0000023666391270 JavaThread "Unconstrained build operations Thread 105" [_thread_blocked, id=108920, stack(0x000000a136300000,0x000000a136400000)]
  0x0000023666391c10 JavaThread "Unconstrained build operations Thread 106" [_thread_blocked, id=104604, stack(0x000000a136400000,0x000000a136500000)]
  0x00000236571e94f0 JavaThread "Unconstrained build operations Thread 107" [_thread_blocked, id=107768, stack(0x000000a136500000,0x000000a136600000)]
  0x00000236571ec510 JavaThread "Unconstrained build operations Thread 108" [_thread_blocked, id=106812, stack(0x000000a136600000,0x000000a136700000)]
  0x00000236571e99c0 JavaThread "Unconstrained build operations Thread 109" [_thread_blocked, id=107904, stack(0x000000a136700000,0x000000a136800000)]
  0x00000236571e9e90 JavaThread "Unconstrained build operations Thread 110" [_thread_blocked, id=108104, stack(0x000000a136800000,0x000000a136900000)]
  0x00000236571ea360 JavaThread "Unconstrained build operations Thread 111" [_thread_blocked, id=103972, stack(0x000000a136900000,0x000000a136a00000)]
  0x00000236571ec040 JavaThread "Unconstrained build operations Thread 112" [_thread_blocked, id=106828, stack(0x000000a136a00000,0x000000a136b00000)]
  0x00000236571ec9e0 JavaThread "Unconstrained build operations Thread 113" [_thread_blocked, id=103916, stack(0x000000a136b00000,0x000000a136c00000)]
  0x00000236571ea830 JavaThread "Unconstrained build operations Thread 114" [_thread_blocked, id=106180, stack(0x000000a136c00000,0x000000a136d00000)]
  0x00000236571e9020 JavaThread "Unconstrained build operations Thread 115" [_thread_blocked, id=86588, stack(0x000000a136d00000,0x000000a136e00000)]
  0x00000236571eb6a0 JavaThread "Unconstrained build operations Thread 116" [_thread_blocked, id=100864, stack(0x000000a136e00000,0x000000a136f00000)]
  0x00000236571ead00 JavaThread "Unconstrained build operations Thread 117" [_thread_blocked, id=106900, stack(0x000000a136f00000,0x000000a137000000)]
  0x000002365b6f8e90 JavaThread "Unconstrained build operations Thread 118" [_thread_blocked, id=104340, stack(0x000000a137000000,0x000000a137100000)]
  0x000002365b6f9360 JavaThread "Unconstrained build operations Thread 119" [_thread_blocked, id=110328, stack(0x000000a137100000,0x000000a137200000)]
  0x000002365b6fab70 JavaThread "Unconstrained build operations Thread 120" [_thread_blocked, id=109624, stack(0x000000a137200000,0x000000a137300000)]
  0x000002365b6f9830 JavaThread "Unconstrained build operations Thread 121" [_thread_blocked, id=109684, stack(0x000000a137300000,0x000000a137400000)]
  0x000002365b6f9d00 JavaThread "Unconstrained build operations Thread 122" [_thread_blocked, id=108928, stack(0x000000a137400000,0x000000a137500000)]
  0x000002365b6fa1d0 JavaThread "Unconstrained build operations Thread 123" [_thread_blocked, id=110452, stack(0x000000a137500000,0x000000a137600000)]
  0x000002365b6fa6a0 JavaThread "Unconstrained build operations Thread 124" [_thread_blocked, id=98648, stack(0x000000a137600000,0x000000a137700000)]
  0x000002365b6fb510 JavaThread "Unconstrained build operations Thread 125" [_thread_blocked, id=80740, stack(0x000000a137700000,0x000000a137800000)]
  0x000002365b6fb040 JavaThread "Unconstrained build operations Thread 126" [_thread_blocked, id=81276, stack(0x000000a137800000,0x000000a137900000)]
  0x0000023656783b50 JavaThread "Unconstrained build operations Thread 127" [_thread_blocked, id=106968, stack(0x000000a137900000,0x000000a137a00000)]
  0x0000023656784020 JavaThread "Unconstrained build operations Thread 128" [_thread_blocked, id=109416, stack(0x000000a137a00000,0x000000a137b00000)]
  0x00000236567849c0 JavaThread "Unconstrained build operations Thread 129" [_thread_blocked, id=104640, stack(0x000000a137b00000,0x000000a137c00000)]
  0x0000023656784e90 JavaThread "Unconstrained build operations Thread 130" [_thread_blocked, id=109516, stack(0x000000a137c00000,0x000000a137d00000)]
  0x00000236567844f0 JavaThread "Unconstrained build operations Thread 131" [_thread_blocked, id=110364, stack(0x000000a137d00000,0x000000a137e00000)]
  0x00000236610a28a0 JavaThread "Unconstrained build operations Thread 132" [_thread_blocked, id=107868, stack(0x000000a137e00000,0x000000a137f00000)]
  0x0000023663f01440 JavaThread "Unconstrained build operations Thread 133" [_thread_blocked, id=110360, stack(0x000000a137f00000,0x000000a138000000)]
  0x0000023663f01910 JavaThread "Unconstrained build operations Thread 134" [_thread_blocked, id=108204, stack(0x000000a138000000,0x000000a138100000)]
  0x0000023663f01de0 JavaThread "Unconstrained build operations Thread 135" [_thread_blocked, id=103940, stack(0x000000a138100000,0x000000a138200000)]
  0x0000023663f02780 JavaThread "Unconstrained build operations Thread 136" [_thread_blocked, id=102024, stack(0x000000a138200000,0x000000a138300000)]
  0x0000023663f00f70 JavaThread "Unconstrained build operations Thread 137" [_thread_blocked, id=104632, stack(0x000000a138300000,0x000000a138400000)]
  0x0000023663f022b0 JavaThread "Unconstrained build operations Thread 138" [_thread_blocked, id=108220, stack(0x000000a138400000,0x000000a138500000)]
  0x0000023663f03120 JavaThread "Unconstrained build operations Thread 139" [_thread_blocked, id=91428, stack(0x000000a138500000,0x000000a138600000)]
  0x0000023663f02c50 JavaThread "Unconstrained build operations Thread 140" [_thread_blocked, id=109788, stack(0x000000a138600000,0x000000a138700000)]
  0x0000023663f005d0 JavaThread "Unconstrained build operations Thread 141" [_thread_blocked, id=110196, stack(0x000000a138700000,0x000000a138800000)]
  0x0000023663f035f0 JavaThread "Unconstrained build operations Thread 142" [_thread_blocked, id=109628, stack(0x000000a138800000,0x000000a138900000)]
  0x0000023663f03ac0 JavaThread "Unconstrained build operations Thread 143" [_thread_blocked, id=108708, stack(0x000000a138900000,0x000000a138a00000)]
  0x0000023663f00100 JavaThread "Unconstrained build operations Thread 144" [_thread_blocked, id=92444, stack(0x000000a138a00000,0x000000a138b00000)]
  0x0000023663f00aa0 JavaThread "Unconstrained build operations Thread 145" [_thread_blocked, id=107560, stack(0x000000a138b00000,0x000000a138c00000)]
  0x000002366349d360 JavaThread "Unconstrained build operations Thread 146" [_thread_blocked, id=109408, stack(0x000000a138c00000,0x000000a138d00000)]
  0x000002366349b680 JavaThread "Unconstrained build operations Thread 147" [_thread_blocked, id=107208, stack(0x000000a138d00000,0x000000a138e00000)]
  0x000002366349c9c0 JavaThread "Unconstrained build operations Thread 148" [_thread_blocked, id=110148, stack(0x000000a138e00000,0x000000a138f00000)]
  0x000002366349ce90 JavaThread "Unconstrained build operations Thread 149" [_thread_blocked, id=109860, stack(0x000000a138f00000,0x000000a139000000)]
  0x000002366349f040 JavaThread "Unconstrained build operations Thread 150" [_thread_blocked, id=98800, stack(0x000000a139000000,0x000000a139100000)]
  0x000002366349e1d0 JavaThread "Unconstrained build operations Thread 151" [_thread_blocked, id=109768, stack(0x000000a139100000,0x000000a139200000)]
  0x000002366070fa40 JavaThread "Unconstrained build operations Thread 152" [_thread_blocked, id=109968, stack(0x000000a139200000,0x000000a139300000)]
  0x0000023660710d80 JavaThread "Unconstrained build operations Thread 153" [_thread_blocked, id=109932, stack(0x000000a139300000,0x000000a139400000)]
  0x000002366070ff10 JavaThread "Unconstrained build operations Thread 154" [_thread_blocked, id=110088, stack(0x000000a139400000,0x000000a139500000)]
  0x00000236607103e0 JavaThread "Unconstrained build operations Thread 155" [_thread_blocked, id=109760, stack(0x000000a139500000,0x000000a139600000)]
  0x0000023660711250 JavaThread "Unconstrained build operations Thread 156" [_thread_blocked, id=96528, stack(0x000000a139600000,0x000000a139700000)]
  0x00000236637ea250 JavaThread "build event listener" [_thread_blocked, id=107200, stack(0x000000a139700000,0x000000a139800000)]
  0x00000236637ea720 JavaThread "build event listener" [_thread_blocked, id=100672, stack(0x000000a139800000,0x000000a139900000)]
  0x000002365f450550 JavaThread "build event listener" [_thread_blocked, id=108780, stack(0x000000a139900000,0x000000a139a00000)]
  0x00000236609ce9e0 JavaThread "C1 CompilerThread1" daemon [_thread_blocked, id=107336, stack(0x000000a139a00000,0x000000a139b00000)]
  0x000002365f451890 JavaThread "pool-18-thread-1" [_thread_blocked, id=110440, stack(0x000000a13ab00000,0x000000a13ac00000)]
  0x000002365f451d60 JavaThread "build event listener" [_thread_blocked, id=110052, stack(0x000000a13ac00000,0x000000a13ad00000)]
  0x000002365f44fbb0 JavaThread "included builds" [_thread_blocked, id=109840, stack(0x000000a13ae00000,0x000000a13af00000)]
  0x0000023665e46de0 JavaThread "Execution worker" [_thread_blocked, id=108380, stack(0x000000a13b000000,0x000000a13b100000)]
  0x0000023665e485f0 JavaThread "Execution worker Thread 2" [_thread_blocked, id=108512, stack(0x000000a13b100000,0x000000a13b200000)]
  0x0000023665e48120 JavaThread "Execution worker Thread 3" [_thread_blocked, id=104876, stack(0x000000a13b200000,0x000000a13b300000)]
  0x0000023665e472b0 JavaThread "Execution worker Thread 4" [_thread_blocked, id=110044, stack(0x000000a13b300000,0x000000a13b400000)]
  0x0000023665e46440 JavaThread "Execution worker Thread 5" [_thread_blocked, id=109800, stack(0x000000a13b400000,0x000000a13b500000)]
  0x0000023665e47780 JavaThread "Execution worker Thread 6" [_thread_blocked, id=106780, stack(0x000000a13b500000,0x000000a13b600000)]
  0x0000023665e47c50 JavaThread "Execution worker Thread 7" [_thread_blocked, id=107844, stack(0x000000a13b600000,0x000000a13b700000)]
  0x0000023665e44c30 JavaThread "Execution worker Thread 8" [_thread_blocked, id=108644, stack(0x000000a13b700000,0x000000a13b800000)]
  0x0000023665e45100 JavaThread "Execution worker Thread 9" [_thread_blocked, id=104028, stack(0x000000a13b800000,0x000000a13b900000)]
  0x0000023665e45aa0 JavaThread "Execution worker Thread 10" [_thread_blocked, id=107212, stack(0x000000a13b900000,0x000000a13ba00000)]
  0x0000023656b95a90 JavaThread "Execution worker Thread 11" [_thread_blocked, id=105860, stack(0x000000a13bc00000,0x000000a13bd00000)]
  0x0000023656b96430 JavaThread "Execution worker Thread 12" [_thread_blocked, id=108444, stack(0x000000a13bd00000,0x000000a13be00000)]
  0x0000023656b95f60 JavaThread "Execution worker Thread 13" [_thread_blocked, id=109636, stack(0x000000a13be00000,0x000000a13bf00000)]
  0x0000023656b94c20 JavaThread "Execution worker Thread 14" [_thread_blocked, id=109688, stack(0x000000a13bf00000,0x000000a13c000000)]
  0x000002365f3e5790 JavaThread "Execution worker Thread 15" [_thread_blocked, id=109708, stack(0x000000a13c000000,0x000000a13c100000)]
  0x0000023663930e70 JavaThread "Cache worker for execution history cache (D:\StudioProjects\placement_example\.gradle\8.0\executionHistory)" [_thread_blocked, id=109744, stack(0x000000a13c100000,0x000000a13c200000)]
  0x000002366349bb50 JavaThread "Unconstrained build operations Thread 157" [_thread_blocked, id=109664, stack(0x000000a13c200000,0x000000a13c300000)]
  0x000002366349c020 JavaThread "Unconstrained build operations Thread 158" [_thread_blocked, id=110432, stack(0x000000a13c300000,0x000000a13c400000)]
  0x000002365649df50 JavaThread "Unconstrained build operations Thread 159" [_thread_blocked, id=108680, stack(0x000000a13c500000,0x000000a13c600000)]
  0x000002365649d0e0 JavaThread "Unconstrained build operations Thread 160" [_thread_blocked, id=109136, stack(0x000000a13ca00000,0x000000a13cb00000)]
  0x0000023663a948a0 JavaThread "WorkerExecutor Queue" [_thread_blocked, id=109936, stack(0x000000a13ce00000,0x000000a13cf00000)]
  0x0000023657615360 JavaThread "RMI RenewClean-[127.0.0.1:17943,org.jetbrains.kotlin.daemon.common.LoopbackNetworkInterface$ClientLoopbackSocketFactory@48c4077d]" daemon [_thread_blocked, id=109680, stack(0x000000a13cf00000,0x000000a13d000000)]
  0x0000023663a95240 JavaThread "WorkerExecutor Queue Thread 2" [_thread_blocked, id=106624, stack(0x000000a13cc00000,0x000000a13cd00000)]
  0x0000023657617510 JavaThread "RMI RenewClean-[127.0.0.1:17943,org.jetbrains.kotlin.daemon.common.LoopbackNetworkInterface$ClientLoopbackSocketFactory@52d9af8d]" daemon [_thread_blocked, id=110128, stack(0x000000a13d000000,0x000000a13d100000)]
  0x0000023658ec5340 JavaThread "C2 CompilerThread1" daemon [_thread_blocked, id=101168, stack(0x000000a12e200000,0x000000a12e300000)]
  0x0000023663a95be0 JavaThread "Build operations" [_thread_blocked, id=105036, stack(0x000000a13cb00000,0x000000a13cc00000)]
  0x0000023663a943d0 JavaThread "Build operations Thread 2" [_thread_blocked, id=108316, stack(0x000000a13d100000,0x000000a13d200000)]
  0x0000023663a94d70 JavaThread "Build operations Thread 3" [_thread_blocked, id=110548, stack(0x000000a13d200000,0x000000a13d300000)]
  0x0000023663b39fc0 JavaThread "Build operations Thread 4" [_thread_blocked, id=109772, stack(0x000000a13d300000,0x000000a13d400000)]
  0x0000023663b3cb10 JavaThread "Build operations Thread 5" [_thread_blocked, id=99040, stack(0x000000a13d400000,0x000000a13d500000)]
  0x0000023663b3b7d0 JavaThread "Build operations Thread 6" [_thread_blocked, id=109344, stack(0x000000a13d500000,0x000000a13d600000)]
  0x0000023663b3b300 JavaThread "Build operations Thread 7" [_thread_blocked, id=107596, stack(0x000000a13d600000,0x000000a13d700000)]
  0x0000023663b39150 JavaThread "Build operations Thread 8" [_thread_blocked, id=89916, stack(0x000000a13df00000,0x000000a13e000000)]
  0x0000023663b3bca0 JavaThread "Build operations Thread 9" [_thread_blocked, id=104228, stack(0x000000a13e000000,0x000000a13e100000)]
  0x0000023663b3ae30 JavaThread "Build operations Thread 10" [_thread_blocked, id=104856, stack(0x000000a13e100000,0x000000a13e200000)]
  0x0000023663b3a490 JavaThread "Build operations Thread 11" [_thread_blocked, id=109244, stack(0x000000a13ed00000,0x000000a13ee00000)]
  0x0000023663b3c170 JavaThread "Build operations Thread 12" [_thread_blocked, id=109352, stack(0x000000a13ee00000,0x000000a13ef00000)]
  0x0000023663b39af0 JavaThread "Build operations Thread 13" [_thread_blocked, id=110516, stack(0x000000a13ef00000,0x000000a13f000000)]
  0x0000023663b39620 JavaThread "Build operations Thread 14" [_thread_blocked, id=109120, stack(0x000000a13f000000,0x000000a13f100000)]
  0x0000023663b3a960 JavaThread "Build operations Thread 15" [_thread_blocked, id=110100, stack(0x000000a13f100000,0x000000a13f200000)]
  0x0000023663b3c640 JavaThread "Build operations Thread 16" [_thread_blocked, id=107468, stack(0x000000a13f200000,0x000000a13f300000)]
  0x000002365f450a20 JavaThread "WorkerExecutor Queue Thread 3" [_thread_blocked, id=107356, stack(0x000000a13f300000,0x000000a13f400000)]
  0x000002365f44f210 JavaThread "WorkerExecutor Queue Thread 4" [_thread_blocked, id=107448, stack(0x000000a13f400000,0x000000a13f500000)]
  0x000002365cf2c8e0 JavaThread "WorkerExecutor Queue Thread 5" [_thread_blocked, id=106940, stack(0x000000a13f500000,0x000000a13f600000)]
  0x000002365cf2d750 JavaThread "WorkerExecutor Queue Thread 6" [_thread_blocked, id=100476, stack(0x000000a13f600000,0x000000a13f700000)]
  0x00000236655f4090 JavaThread "WorkerExecutor Queue Thread 7" [_thread_blocked, id=109140, stack(0x000000a13f700000,0x000000a13f800000)]
  0x00000236655f53d0 JavaThread "WorkerExecutor Queue Thread 8" [_thread_blocked, id=110164, stack(0x000000a13f800000,0x000000a13f900000)]
  0x00000236655f23b0 JavaThread "WorkerExecutor Queue Thread 9" [_thread_blocked, id=109164, stack(0x000000a13f900000,0x000000a13fa00000)]
  0x000002365f44f6e0 JavaThread "WorkerExecutor Queue Thread 10" [_thread_blocked, id=108672, stack(0x000000a13fa00000,0x000000a13fb00000)]
  0x000002365f44e3a0 JavaThread "WorkerExecutor Queue Thread 11" [_thread_blocked, id=109616, stack(0x000000a13fb00000,0x000000a13fc00000)]
  0x000002365f44e870 JavaThread "WorkerExecutor Queue Thread 12" [_thread_blocked, id=109780, stack(0x000000a13ff00000,0x000000a140000000)]

Other Threads:
=>0x0000023656041040 VMThread "VM Thread" [stack: 0x000000a12c400000,0x000000a12c500000] [id=107548]
  0x0000023656264880 WatcherThread [stack: 0x000000a12d200000,0x000000a12d300000] [id=108172]
  0x000002363acadc40 GCTaskThread "GC Thread#0" [stack: 0x000000a12bf00000,0x000000a12c000000] [id=107720]
  0x00000236575accb0 GCTaskThread "GC Thread#1" [stack: 0x000000a12d500000,0x000000a12d600000] [id=107684]
  0x000002365707b610 GCTaskThread "GC Thread#2" [stack: 0x000000a12d600000,0x000000a12d700000] [id=107236]
  0x0000023656e77e40 GCTaskThread "GC Thread#3" [stack: 0x000000a12d700000,0x000000a12d800000] [id=107472]
  0x00000236579cc9e0 GCTaskThread "GC Thread#4" [stack: 0x000000a12d800000,0x000000a12d900000] [id=107580]
  0x0000023656d3ded0 GCTaskThread "GC Thread#5" [stack: 0x000000a12e400000,0x000000a12e500000] [id=108236]
  0x0000023656d3e6e0 GCTaskThread "GC Thread#6" [stack: 0x000000a12e500000,0x000000a12e600000] [id=108972]
  0x0000023656d3d160 GCTaskThread "GC Thread#7" [stack: 0x000000a12e600000,0x000000a12e700000] [id=100948]
  0x0000023656d3e180 GCTaskThread "GC Thread#8" [stack: 0x000000a12e700000,0x000000a12e800000] [id=98888]
  0x0000023656d3e430 GCTaskThread "GC Thread#9" [stack: 0x000000a12e800000,0x000000a12e900000] [id=107644]
  0x0000023656d3cc00 GCTaskThread "GC Thread#10" [stack: 0x000000a12e900000,0x000000a12ea00000] [id=107724]
  0x00000236566073c0 GCTaskThread "GC Thread#11" [stack: 0x000000a12ea00000,0x000000a12eb00000] [id=107688]
  0x0000023656606e60 GCTaskThread "GC Thread#12" [stack: 0x000000a12eb00000,0x000000a12ec00000] [id=109392]
  0x000002363acbea90 ConcurrentGCThread "G1 Main Marker" [stack: 0x000000a12c000000,0x000000a12c100000] [id=108124]
  0x000002363acbfb50 ConcurrentGCThread "G1 Conc#0" [stack: 0x000000a12c100000,0x000000a12c200000] [id=108136]
  0x0000023656607110 ConcurrentGCThread "G1 Conc#1" [stack: 0x000000a12ec00000,0x000000a12ed00000] [id=107564]
  0x0000023656607670 ConcurrentGCThread "G1 Conc#2" [stack: 0x000000a12ed00000,0x000000a12ee00000] [id=96168]
  0x00000236554c4a00 ConcurrentGCThread "G1 Refine#0" [stack: 0x000000a12c200000,0x000000a12c300000] [id=108452]
  0x00000236592b4930 ConcurrentGCThread "G1 Refine#1" [stack: 0x000000a13d700000,0x000000a13d800000] [id=104740]
  0x0000023656785c50 ConcurrentGCThread "G1 Refine#2" [stack: 0x000000a13d800000,0x000000a13d900000] [id=106876]
  0x0000023656785f30 ConcurrentGCThread "G1 Refine#3" [stack: 0x000000a13d900000,0x000000a13da00000] [id=86276]
  0x0000023666181ac0 ConcurrentGCThread "G1 Refine#4" [stack: 0x000000a13da00000,0x000000a13db00000] [id=95280]
  0x000002365fa982d0 ConcurrentGCThread "G1 Refine#5" [stack: 0x000000a13db00000,0x000000a13dc00000] [id=95680]
  0x00000236636b6450 ConcurrentGCThread "G1 Refine#6" [stack: 0x000000a13dc00000,0x000000a13dd00000] [id=105276]
  0x000002365fa96fe0 ConcurrentGCThread "G1 Refine#7" [stack: 0x000000a13dd00000,0x000000a13de00000] [id=108756]
  0x000002363ad0de30 ConcurrentGCThread "G1 Service" [stack: 0x000000a12c300000,0x000000a12c400000] [id=108888]

Threads with active compile tasks:
C2 CompilerThread0   320848 27226       4       org.gradle.internal.fingerprint.classpath.impl.ClasspathFingerprintingStrategy$ClasspathFingerprintingVisitor::visitEntry (20 bytes)
C1 CompilerThread0   320848 27291       3       kotlin.collections.CollectionsKt___CollectionsKt::toCollection (49 bytes)
C2 CompilerThread1   320848 27257       4       org.gradle.api.internal.tasks.compile.incremental.compilerapi.deps.DependentsSet::merge (230 bytes)

VM state: at safepoint (normal execution)

VM Mutex/Monitor currently owned by a thread:  ([mutex/lock_event])
[0x000002363ac4d390] Threads_lock - owner thread: 0x0000023656041040
[0x000002363ac4d0c0] Heap_lock - owner thread: 0x000002365cf2d750

Heap address: 0x0000000080000000, size: 2048 MB, Compressed Oops mode: 32-bit

CDS archive(s) not mapped
Compressed class space mapped at: 0x0000000100000000-0x0000000140000000, reserved size: 1073741824
Narrow klass base: 0x0000000000000000, Narrow klass shift: 3, Narrow klass range: 0x140000000

GC Precious Log:
 CPUs: 16 total, 16 available
 Memory: 15557M
 Large Page Support: Disabled
 NUMA Support: Disabled
 Compressed Oops: Enabled (32-bit)
 Heap Region Size: 1M
 Heap Min Capacity: 8M
 Heap Initial Capacity: 244M
 Heap Max Capacity: 2G
 Pre-touch: Disabled
 Parallel Workers: 13
 Concurrent Workers: 3
 Concurrent Refinement Workers: 13
 Periodic GC: Disabled

Heap:
 garbage-first heap   total 467968K, used 208634K [0x0000000080000000, 0x0000000100000000)
  region size 1024K, 12 young (12288K), 12 survivors (12288K)
 Metaspace       used 143508K, committed 144768K, reserved 1179648K
  class space    used 20050K, committed 20672K, reserved 1048576K

Heap Regions: E=young(eden), S=young(survivor), O=old, HS=humongous(starts), HC=humongous(continues), CS=collection set, F=free, OA=open archive, CA=closed archive, TAMS=top-at-mark-start (previous, next)
|   0|0x0000000080000000, 0x0000000080100000, 0x0000000080100000|100%|HS|  |TAMS 0x0000000080100000, 0x0000000080100000| Complete 
|   1|0x0000000080100000, 0x0000000080200000, 0x0000000080200000|100%|HC|  |TAMS 0x0000000080200000, 0x0000000080200000| Complete 
|   2|0x0000000080200000, 0x0000000080300000, 0x0000000080300000|100%|HC|  |TAMS 0x0000000080300000, 0x0000000080300000| Complete 
|   3|0x0000000080300000, 0x0000000080400000, 0x0000000080400000|100%|HC|  |TAMS 0x0000000080400000, 0x0000000080400000| Complete 
|   4|0x0000000080400000, 0x0000000080500000, 0x0000000080500000|100%| O|  |TAMS 0x0000000080500000, 0x0000000080500000| Untracked 
|   5|0x0000000080500000, 0x0000000080600000, 0x0000000080600000|100%| O|  |TAMS 0x0000000080600000, 0x0000000080600000| Untracked 
|   6|0x0000000080600000, 0x0000000080700000, 0x0000000080700000|100%| O|  |TAMS 0x0000000080700000, 0x0000000080700000| Untracked 
|   7|0x0000000080700000, 0x0000000080800000, 0x0000000080800000|100%| O|  |TAMS 0x0000000080800000, 0x0000000080800000| Untracked 
|   8|0x0000000080800000, 0x0000000080900000, 0x0000000080900000|100%| O|  |TAMS 0x0000000080900000, 0x0000000080900000| Untracked 
|   9|0x0000000080900000, 0x0000000080a00000, 0x0000000080a00000|100%| O|  |TAMS 0x0000000080a00000, 0x0000000080a00000| Untracked 
|  10|0x0000000080a00000, 0x0000000080b00000, 0x0000000080b00000|100%| O|  |TAMS 0x0000000080b00000, 0x0000000080b00000| Untracked 
|  11|0x0000000080b00000, 0x0000000080c00000, 0x0000000080c00000|100%| O|  |TAMS 0x0000000080c00000, 0x0000000080c00000| Untracked 
|  12|0x0000000080c00000, 0x0000000080d00000, 0x0000000080d00000|100%| O|  |TAMS 0x0000000080d00000, 0x0000000080d00000| Untracked 
|  13|0x0000000080d00000, 0x0000000080e00000, 0x0000000080e00000|100%| O|  |TAMS 0x0000000080e00000, 0x0000000080e00000| Untracked 
|  14|0x0000000080e00000, 0x0000000080f00000, 0x0000000080f00000|100%| O|  |TAMS 0x0000000080f00000, 0x0000000080f00000| Untracked 
|  15|0x0000000080f00000, 0x0000000081000000, 0x0000000081000000|100%| O|  |TAMS 0x0000000081000000, 0x0000000081000000| Untracked 
|  16|0x0000000081000000, 0x0000000081100000, 0x0000000081100000|100%| O|  |TAMS 0x0000000081100000, 0x0000000081100000| Untracked 
|  17|0x0000000081100000, 0x0000000081200000, 0x0000000081200000|100%| O|  |TAMS 0x0000000081200000, 0x0000000081200000| Untracked 
|  18|0x0000000081200000, 0x0000000081300000, 0x0000000081300000|100%| O|  |TAMS 0x0000000081300000, 0x0000000081300000| Untracked 
|  19|0x0000000081300000, 0x0000000081400000, 0x0000000081400000|100%| O|  |TAMS 0x0000000081400000, 0x0000000081400000| Untracked 
|  20|0x0000000081400000, 0x0000000081500000, 0x0000000081500000|100%| O|  |TAMS 0x0000000081500000, 0x0000000081500000| Untracked 
|  21|0x0000000081500000, 0x0000000081600000, 0x0000000081600000|100%| O|  |TAMS 0x0000000081600000, 0x0000000081600000| Untracked 
|  22|0x0000000081600000, 0x0000000081700000, 0x0000000081700000|100%| O|  |TAMS 0x0000000081700000, 0x0000000081700000| Untracked 
|  23|0x0000000081700000, 0x0000000081800000, 0x0000000081800000|100%| O|  |TAMS 0x0000000081800000, 0x0000000081800000| Untracked 
|  24|0x0000000081800000, 0x0000000081900000, 0x0000000081900000|100%| O|  |TAMS 0x0000000081900000, 0x0000000081900000| Untracked 
|  25|0x0000000081900000, 0x0000000081a00000, 0x0000000081a00000|100%| O|  |TAMS 0x0000000081a00000, 0x0000000081a00000| Untracked 
|  26|0x0000000081a00000, 0x0000000081b00000, 0x0000000081b00000|100%| O|  |TAMS 0x0000000081b00000, 0x0000000081b00000| Untracked 
|  27|0x0000000081b00000, 0x0000000081c00000, 0x0000000081c00000|100%| O|  |TAMS 0x0000000081c00000, 0x0000000081c00000| Untracked 
|  28|0x0000000081c00000, 0x0000000081d00000, 0x0000000081d00000|100%| O|  |TAMS 0x0000000081d00000, 0x0000000081d00000| Untracked 
|  29|0x0000000081d00000, 0x0000000081e00000, 0x0000000081e00000|100%| O|  |TAMS 0x0000000081e00000, 0x0000000081e00000| Untracked 
|  30|0x0000000081e00000, 0x0000000081f00000, 0x0000000081f00000|100%| O|  |TAMS 0x0000000081f00000, 0x0000000081f00000| Untracked 
|  31|0x0000000081f00000, 0x0000000082000000, 0x0000000082000000|100%| O|  |TAMS 0x0000000082000000, 0x0000000082000000| Untracked 
|  32|0x0000000082000000, 0x0000000082100000, 0x0000000082100000|100%| O|  |TAMS 0x0000000082100000, 0x0000000082100000| Untracked 
|  33|0x0000000082100000, 0x0000000082200000, 0x0000000082200000|100%| O|  |TAMS 0x0000000082200000, 0x0000000082200000| Untracked 
|  34|0x0000000082200000, 0x0000000082300000, 0x0000000082300000|100%| O|  |TAMS 0x0000000082300000, 0x0000000082300000| Untracked 
|  35|0x0000000082300000, 0x0000000082400000, 0x0000000082400000|100%| O|  |TAMS 0x0000000082400000, 0x0000000082400000| Untracked 
|  36|0x0000000082400000, 0x0000000082500000, 0x0000000082500000|100%| O|  |TAMS 0x0000000082500000, 0x0000000082500000| Untracked 
|  37|0x0000000082500000, 0x0000000082600000, 0x0000000082600000|100%| O|  |TAMS 0x0000000082600000, 0x0000000082600000| Untracked 
|  38|0x0000000082600000, 0x0000000082700000, 0x0000000082700000|100%|HS|  |TAMS 0x0000000082700000, 0x0000000082700000| Complete 
|  39|0x0000000082700000, 0x0000000082800000, 0x0000000082800000|100%|HS|  |TAMS 0x0000000082800000, 0x0000000082800000| Complete 
|  40|0x0000000082800000, 0x0000000082900000, 0x0000000082900000|100%|HS|  |TAMS 0x0000000082900000, 0x0000000082900000| Complete 
|  41|0x0000000082900000, 0x0000000082a00000, 0x0000000082a00000|100%|HS|  |TAMS 0x0000000082a00000, 0x0000000082a00000| Complete 
|  42|0x0000000082a00000, 0x0000000082b00000, 0x0000000082b00000|100%|HC|  |TAMS 0x0000000082b00000, 0x0000000082b00000| Complete 
|  43|0x0000000082b00000, 0x0000000082c00000, 0x0000000082c00000|100%|HS|  |TAMS 0x0000000082c00000, 0x0000000082c00000| Complete 
|  44|0x0000000082c00000, 0x0000000082d00000, 0x0000000082d00000|100%|HC|  |TAMS 0x0000000082d00000, 0x0000000082d00000| Complete 
|  45|0x0000000082d00000, 0x0000000082e00000, 0x0000000082e00000|100%|HC|  |TAMS 0x0000000082e00000, 0x0000000082e00000| Complete 
|  46|0x0000000082e00000, 0x0000000082f00000, 0x0000000082f00000|100%|HC|  |TAMS 0x0000000082f00000, 0x0000000082f00000| Complete 
|  47|0x0000000082f00000, 0x0000000083000000, 0x0000000083000000|100%| O|  |TAMS 0x0000000083000000, 0x0000000083000000| Untracked 
|  48|0x0000000083000000, 0x0000000083100000, 0x0000000083100000|100%| O|  |TAMS 0x0000000083100000, 0x0000000083100000| Untracked 
|  49|0x0000000083100000, 0x0000000083200000, 0x0000000083200000|100%| O|  |TAMS 0x0000000083200000, 0x0000000083200000| Untracked 
|  50|0x0000000083200000, 0x0000000083300000, 0x0000000083300000|100%| O|  |TAMS 0x0000000083300000, 0x0000000083300000| Untracked 
|  51|0x0000000083300000, 0x0000000083400000, 0x0000000083400000|100%| O|  |TAMS 0x0000000083400000, 0x0000000083400000| Untracked 
|  52|0x0000000083400000, 0x0000000083500000, 0x0000000083500000|100%| O|  |TAMS 0x0000000083500000, 0x0000000083500000| Untracked 
|  53|0x0000000083500000, 0x0000000083600000, 0x0000000083600000|100%| O|  |TAMS 0x0000000083600000, 0x0000000083600000| Untracked 
|  54|0x0000000083600000, 0x0000000083700000, 0x0000000083700000|100%| O|  |TAMS 0x0000000083700000, 0x0000000083700000| Untracked 
|  55|0x0000000083700000, 0x0000000083800000, 0x0000000083800000|100%| O|  |TAMS 0x0000000083800000, 0x0000000083800000| Untracked 
|  56|0x0000000083800000, 0x0000000083900000, 0x0000000083900000|100%| O|  |TAMS 0x0000000083900000, 0x0000000083900000| Untracked 
|  57|0x0000000083900000, 0x0000000083a00000, 0x0000000083a00000|100%| O|  |TAMS 0x0000000083a00000, 0x0000000083a00000| Untracked 
|  58|0x0000000083a00000, 0x0000000083b00000, 0x0000000083b00000|100%| O|  |TAMS 0x0000000083b00000, 0x0000000083b00000| Untracked 
|  59|0x0000000083b00000, 0x0000000083c00000, 0x0000000083c00000|100%| O|  |TAMS 0x0000000083c00000, 0x0000000083c00000| Untracked 
|  60|0x0000000083c00000, 0x0000000083d00000, 0x0000000083d00000|100%| O|  |TAMS 0x0000000083d00000, 0x0000000083d00000| Untracked 
|  61|0x0000000083d00000, 0x0000000083e00000, 0x0000000083e00000|100%| O|  |TAMS 0x0000000083e00000, 0x0000000083e00000| Untracked 
|  62|0x0000000083e00000, 0x0000000083f00000, 0x0000000083f00000|100%| O|  |TAMS 0x0000000083f00000, 0x0000000083f00000| Untracked 
|  63|0x0000000083f00000, 0x0000000084000000, 0x0000000084000000|100%| O|  |TAMS 0x0000000084000000, 0x0000000084000000| Untracked 
|  64|0x0000000084000000, 0x0000000084100000, 0x0000000084100000|100%| O|  |TAMS 0x0000000084100000, 0x0000000084100000| Untracked 
|  65|0x0000000084100000, 0x0000000084200000, 0x0000000084200000|100%| O|  |TAMS 0x0000000084200000, 0x0000000084200000| Untracked 
|  66|0x0000000084200000, 0x0000000084300000, 0x0000000084300000|100%| O|  |TAMS 0x0000000084300000, 0x0000000084300000| Untracked 
|  67|0x0000000084300000, 0x0000000084400000, 0x0000000084400000|100%| O|  |TAMS 0x0000000084400000, 0x0000000084400000| Untracked 
|  68|0x0000000084400000, 0x0000000084400000, 0x0000000084500000|  0%| F|  |TAMS 0x0000000084400000, 0x0000000084400000| Untracked 
|  69|0x0000000084500000, 0x0000000084500000, 0x0000000084600000|  0%| F|  |TAMS 0x0000000084500000, 0x0000000084500000| Untracked 
|  70|0x0000000084600000, 0x0000000084700000, 0x0000000084700000|100%| O|  |TAMS 0x0000000084700000, 0x0000000084700000| Untracked 
|  71|0x0000000084700000, 0x0000000084800000, 0x0000000084800000|100%| O|  |TAMS 0x0000000084800000, 0x0000000084800000| Untracked 
|  72|0x0000000084800000, 0x0000000084900000, 0x0000000084900000|100%| O|  |TAMS 0x0000000084800000, 0x0000000084900000| Untracked 
|  73|0x0000000084900000, 0x0000000084a00000, 0x0000000084a00000|100%| O|  |TAMS 0x0000000084900000, 0x0000000084a00000| Untracked 
|  74|0x0000000084a00000, 0x0000000084b00000, 0x0000000084b00000|100%| O|  |TAMS 0x0000000084b00000, 0x0000000084b00000| Untracked 
|  75|0x0000000084b00000, 0x0000000084c00000, 0x0000000084c00000|100%| O|  |TAMS 0x0000000084c00000, 0x0000000084c00000| Untracked 
|  76|0x0000000084c00000, 0x0000000084d00000, 0x0000000084d00000|100%| O|  |TAMS 0x0000000084d00000, 0x0000000084d00000| Untracked 
|  77|0x0000000084d00000, 0x0000000084e00000, 0x0000000084e00000|100%| O|  |TAMS 0x0000000084e00000, 0x0000000084e00000| Untracked 
|  78|0x0000000084e00000, 0x0000000084f00000, 0x0000000084f00000|100%| O|  |TAMS 0x0000000084f00000, 0x0000000084f00000| Untracked 
|  79|0x0000000084f00000, 0x0000000085000000, 0x0000000085000000|100%| O|  |TAMS 0x0000000084f00000, 0x0000000085000000| Untracked 
|  80|0x0000000085000000, 0x0000000085100000, 0x0000000085100000|100%| O|  |TAMS 0x0000000085100000, 0x0000000085100000| Untracked 
|  81|0x0000000085100000, 0x0000000085200000, 0x0000000085200000|100%| O|  |TAMS 0x0000000085200000, 0x0000000085200000| Untracked 
|  82|0x0000000085200000, 0x0000000085300000, 0x0000000085300000|100%| O|  |TAMS 0x0000000085300000, 0x0000000085300000| Untracked 
|  83|0x0000000085300000, 0x0000000085400000, 0x0000000085400000|100%| O|  |TAMS 0x0000000085300000, 0x0000000085400000| Untracked 
|  84|0x0000000085400000, 0x0000000085500000, 0x0000000085500000|100%| O|  |TAMS 0x0000000085500000, 0x0000000085500000| Untracked 
|  85|0x0000000085500000, 0x0000000085500000, 0x0000000085600000|  0%| F|  |TAMS 0x0000000085500000, 0x0000000085500000| Untracked 
|  86|0x0000000085600000, 0x0000000085700000, 0x0000000085700000|100%| O|  |TAMS 0x0000000085700000, 0x0000000085700000| Untracked 
|  87|0x0000000085700000, 0x0000000085800000, 0x0000000085800000|100%| O|  |TAMS 0x0000000085800000, 0x0000000085800000| Untracked 
|  88|0x0000000085800000, 0x0000000085900000, 0x0000000085900000|100%| O|  |TAMS 0x0000000085900000, 0x0000000085900000| Untracked 
|  89|0x0000000085900000, 0x0000000085a00000, 0x0000000085a00000|100%| O|  |TAMS 0x0000000085a00000, 0x0000000085a00000| Untracked 
|  90|0x0000000085a00000, 0x0000000085b00000, 0x0000000085b00000|100%| O|  |TAMS 0x0000000085b00000, 0x0000000085b00000| Untracked 
|  91|0x0000000085b00000, 0x0000000085c00000, 0x0000000085c00000|100%| O|  |TAMS 0x0000000085c00000, 0x0000000085c00000| Untracked 
|  92|0x0000000085c00000, 0x0000000085d00000, 0x0000000085d00000|100%| O|  |TAMS 0x0000000085d00000, 0x0000000085d00000| Untracked 
|  93|0x0000000085d00000, 0x0000000085e00000, 0x0000000085e00000|100%| O|  |TAMS 0x0000000085e00000, 0x0000000085e00000| Untracked 
|  94|0x0000000085e00000, 0x0000000085f00000, 0x0000000085f00000|100%| O|  |TAMS 0x0000000085f00000, 0x0000000085f00000| Untracked 
|  95|0x0000000085f00000, 0x0000000086000000, 0x0000000086000000|100%| O|  |TAMS 0x0000000086000000, 0x0000000086000000| Untracked 
|  96|0x0000000086000000, 0x0000000086100000, 0x0000000086100000|100%| O|  |TAMS 0x0000000086100000, 0x0000000086100000| Untracked 
|  97|0x0000000086100000, 0x0000000086200000, 0x0000000086200000|100%| O|  |TAMS 0x0000000086100000, 0x0000000086200000| Untracked 
|  98|0x0000000086200000, 0x0000000086300000, 0x0000000086300000|100%| O|  |TAMS 0x0000000086200000, 0x0000000086300000| Untracked 
|  99|0x0000000086300000, 0x0000000086400000, 0x0000000086400000|100%| O|  |TAMS 0x0000000086400000, 0x0000000086400000| Untracked 
| 100|0x0000000086400000, 0x0000000086500000, 0x0000000086500000|100%| O|  |TAMS 0x0000000086400000, 0x0000000086500000| Untracked 
| 101|0x0000000086500000, 0x0000000086600000, 0x0000000086600000|100%| O|  |TAMS 0x0000000086500000, 0x0000000086600000| Untracked 
| 102|0x0000000086600000, 0x0000000086700000, 0x0000000086700000|100%| O|  |TAMS 0x0000000086700000, 0x0000000086700000| Untracked 
| 103|0x0000000086700000, 0x0000000086800000, 0x0000000086800000|100%| O|  |TAMS 0x0000000086700000, 0x0000000086800000| Untracked 
| 104|0x0000000086800000, 0x0000000086900000, 0x0000000086900000|100%| O|  |TAMS 0x0000000086800000, 0x0000000086900000| Untracked 
| 105|0x0000000086900000, 0x0000000086a00000, 0x0000000086a00000|100%| O|  |TAMS 0x0000000086a00000, 0x0000000086a00000| Untracked 
| 106|0x0000000086a00000, 0x0000000086b00000, 0x0000000086b00000|100%| O|  |TAMS 0x0000000086b00000, 0x0000000086b00000| Untracked 
| 107|0x0000000086b00000, 0x0000000086c00000, 0x0000000086c00000|100%| O|  |TAMS 0x0000000086c00000, 0x0000000086c00000| Untracked 
| 108|0x0000000086c00000, 0x0000000086d00000, 0x0000000086d00000|100%| O|  |TAMS 0x0000000086d00000, 0x0000000086d00000| Untracked 
| 109|0x0000000086d00000, 0x0000000086e00000, 0x0000000086e00000|100%| O|  |TAMS 0x0000000086e00000, 0x0000000086e00000| Untracked 
| 110|0x0000000086e00000, 0x0000000086f00000, 0x0000000086f00000|100%| O|  |TAMS 0x0000000086f00000, 0x0000000086f00000| Untracked 
| 111|0x0000000086f00000, 0x0000000087000000, 0x0000000087000000|100%| O|  |TAMS 0x0000000087000000, 0x0000000087000000| Untracked 
| 112|0x0000000087000000, 0x0000000087100000, 0x0000000087100000|100%| O|  |TAMS 0x0000000087100000, 0x0000000087100000| Untracked 
| 113|0x0000000087100000, 0x0000000087200000, 0x0000000087200000|100%| O|  |TAMS 0x0000000087200000, 0x0000000087200000| Untracked 
| 114|0x0000000087200000, 0x0000000087300000, 0x0000000087300000|100%| O|  |TAMS 0x0000000087300000, 0x0000000087300000| Untracked 
| 115|0x0000000087300000, 0x0000000087400000, 0x0000000087400000|100%| O|  |TAMS 0x000000008735aa00, 0x0000000087400000| Untracked 
| 116|0x0000000087400000, 0x0000000087500000, 0x0000000087500000|100%| O|  |TAMS 0x0000000087500000, 0x0000000087500000| Untracked 
| 117|0x0000000087500000, 0x0000000087600000, 0x0000000087600000|100%| O|  |TAMS 0x0000000087600000, 0x0000000087600000| Untracked 
| 118|0x0000000087600000, 0x0000000087700000, 0x0000000087700000|100%| O|  |TAMS 0x0000000087700000, 0x0000000087700000| Untracked 
| 119|0x0000000087700000, 0x0000000087800000, 0x0000000087800000|100%| O|  |TAMS 0x0000000087700000, 0x0000000087800000| Untracked 
| 120|0x0000000087800000, 0x0000000087900000, 0x0000000087900000|100%| O|  |TAMS 0x0000000087900000, 0x0000000087900000| Untracked 
| 121|0x0000000087900000, 0x0000000087a00000, 0x0000000087a00000|100%| O|  |TAMS 0x0000000087a00000, 0x0000000087a00000| Untracked 
| 122|0x0000000087a00000, 0x0000000087b00000, 0x0000000087b00000|100%| O|  |TAMS 0x0000000087b00000, 0x0000000087b00000| Untracked 
| 123|0x0000000087b00000, 0x0000000087c00000, 0x0000000087c00000|100%| O|  |TAMS 0x0000000087b00000, 0x0000000087c00000| Untracked 
| 124|0x0000000087c00000, 0x0000000087d00000, 0x0000000087d00000|100%| O|  |TAMS 0x0000000087c00000, 0x0000000087d00000| Untracked 
| 125|0x0000000087d00000, 0x0000000087e00000, 0x0000000087e00000|100%| O|  |TAMS 0x0000000087e00000, 0x0000000087e00000| Untracked 
| 126|0x0000000087e00000, 0x0000000087f00000, 0x0000000087f00000|100%| O|  |TAMS 0x0000000087e00000, 0x0000000087f00000| Untracked 
| 127|0x0000000087f00000, 0x0000000088000000, 0x0000000088000000|100%| O|  |TAMS 0x0000000087f00000, 0x0000000088000000| Untracked 
| 128|0x0000000088000000, 0x0000000088100000, 0x0000000088100000|100%| O|  |TAMS 0x0000000088100000, 0x0000000088100000| Untracked 
| 129|0x0000000088100000, 0x0000000088100000, 0x0000000088200000|  0%| F|  |TAMS 0x0000000088100000, 0x0000000088100000| Untracked 
| 130|0x0000000088200000, 0x0000000088200000, 0x0000000088300000|  0%| F|  |TAMS 0x0000000088200000, 0x0000000088200000| Untracked 
| 131|0x0000000088300000, 0x0000000088400000, 0x0000000088400000|100%| O|  |TAMS 0x0000000088300000, 0x0000000088400000| Untracked 
| 132|0x0000000088400000, 0x0000000088500000, 0x0000000088500000|100%| O|  |TAMS 0x0000000088400000, 0x0000000088500000| Untracked 
| 133|0x0000000088500000, 0x0000000088500000, 0x0000000088600000|  0%| F|  |TAMS 0x0000000088500000, 0x0000000088500000| Untracked 
| 134|0x0000000088600000, 0x0000000088700000, 0x0000000088700000|100%| O|  |TAMS 0x0000000088700000, 0x0000000088700000| Untracked 
| 135|0x0000000088700000, 0x0000000088800000, 0x0000000088800000|100%| O|  |TAMS 0x0000000088700000, 0x0000000088800000| Untracked 
| 136|0x0000000088800000, 0x0000000088900000, 0x0000000088900000|100%| O|  |TAMS 0x0000000088900000, 0x0000000088900000| Untracked 
| 137|0x0000000088900000, 0x0000000088a00000, 0x0000000088a00000|100%| O|  |TAMS 0x0000000088a00000, 0x0000000088a00000| Untracked 
| 138|0x0000000088a00000, 0x0000000088b00000, 0x0000000088b00000|100%| O|  |TAMS 0x0000000088b00000, 0x0000000088b00000| Untracked 
| 139|0x0000000088b00000, 0x0000000088c00000, 0x0000000088c00000|100%| O|  |TAMS 0x0000000088c00000, 0x0000000088c00000| Untracked 
| 140|0x0000000088c00000, 0x0000000088d00000, 0x0000000088d00000|100%| O|  |TAMS 0x0000000088d00000, 0x0000000088d00000| Untracked 
| 141|0x0000000088d00000, 0x0000000088d00000, 0x0000000088e00000|  0%| F|  |TAMS 0x0000000088d00000, 0x0000000088d00000| Untracked 
| 142|0x0000000088e00000, 0x0000000088e00000, 0x0000000088f00000|  0%| F|  |TAMS 0x0000000088e00000, 0x0000000088e00000| Untracked 
| 143|0x0000000088f00000, 0x0000000089000000, 0x0000000089000000|100%| O|  |TAMS 0x0000000088f00000, 0x0000000089000000| Untracked 
| 144|0x0000000089000000, 0x0000000089100000, 0x0000000089100000|100%| O|  |TAMS 0x0000000089000000, 0x0000000089100000| Untracked 
| 145|0x0000000089100000, 0x0000000089200000, 0x0000000089200000|100%| O|  |TAMS 0x0000000089100000, 0x0000000089200000| Untracked 
| 146|0x0000000089200000, 0x0000000089300000, 0x0000000089300000|100%| O|  |TAMS 0x0000000089200000, 0x0000000089300000| Untracked 
| 147|0x0000000089300000, 0x0000000089400000, 0x0000000089400000|100%| O|  |TAMS 0x0000000089400000, 0x0000000089400000| Untracked 
| 148|0x0000000089400000, 0x0000000089456600, 0x0000000089500000| 33%| O|  |TAMS 0x0000000089400000, 0x0000000089456600| Untracked 
| 149|0x0000000089500000, 0x0000000089500000, 0x0000000089600000|  0%| F|  |TAMS 0x0000000089500000, 0x0000000089500000| Untracked 
| 150|0x0000000089600000, 0x0000000089600000, 0x0000000089700000|  0%| F|  |TAMS 0x0000000089600000, 0x0000000089600000| Untracked 
| 151|0x0000000089700000, 0x0000000089800000, 0x0000000089800000|100%| O|  |TAMS 0x0000000089700000, 0x0000000089800000| Untracked 
| 152|0x0000000089800000, 0x0000000089900000, 0x0000000089900000|100%| O|  |TAMS 0x0000000089800000, 0x0000000089900000| Untracked 
| 153|0x0000000089900000, 0x0000000089a00000, 0x0000000089a00000|100%| O|  |TAMS 0x0000000089900000, 0x0000000089a00000| Untracked 
| 154|0x0000000089a00000, 0x0000000089b00000, 0x0000000089b00000|100%| O|  |TAMS 0x0000000089b00000, 0x0000000089b00000| Untracked 
| 155|0x0000000089b00000, 0x0000000089c00000, 0x0000000089c00000|100%| O|  |TAMS 0x0000000089c00000, 0x0000000089c00000| Untracked 
| 156|0x0000000089c00000, 0x0000000089d00000, 0x0000000089d00000|100%| O|  |TAMS 0x0000000089d00000, 0x0000000089d00000| Untracked 
| 157|0x0000000089d00000, 0x0000000089e00000, 0x0000000089e00000|100%| O|  |TAMS 0x0000000089e00000, 0x0000000089e00000| Untracked 
| 158|0x0000000089e00000, 0x0000000089f00000, 0x0000000089f00000|100%| O|  |TAMS 0x0000000089f00000, 0x0000000089f00000| Untracked 
| 159|0x0000000089f00000, 0x000000008a000000, 0x000000008a000000|100%| O|  |TAMS 0x0000000089f00000, 0x000000008a000000| Untracked 
| 160|0x000000008a000000, 0x000000008a100000, 0x000000008a100000|100%| O|  |TAMS 0x000000008a100000, 0x000000008a100000| Untracked 
| 161|0x000000008a100000, 0x000000008a200000, 0x000000008a200000|100%| O|  |TAMS 0x000000008a200000, 0x000000008a200000| Untracked 
| 162|0x000000008a200000, 0x000000008a300000, 0x000000008a300000|100%| O|  |TAMS 0x000000008a300000, 0x000000008a300000| Untracked 
| 163|0x000000008a300000, 0x000000008a400000, 0x000000008a400000|100%| O|  |TAMS 0x000000008a400000, 0x000000008a400000| Untracked 
| 164|0x000000008a400000, 0x000000008a400000, 0x000000008a500000|  0%| F|  |TAMS 0x000000008a400000, 0x000000008a400000| Untracked 
| 165|0x000000008a500000, 0x000000008a500000, 0x000000008a600000|  0%| F|  |TAMS 0x000000008a500000, 0x000000008a500000| Untracked 
| 166|0x000000008a600000, 0x000000008a700000, 0x000000008a700000|100%| O|  |TAMS 0x000000008a700000, 0x000000008a700000| Untracked 
| 167|0x000000008a700000, 0x000000008a800000, 0x000000008a800000|100%| O|  |TAMS 0x000000008a800000, 0x000000008a800000| Untracked 
| 168|0x000000008a800000, 0x000000008a900000, 0x000000008a900000|100%| O|  |TAMS 0x000000008a900000, 0x000000008a900000| Untracked 
| 169|0x000000008a900000, 0x000000008aa00000, 0x000000008aa00000|100%| O|  |TAMS 0x000000008aa00000, 0x000000008aa00000| Untracked 
| 170|0x000000008aa00000, 0x000000008ab00000, 0x000000008ab00000|100%| O|  |TAMS 0x000000008ab00000, 0x000000008ab00000| Untracked 
| 171|0x000000008ab00000, 0x000000008ac00000, 0x000000008ac00000|100%| O|  |TAMS 0x000000008ac00000, 0x000000008ac00000| Untracked 
| 172|0x000000008ac00000, 0x000000008ad00000, 0x000000008ad00000|100%| O|  |TAMS 0x000000008ad00000, 0x000000008ad00000| Untracked 
| 173|0x000000008ad00000, 0x000000008ae00000, 0x000000008ae00000|100%| O|  |TAMS 0x000000008ae00000, 0x000000008ae00000| Untracked 
| 174|0x000000008ae00000, 0x000000008af00000, 0x000000008af00000|100%| O|  |TAMS 0x000000008af00000, 0x000000008af00000| Untracked 
| 175|0x000000008af00000, 0x000000008b000000, 0x000000008b000000|100%| O|  |TAMS 0x000000008b000000, 0x000000008b000000| Untracked 
| 176|0x000000008b000000, 0x000000008b100000, 0x000000008b100000|100%| O|  |TAMS 0x000000008b100000, 0x000000008b100000| Untracked 
| 177|0x000000008b100000, 0x000000008b200000, 0x000000008b200000|100%| O|  |TAMS 0x000000008b200000, 0x000000008b200000| Untracked 
| 178|0x000000008b200000, 0x000000008b300000, 0x000000008b300000|100%| O|  |TAMS 0x000000008b300000, 0x000000008b300000| Untracked 
| 179|0x000000008b300000, 0x000000008b400000, 0x000000008b400000|100%| O|  |TAMS 0x000000008b300000, 0x000000008b400000| Untracked 
| 180|0x000000008b400000, 0x000000008b400000, 0x000000008b500000|  0%| F|  |TAMS 0x000000008b400000, 0x000000008b400000| Untracked 
| 181|0x000000008b500000, 0x000000008b500000, 0x000000008b600000|  0%| F|  |TAMS 0x000000008b500000, 0x000000008b500000| Untracked 
| 182|0x000000008b600000, 0x000000008b700000, 0x000000008b700000|100%| O|  |TAMS 0x000000008b700000, 0x000000008b700000| Untracked 
| 183|0x000000008b700000, 0x000000008b800000, 0x000000008b800000|100%| O|  |TAMS 0x000000008b800000, 0x000000008b800000| Untracked 
| 184|0x000000008b800000, 0x000000008b900000, 0x000000008b900000|100%| O|  |TAMS 0x000000008b800000, 0x000000008b900000| Untracked 
| 185|0x000000008b900000, 0x000000008b900000, 0x000000008ba00000|  0%| F|  |TAMS 0x000000008b900000, 0x000000008b900000| Untracked 
| 186|0x000000008ba00000, 0x000000008ba00000, 0x000000008bb00000|  0%| F|  |TAMS 0x000000008ba00000, 0x000000008ba00000| Untracked 
| 187|0x000000008bb00000, 0x000000008bb00000, 0x000000008bc00000|  0%| F|  |TAMS 0x000000008bb00000, 0x000000008bb00000| Untracked 
| 188|0x000000008bc00000, 0x000000008bc00000, 0x000000008bd00000|  0%| F|  |TAMS 0x000000008bc00000, 0x000000008bc00000| Untracked 
| 189|0x000000008bd00000, 0x000000008bd00000, 0x000000008be00000|  0%| F|  |TAMS 0x000000008bd00000, 0x000000008bd00000| Untracked 
| 190|0x000000008be00000, 0x000000008be00000, 0x000000008bf00000|  0%| F|  |TAMS 0x000000008be00000, 0x000000008be00000| Untracked 
| 191|0x000000008bf00000, 0x000000008bf00000, 0x000000008c000000|  0%| F|  |TAMS 0x000000008bf00000, 0x000000008bf00000| Untracked 
| 192|0x000000008c000000, 0x000000008c000000, 0x000000008c100000|  0%| F|  |TAMS 0x000000008c000000, 0x000000008c000000| Untracked 
| 193|0x000000008c100000, 0x000000008c100000, 0x000000008c200000|  0%| F|  |TAMS 0x000000008c100000, 0x000000008c100000| Untracked 
| 194|0x000000008c200000, 0x000000008c200000, 0x000000008c300000|  0%| F|  |TAMS 0x000000008c200000, 0x000000008c200000| Untracked 
| 195|0x000000008c300000, 0x000000008c300000, 0x000000008c400000|  0%| F|  |TAMS 0x000000008c300000, 0x000000008c300000| Untracked 
| 196|0x000000008c400000, 0x000000008c400000, 0x000000008c500000|  0%| F|  |TAMS 0x000000008c400000, 0x000000008c400000| Untracked 
| 197|0x000000008c500000, 0x000000008c500000, 0x000000008c600000|  0%| F|  |TAMS 0x000000008c500000, 0x000000008c500000| Untracked 
| 198|0x000000008c600000, 0x000000008c600000, 0x000000008c700000|  0%| F|  |TAMS 0x000000008c600000, 0x000000008c600000| Untracked 
| 199|0x000000008c700000, 0x000000008c700000, 0x000000008c800000|  0%| F|  |TAMS 0x000000008c700000, 0x000000008c700000| Untracked 
| 200|0x000000008c800000, 0x000000008c900000, 0x000000008c900000|100%| O|  |TAMS 0x000000008c800000, 0x000000008c900000| Untracked 
| 201|0x000000008c900000, 0x000000008c900000, 0x000000008ca00000|  0%| F|  |TAMS 0x000000008c900000, 0x000000008c900000| Untracked 
| 202|0x000000008ca00000, 0x000000008ca00000, 0x000000008cb00000|  0%| F|  |TAMS 0x000000008ca00000, 0x000000008ca00000| Untracked 
| 203|0x000000008cb00000, 0x000000008cc00000, 0x000000008cc00000|100%| O|  |TAMS 0x000000008cb00000, 0x000000008cc00000| Untracked 
| 204|0x000000008cc00000, 0x000000008cd00000, 0x000000008cd00000|100%| O|  |TAMS 0x000000008cc00000, 0x000000008cd00000| Untracked 
| 205|0x000000008cd00000, 0x000000008cd00000, 0x000000008ce00000|  0%| F|  |TAMS 0x000000008cd00000, 0x000000008cd00000| Untracked 
| 206|0x000000008ce00000, 0x000000008ce00000, 0x000000008cf00000|  0%| F|  |TAMS 0x000000008ce00000, 0x000000008ce00000| Untracked 
| 207|0x000000008cf00000, 0x000000008cf00000, 0x000000008d000000|  0%| F|  |TAMS 0x000000008cf00000, 0x000000008cf00000| Untracked 
| 208|0x000000008d000000, 0x000000008d000000, 0x000000008d100000|  0%| F|  |TAMS 0x000000008d000000, 0x000000008d000000| Untracked 
| 209|0x000000008d100000, 0x000000008d100000, 0x000000008d200000|  0%| F|  |TAMS 0x000000008d100000, 0x000000008d100000| Untracked 
| 210|0x000000008d200000, 0x000000008d200000, 0x000000008d300000|  0%| F|  |TAMS 0x000000008d200000, 0x000000008d200000| Untracked 
| 211|0x000000008d300000, 0x000000008d300000, 0x000000008d400000|  0%| F|  |TAMS 0x000000008d300000, 0x000000008d300000| Untracked 
| 212|0x000000008d400000, 0x000000008d400000, 0x000000008d500000|  0%| F|  |TAMS 0x000000008d400000, 0x000000008d400000| Untracked 
| 213|0x000000008d500000, 0x000000008d600000, 0x000000008d600000|100%| O|  |TAMS 0x000000008d600000, 0x000000008d600000| Untracked 
| 214|0x000000008d600000, 0x000000008d600000, 0x000000008d700000|  0%| F|  |TAMS 0x000000008d600000, 0x000000008d600000| Untracked 
| 215|0x000000008d700000, 0x000000008d700000, 0x000000008d800000|  0%| F|  |TAMS 0x000000008d700000, 0x000000008d700000| Untracked 
| 216|0x000000008d800000, 0x000000008d800000, 0x000000008d900000|  0%| F|  |TAMS 0x000000008d800000, 0x000000008d800000| Untracked 
| 217|0x000000008d900000, 0x000000008d900000, 0x000000008da00000|  0%| F|  |TAMS 0x000000008d900000, 0x000000008d900000| Untracked 
| 218|0x000000008da00000, 0x000000008da00000, 0x000000008db00000|  0%| F|  |TAMS 0x000000008da00000, 0x000000008da00000| Untracked 
| 219|0x000000008db00000, 0x000000008dc00000, 0x000000008dc00000|100%| O|  |TAMS 0x000000008dc00000, 0x000000008dc00000| Untracked 
| 220|0x000000008dc00000, 0x000000008dd00000, 0x000000008dd00000|100%| O|  |TAMS 0x000000008dd00000, 0x000000008dd00000| Untracked 
| 221|0x000000008dd00000, 0x000000008de00000, 0x000000008de00000|100%| O|  |TAMS 0x000000008de00000, 0x000000008de00000| Untracked 
| 222|0x000000008de00000, 0x000000008df00000, 0x000000008df00000|100%| O|  |TAMS 0x000000008df00000, 0x000000008df00000| Untracked 
| 223|0x000000008df00000, 0x000000008e000000, 0x000000008e000000|100%| O|  |TAMS 0x000000008e000000, 0x000000008e000000| Untracked 
| 224|0x000000008e000000, 0x000000008e000000, 0x000000008e100000|  0%| F|  |TAMS 0x000000008e000000, 0x000000008e000000| Untracked 
| 225|0x000000008e100000, 0x000000008e100000, 0x000000008e200000|  0%| F|  |TAMS 0x000000008e100000, 0x000000008e100000| Untracked 
| 226|0x000000008e200000, 0x000000008e200000, 0x000000008e300000|  0%| F|  |TAMS 0x000000008e200000, 0x000000008e200000| Untracked 
| 227|0x000000008e300000, 0x000000008e400000, 0x000000008e400000|100%| O|  |TAMS 0x000000008e400000, 0x000000008e400000| Untracked 
| 228|0x000000008e400000, 0x000000008e500000, 0x000000008e500000|100%| O|  |TAMS 0x000000008e500000, 0x000000008e500000| Untracked 
| 229|0x000000008e500000, 0x000000008e500000, 0x000000008e600000|  0%| F|  |TAMS 0x000000008e500000, 0x000000008e500000| Untracked 
| 230|0x000000008e600000, 0x000000008e700000, 0x000000008e700000|100%| O|  |TAMS 0x000000008e700000, 0x000000008e700000| Untracked 
| 231|0x000000008e700000, 0x000000008e800000, 0x000000008e800000|100%| O|  |TAMS 0x000000008e700000, 0x000000008e800000| Untracked 
| 232|0x000000008e800000, 0x000000008e900000, 0x000000008e900000|100%| O|  |TAMS 0x000000008e800000, 0x000000008e900000| Untracked 
| 233|0x000000008e900000, 0x000000008ea00000, 0x000000008ea00000|100%| O|  |TAMS 0x000000008e900000, 0x000000008ea00000| Untracked 
| 234|0x000000008ea00000, 0x000000008eb00000, 0x000000008eb00000|100%| O|  |TAMS 0x000000008ea00000, 0x000000008eb00000| Untracked 
| 235|0x000000008eb00000, 0x000000008ec00000, 0x000000008ec00000|100%| O|  |TAMS 0x000000008eb00000, 0x000000008ec00000| Untracked 
| 236|0x000000008ec00000, 0x000000008ed00000, 0x000000008ed00000|100%| O|  |TAMS 0x000000008ec00000, 0x000000008ed00000| Untracked 
| 237|0x000000008ed00000, 0x000000008ee00000, 0x000000008ee00000|100%| O|  |TAMS 0x000000008ed00000, 0x000000008ee00000| Untracked 
| 238|0x000000008ee00000, 0x000000008ef00000, 0x000000008ef00000|100%| O|  |TAMS 0x000000008ee00000, 0x000000008ef00000| Untracked 
| 239|0x000000008ef00000, 0x000000008f000000, 0x000000008f000000|100%| O|  |TAMS 0x000000008ef00000, 0x000000008f000000| Untracked 
| 240|0x000000008f000000, 0x000000008f100000, 0x000000008f100000|100%| O|  |TAMS 0x000000008f000000, 0x000000008f100000| Untracked 
| 241|0x000000008f100000, 0x000000008f100000, 0x000000008f200000|  0%| F|  |TAMS 0x000000008f100000, 0x000000008f100000| Untracked 
| 242|0x000000008f200000, 0x000000008f200000, 0x000000008f300000|  0%| F|  |TAMS 0x000000008f200000, 0x000000008f200000| Untracked 
| 243|0x000000008f300000, 0x000000008f300000, 0x000000008f400000|  0%| F|  |TAMS 0x000000008f300000, 0x000000008f300000| Untracked 
| 244|0x000000008f400000, 0x000000008f400000, 0x000000008f500000|  0%| F|  |TAMS 0x000000008f400000, 0x000000008f400000| Untracked 
| 245|0x000000008f500000, 0x000000008f500000, 0x000000008f600000|  0%| F|  |TAMS 0x000000008f500000, 0x000000008f500000| Untracked 
| 246|0x000000008f600000, 0x000000008f600000, 0x000000008f700000|  0%| F|  |TAMS 0x000000008f600000, 0x000000008f600000| Untracked 
| 247|0x000000008f700000, 0x000000008f700000, 0x000000008f800000|  0%| F|  |TAMS 0x000000008f700000, 0x000000008f700000| Untracked 
| 248|0x000000008f800000, 0x000000008f800000, 0x000000008f900000|  0%| F|  |TAMS 0x000000008f800000, 0x000000008f800000| Untracked 
| 249|0x000000008f900000, 0x000000008f900000, 0x000000008fa00000|  0%| F|  |TAMS 0x000000008f900000, 0x000000008f900000| Untracked 
| 250|0x000000008fa00000, 0x000000008fa00000, 0x000000008fb00000|  0%| F|  |TAMS 0x000000008fa00000, 0x000000008fa00000| Untracked 
| 251|0x000000008fb00000, 0x000000008fb00000, 0x000000008fc00000|  0%| F|  |TAMS 0x000000008fb00000, 0x000000008fb00000| Untracked 
| 252|0x000000008fc00000, 0x000000008fc00000, 0x000000008fd00000|  0%| F|  |TAMS 0x000000008fc00000, 0x000000008fc00000| Untracked 
| 253|0x000000008fd00000, 0x000000008fd00000, 0x000000008fe00000|  0%| F|  |TAMS 0x000000008fd00000, 0x000000008fd00000| Untracked 
| 254|0x000000008fe00000, 0x000000008fe00000, 0x000000008ff00000|  0%| F|  |TAMS 0x000000008fe00000, 0x000000008fe00000| Untracked 
| 255|0x000000008ff00000, 0x000000008ff00000, 0x0000000090000000|  0%| F|  |TAMS 0x000000008ff00000, 0x000000008ff00000| Untracked 
| 256|0x0000000090000000, 0x0000000090000000, 0x0000000090100000|  0%| F|  |TAMS 0x0000000090000000, 0x0000000090000000| Untracked 
| 257|0x0000000090100000, 0x0000000090100000, 0x0000000090200000|  0%| F|  |TAMS 0x0000000090100000, 0x0000000090100000| Untracked 
| 258|0x0000000090200000, 0x0000000090200000, 0x0000000090300000|  0%| F|  |TAMS 0x0000000090200000, 0x0000000090200000| Untracked 
| 259|0x0000000090300000, 0x0000000090300000, 0x0000000090400000|  0%| F|  |TAMS 0x0000000090300000, 0x0000000090300000| Untracked 
| 260|0x0000000090400000, 0x0000000090400000, 0x0000000090500000|  0%| F|  |TAMS 0x0000000090400000, 0x0000000090400000| Untracked 
| 261|0x0000000090500000, 0x0000000090568400, 0x0000000090600000| 40%| S|CS|TAMS 0x0000000090500000, 0x0000000090500000| Complete 
| 262|0x0000000090600000, 0x0000000090700000, 0x0000000090700000|100%| S|CS|TAMS 0x0000000090600000, 0x0000000090600000| Complete 
| 263|0x0000000090700000, 0x0000000090800000, 0x0000000090800000|100%| S|CS|TAMS 0x0000000090700000, 0x0000000090700000| Complete 
| 264|0x0000000090800000, 0x0000000090900000, 0x0000000090900000|100%| S|CS|TAMS 0x0000000090800000, 0x0000000090800000| Complete 
| 265|0x0000000090900000, 0x0000000090a00000, 0x0000000090a00000|100%| S|CS|TAMS 0x0000000090900000, 0x0000000090900000| Complete 
| 266|0x0000000090a00000, 0x0000000090b00000, 0x0000000090b00000|100%| S|CS|TAMS 0x0000000090a00000, 0x0000000090a00000| Complete 
| 267|0x0000000090b00000, 0x0000000090c00000, 0x0000000090c00000|100%| S|CS|TAMS 0x0000000090b00000, 0x0000000090b00000| Complete 
| 268|0x0000000090c00000, 0x0000000090d00000, 0x0000000090d00000|100%| S|CS|TAMS 0x0000000090c00000, 0x0000000090c00000| Complete 
| 269|0x0000000090d00000, 0x0000000090e00000, 0x0000000090e00000|100%| S|CS|TAMS 0x0000000090d00000, 0x0000000090d00000| Complete 
| 270|0x0000000090e00000, 0x0000000090f00000, 0x0000000090f00000|100%| S|CS|TAMS 0x0000000090e00000, 0x0000000090e00000| Complete 
| 271|0x0000000090f00000, 0x0000000091000000, 0x0000000091000000|100%| S|CS|TAMS 0x0000000090f00000, 0x0000000090f00000| Complete 
| 272|0x0000000091000000, 0x0000000091100000, 0x0000000091100000|100%| S|CS|TAMS 0x0000000091000000, 0x0000000091000000| Complete 
| 273|0x0000000091100000, 0x0000000091100000, 0x0000000091200000|  0%| F|  |TAMS 0x0000000091100000, 0x0000000091100000| Untracked 
| 274|0x0000000091200000, 0x0000000091200000, 0x0000000091300000|  0%| F|  |TAMS 0x0000000091200000, 0x0000000091200000| Untracked 
| 275|0x0000000091300000, 0x0000000091300000, 0x0000000091400000|  0%| F|  |TAMS 0x0000000091300000, 0x0000000091300000| Untracked 
| 276|0x0000000091400000, 0x0000000091400000, 0x0000000091500000|  0%| F|  |TAMS 0x0000000091400000, 0x0000000091400000| Untracked 
| 277|0x0000000091500000, 0x0000000091500000, 0x0000000091600000|  0%| F|  |TAMS 0x0000000091500000, 0x0000000091500000| Untracked 
| 278|0x0000000091600000, 0x0000000091600000, 0x0000000091700000|  0%| F|  |TAMS 0x0000000091600000, 0x0000000091600000| Untracked 
| 279|0x0000000091700000, 0x0000000091700000, 0x0000000091800000|  0%| F|  |TAMS 0x0000000091700000, 0x0000000091700000| Untracked 
| 280|0x0000000091800000, 0x0000000091800000, 0x0000000091900000|  0%| F|  |TAMS 0x0000000091800000, 0x0000000091800000| Untracked 
| 281|0x0000000091900000, 0x0000000091900000, 0x0000000091a00000|  0%| F|  |TAMS 0x0000000091900000, 0x0000000091900000| Untracked 
| 282|0x0000000091a00000, 0x0000000091a00000, 0x0000000091b00000|  0%| F|  |TAMS 0x0000000091a00000, 0x0000000091a00000| Untracked 
| 283|0x0000000091b00000, 0x0000000091b00000, 0x0000000091c00000|  0%| F|  |TAMS 0x0000000091b00000, 0x0000000091b00000| Untracked 
| 284|0x0000000091c00000, 0x0000000091c00000, 0x0000000091d00000|  0%| F|  |TAMS 0x0000000091c00000, 0x0000000091c00000| Untracked 
| 285|0x0000000091d00000, 0x0000000091d00000, 0x0000000091e00000|  0%| F|  |TAMS 0x0000000091d00000, 0x0000000091d00000| Untracked 
| 286|0x0000000091e00000, 0x0000000091e00000, 0x0000000091f00000|  0%| F|  |TAMS 0x0000000091e00000, 0x0000000091e00000| Untracked 
| 287|0x0000000091f00000, 0x0000000091f00000, 0x0000000092000000|  0%| F|  |TAMS 0x0000000091f00000, 0x0000000091f00000| Untracked 
| 288|0x0000000092000000, 0x0000000092000000, 0x0000000092100000|  0%| F|  |TAMS 0x0000000092000000, 0x0000000092000000| Untracked 
| 289|0x0000000092100000, 0x0000000092100000, 0x0000000092200000|  0%| F|  |TAMS 0x0000000092100000, 0x0000000092100000| Untracked 
| 290|0x0000000092200000, 0x0000000092200000, 0x0000000092300000|  0%| F|  |TAMS 0x0000000092200000, 0x0000000092200000| Untracked 
| 291|0x0000000092300000, 0x0000000092300000, 0x0000000092400000|  0%| F|  |TAMS 0x0000000092300000, 0x0000000092300000| Untracked 
| 292|0x0000000092400000, 0x0000000092400000, 0x0000000092500000|  0%| F|  |TAMS 0x0000000092400000, 0x0000000092400000| Untracked 
| 293|0x0000000092500000, 0x0000000092500000, 0x0000000092600000|  0%| F|  |TAMS 0x0000000092500000, 0x0000000092500000| Untracked 
| 294|0x0000000092600000, 0x0000000092600000, 0x0000000092700000|  0%| F|  |TAMS 0x0000000092600000, 0x0000000092600000| Untracked 
| 295|0x0000000092700000, 0x0000000092700000, 0x0000000092800000|  0%| F|  |TAMS 0x0000000092700000, 0x0000000092700000| Untracked 
| 296|0x0000000092800000, 0x0000000092800000, 0x0000000092900000|  0%| F|  |TAMS 0x0000000092800000, 0x0000000092800000| Untracked 
| 297|0x0000000092900000, 0x0000000092900000, 0x0000000092a00000|  0%| F|  |TAMS 0x0000000092900000, 0x0000000092900000| Untracked 
| 298|0x0000000092a00000, 0x0000000092a00000, 0x0000000092b00000|  0%| F|  |TAMS 0x0000000092a00000, 0x0000000092a00000| Untracked 
| 299|0x0000000092b00000, 0x0000000092b00000, 0x0000000092c00000|  0%| F|  |TAMS 0x0000000092b00000, 0x0000000092b00000| Untracked 
| 300|0x0000000092c00000, 0x0000000092c00000, 0x0000000092d00000|  0%| F|  |TAMS 0x0000000092c00000, 0x0000000092c00000| Untracked 
| 301|0x0000000092d00000, 0x0000000092d00000, 0x0000000092e00000|  0%| F|  |TAMS 0x0000000092d00000, 0x0000000092d00000| Untracked 
| 302|0x0000000092e00000, 0x0000000092e00000, 0x0000000092f00000|  0%| F|  |TAMS 0x0000000092e00000, 0x0000000092e00000| Untracked 
| 303|0x0000000092f00000, 0x0000000092f00000, 0x0000000093000000|  0%| F|  |TAMS 0x0000000092f00000, 0x0000000092f00000| Untracked 
| 304|0x0000000093000000, 0x0000000093000000, 0x0000000093100000|  0%| F|  |TAMS 0x0000000093000000, 0x0000000093000000| Untracked 
| 305|0x0000000093100000, 0x0000000093100000, 0x0000000093200000|  0%| F|  |TAMS 0x0000000093100000, 0x0000000093100000| Untracked 
| 306|0x0000000093200000, 0x0000000093200000, 0x0000000093300000|  0%| F|  |TAMS 0x0000000093200000, 0x0000000093200000| Untracked 
| 307|0x0000000093300000, 0x0000000093300000, 0x0000000093400000|  0%| F|  |TAMS 0x0000000093300000, 0x0000000093300000| Untracked 
| 308|0x0000000093400000, 0x0000000093400000, 0x0000000093500000|  0%| F|  |TAMS 0x0000000093400000, 0x0000000093400000| Untracked 
| 309|0x0000000093500000, 0x0000000093500000, 0x0000000093600000|  0%| F|  |TAMS 0x0000000093500000, 0x0000000093500000| Untracked 
| 310|0x0000000093600000, 0x0000000093600000, 0x0000000093700000|  0%| F|  |TAMS 0x0000000093600000, 0x0000000093600000| Untracked 
| 311|0x0000000093700000, 0x0000000093700000, 0x0000000093800000|  0%| F|  |TAMS 0x0000000093700000, 0x0000000093700000| Untracked 
| 312|0x0000000093800000, 0x0000000093800000, 0x0000000093900000|  0%| F|  |TAMS 0x0000000093800000, 0x0000000093800000| Untracked 
| 313|0x0000000093900000, 0x0000000093900000, 0x0000000093a00000|  0%| F|  |TAMS 0x0000000093900000, 0x0000000093900000| Untracked 
| 314|0x0000000093a00000, 0x0000000093a00000, 0x0000000093b00000|  0%| F|  |TAMS 0x0000000093a00000, 0x0000000093a00000| Untracked 
| 315|0x0000000093b00000, 0x0000000093b00000, 0x0000000093c00000|  0%| F|  |TAMS 0x0000000093b00000, 0x0000000093b00000| Untracked 
| 316|0x0000000093c00000, 0x0000000093c00000, 0x0000000093d00000|  0%| F|  |TAMS 0x0000000093c00000, 0x0000000093c00000| Untracked 
| 317|0x0000000093d00000, 0x0000000093d00000, 0x0000000093e00000|  0%| F|  |TAMS 0x0000000093d00000, 0x0000000093d00000| Untracked 
| 318|0x0000000093e00000, 0x0000000093e00000, 0x0000000093f00000|  0%| F|  |TAMS 0x0000000093e00000, 0x0000000093e00000| Untracked 
| 319|0x0000000093f00000, 0x0000000093f00000, 0x0000000094000000|  0%| F|  |TAMS 0x0000000093f00000, 0x0000000093f00000| Untracked 
| 320|0x0000000094000000, 0x0000000094000000, 0x0000000094100000|  0%| F|  |TAMS 0x0000000094000000, 0x0000000094000000| Untracked 
| 321|0x0000000094100000, 0x0000000094100000, 0x0000000094200000|  0%| F|  |TAMS 0x0000000094100000, 0x0000000094100000| Untracked 
| 322|0x0000000094200000, 0x0000000094200000, 0x0000000094300000|  0%| F|  |TAMS 0x0000000094200000, 0x0000000094200000| Untracked 
| 323|0x0000000094300000, 0x0000000094300000, 0x0000000094400000|  0%| F|  |TAMS 0x0000000094300000, 0x0000000094300000| Untracked 
| 324|0x0000000094400000, 0x0000000094400000, 0x0000000094500000|  0%| F|  |TAMS 0x0000000094400000, 0x0000000094400000| Untracked 
| 325|0x0000000094500000, 0x0000000094500000, 0x0000000094600000|  0%| F|  |TAMS 0x0000000094500000, 0x0000000094500000| Untracked 
| 326|0x0000000094600000, 0x0000000094600000, 0x0000000094700000|  0%| F|  |TAMS 0x0000000094600000, 0x0000000094600000| Untracked 
| 327|0x0000000094700000, 0x0000000094700000, 0x0000000094800000|  0%| F|  |TAMS 0x0000000094700000, 0x0000000094700000| Untracked 
| 328|0x0000000094800000, 0x0000000094800000, 0x0000000094900000|  0%| F|  |TAMS 0x0000000094800000, 0x0000000094800000| Untracked 
| 329|0x0000000094900000, 0x0000000094900000, 0x0000000094a00000|  0%| F|  |TAMS 0x0000000094900000, 0x0000000094900000| Untracked 
| 330|0x0000000094a00000, 0x0000000094a00000, 0x0000000094b00000|  0%| F|  |TAMS 0x0000000094a00000, 0x0000000094a00000| Untracked 
| 331|0x0000000094b00000, 0x0000000094b00000, 0x0000000094c00000|  0%| F|  |TAMS 0x0000000094b00000, 0x0000000094b00000| Untracked 
| 332|0x0000000094c00000, 0x0000000094c00000, 0x0000000094d00000|  0%| F|  |TAMS 0x0000000094c00000, 0x0000000094c00000| Untracked 
| 333|0x0000000094d00000, 0x0000000094d00000, 0x0000000094e00000|  0%| F|  |TAMS 0x0000000094d00000, 0x0000000094d00000| Untracked 
| 334|0x0000000094e00000, 0x0000000094e00000, 0x0000000094f00000|  0%| F|  |TAMS 0x0000000094e00000, 0x0000000094e00000| Untracked 
| 335|0x0000000094f00000, 0x0000000094f00000, 0x0000000095000000|  0%| F|  |TAMS 0x0000000094f00000, 0x0000000094f00000| Untracked 
| 336|0x0000000095000000, 0x0000000095000000, 0x0000000095100000|  0%| F|  |TAMS 0x0000000095000000, 0x0000000095000000| Untracked 
| 337|0x0000000095100000, 0x0000000095100000, 0x0000000095200000|  0%| F|  |TAMS 0x0000000095100000, 0x0000000095100000| Untracked 
| 338|0x0000000095200000, 0x0000000095200000, 0x0000000095300000|  0%| F|  |TAMS 0x0000000095200000, 0x0000000095200000| Untracked 
| 339|0x0000000095300000, 0x0000000095300000, 0x0000000095400000|  0%| F|  |TAMS 0x0000000095300000, 0x0000000095300000| Untracked 
| 340|0x0000000095400000, 0x0000000095400000, 0x0000000095500000|  0%| F|  |TAMS 0x0000000095400000, 0x0000000095400000| Untracked 
| 341|0x0000000095500000, 0x0000000095500000, 0x0000000095600000|  0%| F|  |TAMS 0x0000000095500000, 0x0000000095500000| Untracked 
| 342|0x0000000095600000, 0x0000000095600000, 0x0000000095700000|  0%| F|  |TAMS 0x0000000095600000, 0x0000000095600000| Untracked 
| 343|0x0000000095700000, 0x0000000095700000, 0x0000000095800000|  0%| F|  |TAMS 0x0000000095700000, 0x0000000095700000| Untracked 
| 344|0x0000000095800000, 0x0000000095800000, 0x0000000095900000|  0%| F|  |TAMS 0x0000000095800000, 0x0000000095800000| Untracked 
| 345|0x0000000095900000, 0x0000000095900000, 0x0000000095a00000|  0%| F|  |TAMS 0x0000000095900000, 0x0000000095900000| Untracked 
| 346|0x0000000095a00000, 0x0000000095a00000, 0x0000000095b00000|  0%| F|  |TAMS 0x0000000095a00000, 0x0000000095a00000| Untracked 
| 347|0x0000000095b00000, 0x0000000095b00000, 0x0000000095c00000|  0%| F|  |TAMS 0x0000000095b00000, 0x0000000095b00000| Untracked 
| 348|0x0000000095c00000, 0x0000000095c00000, 0x0000000095d00000|  0%| F|  |TAMS 0x0000000095c00000, 0x0000000095c00000| Untracked 
| 349|0x0000000095d00000, 0x0000000095d00000, 0x0000000095e00000|  0%| F|  |TAMS 0x0000000095d00000, 0x0000000095d00000| Untracked 
| 350|0x0000000095e00000, 0x0000000095e00000, 0x0000000095f00000|  0%| F|  |TAMS 0x0000000095e00000, 0x0000000095e00000| Untracked 
| 351|0x0000000095f00000, 0x0000000095f00000, 0x0000000096000000|  0%| F|  |TAMS 0x0000000095f00000, 0x0000000095f00000| Untracked 
| 352|0x0000000096000000, 0x0000000096000000, 0x0000000096100000|  0%| F|  |TAMS 0x0000000096000000, 0x0000000096000000| Untracked 
| 353|0x0000000096100000, 0x0000000096100000, 0x0000000096200000|  0%| F|  |TAMS 0x0000000096100000, 0x0000000096100000| Untracked 
| 354|0x0000000096200000, 0x0000000096200000, 0x0000000096300000|  0%| F|  |TAMS 0x0000000096200000, 0x0000000096200000| Untracked 
| 355|0x0000000096300000, 0x0000000096300000, 0x0000000096400000|  0%| F|  |TAMS 0x0000000096300000, 0x0000000096300000| Untracked 
| 356|0x0000000096400000, 0x0000000096400000, 0x0000000096500000|  0%| F|  |TAMS 0x0000000096400000, 0x0000000096400000| Untracked 
| 357|0x0000000096500000, 0x0000000096500000, 0x0000000096600000|  0%| F|  |TAMS 0x0000000096500000, 0x0000000096500000| Untracked 
| 358|0x0000000096600000, 0x0000000096600000, 0x0000000096700000|  0%| F|  |TAMS 0x0000000096600000, 0x0000000096600000| Untracked 
| 359|0x0000000096700000, 0x0000000096700000, 0x0000000096800000|  0%| F|  |TAMS 0x0000000096700000, 0x0000000096700000| Untracked 
| 360|0x0000000096800000, 0x0000000096800000, 0x0000000096900000|  0%| F|  |TAMS 0x0000000096800000, 0x0000000096800000| Untracked 
| 361|0x0000000096900000, 0x0000000096900000, 0x0000000096a00000|  0%| F|  |TAMS 0x0000000096900000, 0x0000000096900000| Untracked 
| 362|0x0000000096a00000, 0x0000000096a00000, 0x0000000096b00000|  0%| F|  |TAMS 0x0000000096a00000, 0x0000000096a00000| Untracked 
| 363|0x0000000096b00000, 0x0000000096b00000, 0x0000000096c00000|  0%| F|  |TAMS 0x0000000096b00000, 0x0000000096b00000| Untracked 
| 364|0x0000000096c00000, 0x0000000096c00000, 0x0000000096d00000|  0%| F|  |TAMS 0x0000000096c00000, 0x0000000096c00000| Untracked 
| 365|0x0000000096d00000, 0x0000000096d00000, 0x0000000096e00000|  0%| F|  |TAMS 0x0000000096d00000, 0x0000000096d00000| Untracked 
| 366|0x0000000096e00000, 0x0000000096e00000, 0x0000000096f00000|  0%| F|  |TAMS 0x0000000096e00000, 0x0000000096e00000| Untracked 
| 367|0x0000000096f00000, 0x0000000096f00000, 0x0000000097000000|  0%| F|  |TAMS 0x0000000096f00000, 0x0000000096f00000| Untracked 
| 368|0x0000000097000000, 0x0000000097000000, 0x0000000097100000|  0%| F|  |TAMS 0x0000000097000000, 0x0000000097000000| Untracked 
| 369|0x0000000097100000, 0x0000000097100000, 0x0000000097200000|  0%| F|  |TAMS 0x0000000097100000, 0x0000000097100000| Untracked 
| 370|0x0000000097200000, 0x0000000097200000, 0x0000000097300000|  0%| F|  |TAMS 0x0000000097200000, 0x0000000097200000| Untracked 
| 371|0x0000000097300000, 0x0000000097300000, 0x0000000097400000|  0%| F|  |TAMS 0x0000000097300000, 0x0000000097300000| Untracked 
| 372|0x0000000097400000, 0x0000000097400000, 0x0000000097500000|  0%| F|  |TAMS 0x0000000097400000, 0x0000000097400000| Untracked 
| 373|0x0000000097500000, 0x0000000097500000, 0x0000000097600000|  0%| F|  |TAMS 0x0000000097500000, 0x0000000097500000| Untracked 
| 374|0x0000000097600000, 0x0000000097600000, 0x0000000097700000|  0%| F|  |TAMS 0x0000000097600000, 0x0000000097600000| Untracked 
| 375|0x0000000097700000, 0x0000000097700000, 0x0000000097800000|  0%| F|  |TAMS 0x0000000097700000, 0x0000000097700000| Untracked 
| 376|0x0000000097800000, 0x0000000097800000, 0x0000000097900000|  0%| F|  |TAMS 0x0000000097800000, 0x0000000097800000| Untracked 
| 377|0x0000000097900000, 0x0000000097900000, 0x0000000097a00000|  0%| F|  |TAMS 0x0000000097900000, 0x0000000097900000| Untracked 
| 378|0x0000000097a00000, 0x0000000097a00000, 0x0000000097b00000|  0%| F|  |TAMS 0x0000000097a00000, 0x0000000097a00000| Untracked 
| 379|0x0000000097b00000, 0x0000000097b00000, 0x0000000097c00000|  0%| F|  |TAMS 0x0000000097b00000, 0x0000000097b00000| Untracked 
| 380|0x0000000097c00000, 0x0000000097c00000, 0x0000000097d00000|  0%| F|  |TAMS 0x0000000097c00000, 0x0000000097c00000| Untracked 
| 381|0x0000000097d00000, 0x0000000097d00000, 0x0000000097e00000|  0%| F|  |TAMS 0x0000000097d00000, 0x0000000097d00000| Untracked 
| 382|0x0000000097e00000, 0x0000000097e00000, 0x0000000097f00000|  0%| F|  |TAMS 0x0000000097e00000, 0x0000000097e00000| Untracked 
| 383|0x0000000097f00000, 0x0000000097f00000, 0x0000000098000000|  0%| F|  |TAMS 0x0000000097f00000, 0x0000000097f00000| Untracked 
| 384|0x0000000098000000, 0x0000000098000000, 0x0000000098100000|  0%| F|  |TAMS 0x0000000098000000, 0x0000000098000000| Untracked 
| 385|0x0000000098100000, 0x0000000098100000, 0x0000000098200000|  0%| F|  |TAMS 0x0000000098100000, 0x0000000098100000| Untracked 
| 386|0x0000000098200000, 0x0000000098200000, 0x0000000098300000|  0%| F|  |TAMS 0x0000000098200000, 0x0000000098200000| Untracked 
| 387|0x0000000098300000, 0x0000000098300000, 0x0000000098400000|  0%| F|  |TAMS 0x0000000098300000, 0x0000000098300000| Untracked 
| 388|0x0000000098400000, 0x0000000098400000, 0x0000000098500000|  0%| F|  |TAMS 0x0000000098400000, 0x0000000098400000| Untracked 
| 389|0x0000000098500000, 0x0000000098500000, 0x0000000098600000|  0%| F|  |TAMS 0x0000000098500000, 0x0000000098500000| Untracked 
| 390|0x0000000098600000, 0x0000000098600000, 0x0000000098700000|  0%| F|  |TAMS 0x0000000098600000, 0x0000000098600000| Untracked 
| 391|0x0000000098700000, 0x0000000098700000, 0x0000000098800000|  0%| F|  |TAMS 0x0000000098700000, 0x0000000098700000| Untracked 
| 392|0x0000000098800000, 0x0000000098800000, 0x0000000098900000|  0%| F|  |TAMS 0x0000000098800000, 0x0000000098800000| Untracked 
| 393|0x0000000098900000, 0x0000000098900000, 0x0000000098a00000|  0%| F|  |TAMS 0x0000000098900000, 0x0000000098900000| Untracked 
| 394|0x0000000098a00000, 0x0000000098a00000, 0x0000000098b00000|  0%| F|  |TAMS 0x0000000098a00000, 0x0000000098a00000| Untracked 
| 395|0x0000000098b00000, 0x0000000098b00000, 0x0000000098c00000|  0%| F|  |TAMS 0x0000000098b00000, 0x0000000098b00000| Untracked 
| 396|0x0000000098c00000, 0x0000000098c00000, 0x0000000098d00000|  0%| F|  |TAMS 0x0000000098c00000, 0x0000000098c00000| Untracked 
| 397|0x0000000098d00000, 0x0000000098d00000, 0x0000000098e00000|  0%| F|  |TAMS 0x0000000098d00000, 0x0000000098d00000| Untracked 
| 398|0x0000000098e00000, 0x0000000098e00000, 0x0000000098f00000|  0%| F|  |TAMS 0x0000000098e00000, 0x0000000098e00000| Untracked 
| 399|0x0000000098f00000, 0x0000000098f00000, 0x0000000099000000|  0%| F|  |TAMS 0x0000000098f00000, 0x0000000098f00000| Untracked 
| 400|0x0000000099000000, 0x0000000099000000, 0x0000000099100000|  0%| F|  |TAMS 0x0000000099000000, 0x0000000099000000| Untracked 
| 401|0x0000000099100000, 0x0000000099100000, 0x0000000099200000|  0%| F|  |TAMS 0x0000000099100000, 0x0000000099100000| Untracked 
| 402|0x0000000099200000, 0x0000000099200000, 0x0000000099300000|  0%| F|  |TAMS 0x0000000099200000, 0x0000000099200000| Untracked 
| 403|0x0000000099300000, 0x0000000099300000, 0x0000000099400000|  0%| F|  |TAMS 0x0000000099300000, 0x0000000099300000| Untracked 
| 404|0x0000000099400000, 0x0000000099400000, 0x0000000099500000|  0%| F|  |TAMS 0x0000000099400000, 0x0000000099400000| Untracked 
| 405|0x0000000099500000, 0x0000000099500000, 0x0000000099600000|  0%| F|  |TAMS 0x0000000099500000, 0x0000000099500000| Untracked 
| 406|0x0000000099600000, 0x0000000099600000, 0x0000000099700000|  0%| F|  |TAMS 0x0000000099600000, 0x0000000099600000| Untracked 
| 407|0x0000000099700000, 0x0000000099700000, 0x0000000099800000|  0%| F|  |TAMS 0x0000000099700000, 0x0000000099700000| Untracked 
| 408|0x0000000099800000, 0x0000000099800000, 0x0000000099900000|  0%| F|  |TAMS 0x0000000099800000, 0x0000000099800000| Untracked 
| 409|0x0000000099900000, 0x0000000099900000, 0x0000000099a00000|  0%| F|  |TAMS 0x0000000099900000, 0x0000000099900000| Untracked 
| 410|0x0000000099a00000, 0x0000000099a00000, 0x0000000099b00000|  0%| F|  |TAMS 0x0000000099a00000, 0x0000000099a00000| Untracked 
| 411|0x0000000099b00000, 0x0000000099b00000, 0x0000000099c00000|  0%| F|  |TAMS 0x0000000099b00000, 0x0000000099b00000| Untracked 
| 412|0x0000000099c00000, 0x0000000099c00000, 0x0000000099d00000|  0%| F|  |TAMS 0x0000000099c00000, 0x0000000099c00000| Untracked 
| 413|0x0000000099d00000, 0x0000000099d00000, 0x0000000099e00000|  0%| F|  |TAMS 0x0000000099d00000, 0x0000000099d00000| Untracked 
| 414|0x0000000099e00000, 0x0000000099e00000, 0x0000000099f00000|  0%| F|  |TAMS 0x0000000099e00000, 0x0000000099e00000| Untracked 
| 415|0x0000000099f00000, 0x0000000099f00000, 0x000000009a000000|  0%| F|  |TAMS 0x0000000099f00000, 0x0000000099f00000| Untracked 
| 416|0x000000009a000000, 0x000000009a000000, 0x000000009a100000|  0%| F|  |TAMS 0x000000009a000000, 0x000000009a000000| Untracked 
| 417|0x000000009a100000, 0x000000009a100000, 0x000000009a200000|  0%| F|  |TAMS 0x000000009a100000, 0x000000009a100000| Untracked 
| 418|0x000000009a200000, 0x000000009a200000, 0x000000009a300000|  0%| F|  |TAMS 0x000000009a200000, 0x000000009a200000| Untracked 
| 419|0x000000009a300000, 0x000000009a300000, 0x000000009a400000|  0%| F|  |TAMS 0x000000009a300000, 0x000000009a300000| Untracked 
| 420|0x000000009a400000, 0x000000009a400000, 0x000000009a500000|  0%| F|  |TAMS 0x000000009a400000, 0x000000009a400000| Untracked 
| 421|0x000000009a500000, 0x000000009a500000, 0x000000009a600000|  0%| F|  |TAMS 0x000000009a500000, 0x000000009a500000| Untracked 
| 422|0x000000009a600000, 0x000000009a600000, 0x000000009a700000|  0%| F|  |TAMS 0x000000009a600000, 0x000000009a600000| Untracked 
| 423|0x000000009a700000, 0x000000009a700000, 0x000000009a800000|  0%| F|  |TAMS 0x000000009a700000, 0x000000009a700000| Untracked 
| 424|0x000000009a800000, 0x000000009a800000, 0x000000009a900000|  0%| F|  |TAMS 0x000000009a800000, 0x000000009a800000| Untracked 
| 425|0x000000009a900000, 0x000000009a900000, 0x000000009aa00000|  0%| F|  |TAMS 0x000000009a900000, 0x000000009a900000| Untracked 
| 426|0x000000009aa00000, 0x000000009aa00000, 0x000000009ab00000|  0%| F|  |TAMS 0x000000009aa00000, 0x000000009aa00000| Untracked 
| 427|0x000000009ab00000, 0x000000009ab00000, 0x000000009ac00000|  0%| F|  |TAMS 0x000000009ab00000, 0x000000009ab00000| Untracked 
| 428|0x000000009ac00000, 0x000000009ac00000, 0x000000009ad00000|  0%| F|  |TAMS 0x000000009ac00000, 0x000000009ac00000| Untracked 
| 429|0x000000009ad00000, 0x000000009ad00000, 0x000000009ae00000|  0%| F|  |TAMS 0x000000009ad00000, 0x000000009ad00000| Untracked 
| 430|0x000000009ae00000, 0x000000009ae00000, 0x000000009af00000|  0%| F|  |TAMS 0x000000009ae00000, 0x000000009ae00000| Untracked 
| 431|0x000000009af00000, 0x000000009af00000, 0x000000009b000000|  0%| F|  |TAMS 0x000000009af00000, 0x000000009af00000| Untracked 
| 432|0x000000009b000000, 0x000000009b000000, 0x000000009b100000|  0%| F|  |TAMS 0x000000009b000000, 0x000000009b000000| Untracked 
| 433|0x000000009b100000, 0x000000009b100000, 0x000000009b200000|  0%| F|  |TAMS 0x000000009b100000, 0x000000009b100000| Untracked 
| 434|0x000000009b200000, 0x000000009b200000, 0x000000009b300000|  0%| F|  |TAMS 0x000000009b200000, 0x000000009b200000| Untracked 
| 435|0x000000009b300000, 0x000000009b300000, 0x000000009b400000|  0%| F|  |TAMS 0x000000009b300000, 0x000000009b300000| Untracked 
| 436|0x000000009b400000, 0x000000009b400000, 0x000000009b500000|  0%| F|  |TAMS 0x000000009b400000, 0x000000009b400000| Untracked 
| 437|0x000000009b500000, 0x000000009b500000, 0x000000009b600000|  0%| F|  |TAMS 0x000000009b500000, 0x000000009b500000| Untracked 
| 438|0x000000009b600000, 0x000000009b600000, 0x000000009b700000|  0%| F|  |TAMS 0x000000009b600000, 0x000000009b600000| Untracked 
| 439|0x000000009b700000, 0x000000009b700000, 0x000000009b800000|  0%| F|  |TAMS 0x000000009b700000, 0x000000009b700000| Untracked 
| 440|0x000000009b800000, 0x000000009b800000, 0x000000009b900000|  0%| F|  |TAMS 0x000000009b800000, 0x000000009b800000| Untracked 
| 441|0x000000009b900000, 0x000000009b900000, 0x000000009ba00000|  0%| F|  |TAMS 0x000000009b900000, 0x000000009b900000| Untracked 
| 442|0x000000009ba00000, 0x000000009ba00000, 0x000000009bb00000|  0%| F|  |TAMS 0x000000009ba00000, 0x000000009ba00000| Untracked 
| 443|0x000000009bb00000, 0x000000009bb00000, 0x000000009bc00000|  0%| F|  |TAMS 0x000000009bb00000, 0x000000009bb00000| Untracked 
| 444|0x000000009bc00000, 0x000000009bc00000, 0x000000009bd00000|  0%| F|  |TAMS 0x000000009bc00000, 0x000000009bc00000| Untracked 
| 445|0x000000009bd00000, 0x000000009bd00000, 0x000000009be00000|  0%| F|  |TAMS 0x000000009bd00000, 0x000000009bd00000| Untracked 
| 446|0x000000009be00000, 0x000000009be00000, 0x000000009bf00000|  0%| F|  |TAMS 0x000000009be00000, 0x000000009be00000| Untracked 
| 447|0x000000009bf00000, 0x000000009bf00000, 0x000000009c000000|  0%| F|  |TAMS 0x000000009bf00000, 0x000000009bf00000| Untracked 
| 448|0x000000009c000000, 0x000000009c000000, 0x000000009c100000|  0%| F|  |TAMS 0x000000009c000000, 0x000000009c000000| Untracked 
| 449|0x000000009c100000, 0x000000009c100000, 0x000000009c200000|  0%| F|  |TAMS 0x000000009c100000, 0x000000009c100000| Untracked 
| 450|0x000000009c200000, 0x000000009c200000, 0x000000009c300000|  0%| F|  |TAMS 0x000000009c200000, 0x000000009c200000| Untracked 
| 451|0x000000009c300000, 0x000000009c300000, 0x000000009c400000|  0%| F|  |TAMS 0x000000009c300000, 0x000000009c300000| Untracked 
| 452|0x000000009c400000, 0x000000009c400000, 0x000000009c500000|  0%| F|  |TAMS 0x000000009c400000, 0x000000009c400000| Untracked 
| 453|0x000000009c500000, 0x000000009c500000, 0x000000009c600000|  0%| F|  |TAMS 0x000000009c500000, 0x000000009c500000| Untracked 
| 454|0x000000009c600000, 0x000000009c600000, 0x000000009c700000|  0%| F|  |TAMS 0x000000009c600000, 0x000000009c600000| Untracked 
| 455|0x000000009c700000, 0x000000009c700000, 0x000000009c800000|  0%| F|  |TAMS 0x000000009c700000, 0x000000009c700000| Untracked 
| 456|0x000000009c800000, 0x000000009c800000, 0x000000009c900000|  0%| F|  |TAMS 0x000000009c800000, 0x000000009c800000| Untracked 

Card table byte_map: [0x000002364dd90000,0x000002364e190000] _byte_map_base: 0x000002364d990000

Marking Bits (Prev, Next): (CMBitMap*) 0x000002363acae160, (CMBitMap*) 0x000002363acae1a0
 Prev Bits: [0x000002364e590000, 0x0000023650590000)
 Next Bits: [0x0000023650590000, 0x0000023652590000)

Polling page: 0x000002363a410000

Metaspace:

Usage:
  Non-class:    120.56 MB used.
      Class:     19.58 MB used.
       Both:    140.14 MB used.

Virtual space:
  Non-class space:      128.00 MB reserved,     121.19 MB ( 95%) committed,  16 nodes.
      Class space:        1.00 GB reserved,      20.19 MB (  2%) committed,  1 nodes.
             Both:        1.12 GB reserved,     141.38 MB ( 12%) committed. 

Chunk freelists:
   Non-Class:  2.38 MB
       Class:  3.86 MB
        Both:  6.24 MB

MaxMetaspaceSize: unlimited
CompressedClassSpaceSize: 1.00 GB
Initial GC threshold: 21.00 MB
Current GC threshold: 235.12 MB
CDS: off
MetaspaceReclaimPolicy: balanced
 - commit_granule_bytes: 65536.
 - commit_granule_words: 8192.
 - virtual_space_node_default_size: 1048576.
 - enlarge_chunks_in_place: 1.
 - new_chunks_are_fully_committed: 0.
 - uncommit_free_chunks: 1.
 - use_allocation_guard: 0.
 - handle_deallocations: 1.


Internal statistics:

num_allocs_failed_limit: 81.
num_arena_births: 2426.
num_arena_deaths: 310.
num_vsnodes_births: 17.
num_vsnodes_deaths: 0.
num_space_committed: 2260.
num_space_uncommitted: 0.
num_chunks_returned_to_freelist: 542.
num_chunks_taken_from_freelist: 8404.
num_chunk_merges: 277.
num_chunk_splits: 5319.
num_chunks_enlarged: 3177.
num_purges: 8.
num_inconsistent_stats: 0.

CodeHeap 'non-profiled nmethods': size=119168Kb used=14725Kb max_used=15134Kb free=104443Kb
 bounds [0x0000023645cb0000, 0x0000023646b80000, 0x000002364d110000]
CodeHeap 'profiled nmethods': size=119104Kb used=43243Kb max_used=45223Kb free=75860Kb
 bounds [0x000002363e110000, 0x0000023640d50000, 0x0000023645560000]
CodeHeap 'non-nmethods': size=7488Kb used=3036Kb max_used=4267Kb free=4451Kb
 bounds [0x0000023645560000, 0x00000236459a0000, 0x0000023645cb0000]
 total_blobs=22841 nmethods=21824 adapters=926
 compilation: enabled
              stopped_count=0, restarted_count=0
 full_count=0

Compilation events (20 events):
Event: 320.801 Thread 0x00000236609ce9e0 nmethod 27265 0x000002363e2d6790 code [0x000002363e2d6980, 0x000002363e2d6e88]
Event: 320.801 Thread 0x00000236560b18d0 27266       3       com.google.wireless.android.sdk.stats.GradleBuildMemorySample$Builder::maybeForceBuilderInitialization (12 bytes)
Event: 320.801 Thread 0x00000236609ce9e0 27267       3       com.google.wireless.android.sdk.stats.GradleBuildMemorySample::access$000 (4 bytes)
Event: 320.801 Thread 0x00000236609ce9e0 nmethod 27267 0x000002363e519610 code [0x000002363e5197a0, 0x000002363e519898]
Event: 320.801 Thread 0x00000236609ce9e0 27268       3       com.google.wireless.android.sdk.stats.GradleBuildMemorySample$Builder::setJavaProcessStats (53 bytes)
Event: 320.801 Thread 0x00000236560b18d0 nmethod 27266 0x000002363e9aff10 code [0x000002363e9b00c0, 0x000002363e9b02a8]
Event: 320.801 Thread 0x00000236560b18d0 27269       3       com.google.wireless.android.sdk.stats.GradleBuildMemorySample$Builder::setTimestamp (21 bytes)
Event: 320.801 Thread 0x00000236609ce9e0 nmethod 27268 0x000002363e8eea10 code [0x000002363e8eec00, 0x000002363e8ef0a8]
Event: 320.801 Thread 0x00000236560b18d0 nmethod 27269 0x000002363ea3ef90 code [0x000002363ea3f140, 0x000002363ea3f408]
Event: 320.807 Thread 0x00000236609ce9e0 27277       3       com.android.build.gradle.internal.dexing.DexWorkAction$Inject::getParameters (31 bytes)
Event: 320.808 Thread 0x00000236609ce9e0 nmethod 27277 0x000002363e870290 code [0x000002363e870480, 0x000002363e870a98]
Event: 320.808 Thread 0x00000236609ce9e0 27281       3       com.google.gson.internal.bind.TypeAdapters$29::<init> (15 bytes)
Event: 320.808 Thread 0x00000236560b18d0 27280       3       com.google.gson.internal.bind.TypeAdapters::newFactory (10 bytes)
Event: 320.808 Thread 0x00000236609ce9e0 nmethod 27281 0x000002363ea39d90 code [0x000002363ea39f40, 0x000002363ea3a158]
Event: 320.808 Thread 0x00000236560b18d0 nmethod 27280 0x000002363ea5d710 code [0x000002363ea5d8c0, 0x000002363ea5db78]
Event: 320.808 Thread 0x00000236560b18d0 27282       3       java.io.Bits::getFloat (9 bytes)
Event: 320.808 Thread 0x00000236560b18d0 nmethod 27282 0x000002363e3c2390 code [0x000002363e3c2520, 0x000002363e3c2648]
Event: 320.809 Thread 0x00000236609ce9e0 27284       3       com.google.gson.GsonBuilder::registerTypeAdapter (122 bytes)
Event: 320.809 Thread 0x00000236609ce9e0 nmethod 27284 0x000002363ecf7410 code [0x000002363ecf76c0, 0x000002363ecf8be8]
Event: 320.809 Thread 0x00000236560b18d0 27291       3       kotlin.collections.CollectionsKt___CollectionsKt::toCollection (49 bytes)

GC Heap History (20 events):
Event: 240.336 GC heap after
{Heap after GC invocations=68 (full 0):
 garbage-first heap   total 442368K, used 270307K [0x0000000080000000, 0x0000000100000000)
  region size 1024K, 3 young (3072K), 3 survivors (3072K)
 Metaspace       used 141655K, committed 142784K, reserved 1179648K
  class space    used 19928K, committed 20480K, reserved 1048576K
}
Event: 240.337 GC heap before
{Heap before GC invocations=68 (full 0):
 garbage-first heap   total 442368K, used 272355K [0x0000000080000000, 0x0000000100000000)
  region size 1024K, 4 young (4096K), 3 survivors (3072K)
 Metaspace       used 141655K, committed 142784K, reserved 1179648K
  class space    used 19928K, committed 20480K, reserved 1048576K
}
Event: 240.339 GC heap after
{Heap after GC invocations=69 (full 0):
 garbage-first heap   total 442368K, used 270275K [0x0000000080000000, 0x0000000100000000)
  region size 1024K, 3 young (3072K), 3 survivors (3072K)
 Metaspace       used 141655K, committed 142784K, reserved 1179648K
  class space    used 19928K, committed 20480K, reserved 1048576K
}
Event: 244.788 GC heap before
{Heap before GC invocations=70 (full 0):
 garbage-first heap   total 467968K, used 390111K [0x0000000080000000, 0x0000000100000000)
  region size 1024K, 113 young (115712K), 3 survivors (3072K)
 Metaspace       used 141938K, committed 143040K, reserved 1179648K
  class space    used 19937K, committed 20480K, reserved 1048576K
}
Event: 244.794 GC heap after
{Heap after GC invocations=71 (full 0):
 garbage-first heap   total 467968K, used 222042K [0x0000000080000000, 0x0000000100000000)
  region size 1024K, 13 young (13312K), 13 survivors (13312K)
 Metaspace       used 141938K, committed 143040K, reserved 1179648K
  class space    used 19937K, committed 20480K, reserved 1048576K
}
Event: 244.823 GC heap before
{Heap before GC invocations=71 (full 0):
 garbage-first heap   total 467968K, used 231258K [0x0000000080000000, 0x0000000100000000)
  region size 1024K, 22 young (22528K), 13 survivors (13312K)
 Metaspace       used 141954K, committed 143040K, reserved 1179648K
  class space    used 19938K, committed 20480K, reserved 1048576K
}
Event: 244.849 GC heap after
{Heap after GC invocations=72 (full 0):
 garbage-first heap   total 467968K, used 200879K [0x0000000080000000, 0x0000000100000000)
  region size 1024K, 3 young (3072K), 3 survivors (3072K)
 Metaspace       used 141954K, committed 143040K, reserved 1179648K
  class space    used 19938K, committed 20480K, reserved 1048576K
}
Event: 288.300 GC heap before
{Heap before GC invocations=72 (full 0):
 garbage-first heap   total 467968K, used 390319K [0x0000000080000000, 0x0000000100000000)
  region size 1024K, 189 young (193536K), 3 survivors (3072K)
 Metaspace       used 142629K, committed 143872K, reserved 1179648K
  class space    used 20011K, committed 20608K, reserved 1048576K
}
Event: 288.307 GC heap after
{Heap after GC invocations=73 (full 0):
 garbage-first heap   total 467968K, used 216444K [0x0000000080000000, 0x0000000100000000)
  region size 1024K, 19 young (19456K), 19 survivors (19456K)
 Metaspace       used 142629K, committed 143872K, reserved 1179648K
  class space    used 20011K, committed 20608K, reserved 1048576K
}
Event: 289.644 GC heap before
{Heap before GC invocations=73 (full 0):
 garbage-first heap   total 467968K, used 376188K [0x0000000080000000, 0x0000000100000000)
  region size 1024K, 176 young (180224K), 19 survivors (19456K)
 Metaspace       used 142842K, committed 144128K, reserved 1179648K
  class space    used 20044K, committed 20672K, reserved 1048576K
}
Event: 289.652 GC heap after
{Heap after GC invocations=74 (full 0):
 garbage-first heap   total 467968K, used 225072K [0x0000000080000000, 0x0000000100000000)
  region size 1024K, 9 young (9216K), 9 survivors (9216K)
 Metaspace       used 142842K, committed 144128K, reserved 1179648K
  class space    used 20044K, committed 20672K, reserved 1048576K
}
Event: 291.564 GC heap before
{Heap before GC invocations=74 (full 0):
 garbage-first heap   total 467968K, used 382768K [0x0000000080000000, 0x0000000100000000)
  region size 1024K, 164 young (167936K), 9 survivors (9216K)
 Metaspace       used 143068K, committed 144384K, reserved 1179648K
  class space    used 20046K, committed 20672K, reserved 1048576K
}
Event: 291.567 GC heap after
{Heap after GC invocations=75 (full 0):
 garbage-first heap   total 467968K, used 227082K [0x0000000080000000, 0x0000000100000000)
  region size 1024K, 11 young (11264K), 11 survivors (11264K)
 Metaspace       used 143068K, committed 144384K, reserved 1179648K
  class space    used 20046K, committed 20672K, reserved 1048576K
}
Event: 317.884 GC heap before
{Heap before GC invocations=76 (full 0):
 garbage-first heap   total 467968K, used 442122K [0x0000000080000000, 0x0000000100000000)
  region size 1024K, 146 young (149504K), 11 survivors (11264K)
 Metaspace       used 143339K, committed 144640K, reserved 1179648K
  class space    used 20046K, committed 20672K, reserved 1048576K
}
Event: 317.891 GC heap after
{Heap after GC invocations=77 (full 0):
 garbage-first heap   total 467968K, used 233711K [0x0000000080000000, 0x0000000100000000)
  region size 1024K, 18 young (18432K), 18 survivors (18432K)
 Metaspace       used 143339K, committed 144640K, reserved 1179648K
  class space    used 20046K, committed 20672K, reserved 1048576K
}
Event: 317.917 GC heap before
{Heap before GC invocations=77 (full 0):
 garbage-first heap   total 467968K, used 237807K [0x0000000080000000, 0x0000000100000000)
  region size 1024K, 22 young (22528K), 18 survivors (18432K)
 Metaspace       used 143341K, committed 144640K, reserved 1179648K
  class space    used 20046K, committed 20672K, reserved 1048576K
}
Event: 317.931 GC heap after
{Heap after GC invocations=78 (full 0):
 garbage-first heap   total 467968K, used 201472K [0x0000000080000000, 0x0000000100000000)
  region size 1024K, 3 young (3072K), 3 survivors (3072K)
 Metaspace       used 143341K, committed 144640K, reserved 1179648K
  class space    used 20046K, committed 20672K, reserved 1048576K
}
Event: 318.046 GC heap before
{Heap before GC invocations=78 (full 0):
 garbage-first heap   total 467968K, used 220928K [0x0000000080000000, 0x0000000100000000)
  region size 1024K, 22 young (22528K), 3 survivors (3072K)
 Metaspace       used 143348K, committed 144640K, reserved 1179648K
  class space    used 20047K, committed 20672K, reserved 1048576K
}
Event: 318.052 GC heap after
{Heap after GC invocations=79 (full 0):
 garbage-first heap   total 467968K, used 200025K [0x0000000080000000, 0x0000000100000000)
  region size 1024K, 3 young (3072K), 3 survivors (3072K)
 Metaspace       used 143348K, committed 144640K, reserved 1179648K
  class space    used 20047K, committed 20672K, reserved 1048576K
}
Event: 320.810 GC heap before
{Heap before GC invocations=79 (full 0):
 garbage-first heap   total 467968K, used 384345K [0x0000000080000000, 0x0000000100000000)
  region size 1024K, 184 young (188416K), 3 survivors (3072K)
 Metaspace       used 143508K, committed 144768K, reserved 1179648K
  class space    used 20050K, committed 20672K, reserved 1048576K
}

Dll operation events (2 events):
Event: 0.005 Loaded shared library D:\Android\Android Studio\jbr\bin\java.dll
Event: 0.223 Loaded shared library D:\Android\Android Studio\jbr\bin\verify.dll

Deoptimization events (20 events):
Event: 318.404 Thread 0x0000023656b95a90 DEOPT PACKING pc=0x00000236400823db sp=0x000000a13bcfa4b0
Event: 318.404 Thread 0x0000023656b95a90 DEOPT UNPACKING pc=0x00000236455b7143 sp=0x000000a13bcf9ab8 mode 0
Event: 318.406 Thread 0x0000023656b95a90 DEOPT PACKING pc=0x00000236400823db sp=0x000000a13bcfa4b0
Event: 318.406 Thread 0x0000023656b95a90 DEOPT UNPACKING pc=0x00000236455b7143 sp=0x000000a13bcf9ab8 mode 0
Event: 318.409 Thread 0x0000023656b95a90 DEOPT PACKING pc=0x00000236400823db sp=0x000000a13bcfa4b0
Event: 318.409 Thread 0x0000023656b95a90 DEOPT UNPACKING pc=0x00000236455b7143 sp=0x000000a13bcf9ab8 mode 0
Event: 318.411 Thread 0x0000023656b95a90 DEOPT PACKING pc=0x00000236400823db sp=0x000000a13bcfa4b0
Event: 318.411 Thread 0x0000023656b95a90 DEOPT UNPACKING pc=0x00000236455b7143 sp=0x000000a13bcf9ab8 mode 0
Event: 320.762 Thread 0x0000023663b39620 Uncommon trap: trap_request=0xffffff45 fr.pc=0x00000236467d800c relative=0x000000000000340c
Event: 320.762 Thread 0x0000023663b39620 Uncommon trap: reason=unstable_if action=reinterpret pc=0x00000236467d800c method=com.google.common.cache.LongAdder.add(J)V @ 46 c2
Event: 320.762 Thread 0x0000023663b39620 DEOPT PACKING pc=0x00000236467d800c sp=0x000000a13f0fea00
Event: 320.762 Thread 0x0000023663b39620 DEOPT UNPACKING pc=0x00000236455b69a3 sp=0x000000a13f0fe7b0 mode 2
Event: 320.762 Thread 0x0000023663b39150 Uncommon trap: trap_request=0xffffff45 fr.pc=0x00000236469fe43c relative=0x000000000000285c
Event: 320.762 Thread 0x0000023663b39150 Uncommon trap: reason=unstable_if action=reinterpret pc=0x00000236469fe43c method=com.google.common.cache.LongAdder.add(J)V @ 72 c2
Event: 320.762 Thread 0x0000023663b39150 DEOPT PACKING pc=0x00000236469fe43c sp=0x000000a13dffe8a0
Event: 320.762 Thread 0x0000023663b39150 DEOPT UNPACKING pc=0x00000236455b69a3 sp=0x000000a13dffe6d8 mode 2
Event: 320.762 Thread 0x0000023663b39150 Uncommon trap: trap_request=0xffffff45 fr.pc=0x000002364615b1f4 relative=0x0000000000000354
Event: 320.762 Thread 0x0000023663b39150 Uncommon trap: reason=unstable_if action=reinterpret pc=0x000002364615b1f4 method=java.util.concurrent.ConcurrentLinkedQueue.offer(Ljava/lang/Object;)Z @ 42 c2
Event: 320.762 Thread 0x0000023663b39150 DEOPT PACKING pc=0x000002364615b1f4 sp=0x000000a13dffe720
Event: 320.762 Thread 0x0000023663b39150 DEOPT UNPACKING pc=0x00000236455b69a3 sp=0x000000a13dffe658 mode 2

Classes unloaded (20 events):
Event: 240.407 Thread 0x0000023656041040 Unloading class 0x0000000101312c00 'jdk/internal/reflect/GeneratedSerializationConstructorAccessor176'
Event: 240.407 Thread 0x0000023656041040 Unloading class 0x0000000101313000 'jdk/internal/reflect/GeneratedSerializationConstructorAccessor180'
Event: 240.407 Thread 0x0000023656041040 Unloading class 0x000000010115e000 'java/lang/invoke/LambdaForm$DMH+0x000000010115e000'
Event: 240.407 Thread 0x0000023656041040 Unloading class 0x000000010115dc00 'java/lang/invoke/LambdaForm$DMH+0x000000010115dc00'
Event: 240.407 Thread 0x0000023656041040 Unloading class 0x000000010115d800 'java/lang/invoke/LambdaForm$DMH+0x000000010115d800'
Event: 240.407 Thread 0x0000023656041040 Unloading class 0x000000010115d400 'java/lang/invoke/LambdaForm$DMH+0x000000010115d400'
Event: 240.407 Thread 0x0000023656041040 Unloading class 0x000000010115d000 'java/lang/invoke/LambdaForm$DMH+0x000000010115d000'
Event: 240.407 Thread 0x0000023656041040 Unloading class 0x000000010115c400 'java/lang/invoke/LambdaForm$DMH+0x000000010115c400'
Event: 240.407 Thread 0x0000023656041040 Unloading class 0x000000010115c800 'java/lang/invoke/LambdaForm$DMH+0x000000010115c800'
Event: 240.407 Thread 0x0000023656041040 Unloading class 0x000000010115cc00 'java/lang/invoke/LambdaForm$DMH+0x000000010115cc00'
Event: 291.632 Thread 0x0000023656041040 Unloading class 0x00000001013d0c00 'java/lang/invoke/LambdaForm$DMH+0x00000001013d0c00'
Event: 291.632 Thread 0x0000023656041040 Unloading class 0x00000001013d1000 'java/lang/invoke/LambdaForm$DMH+0x00000001013d1000'
Event: 291.632 Thread 0x0000023656041040 Unloading class 0x00000001013d0800 'java/lang/invoke/LambdaForm$DMH+0x00000001013d0800'
Event: 291.632 Thread 0x0000023656041040 Unloading class 0x00000001013d0000 'java/lang/invoke/LambdaForm$DMH+0x00000001013d0000'
Event: 291.632 Thread 0x0000023656041040 Unloading class 0x00000001013c4400 'java/lang/invoke/LambdaForm$DMH+0x00000001013c4400'
Event: 291.632 Thread 0x0000023656041040 Unloading class 0x00000001013c4800 'java/lang/invoke/LambdaForm$DMH+0x00000001013c4800'
Event: 291.632 Thread 0x0000023656041040 Unloading class 0x00000001013ac800 'java/lang/invoke/LambdaForm$DMH+0x00000001013ac800'
Event: 291.632 Thread 0x0000023656041040 Unloading class 0x00000001013ac400 'java/lang/invoke/LambdaForm$DMH+0x00000001013ac400'
Event: 291.632 Thread 0x0000023656041040 Unloading class 0x0000000101348c00 'java/lang/invoke/LambdaForm$DMH+0x0000000101348c00'
Event: 291.632 Thread 0x0000023656041040 Unloading class 0x0000000101348000 'java/lang/invoke/LambdaForm$DMH+0x0000000101348000'

Classes redefined (0 events):
No events

Internal exceptions (20 events):
Event: 291.928 Thread 0x0000023663a95710 Exception <a 'sun/nio/fs/WindowsException'{0x000000009935c788}> (0x000000009935c788) 
thrown [s\src\hotspot\share\prims\jni.cpp, line 517]
Event: 291.930 Thread 0x00000236568b0920 Exception <a 'sun/nio/fs/WindowsException'{0x00000000993d0b60}> (0x00000000993d0b60) 
thrown [s\src\hotspot\share\prims\jni.cpp, line 517]
Event: 291.948 Thread 0x0000023663a95710 Implicit null exception at 0x00000236467363a5 to 0x00000236467368dc
Event: 317.678 Thread 0x0000023663a95710 Exception <a 'sun/nio/fs/WindowsException'{0x000000009647be68}> (0x000000009647be68) 
thrown [s\src\hotspot\share\prims\jni.cpp, line 517]
Event: 317.784 Thread 0x0000023663a95710 Exception <a 'sun/nio/fs/WindowsException'{0x00000000950e0528}> (0x00000000950e0528) 
thrown [s\src\hotspot\share\prims\jni.cpp, line 517]
Event: 317.788 Thread 0x0000023663a95710 Exception <a 'sun/nio/fs/WindowsException'{0x0000000094f77730}> (0x0000000094f77730) 
thrown [s\src\hotspot\share\prims\jni.cpp, line 517]
Event: 317.788 Thread 0x0000023663a95710 Exception <a 'sun/nio/fs/WindowsException'{0x0000000094f78d60}> (0x0000000094f78d60) 
thrown [s\src\hotspot\share\prims\jni.cpp, line 517]
Event: 317.788 Thread 0x0000023663a95710 Exception <a 'sun/nio/fs/WindowsException'{0x0000000094f7a3e0}> (0x0000000094f7a3e0) 
thrown [s\src\hotspot\share\prims\jni.cpp, line 517]
Event: 317.788 Thread 0x0000023663a95710 Exception <a 'sun/nio/fs/WindowsException'{0x0000000094f7ba60}> (0x0000000094f7ba60) 
thrown [s\src\hotspot\share\prims\jni.cpp, line 517]
Event: 317.821 Thread 0x0000023663a95710 Exception <a 'sun/nio/fs/WindowsException'{0x0000000094a1d130}> (0x0000000094a1d130) 
thrown [s\src\hotspot\share\prims\jni.cpp, line 517]
Event: 317.836 Thread 0x0000023656b95a90 Exception <a 'sun/nio/fs/WindowsException'{0x0000000094add660}> (0x0000000094add660) 
thrown [s\src\hotspot\share\prims\jni.cpp, line 517]
Event: 318.422 Thread 0x0000023657615360 Exception <a 'java/lang/InterruptedException'{0x00000000962625b8}> (0x00000000962625b8) 
thrown [s\src\hotspot\share\runtime\objectMonitor.cpp, line 1648]
Event: 318.427 Thread 0x0000023665e472b0 Exception <a 'sun/nio/fs/WindowsException'{0x00000000961ef2c8}> (0x00000000961ef2c8) 
thrown [s\src\hotspot\share\prims\jni.cpp, line 517]
Event: 319.205 Thread 0x0000023657617510 Exception <a 'java/lang/InterruptedException'{0x0000000092de11a8}> (0x0000000092de11a8) 
thrown [s\src\hotspot\share\runtime\objectMonitor.cpp, line 1648]
Event: 320.762 Thread 0x0000023663b39620 Implicit null exception at 0x00000236467d59ea to 0x00000236467d7fb4
Event: 320.762 Thread 0x0000023663b39150 Implicit null exception at 0x00000236469fc8df to 0x00000236469fe3f0
Event: 320.797 Thread 0x0000023656b95a90 Exception <a 'sun/nio/fs/WindowsException'{0x000000009190dfe0}> (0x000000009190dfe0) 
thrown [s\src\hotspot\share\prims\jni.cpp, line 517]
Event: 320.798 Thread 0x0000023656b95a90 Exception <a 'sun/nio/fs/WindowsException'{0x0000000091915060}> (0x0000000091915060) 
thrown [s\src\hotspot\share\prims\jni.cpp, line 517]
Event: 320.806 Thread 0x0000023656b95a90 Exception <a 'sun/nio/fs/WindowsException'{0x00000000917390f0}> (0x00000000917390f0) 
thrown [s\src\hotspot\share\prims\jni.cpp, line 517]
Event: 320.806 Thread 0x0000023656b95a90 Exception <a 'sun/nio/fs/WindowsException'{0x000000009173a4a8}> (0x000000009173a4a8) 
thrown [s\src\hotspot\share\prims\jni.cpp, line 517]

VM Operations (20 events):
Event: 305.680 Executing VM operation: Cleanup done
Event: 317.687 Executing VM operation: Cleanup
Event: 317.687 Executing VM operation: Cleanup done
Event: 317.884 Executing VM operation: G1CollectForAllocation
Event: 317.891 Executing VM operation: G1CollectForAllocation done
Event: 317.917 Executing VM operation: G1CollectForAllocation
Event: 317.931 Executing VM operation: G1CollectForAllocation done
Event: 318.046 Executing VM operation: G1CollectForAllocation
Event: 318.052 Executing VM operation: G1CollectForAllocation done
Event: 319.028 Executing VM operation: HandshakeAllThreads
Event: 319.028 Executing VM operation: HandshakeAllThreads done
Event: 319.057 Executing VM operation: ICBufferFull
Event: 319.058 Executing VM operation: ICBufferFull done
Event: 319.172 Executing VM operation: HandshakeAllThreads
Event: 319.173 Executing VM operation: HandshakeAllThreads done
Event: 319.241 Executing VM operation: HandshakeAllThreads
Event: 319.242 Executing VM operation: HandshakeAllThreads done
Event: 320.242 Executing VM operation: Cleanup
Event: 320.242 Executing VM operation: Cleanup done
Event: 320.809 Executing VM operation: G1CollectForAllocation

Events (20 events):
Event: 320.761 Thread 0x0000023663b3b300 Thread added: 0x0000023663b3b300
Event: 320.761 Thread 0x0000023663b39150 Thread added: 0x0000023663b39150
Event: 320.761 Thread 0x0000023663b3bca0 Thread added: 0x0000023663b3bca0
Event: 320.761 Thread 0x0000023663b3ae30 Thread added: 0x0000023663b3ae30
Event: 320.761 Thread 0x0000023663b3a490 Thread added: 0x0000023663b3a490
Event: 320.761 Thread 0x0000023663b3c170 Thread added: 0x0000023663b3c170
Event: 320.761 Thread 0x0000023663b39af0 Thread added: 0x0000023663b39af0
Event: 320.761 Thread 0x0000023663b39620 Thread added: 0x0000023663b39620
Event: 320.761 Thread 0x0000023663b3a960 Thread added: 0x0000023663b3a960
Event: 320.761 Thread 0x0000023663b3c640 Thread added: 0x0000023663b3c640
Event: 320.807 Thread 0x000002365f450a20 Thread added: 0x000002365f450a20
Event: 320.807 Thread 0x000002365f44f210 Thread added: 0x000002365f44f210
Event: 320.807 Thread 0x000002365cf2c8e0 Thread added: 0x000002365cf2c8e0
Event: 320.808 Thread 0x000002365cf2d750 Thread added: 0x000002365cf2d750
Event: 320.808 Thread 0x00000236655f4090 Thread added: 0x00000236655f4090
Event: 320.808 Thread 0x00000236655f53d0 Thread added: 0x00000236655f53d0
Event: 320.808 Thread 0x00000236655f23b0 Thread added: 0x00000236655f23b0
Event: 320.808 Thread 0x000002365f44f6e0 Thread added: 0x000002365f44f6e0
Event: 320.809 Thread 0x000002365f44e3a0 Thread added: 0x000002365f44e3a0
Event: 320.809 Thread 0x000002365f44e870 Thread added: 0x000002365f44e870


Dynamic libraries:
0x00007ff6381b0000 - 0x00007ff6381ba000 	D:\Android\Android Studio\jbr\bin\java.exe
0x00007ffa51450000 - 0x00007ffa51667000 	C:\WINDOWS\SYSTEM32\ntdll.dll
0x00007ffa4f760000 - 0x00007ffa4f824000 	C:\WINDOWS\System32\KERNEL32.DLL
0x00007ffa4ea70000 - 0x00007ffa4ee17000 	C:\WINDOWS\System32\KERNELBASE.dll
0x00007ffa4f030000 - 0x00007ffa4f141000 	C:\WINDOWS\System32\ucrtbase.dll
0x00007ffa31bc0000 - 0x00007ffa31bd7000 	D:\Android\Android Studio\jbr\bin\jli.dll
0x00007ffa1dc00000 - 0x00007ffa1dc1b000 	D:\Android\Android Studio\jbr\bin\VCRUNTIME140.dll
0x00007ffa50010000 - 0x00007ffa501be000 	C:\WINDOWS\System32\USER32.dll
0x00007ffa4e9d0000 - 0x00007ffa4e9f6000 	C:\WINDOWS\System32\win32u.dll
0x00007ffa3d2f0000 - 0x00007ffa3d583000 	C:\WINDOWS\WinSxS\amd64_microsoft.windows.common-controls_6595b64144ccf1df_6.0.22621.3527_none_270e469b73872a76\COMCTL32.dll
0x00007ffa4ffe0000 - 0x00007ffa50009000 	C:\WINDOWS\System32\GDI32.dll
0x00007ffa4f480000 - 0x00007ffa4f527000 	C:\WINDOWS\System32\msvcrt.dll
0x00007ffa4e770000 - 0x00007ffa4e889000 	C:\WINDOWS\System32\gdi32full.dll
0x00007ffa4ee20000 - 0x00007ffa4eeba000 	C:\WINDOWS\System32\msvcp_win.dll
0x00007ffa4f720000 - 0x00007ffa4f751000 	C:\WINDOWS\System32\IMM32.DLL
0x00007ffa2e330000 - 0x00007ffa2e33c000 	D:\Android\Android Studio\jbr\bin\vcruntime140_1.dll
0x00007ff9fdd60000 - 0x00007ff9fdded000 	D:\Android\Android Studio\jbr\bin\msvcp140.dll
0x00007ff9a7e40000 - 0x00007ff9a8aae000 	D:\Android\Android Studio\jbr\bin\server\jvm.dll
0x00007ffa50e40000 - 0x00007ffa50ef2000 	C:\WINDOWS\System32\ADVAPI32.dll
0x00007ffa4fb60000 - 0x00007ffa4fc08000 	C:\WINDOWS\System32\sechost.dll
0x00007ffa4f150000 - 0x00007ffa4f178000 	C:\WINDOWS\System32\bcrypt.dll
0x00007ffa4f970000 - 0x00007ffa4fa85000 	C:\WINDOWS\System32\RPCRT4.dll
0x00007ffa47be0000 - 0x00007ffa47c14000 	C:\WINDOWS\SYSTEM32\WINMM.dll
0x00007ffa49d20000 - 0x00007ffa49d29000 	C:\WINDOWS\SYSTEM32\WSOCK32.dll
0x00007ffa47320000 - 0x00007ffa4732a000 	C:\WINDOWS\SYSTEM32\VERSION.dll
0x00007ffa4ff60000 - 0x00007ffa4ffd1000 	C:\WINDOWS\System32\WS2_32.dll
0x00007ffa4d790000 - 0x00007ffa4d7a8000 	C:\WINDOWS\SYSTEM32\kernel.appcore.dll
0x00007ffa49cb0000 - 0x00007ffa49cba000 	D:\Android\Android Studio\jbr\bin\jimage.dll
0x00007ffa464b0000 - 0x00007ffa466e2000 	C:\WINDOWS\SYSTEM32\DBGHELP.DLL
0x00007ffa50250000 - 0x00007ffa505d8000 	C:\WINDOWS\System32\combase.dll
0x00007ffa4f890000 - 0x00007ffa4f967000 	C:\WINDOWS\System32\OLEAUT32.dll
0x00007ffa3af90000 - 0x00007ffa3afc2000 	C:\WINDOWS\SYSTEM32\dbgcore.DLL
0x00007ffa4e890000 - 0x00007ffa4e909000 	C:\WINDOWS\System32\bcryptPrimitives.dll
0x00007ffa18c70000 - 0x00007ffa18c95000 	D:\Android\Android Studio\jbr\bin\java.dll
0x00007ffa3af70000 - 0x00007ffa3af88000 	D:\Android\Android Studio\jbr\bin\zip.dll
0x00007ffa505e0000 - 0x00007ffa50e3c000 	C:\WINDOWS\System32\SHELL32.dll
0x00007ffa4c6b0000 - 0x00007ffa4cfa6000 	C:\WINDOWS\SYSTEM32\windows.storage.dll
0x00007ffa4c570000 - 0x00007ffa4c6ae000 	C:\WINDOWS\SYSTEM32\wintypes.dll
0x00007ffa4f180000 - 0x00007ffa4f275000 	C:\WINDOWS\System32\SHCORE.dll
0x00007ffa4fb00000 - 0x00007ffa4fb5e000 	C:\WINDOWS\System32\shlwapi.dll
0x00007ffa4e6a0000 - 0x00007ffa4e6c1000 	C:\WINDOWS\SYSTEM32\profapi.dll
0x00007ffa3adf0000 - 0x00007ffa3ae09000 	D:\Android\Android Studio\jbr\bin\net.dll
0x00007ffa48f20000 - 0x00007ffa49056000 	C:\WINDOWS\SYSTEM32\WINHTTP.dll
0x00007ffa4dc00000 - 0x00007ffa4dc69000 	C:\WINDOWS\system32\mswsock.dll
0x00007ffa379a0000 - 0x00007ffa379b6000 	D:\Android\Android Studio\jbr\bin\nio.dll
0x00007ffa491c0000 - 0x00007ffa491d0000 	D:\Android\Android Studio\jbr\bin\verify.dll
0x00007ffa16070000 - 0x00007ffa16097000 	C:\Users\liubov\.gradle\native\68d5fa5c4cc2d200863cafc0d521ce42e7d3e7ee720ec0a83991735586a16f82\windows-amd64\native-platform.dll
0x00007ffa067e0000 - 0x00007ffa06924000 	C:\Users\liubov\.gradle\native\e376f236ea51e6404a007f0833ffe2c6e607c4080706a723a18a27aeea778392\windows-amd64\native-platform-file-events.dll
0x00007ffa3e2d0000 - 0x00007ffa3e2d9000 	D:\Android\Android Studio\jbr\bin\management.dll
0x00007ffa3d9b0000 - 0x00007ffa3d9bb000 	D:\Android\Android Studio\jbr\bin\management_ext.dll
0x00007ffa50f80000 - 0x00007ffa50f88000 	C:\WINDOWS\System32\PSAPI.DLL
0x00007ffa4de60000 - 0x00007ffa4de7b000 	C:\WINDOWS\SYSTEM32\CRYPTSP.dll
0x00007ffa4d6f0000 - 0x00007ffa4d725000 	C:\WINDOWS\system32\rsaenh.dll
0x00007ffa4dd00000 - 0x00007ffa4dd28000 	C:\WINDOWS\SYSTEM32\USERENV.dll
0x00007ffa4de80000 - 0x00007ffa4de8c000 	C:\WINDOWS\SYSTEM32\CRYPTBASE.dll
0x00007ffa4d210000 - 0x00007ffa4d23d000 	C:\WINDOWS\SYSTEM32\IPHLPAPI.DLL
0x00007ffa4fd90000 - 0x00007ffa4fd99000 	C:\WINDOWS\System32\NSI.dll
0x00007ffa489a0000 - 0x00007ffa489b9000 	C:\WINDOWS\SYSTEM32\dhcpcsvc6.DLL
0x00007ffa48590000 - 0x00007ffa485af000 	C:\WINDOWS\SYSTEM32\dhcpcsvc.DLL
0x00007ffa4d240000 - 0x00007ffa4d338000 	C:\WINDOWS\SYSTEM32\DNSAPI.dll
0x00007ffa381d0000 - 0x00007ffa381d8000 	C:\WINDOWS\system32\wshunix.dll
0x00007ffa49c80000 - 0x00007ffa49c97000 	C:\WINDOWS\system32\napinsp.dll
0x00007ffa49b70000 - 0x00007ffa49b8b000 	C:\WINDOWS\system32\pnrpnsp.dll
0x00007ffa47c30000 - 0x00007ffa47c41000 	C:\WINDOWS\System32\winrnr.dll
0x00007ffa2f830000 - 0x00007ffa2f845000 	C:\WINDOWS\system32\wshbth.dll
0x00007ffa3d970000 - 0x00007ffa3d997000 	C:\WINDOWS\system32\nlansp_c.dll
0x00007ffa47740000 - 0x00007ffa4774a000 	C:\Windows\System32\rasadhlp.dll
0x00007ffa47880000 - 0x00007ffa47903000 	C:\WINDOWS\System32\fwpuclnt.dll
0x00007ffa31df0000 - 0x00007ffa31df7000 	D:\Android\Android Studio\jbr\bin\rmi.dll

dbghelp: loaded successfully - version: 4.0.5 - missing functions: none
symbol engine: initialized successfully - sym options: 0x614 - pdb path: .;D:\Android\Android Studio\jbr\bin;C:\WINDOWS\SYSTEM32;C:\WINDOWS\WinSxS\amd64_microsoft.windows.common-controls_6595b64144ccf1df_6.0.22621.3527_none_270e469b73872a76;D:\Android\Android Studio\jbr\bin\server;C:\Users\liubov\.gradle\native\68d5fa5c4cc2d200863cafc0d521ce42e7d3e7ee720ec0a83991735586a16f82\windows-amd64;C:\Users\liubov\.gradle\native\e376f236ea51e6404a007f0833ffe2c6e607c4080706a723a18a27aeea778392\windows-amd64

VM Arguments:
jvm_args: --add-opens=java.base/java.util=ALL-UNNAMED --add-opens=java.base/java.lang=ALL-UNNAMED --add-opens=java.base/java.lang.invoke=ALL-UNNAMED --add-opens=java.prefs/java.util.prefs=ALL-UNNAMED --add-opens=java.base/java.nio.charset=ALL-UNNAMED --add-opens=java.base/java.net=ALL-UNNAMED --add-opens=java.base/java.util.concurrent.atomic=ALL-UNNAMED -Xmx2048m -Dfile.encoding=UTF-8 -Duser.country=UA -Duser.language=uk -Duser.variant 
java_command: org.gradle.launcher.daemon.bootstrap.GradleDaemon 8.0
java_class_path (initial): C:\Users\liubov\.gradle\wrapper\dists\gradle-8.0-bin\ca5e32bp14vu59qr306oxotwh\gradle-8.0\lib\gradle-launcher-8.0.jar
Launcher Type: SUN_STANDARD

[Global flags]
     intx CICompilerCount                          = 12                                        {product} {ergonomic}
     uint ConcGCThreads                            = 3                                         {product} {ergonomic}
     uint G1ConcRefinementThreads                  = 13                                        {product} {ergonomic}
   size_t G1HeapRegionSize                         = 1048576                                   {product} {ergonomic}
    uintx GCDrainStackTargetSize                   = 64                                        {product} {ergonomic}
   size_t InitialHeapSize                          = 255852544                                 {product} {ergonomic}
   size_t MarkStackSize                            = 4194304                                   {product} {ergonomic}
   size_t MaxHeapSize                              = 2147483648                                {product} {command line}
   size_t MaxNewSize                               = 1287651328                                {product} {ergonomic}
   size_t MinHeapDeltaBytes                        = 1048576                                   {product} {ergonomic}
   size_t MinHeapSize                              = 8388608                                   {product} {ergonomic}
    uintx NonNMethodCodeHeapSize                   = 7602480                                {pd product} {ergonomic}
    uintx NonProfiledCodeHeapSize                  = 122027880                              {pd product} {ergonomic}
    uintx ProfiledCodeHeapSize                     = 122027880                              {pd product} {ergonomic}
    uintx ReservedCodeCacheSize                    = 251658240                              {pd product} {ergonomic}
     bool SegmentedCodeCache                       = true                                      {product} {ergonomic}
   size_t SoftMaxHeapSize                          = 2147483648                             {manageable} {ergonomic}
     bool UseCompressedClassPointers               = true                           {product lp64_product} {ergonomic}
     bool UseCompressedOops                        = true                           {product lp64_product} {ergonomic}
     bool UseG1GC                                  = true                                      {product} {ergonomic}
     bool UseLargePagesIndividualAllocation        = false                                  {pd product} {ergonomic}

Logging:
Log output configuration:
 #0: stdout all=warning uptime,level,tags
 #1: stderr all=off uptime,level,tags

Environment Variables:
PATH=D:\VMware\bin\;C:\Program Files\NVIDIA GPU Computing Toolkit\CUDA\v12.4\bin;C:\Program Files\NVIDIA GPU Computing Toolkit\CUDA\v12.4\libnvvp;C:\Program Files\Common Files\Oracle\Java\javapath;C:\WINDOWS\system32;C:\WINDOWS;C:\WINDOWS\System32\Wbem;C:\WINDOWS\System32\WindowsPowerShell\v1.0\;C:\WINDOWS\System32\OpenSSH\;C:\Program Files (x86)\NVIDIA Corporation\PhysX\Common;C:\Program Files\NVIDIA Corporation\NVIDIA NvDLISR;C:\Program Files\Git\cmd;C:\Program Files (x86)\Windows Kits\10\Windows Performance Toolkit\;D:\nodejs\;D:\opencv\opencv\build\x64\vc16\bin\;C:\Program Files\Amazon\AWSCLIV2\;C:\Program Files\NVIDIA Corporation\Nsight Compute 2024.1.0\;C:\Program Files\NVIDIA GPU Computing Toolkit\CUDA\v12.4\bin\\..\extras\CUPTI\lib64;C:\Program Files\Microsoft SDKs\Azure\CLI2\wbin;C:\Program Files\NVIDIA GPU Computing Toolkit\CUDA\v12.4\bin;C:\Program Files\NVIDIA GPU Computing Toolkit\CUDA\v12.4\libnvvp;C:\Program Files\Common Files\Oracle\Java\javapath;C:\WINDOWS\system32;C:\WINDOWS;C:\WINDOWS\System32\Wbem;C:\WINDOWS\System32\WindowsPowerShell\v1.0\;C:\WINDOWS\System32\OpenSSH\;C:\Program Files (x86)\NVIDIA Corporation\PhysX\Common;C:\Program Files\NVIDIA Corporation\NVIDIA NvDLISR;C:\Program Files\Git\cmd;C:\Program Files (x86)\Windows Kits\10\Windows Performance Toolkit\;D:\nodejs\;D:\opencv\opencv\build\x64\vc16\bin\;C:\Program Files\Amazon\AWSCLIV2\;C:\Program Files\NVIDIA Corporation\Nsight Compute 2024.1.0\;C:\Program Files\NVIDIA GPU Computing Toolkit\CUDA\v12.4\bin\\..\extras\CUPTI\lib64;C:\Program Files\NVIDIA GPU Computing Toolkit\CUDA\v12.4\bin;C:\Program Files\NVIDIA GPU Computing Toolkit\CUDA\v12.4\libnvvp;C:\Program Files\Common Files\Orac;D:\Microsoft\Microsoft VS Code\bin
USERNAME=liubov
OS=Windows_NT
PROCESSOR_IDENTIFIER=AMD64 Family 25 Model 68 Stepping 1, AuthenticAMD
TMP=C:\Users\liubov\AppData\Local\Temp
TEMP=C:\Users\liubov\AppData\Local\Temp


JNI global refs:
JNI global refs: 39, weak refs: 25

JNI global refs memory usage: 843, weak refs: 841


---------------  S Y S T E M  ---------------

OS:
 Windows 11 , 64 bit Build 22621 (10.0.22621.3527)
OS uptime: 3 days 13:58 hours

CPU: total 16 (initial active 16) (16 cores per cpu, 2 threads per core) family 25 model 68 stepping 1 microcode 0x0, cx8, cmov, fxsr, ht, mmx, 3dnowpref, sse, sse2, sse3, ssse3, sse4a, sse4.1, sse4.2, popcnt, lzcnt, tsc, tscinvbit, avx, avx2, aes, erms, clmul, bmi1, bmi2, adx, sha, fma, vzeroupper, clflush, clflushopt

Memory: 4k page, system-wide physical 15557M (489M free)
TotalPageFile size 32097M (AvailPageFile size 296M)
current process WorkingSet (physical memory assigned to process): 822M, peak: 824M
current process commit charge ("private bytes"): 937M, peak: 1464M

vm_info: OpenJDK 64-Bit Server VM (17.0.6+0-b2043.56-10027231) for windows-amd64 JRE (17.0.6+0-b2043.56-10027231), built on Apr 28 2023 00:43:19 by "androidbuild" with MS VC++ 16.10 / 16.11 (VS2019)

END.
