#
# There is insufficient memory for the Java Runtime Environment to continue.
# Native memory allocation (mmap) failed to map 500170752 bytes for G1 virtual space
# Possible reasons:
#   The system is out of physical RAM or swap space
#   The process is running with CompressedOops enabled, and the Java Heap may be blocking the growth of the native heap
# Possible solutions:
#   Reduce memory load on the system
#   Increase physical memory or swap space
#   Check if swap backing store is full
#   Decrease Java heap size (-Xmx/-Xms)
#   Decrease number of Java threads
#   Decrease Java thread stack sizes (-Xss)
#   Set larger code cache with -XX:ReservedCodeCacheSize=
#   JVM is running with Unscaled Compressed Oops mode in which the Java heap is
#     placed in the first 4GB address space. The Java Heap base address is the
#     maximum limit for the native heap growth. Please use -XX:HeapBaseMinAddress
#     to set the Java Heap base and to place the Java Heap above 4GB virtual address.
# This output file may be truncated or incomplete.
#
#  Out of Memory Error (os_windows.cpp:3769), pid=218324, tid=259128
#
# JRE version: OpenJDK Runtime Environment (17.0.6) (build 17.0.6+0-b2043.56-10027231)
# Java VM: OpenJDK 64-Bit Server VM (17.0.6+0-b2043.56-10027231, mixed mode, tiered, compressed oops, compressed class ptrs, g1 gc, windows-amd64)
# No core dump will be written. Minidumps are not enabled by default on client versions of Windows
#

---------------  S U M M A R Y ------------

Command Line: --add-opens=java.base/java.util=ALL-UNNAMED --add-opens=java.base/java.lang=ALL-UNNAMED --add-opens=java.base/java.lang.invoke=ALL-UNNAMED --add-opens=java.prefs/java.util.prefs=ALL-UNNAMED --add-opens=java.base/java.nio.charset=ALL-UNNAMED --add-opens=java.base/java.net=ALL-UNNAMED --add-opens=java.base/java.util.concurrent.atomic=ALL-UNNAMED -Xmx2048m -Dfile.encoding=UTF-8 -Duser.country=UA -Duser.language=uk -Duser.variant org.gradle.launcher.daemon.bootstrap.GradleDaemon 8.0

Host: AMD Ryzen 7 6800H with Radeon Graphics         , 16 cores, 15G,  Windows 11 , 64 bit Build 22621 (10.0.22621.3085)
Time: Sat Mar  9 13:12:13 2024  Windows 11 , 64 bit Build 22621 (10.0.22621.3085) elapsed time: 14539.227178 seconds (0d 4h 2m 19s)

---------------  T H R E A D  ---------------

Current thread (0x0000026aa3b80960):  VMThread "VM Thread" [stack: 0x000000bace300000,0x000000bace400000] [id=259128]

Stack: [0x000000bace300000,0x000000bace400000]
Native frames: (J=compiled Java code, j=interpreted, Vv=VM code, C=native code)
V  [jvm.dll+0x683c9a]
V  [jvm.dll+0x8427a4]
V  [jvm.dll+0x843f9e]
V  [jvm.dll+0x844603]
V  [jvm.dll+0x249b75]
V  [jvm.dll+0x680b69]
V  [jvm.dll+0x67505a]
V  [jvm.dll+0x309acb]
V  [jvm.dll+0x310f86]
V  [jvm.dll+0x3608ee]
V  [jvm.dll+0x360b1f]
V  [jvm.dll+0x2dfbf8]
V  [jvm.dll+0x2ddec4]
V  [jvm.dll+0x2dd4cc]
V  [jvm.dll+0x321f3b]
V  [jvm.dll+0x848ccb]
V  [jvm.dll+0x849a04]
V  [jvm.dll+0x849f1d]
V  [jvm.dll+0x84a2f4]
V  [jvm.dll+0x84a3c0]
V  [jvm.dll+0x7f274a]
V  [jvm.dll+0x682ad5]
C  [ucrtbase.dll+0x29363]
C  [KERNEL32.DLL+0x1257d]
C  [ntdll.dll+0x5aa58]

VM_Operation (0x000000bae1ffc520): G1CollectForAllocation, mode: safepoint, requested by thread 0x0000026ab0161480


---------------  P R O C E S S  ---------------

Threads class SMR info:
_java_thread_list=0x0000026ab4d19f30, length=307, elements={
0x0000026a8919d440, 0x0000026aa4441b10, 0x0000026aa4442980, 0x0000026aa4495f90,
0x0000026aa4496b40, 0x0000026aa4499600, 0x0000026aa4499fb0, 0x0000026aa449ad40,
0x0000026aa449c7f0, 0x0000026aa44ba150, 0x0000026aa46387e0, 0x0000026aa4638cb0,
0x0000026aa5f86930, 0x0000026aa604e910, 0x0000026aa7154aa0, 0x0000026aa553d1d0,
0x0000026aa553cd00, 0x0000026aa553c830, 0x0000026aa553e510, 0x0000026aa553d6a0,
0x0000026aa553eeb0, 0x0000026aa88724f0, 0x0000026aa8873360, 0x0000026aa88729c0,
0x0000026aa88741d0, 0x0000026aa8877b90, 0x0000026aa88759e0, 0x0000026aa8872e90,
0x0000026aa972f3e0, 0x0000026aa9731a60, 0x0000026aa972cd60, 0x0000026aa9730720,
0x0000026aa972b550, 0x0000026aa972f8b0, 0x0000026aa972a210, 0x0000026aa972c3c0,
0x0000026aa972dbd0, 0x0000026aa972fd80, 0x0000026aa9730250, 0x0000026aa9731590,
0x0000026aa95aba00, 0x0000026aafbbd0c0, 0x0000026aa4bb91b0, 0x0000026aa4bb8ce0,
0x0000026aa4bba4f0, 0x0000026aa4bb9b50, 0x0000026aa52bd4b0, 0x0000026aa798aab0,
0x0000026ab5aa13b0, 0x0000026aa7991e30, 0x0000026aa559e450, 0x0000026ab45ff310,
0x0000026aa559f2c0, 0x0000026ab24ab510, 0x0000026aaddc03a0, 0x0000026aafbbdf30,
0x0000026aac4a09f0, 0x0000026aa8d03580, 0x0000026aa78cb370, 0x0000026ab4b2b560,
0x0000026aa954b7c0, 0x0000026aa9498040, 0x0000026aa954de40, 0x0000026aa9495e90,
0x0000026aaddbf530, 0x0000026aaddc0870, 0x0000026aaddbfed0, 0x0000026aaddc16e0,
0x0000026aaddc1bb0, 0x0000026aaddc2080, 0x0000026aaddc1210, 0x0000026aaddbfa00,
0x0000026aaddc0d40, 0x0000026aaddc2550, 0x0000026aaddc2a20, 0x0000026aaddbf060,
0x0000026aa559edf0, 0x0000026aa559bdd0, 0x0000026aa78caea0, 0x0000026aa9497b70,
0x0000026aa94959c0, 0x0000026aa9498eb0, 0x0000026ab403d700, 0x0000026ab403c890,
0x0000026ab403e0a0, 0x0000026ab403e570, 0x0000026ab24ae530, 0x0000026ab0355750,
0x0000026aa9496830, 0x0000026aa9496d00, 0x0000026ab03548e0, 0x0000026ab0354db0,
0x0000026ab0355c20, 0x0000026ab03560f0, 0x0000026ab03565c0, 0x0000026ab0352c00,
0x0000026ab0353f40, 0x0000026ab03530d0, 0x0000026ab0353a70, 0x0000026ab4b2a6f0,
0x0000026ab4b28540, 0x0000026ab4b2ba30, 0x0000026ab4b28ee0, 0x0000026ab4b28a10,
0x0000026ab4b29880, 0x0000026ab4b2abc0, 0x0000026ab4b2a220, 0x0000026ab4b2b090,
0x0000026ab0151e00, 0x0000026ab01527a0, 0x0000026ab01522d0, 0x0000026ab0150f90,
0x0000026ab0151460, 0x0000026aa52bbca0, 0x0000026aa52bcb10, 0x0000026aa8909f10,
0x0000026aa8908700, 0x0000026aadd18350, 0x0000026aadd174e0, 0x0000026aadd14e60,
0x0000026aadd15330, 0x0000026aadd161a0, 0x0000026aadd15800, 0x0000026aadd179b0,
0x0000026aadd14990, 0x0000026aadd15cd0, 0x0000026aadd16670, 0x0000026ab223c510,
0x0000026ab223a830, 0x0000026ab223c9e0, 0x0000026ab223dd20, 0x0000026ab223b6a0,
0x0000026ab223d850, 0x0000026ab223d380, 0x0000026ab223e1f0, 0x0000026ab223ceb0,
0x0000026ab223ad00, 0x0000026ab223b1d0, 0x0000026aa5f39f60, 0x0000026aa5f3a430,
0x0000026ab2500b60, 0x0000026ab2500690, 0x0000026ab24ff350, 0x0000026ab24ffcf0,
0x0000026ab24fe9b0, 0x0000026aac4a3070, 0x0000026aac4a3a10, 0x0000026ab0484ee0,
0x0000026ab04853b0, 0x0000026ab0484540, 0x0000026ab24ac850, 0x0000026ab24a9360,
0x0000026ab24a71b0, 0x0000026ab24aea00, 0x0000026ab24a89c0, 0x0000026ab24a8020,
0x0000026ab24a8e90, 0x0000026ab24a84f0, 0x0000026ab24a7680, 0x0000026ab24a7b50,
0x0000026ab24a9830, 0x0000026ab24a9d00, 0x0000026ab24ac380, 0x0000026ab24aa1d0,
0x0000026ab24aa6a0, 0x0000026ab24aab70, 0x0000026aa9498510, 0x0000026aa9496360,
0x0000026aa94971d0, 0x0000026aa94976a0, 0x0000026ab24ab040, 0x0000026ab24ad1f0,
0x0000026ab24ab9e0, 0x0000026ab24abeb0, 0x0000026ab24acd20, 0x0000026ab00494e0,
0x0000026ab00499b0, 0x0000026ab0049e80, 0x0000026ab004acf0, 0x0000026ab004b1c0,
0x0000026ab004a820, 0x0000026ab004b690, 0x0000026ab004bb60, 0x0000026ab004c030,
0x0000026ab004c500, 0x0000026ab004c9d0, 0x0000026ab02d9f70, 0x0000026ab02d95d0,
0x0000026ab02da440, 0x0000026ab02d78f0, 0x0000026ab02d7420, 0x0000026ab02d7dc0,
0x0000026ab02d8290, 0x0000026ab02d9aa0, 0x0000026ab02d8760, 0x0000026ab02d9100,
0x0000026ab02d8c30, 0x0000026ab02d6f50, 0x0000026ab02da910, 0x0000026ab0736040,
0x0000026ab0734360, 0x0000026ab0732680, 0x0000026ab0735b70, 0x0000026ab0734830,
0x0000026ab07339c0, 0x0000026ab0734d00, 0x0000026ab0732b50, 0x0000026ab0733020,
0x0000026ab07334f0, 0x0000026ab07351d0, 0x0000026ab07356a0, 0x0000026ab0733e90,
0x0000026ab2c7adb0, 0x0000026ab2c7e770, 0x0000026ab2c7c5c0, 0x0000026ab2c7ca90,
0x0000026ab2c7cf60, 0x0000026ab2c7ddd0, 0x0000026ab2c7d430, 0x0000026ab2c7b280,
0x0000026ab2c7b750, 0x0000026ab2c7d900, 0x0000026ab2c7bc20, 0x0000026ab2c7c0f0,
0x0000026ab2c7e2a0, 0x0000026aac0a5d50, 0x0000026aac0a7a30, 0x0000026aac0a4070,
0x0000026aac0a5880, 0x0000026aac0a6bc0, 0x0000026aac0a4ee0, 0x0000026aac0a53b0,
0x0000026aac0a4540, 0x0000026aac0a4a10, 0x0000026aac0a7090, 0x0000026aac0a6220,
0x0000026aac0a66f0, 0x0000026aac0a7560, 0x0000026ab24f5300, 0x0000026ab24f6640,
0x0000026ab24f4e30, 0x0000026ab24f6170, 0x0000026aa78cc1e0, 0x0000026aa78cc6b0,
0x0000026aa78ccb80, 0x0000026aa78cd050, 0x0000026aa78cd520, 0x0000026aa78ce390,
0x0000026aa8909570, 0x0000026ab403ea40, 0x0000026ab403f8b0, 0x0000026ab403ef10,
0x0000026ab403f3e0, 0x0000026ab403d230, 0x0000026ab403c3c0, 0x0000026ab403bef0,
0x0000026ab403cd60, 0x0000026aa92a1de0, 0x0000026aa929f760, 0x0000026aa92a05d0,
0x0000026aa92a22b0, 0x0000026aa92a0100, 0x0000026aa92a0aa0, 0x0000026aa92a1440,
0x0000026aa929fc30, 0x0000026ab03b96f0, 0x0000026ab03b9bc0, 0x0000026ab03ba090,
0x0000026ab03bb8a0, 0x0000026ab03bbd70, 0x0000026ab03bc710, 0x0000026ab03b8d50,
0x0000026aa530d130, 0x0000026ab2501500, 0x0000026ab5aa0ee0, 0x0000026ab2501030,
0x0000026aa559f790, 0x0000026aa798b920, 0x0000026aa798a110, 0x0000026aa798b450,
0x0000026aa798f7b0, 0x0000026aa798a5e0, 0x0000026aa798ee10, 0x0000026aa798af80,
0x0000026aa798dfa0, 0x0000026aa798bdf0, 0x0000026aa798fc80, 0x0000026aa798c2c0,
0x0000026aa798c790, 0x0000026aa79892a0, 0x0000026aa798d130, 0x0000026aa7989c40,
0x0000026aa798d600, 0x0000026ab0161950, 0x0000026ab01627c0, 0x0000026ab0160fb0,
0x0000026ab0161480, 0x0000026ab01622f0, 0x0000026ab0161e20, 0x0000026aafed3ea0,
0x0000026ab5aa0540, 0x0000026ab5aa0070, 0x0000026ab5aa2220, 0x0000026ab5aa0a10,
0x0000026aac4a3540, 0x0000026aac4a0ec0, 0x0000026aafed56b0
}

Java Threads: ( => current thread )
  0x0000026a8919d440 JavaThread "main" [_thread_blocked, id=198828, stack(0x000000bacdd00000,0x000000bacde00000)]
  0x0000026aa4441b10 JavaThread "Reference Handler" daemon [_thread_blocked, id=259928, stack(0x000000bace400000,0x000000bace500000)]
  0x0000026aa4442980 JavaThread "Finalizer" daemon [_thread_blocked, id=259496, stack(0x000000bace500000,0x000000bace600000)]
  0x0000026aa4495f90 JavaThread "Signal Dispatcher" daemon [_thread_blocked, id=259108, stack(0x000000bace600000,0x000000bace700000)]
  0x0000026aa4496b40 JavaThread "Attach Listener" daemon [_thread_blocked, id=243400, stack(0x000000bace700000,0x000000bace800000)]
  0x0000026aa4499600 JavaThread "Service Thread" daemon [_thread_blocked, id=240660, stack(0x000000bace800000,0x000000bace900000)]
  0x0000026aa4499fb0 JavaThread "Monitor Deflation Thread" daemon [_thread_blocked, id=214008, stack(0x000000bace900000,0x000000bacea00000)]
  0x0000026aa449ad40 JavaThread "C2 CompilerThread0" daemon [_thread_blocked, id=204648, stack(0x000000bacea00000,0x000000baceb00000)]
  0x0000026aa449c7f0 JavaThread "C1 CompilerThread0" daemon [_thread_blocked, id=254740, stack(0x000000baceb00000,0x000000bacec00000)]
  0x0000026aa44ba150 JavaThread "Sweeper thread" daemon [_thread_blocked, id=254336, stack(0x000000bacec00000,0x000000baced00000)]
  0x0000026aa46387e0 JavaThread "Common-Cleaner" daemon [_thread_blocked, id=257004, stack(0x000000bacee00000,0x000000bacef00000)]
  0x0000026aa4638cb0 JavaThread "Notification Thread" daemon [_thread_blocked, id=261012, stack(0x000000bacef00000,0x000000bacf000000)]
  0x0000026aa5f86930 JavaThread "Daemon health stats" [_thread_blocked, id=260904, stack(0x000000bacf600000,0x000000bacf700000)]
  0x0000026aa604e910 JavaThread "Incoming local TCP Connector on port 55798" [_thread_in_native, id=260536, stack(0x000000bacf700000,0x000000bacf800000)]
  0x0000026aa7154aa0 JavaThread "Daemon periodic checks" [_thread_blocked, id=218732, stack(0x000000bacf800000,0x000000bacf900000)]
  0x0000026aa553d1d0 JavaThread "Cache worker for journal cache (C:\Users\liubov\.gradle\caches\journal-1)" [_thread_blocked, id=259368, stack(0x000000bad0a00000,0x000000bad0b00000)]
  0x0000026aa553cd00 JavaThread "File lock request listener" [_thread_in_native, id=71640, stack(0x000000bad0b00000,0x000000bad0c00000)]
  0x0000026aa553c830 JavaThread "Cache worker for file hash cache (C:\Users\liubov\.gradle\caches\8.0\fileHashes)" [_thread_blocked, id=260068, stack(0x000000bad0c00000,0x000000bad0d00000)]
  0x0000026aa553e510 JavaThread "File watcher server" daemon [_thread_blocked, id=261108, stack(0x000000bad0d00000,0x000000bad0e00000)]
  0x0000026aa553d6a0 JavaThread "File watcher consumer" daemon [_thread_blocked, id=256472, stack(0x000000bad0e00000,0x000000bad0f00000)]
  0x0000026aa553eeb0 JavaThread "Cache worker for file content cache (C:\Users\liubov\.gradle\caches\8.0\fileContent)" [_thread_blocked, id=260876, stack(0x000000bad1100000,0x000000bad1200000)]
  0x0000026aa88724f0 JavaThread "Cache worker for execution history cache (C:\Users\liubov\.gradle\caches\8.0\executionHistory)" [_thread_blocked, id=259624, stack(0x000000bad1400000,0x000000bad1500000)]
  0x0000026aa8873360 JavaThread "jar transforms" [_thread_blocked, id=178628, stack(0x000000bad1500000,0x000000bad1600000)]
  0x0000026aa88729c0 JavaThread "jar transforms Thread 2" [_thread_blocked, id=259736, stack(0x000000bad1600000,0x000000bad1700000)]
  0x0000026aa88741d0 JavaThread "Cache worker for kotlin-dsl (C:\Users\liubov\.gradle\caches\8.0\kotlin-dsl)" [_thread_blocked, id=247456, stack(0x000000bad1700000,0x000000bad1800000)]
  0x0000026aa8877b90 JavaThread "jar transforms Thread 3" [_thread_blocked, id=253432, stack(0x000000bad1800000,0x000000bad1900000)]
  0x0000026aa88759e0 JavaThread "jar transforms Thread 4" [_thread_blocked, id=215492, stack(0x000000bad1900000,0x000000bad1a00000)]
  0x0000026aa8872e90 JavaThread "jar transforms Thread 5" [_thread_blocked, id=254256, stack(0x000000bad1c00000,0x000000bad1d00000)]
  0x0000026aa972f3e0 JavaThread "jar transforms Thread 6" [_thread_blocked, id=192496, stack(0x000000badb500000,0x000000badb600000)]
  0x0000026aa9731a60 JavaThread "jar transforms Thread 7" [_thread_blocked, id=219612, stack(0x000000badb600000,0x000000badb700000)]
  0x0000026aa972cd60 JavaThread "jar transforms Thread 8" [_thread_blocked, id=189512, stack(0x000000badb700000,0x000000badb800000)]
  0x0000026aa9730720 JavaThread "jar transforms Thread 9" [_thread_blocked, id=155112, stack(0x000000badb800000,0x000000badb900000)]
  0x0000026aa972b550 JavaThread "jar transforms Thread 10" [_thread_blocked, id=176084, stack(0x000000badb900000,0x000000badba00000)]
  0x0000026aa972f8b0 JavaThread "jar transforms Thread 11" [_thread_blocked, id=256056, stack(0x000000badba00000,0x000000badbb00000)]
  0x0000026aa972a210 JavaThread "jar transforms Thread 12" [_thread_blocked, id=174464, stack(0x000000badbb00000,0x000000badbc00000)]
  0x0000026aa972c3c0 JavaThread "jar transforms Thread 13" [_thread_blocked, id=216376, stack(0x000000badbc00000,0x000000badbd00000)]
  0x0000026aa972dbd0 JavaThread "jar transforms Thread 14" [_thread_blocked, id=122964, stack(0x000000badbd00000,0x000000badbe00000)]
  0x0000026aa972fd80 JavaThread "jar transforms Thread 15" [_thread_blocked, id=169664, stack(0x000000badbe00000,0x000000badbf00000)]
  0x0000026aa9730250 JavaThread "jar transforms Thread 16" [_thread_blocked, id=189540, stack(0x000000badbf00000,0x000000badc000000)]
  0x0000026aa9731590 JavaThread "Memory manager" [_thread_blocked, id=259980, stack(0x000000badc100000,0x000000badc200000)]
  0x0000026aa95aba00 JavaThread "pool-3-thread-1" [_thread_blocked, id=218568, stack(0x000000badc700000,0x000000badc800000)]
  0x0000026aafbbd0c0 JavaThread "pool-6-thread-1" [_thread_blocked, id=262020, stack(0x000000badb400000,0x000000badb500000)]
  0x0000026aa4bb91b0 JavaThread "RMI Scheduler(0)" daemon [_thread_blocked, id=262064, stack(0x000000bad1000000,0x000000bad1100000)]
  0x0000026aa4bb8ce0 JavaThread "RMI GC Daemon" daemon [_thread_blocked, id=170656, stack(0x000000bade600000,0x000000bade700000)]
  0x0000026aa4bba4f0 JavaThread "RMI TCP Accept-0" daemon [_thread_in_native, id=212756, stack(0x000000bade700000,0x000000bade800000)]
  0x0000026aa4bb9b50 JavaThread "RMI Reaper" [_thread_blocked, id=261788, stack(0x000000bade800000,0x000000bade900000)]
  0x0000026aa52bd4b0 JavaThread "Cache worker for Java compile cache (C:\Users\liubov\.gradle\caches\8.0\javaCompile)" [_thread_blocked, id=262424, stack(0x000000badef00000,0x000000badf000000)]
  0x0000026aa798aab0 JavaThread "pool-10-thread-1" [_thread_blocked, id=254396, stack(0x000000badc300000,0x000000badc400000)]
  0x0000026ab5aa13b0 JavaThread "pool-14-thread-1" [_thread_blocked, id=261304, stack(0x000000badc200000,0x000000badc300000)]
  0x0000026aa7991e30 JavaThread "pool-18-thread-1" [_thread_blocked, id=128964, stack(0x000000badc000000,0x000000badc100000)]
  0x0000026aa559e450 JavaThread "pool-22-thread-1" [_thread_blocked, id=261276, stack(0x000000badc800000,0x000000badc900000)]
  0x0000026ab45ff310 JavaThread "pool-26-thread-1" [_thread_blocked, id=259060, stack(0x000000badc900000,0x000000badca00000)]
  0x0000026aa559f2c0 JavaThread "pool-30-thread-1" [_thread_blocked, id=264888, stack(0x000000badb300000,0x000000badb400000)]
  0x0000026ab24ab510 JavaThread "pool-33-thread-1" [_thread_blocked, id=170996, stack(0x000000badce00000,0x000000badcf00000)]
  0x0000026aaddc03a0 JavaThread "pool-36-thread-1" [_thread_blocked, id=189828, stack(0x000000badcd00000,0x000000badce00000)]
  0x0000026aafbbdf30 JavaThread "pool-39-thread-1" [_thread_blocked, id=258548, stack(0x000000badcb00000,0x000000badcc00000)]
  0x0000026aac4a09f0 JavaThread "pool-43-thread-1" [_thread_blocked, id=265044, stack(0x000000badca00000,0x000000badcb00000)]
  0x0000026aa8d03580 JavaThread "pool-47-thread-1" [_thread_blocked, id=259792, stack(0x000000badcf00000,0x000000badd000000)]
  0x0000026aa78cb370 JavaThread "pool-51-thread-1" [_thread_blocked, id=264216, stack(0x000000badcc00000,0x000000badcd00000)]
  0x0000026ab4b2b560 JavaThread "pool-55-thread-1" [_thread_blocked, id=94684, stack(0x000000badd200000,0x000000badd300000)]
  0x0000026aa954b7c0 JavaThread "pool-59-thread-1" [_thread_blocked, id=252960, stack(0x000000badd500000,0x000000badd600000)]
  0x0000026aa9498040 JavaThread "pool-63-thread-1" [_thread_blocked, id=261080, stack(0x000000badd300000,0x000000badd400000)]
  0x0000026aa954de40 JavaThread "pool-67-thread-1" [_thread_blocked, id=265592, stack(0x000000badd400000,0x000000badd500000)]
  0x0000026aa9495e90 JavaThread "pool-71-thread-1" [_thread_blocked, id=186964, stack(0x000000badd700000,0x000000badd800000)]
  0x0000026aaddbf530 JavaThread "RMI TCP Connection(idle)" daemon [_thread_blocked, id=266960, stack(0x000000bacda00000,0x000000bacdb00000)]
  0x0000026aaddc0870 JavaThread "RMI TCP Connection(idle)" daemon [_thread_blocked, id=211104, stack(0x000000bacdb00000,0x000000bacdc00000)]
  0x0000026aaddbfed0 JavaThread "RMI TCP Connection(idle)" daemon [_thread_blocked, id=192716, stack(0x000000bacdc00000,0x000000bacdd00000)]
  0x0000026aaddc16e0 JavaThread "RMI TCP Connection(idle)" daemon [_thread_blocked, id=262072, stack(0x000000baced00000,0x000000bacee00000)]
  0x0000026aaddc1bb0 JavaThread "RMI TCP Connection(idle)" daemon [_thread_blocked, id=219908, stack(0x000000bacf500000,0x000000bacf600000)]
  0x0000026aaddc2080 JavaThread "RMI TCP Connection(idle)" daemon [_thread_blocked, id=259784, stack(0x000000bacf900000,0x000000bacfa00000)]
  0x0000026aaddc1210 JavaThread "RMI TCP Connection(idle)" daemon [_thread_blocked, id=258840, stack(0x000000bacfa00000,0x000000bacfb00000)]
  0x0000026aaddbfa00 JavaThread "RMI TCP Connection(idle)" daemon [_thread_blocked, id=264908, stack(0x000000bacfb00000,0x000000bacfc00000)]
  0x0000026aaddc0d40 JavaThread "RMI TCP Connection(idle)" daemon [_thread_blocked, id=155476, stack(0x000000bacfc00000,0x000000bacfd00000)]
  0x0000026aaddc2550 JavaThread "RMI TCP Connection(idle)" daemon [_thread_blocked, id=267260, stack(0x000000bacfd00000,0x000000bacfe00000)]
  0x0000026aaddc2a20 JavaThread "RMI TCP Connection(idle)" daemon [_thread_blocked, id=219484, stack(0x000000bacfe00000,0x000000bacff00000)]
  0x0000026aaddbf060 JavaThread "RMI TCP Connection(219)-127.0.0.1" daemon [_thread_in_native, id=217472, stack(0x000000bacff00000,0x000000bad0000000)]
  0x0000026aa559edf0 JavaThread "RMI TCP Connection(idle)" daemon [_thread_blocked, id=203984, stack(0x000000bad0f00000,0x000000bad1000000)]
  0x0000026aa559bdd0 JavaThread "RMI TCP Connection(220)-127.0.0.1" daemon [_thread_in_native, id=153844, stack(0x000000bad1200000,0x000000bad1300000)]
  0x0000026aa78caea0 JavaThread "Daemon Thread 16" [_thread_blocked, id=267236, stack(0x000000bad1300000,0x000000bad1400000)]
  0x0000026aa9497b70 JavaThread "Handler for socket connection from /127.0.0.1:55798 to /127.0.0.1:60938" [_thread_in_native, id=266392, stack(0x000000bad1a00000,0x000000bad1b00000)]
  0x0000026aa94959c0 JavaThread "Cancel handler" [_thread_blocked, id=265920, stack(0x000000bad1b00000,0x000000bad1c00000)]
  0x0000026aa9498eb0 JavaThread "Daemon worker Thread 16" [_thread_blocked, id=191560, stack(0x000000bad1d00000,0x000000bad1e00000)]
  0x0000026ab403d700 JavaThread "Asynchronous log dispatcher for DefaultDaemonConnection: socket connection from /127.0.0.1:55798 to /127.0.0.1:60938" [_thread_blocked, id=190652, stack(0x000000bad1e00000,0x000000bad1f00000)]
  0x0000026ab403c890 JavaThread "Stdin handler" [_thread_blocked, id=263740, stack(0x000000bad1f00000,0x000000bad2000000)]
  0x0000026ab403e0a0 JavaThread "Daemon client event forwarder" [_thread_blocked, id=253028, stack(0x000000bad2000000,0x000000bad2100000)]
  0x0000026ab403e570 JavaThread "Cache worker for checksums cache (D:\StudioProjects\placement_example\.gradle\8.0\checksums)" [_thread_blocked, id=265640, stack(0x000000bad2100000,0x000000bad2200000)]
  0x0000026ab24ae530 JavaThread "Cache worker for cache directory md-rule (C:\Users\liubov\.gradle\caches\8.0\md-rule)" [_thread_blocked, id=211456, stack(0x000000bad2200000,0x000000bad2300000)]
  0x0000026ab0355750 JavaThread "Cache worker for file hash cache (D:\StudioProjects\placement_example\.gradle\8.0\fileHashes)" [_thread_blocked, id=266844, stack(0x000000bad2300000,0x000000bad2400000)]
  0x0000026aa9496830 JavaThread "Cache worker for cache directory md-supplier (C:\Users\liubov\.gradle\caches\8.0\md-supplier)" [_thread_blocked, id=161056, stack(0x000000bad2400000,0x000000bad2500000)]
  0x0000026aa9496d00 JavaThread "Cache worker for dependencies-accessors (D:\StudioProjects\placement_example\.gradle\8.0\dependencies-accessors)" [_thread_blocked, id=196392, stack(0x000000bad2500000,0x000000bad2600000)]
  0x0000026ab03548e0 JavaThread "Cache worker for Build Output Cleanup Cache (D:\StudioProjects\placement_example\.gradle\buildOutputCleanup)" [_thread_blocked, id=263764, stack(0x000000bad2600000,0x000000bad2700000)]
  0x0000026ab0354db0 JavaThread "Unconstrained build operations" [_thread_blocked, id=252196, stack(0x000000bad2700000,0x000000bad2800000)]
  0x0000026ab0355c20 JavaThread "Unconstrained build operations Thread 2" [_thread_blocked, id=265292, stack(0x000000bad2800000,0x000000bad2900000)]
  0x0000026ab03560f0 JavaThread "Unconstrained build operations Thread 3" [_thread_blocked, id=267112, stack(0x000000bad2900000,0x000000bad2a00000)]
  0x0000026ab03565c0 JavaThread "Unconstrained build operations Thread 4" [_thread_blocked, id=266948, stack(0x000000bad2a00000,0x000000bad2b00000)]
  0x0000026ab0352c00 JavaThread "Unconstrained build operations Thread 5" [_thread_blocked, id=256484, stack(0x000000bad2b00000,0x000000bad2c00000)]
  0x0000026ab0353f40 JavaThread "Unconstrained build operations Thread 6" [_thread_blocked, id=256704, stack(0x000000bad2c00000,0x000000bad2d00000)]
  0x0000026ab03530d0 JavaThread "Unconstrained build operations Thread 7" [_thread_blocked, id=187500, stack(0x000000bad2d00000,0x000000bad2e00000)]
  0x0000026ab0353a70 JavaThread "Unconstrained build operations Thread 8" [_thread_blocked, id=257832, stack(0x000000bad2e00000,0x000000bad2f00000)]
  0x0000026ab4b2a6f0 JavaThread "Unconstrained build operations Thread 9" [_thread_blocked, id=107252, stack(0x000000bad2f00000,0x000000bad3000000)]
  0x0000026ab4b28540 JavaThread "Unconstrained build operations Thread 10" [_thread_blocked, id=189292, stack(0x000000bad3000000,0x000000bad3100000)]
  0x0000026ab4b2ba30 JavaThread "Unconstrained build operations Thread 11" [_thread_blocked, id=266540, stack(0x000000bad3100000,0x000000bad3200000)]
  0x0000026ab4b28ee0 JavaThread "Unconstrained build operations Thread 12" [_thread_blocked, id=259472, stack(0x000000bad3200000,0x000000bad3300000)]
  0x0000026ab4b28a10 JavaThread "Unconstrained build operations Thread 13" [_thread_blocked, id=265880, stack(0x000000bad3300000,0x000000bad3400000)]
  0x0000026ab4b29880 JavaThread "Unconstrained build operations Thread 14" [_thread_blocked, id=267064, stack(0x000000bad3400000,0x000000bad3500000)]
  0x0000026ab4b2abc0 JavaThread "Unconstrained build operations Thread 15" [_thread_blocked, id=260752, stack(0x000000bad3500000,0x000000bad3600000)]
  0x0000026ab4b2a220 JavaThread "Unconstrained build operations Thread 16" [_thread_blocked, id=247208, stack(0x000000bad3600000,0x000000bad3700000)]
  0x0000026ab4b2b090 JavaThread "Unconstrained build operations Thread 17" [_thread_blocked, id=263264, stack(0x000000bad3700000,0x000000bad3800000)]
  0x0000026ab0151e00 JavaThread "Unconstrained build operations Thread 18" [_thread_blocked, id=267052, stack(0x000000bad3800000,0x000000bad3900000)]
  0x0000026ab01527a0 JavaThread "Unconstrained build operations Thread 19" [_thread_blocked, id=266756, stack(0x000000bad3900000,0x000000bad3a00000)]
  0x0000026ab01522d0 JavaThread "Unconstrained build operations Thread 20" [_thread_blocked, id=262548, stack(0x000000bad3a00000,0x000000bad3b00000)]
  0x0000026ab0150f90 JavaThread "Unconstrained build operations Thread 21" [_thread_blocked, id=263448, stack(0x000000bad3b00000,0x000000bad3c00000)]
  0x0000026ab0151460 JavaThread "Unconstrained build operations Thread 22" [_thread_blocked, id=258672, stack(0x000000bad3c00000,0x000000bad3d00000)]
  0x0000026aa52bbca0 JavaThread "Unconstrained build operations Thread 23" [_thread_blocked, id=262892, stack(0x000000bad3d00000,0x000000bad3e00000)]
  0x0000026aa52bcb10 JavaThread "Unconstrained build operations Thread 24" [_thread_blocked, id=190804, stack(0x000000bad3e00000,0x000000bad3f00000)]
  0x0000026aa8909f10 JavaThread "Unconstrained build operations Thread 25" [_thread_blocked, id=189804, stack(0x000000bad3f00000,0x000000bad4000000)]
  0x0000026aa8908700 JavaThread "Unconstrained build operations Thread 26" [_thread_blocked, id=262372, stack(0x000000bad4000000,0x000000bad4100000)]
  0x0000026aadd18350 JavaThread "Unconstrained build operations Thread 27" [_thread_blocked, id=267068, stack(0x000000bad4100000,0x000000bad4200000)]
  0x0000026aadd174e0 JavaThread "Unconstrained build operations Thread 28" [_thread_blocked, id=213400, stack(0x000000bad4200000,0x000000bad4300000)]
  0x0000026aadd14e60 JavaThread "Unconstrained build operations Thread 29" [_thread_blocked, id=202784, stack(0x000000bad4300000,0x000000bad4400000)]
  0x0000026aadd15330 JavaThread "Unconstrained build operations Thread 30" [_thread_blocked, id=254140, stack(0x000000bad4400000,0x000000bad4500000)]
  0x0000026aadd161a0 JavaThread "Unconstrained build operations Thread 31" [_thread_blocked, id=264084, stack(0x000000bad4500000,0x000000bad4600000)]
  0x0000026aadd15800 JavaThread "Unconstrained build operations Thread 32" [_thread_blocked, id=173480, stack(0x000000bad4600000,0x000000bad4700000)]
  0x0000026aadd179b0 JavaThread "Unconstrained build operations Thread 33" [_thread_blocked, id=260944, stack(0x000000bad4700000,0x000000bad4800000)]
  0x0000026aadd14990 JavaThread "Unconstrained build operations Thread 34" [_thread_blocked, id=203592, stack(0x000000bad4800000,0x000000bad4900000)]
  0x0000026aadd15cd0 JavaThread "Unconstrained build operations Thread 35" [_thread_blocked, id=261444, stack(0x000000bad4900000,0x000000bad4a00000)]
  0x0000026aadd16670 JavaThread "Unconstrained build operations Thread 36" [_thread_blocked, id=171272, stack(0x000000bad4a00000,0x000000bad4b00000)]
  0x0000026ab223c510 JavaThread "Unconstrained build operations Thread 37" [_thread_blocked, id=187116, stack(0x000000bad4b00000,0x000000bad4c00000)]
  0x0000026ab223a830 JavaThread "Unconstrained build operations Thread 38" [_thread_blocked, id=252104, stack(0x000000bad4c00000,0x000000bad4d00000)]
  0x0000026ab223c9e0 JavaThread "Unconstrained build operations Thread 39" [_thread_blocked, id=215216, stack(0x000000bad4d00000,0x000000bad4e00000)]
  0x0000026ab223dd20 JavaThread "Unconstrained build operations Thread 40" [_thread_blocked, id=214780, stack(0x000000bad4e00000,0x000000bad4f00000)]
  0x0000026ab223b6a0 JavaThread "Unconstrained build operations Thread 41" [_thread_blocked, id=266468, stack(0x000000bad4f00000,0x000000bad5000000)]
  0x0000026ab223d850 JavaThread "Unconstrained build operations Thread 42" [_thread_blocked, id=190952, stack(0x000000bad5000000,0x000000bad5100000)]
  0x0000026ab223d380 JavaThread "Unconstrained build operations Thread 43" [_thread_blocked, id=259232, stack(0x000000bad5100000,0x000000bad5200000)]
  0x0000026ab223e1f0 JavaThread "Unconstrained build operations Thread 44" [_thread_blocked, id=220168, stack(0x000000bad5200000,0x000000bad5300000)]
  0x0000026ab223ceb0 JavaThread "Unconstrained build operations Thread 45" [_thread_blocked, id=262416, stack(0x000000bad5300000,0x000000bad5400000)]
  0x0000026ab223ad00 JavaThread "Unconstrained build operations Thread 46" [_thread_blocked, id=219872, stack(0x000000bad5400000,0x000000bad5500000)]
  0x0000026ab223b1d0 JavaThread "Unconstrained build operations Thread 47" [_thread_blocked, id=227600, stack(0x000000bad5500000,0x000000bad5600000)]
  0x0000026aa5f39f60 JavaThread "Unconstrained build operations Thread 48" [_thread_blocked, id=267032, stack(0x000000bad5600000,0x000000bad5700000)]
  0x0000026aa5f3a430 JavaThread "Unconstrained build operations Thread 49" [_thread_blocked, id=263660, stack(0x000000bad5700000,0x000000bad5800000)]
  0x0000026ab2500b60 JavaThread "Unconstrained build operations Thread 50" [_thread_blocked, id=266040, stack(0x000000bad5800000,0x000000bad5900000)]
  0x0000026ab2500690 JavaThread "Unconstrained build operations Thread 51" [_thread_blocked, id=266472, stack(0x000000bad5900000,0x000000bad5a00000)]
  0x0000026ab24ff350 JavaThread "Unconstrained build operations Thread 52" [_thread_blocked, id=222904, stack(0x000000bad5a00000,0x000000bad5b00000)]
  0x0000026ab24ffcf0 JavaThread "Unconstrained build operations Thread 53" [_thread_blocked, id=254564, stack(0x000000bad5b00000,0x000000bad5c00000)]
  0x0000026ab24fe9b0 JavaThread "Unconstrained build operations Thread 54" [_thread_blocked, id=257940, stack(0x000000bad5c00000,0x000000bad5d00000)]
  0x0000026aac4a3070 JavaThread "Unconstrained build operations Thread 55" [_thread_blocked, id=265208, stack(0x000000bad5d00000,0x000000bad5e00000)]
  0x0000026aac4a3a10 JavaThread "Unconstrained build operations Thread 56" [_thread_blocked, id=191832, stack(0x000000bad5e00000,0x000000bad5f00000)]
  0x0000026ab0484ee0 JavaThread "Unconstrained build operations Thread 57" [_thread_blocked, id=266900, stack(0x000000bad5f00000,0x000000bad6000000)]
  0x0000026ab04853b0 JavaThread "Unconstrained build operations Thread 58" [_thread_blocked, id=169048, stack(0x000000bad6000000,0x000000bad6100000)]
  0x0000026ab0484540 JavaThread "Unconstrained build operations Thread 59" [_thread_blocked, id=266932, stack(0x000000bad6100000,0x000000bad6200000)]
  0x0000026ab24ac850 JavaThread "Unconstrained build operations Thread 60" [_thread_blocked, id=265864, stack(0x000000bad6200000,0x000000bad6300000)]
  0x0000026ab24a9360 JavaThread "Unconstrained build operations Thread 61" [_thread_blocked, id=253536, stack(0x000000bad6300000,0x000000bad6400000)]
  0x0000026ab24a71b0 JavaThread "Unconstrained build operations Thread 62" [_thread_blocked, id=190216, stack(0x000000bad6400000,0x000000bad6500000)]
  0x0000026ab24aea00 JavaThread "Unconstrained build operations Thread 63" [_thread_blocked, id=267128, stack(0x000000bad6500000,0x000000bad6600000)]
  0x0000026ab24a89c0 JavaThread "Unconstrained build operations Thread 64" [_thread_blocked, id=267148, stack(0x000000bad6600000,0x000000bad6700000)]
  0x0000026ab24a8020 JavaThread "Unconstrained build operations Thread 65" [_thread_blocked, id=266508, stack(0x000000bad6700000,0x000000bad6800000)]
  0x0000026ab24a8e90 JavaThread "Unconstrained build operations Thread 66" [_thread_blocked, id=264588, stack(0x000000bad6800000,0x000000bad6900000)]
  0x0000026ab24a84f0 JavaThread "Unconstrained build operations Thread 67" [_thread_blocked, id=214788, stack(0x000000bad6900000,0x000000bad6a00000)]
  0x0000026ab24a7680 JavaThread "Unconstrained build operations Thread 68" [_thread_blocked, id=156660, stack(0x000000bad6a00000,0x000000bad6b00000)]
  0x0000026ab24a7b50 JavaThread "Unconstrained build operations Thread 69" [_thread_blocked, id=162332, stack(0x000000bad6b00000,0x000000bad6c00000)]
  0x0000026ab24a9830 JavaThread "Unconstrained build operations Thread 70" [_thread_blocked, id=265244, stack(0x000000bad6c00000,0x000000bad6d00000)]
  0x0000026ab24a9d00 JavaThread "Unconstrained build operations Thread 71" [_thread_blocked, id=266384, stack(0x000000bad6d00000,0x000000bad6e00000)]
  0x0000026ab24ac380 JavaThread "Unconstrained build operations Thread 72" [_thread_blocked, id=261028, stack(0x000000bad6e00000,0x000000bad6f00000)]
  0x0000026ab24aa1d0 JavaThread "Unconstrained build operations Thread 73" [_thread_blocked, id=256256, stack(0x000000bad6f00000,0x000000bad7000000)]
  0x0000026ab24aa6a0 JavaThread "Unconstrained build operations Thread 74" [_thread_blocked, id=266340, stack(0x000000bad7000000,0x000000bad7100000)]
  0x0000026ab24aab70 JavaThread "Unconstrained build operations Thread 75" [_thread_blocked, id=190544, stack(0x000000bad7100000,0x000000bad7200000)]
  0x0000026aa9498510 JavaThread "Unconstrained build operations Thread 76" [_thread_blocked, id=258872, stack(0x000000bad7200000,0x000000bad7300000)]
  0x0000026aa9496360 JavaThread "Unconstrained build operations Thread 77" [_thread_blocked, id=247812, stack(0x000000bad7300000,0x000000bad7400000)]
  0x0000026aa94971d0 JavaThread "Unconstrained build operations Thread 78" [_thread_blocked, id=262332, stack(0x000000bad7400000,0x000000bad7500000)]
  0x0000026aa94976a0 JavaThread "Unconstrained build operations Thread 79" [_thread_blocked, id=253984, stack(0x000000bad7500000,0x000000bad7600000)]
  0x0000026ab24ab040 JavaThread "Unconstrained build operations Thread 80" [_thread_blocked, id=264552, stack(0x000000bad7600000,0x000000bad7700000)]
  0x0000026ab24ad1f0 JavaThread "Unconstrained build operations Thread 81" [_thread_blocked, id=266904, stack(0x000000bad7700000,0x000000bad7800000)]
  0x0000026ab24ab9e0 JavaThread "Unconstrained build operations Thread 82" [_thread_blocked, id=261368, stack(0x000000bad7800000,0x000000bad7900000)]
  0x0000026ab24abeb0 JavaThread "Unconstrained build operations Thread 83" [_thread_blocked, id=266912, stack(0x000000bad7900000,0x000000bad7a00000)]
  0x0000026ab24acd20 JavaThread "Unconstrained build operations Thread 84" [_thread_blocked, id=262912, stack(0x000000bad7a00000,0x000000bad7b00000)]
  0x0000026ab00494e0 JavaThread "Unconstrained build operations Thread 85" [_thread_blocked, id=187888, stack(0x000000bad7b00000,0x000000bad7c00000)]
  0x0000026ab00499b0 JavaThread "Unconstrained build operations Thread 86" [_thread_blocked, id=191212, stack(0x000000bad7c00000,0x000000bad7d00000)]
  0x0000026ab0049e80 JavaThread "Unconstrained build operations Thread 87" [_thread_blocked, id=194204, stack(0x000000bad7d00000,0x000000bad7e00000)]
  0x0000026ab004acf0 JavaThread "Unconstrained build operations Thread 88" [_thread_blocked, id=259316, stack(0x000000bad7e00000,0x000000bad7f00000)]
  0x0000026ab004b1c0 JavaThread "Unconstrained build operations Thread 89" [_thread_blocked, id=249840, stack(0x000000bad7f00000,0x000000bad8000000)]
  0x0000026ab004a820 JavaThread "Unconstrained build operations Thread 90" [_thread_blocked, id=261380, stack(0x000000bad8000000,0x000000bad8100000)]
  0x0000026ab004b690 JavaThread "Unconstrained build operations Thread 91" [_thread_blocked, id=264028, stack(0x000000bad8100000,0x000000bad8200000)]
  0x0000026ab004bb60 JavaThread "Unconstrained build operations Thread 92" [_thread_blocked, id=133692, stack(0x000000bad8200000,0x000000bad8300000)]
  0x0000026ab004c030 JavaThread "Unconstrained build operations Thread 93" [_thread_blocked, id=267000, stack(0x000000bad8300000,0x000000bad8400000)]
  0x0000026ab004c500 JavaThread "Unconstrained build operations Thread 94" [_thread_blocked, id=221868, stack(0x000000bad8400000,0x000000bad8500000)]
  0x0000026ab004c9d0 JavaThread "Unconstrained build operations Thread 95" [_thread_blocked, id=219152, stack(0x000000bad8500000,0x000000bad8600000)]
  0x0000026ab02d9f70 JavaThread "Unconstrained build operations Thread 96" [_thread_blocked, id=263648, stack(0x000000bad8600000,0x000000bad8700000)]
  0x0000026ab02d95d0 JavaThread "Unconstrained build operations Thread 97" [_thread_blocked, id=262160, stack(0x000000bad8700000,0x000000bad8800000)]
  0x0000026ab02da440 JavaThread "Unconstrained build operations Thread 98" [_thread_blocked, id=264104, stack(0x000000bad8800000,0x000000bad8900000)]
  0x0000026ab02d78f0 JavaThread "Unconstrained build operations Thread 99" [_thread_blocked, id=266876, stack(0x000000bad8900000,0x000000bad8a00000)]
  0x0000026ab02d7420 JavaThread "Unconstrained build operations Thread 100" [_thread_blocked, id=261480, stack(0x000000bad8a00000,0x000000bad8b00000)]
  0x0000026ab02d7dc0 JavaThread "Unconstrained build operations Thread 101" [_thread_blocked, id=261452, stack(0x000000bad8b00000,0x000000bad8c00000)]
  0x0000026ab02d8290 JavaThread "Unconstrained build operations Thread 102" [_thread_blocked, id=158172, stack(0x000000bad8c00000,0x000000bad8d00000)]
  0x0000026ab02d9aa0 JavaThread "Unconstrained build operations Thread 103" [_thread_blocked, id=216204, stack(0x000000bad8d00000,0x000000bad8e00000)]
  0x0000026ab02d8760 JavaThread "Unconstrained build operations Thread 104" [_thread_blocked, id=261440, stack(0x000000bad8e00000,0x000000bad8f00000)]
  0x0000026ab02d9100 JavaThread "Unconstrained build operations Thread 105" [_thread_blocked, id=261460, stack(0x000000bad8f00000,0x000000bad9000000)]
  0x0000026ab02d8c30 JavaThread "Unconstrained build operations Thread 106" [_thread_blocked, id=261244, stack(0x000000bad9000000,0x000000bad9100000)]
  0x0000026ab02d6f50 JavaThread "Unconstrained build operations Thread 107" [_thread_blocked, id=261456, stack(0x000000bad9100000,0x000000bad9200000)]
  0x0000026ab02da910 JavaThread "Unconstrained build operations Thread 108" [_thread_blocked, id=264504, stack(0x000000bad9200000,0x000000bad9300000)]
  0x0000026ab0736040 JavaThread "Unconstrained build operations Thread 109" [_thread_blocked, id=155984, stack(0x000000bad9300000,0x000000bad9400000)]
  0x0000026ab0734360 JavaThread "Unconstrained build operations Thread 110" [_thread_blocked, id=267140, stack(0x000000bad9400000,0x000000bad9500000)]
  0x0000026ab0732680 JavaThread "Unconstrained build operations Thread 111" [_thread_blocked, id=216592, stack(0x000000bad9500000,0x000000bad9600000)]
  0x0000026ab0735b70 JavaThread "Unconstrained build operations Thread 112" [_thread_blocked, id=265952, stack(0x000000bad9600000,0x000000bad9700000)]
  0x0000026ab0734830 JavaThread "Unconstrained build operations Thread 113" [_thread_blocked, id=164544, stack(0x000000bad9700000,0x000000bad9800000)]
  0x0000026ab07339c0 JavaThread "Unconstrained build operations Thread 114" [_thread_blocked, id=267028, stack(0x000000bad9800000,0x000000bad9900000)]
  0x0000026ab0734d00 JavaThread "Unconstrained build operations Thread 115" [_thread_blocked, id=114828, stack(0x000000bad9900000,0x000000bad9a00000)]
  0x0000026ab0732b50 JavaThread "Unconstrained build operations Thread 116" [_thread_blocked, id=154944, stack(0x000000bad9a00000,0x000000bad9b00000)]
  0x0000026ab0733020 JavaThread "Unconstrained build operations Thread 117" [_thread_blocked, id=266564, stack(0x000000bad9b00000,0x000000bad9c00000)]
  0x0000026ab07334f0 JavaThread "Unconstrained build operations Thread 118" [_thread_blocked, id=258700, stack(0x000000bad9c00000,0x000000bad9d00000)]
  0x0000026ab07351d0 JavaThread "Unconstrained build operations Thread 119" [_thread_blocked, id=217696, stack(0x000000bad9d00000,0x000000bad9e00000)]
  0x0000026ab07356a0 JavaThread "Unconstrained build operations Thread 120" [_thread_blocked, id=263992, stack(0x000000bad9e00000,0x000000bad9f00000)]
  0x0000026ab0733e90 JavaThread "Unconstrained build operations Thread 121" [_thread_blocked, id=252496, stack(0x000000bad9f00000,0x000000bada000000)]
  0x0000026ab2c7adb0 JavaThread "Unconstrained build operations Thread 122" [_thread_blocked, id=264544, stack(0x000000bada000000,0x000000bada100000)]
  0x0000026ab2c7e770 JavaThread "Unconstrained build operations Thread 123" [_thread_blocked, id=261360, stack(0x000000bada100000,0x000000bada200000)]
  0x0000026ab2c7c5c0 JavaThread "Unconstrained build operations Thread 124" [_thread_blocked, id=265668, stack(0x000000bada200000,0x000000bada300000)]
  0x0000026ab2c7ca90 JavaThread "Unconstrained build operations Thread 125" [_thread_blocked, id=215956, stack(0x000000bada300000,0x000000bada400000)]
  0x0000026ab2c7cf60 JavaThread "Unconstrained build operations Thread 126" [_thread_blocked, id=259556, stack(0x000000bada400000,0x000000bada500000)]
  0x0000026ab2c7ddd0 JavaThread "Unconstrained build operations Thread 127" [_thread_blocked, id=212180, stack(0x000000bada500000,0x000000bada600000)]
  0x0000026ab2c7d430 JavaThread "Unconstrained build operations Thread 128" [_thread_blocked, id=266684, stack(0x000000bada600000,0x000000bada700000)]
  0x0000026ab2c7b280 JavaThread "Unconstrained build operations Thread 129" [_thread_blocked, id=265300, stack(0x000000bada700000,0x000000bada800000)]
  0x0000026ab2c7b750 JavaThread "Unconstrained build operations Thread 130" [_thread_blocked, id=202828, stack(0x000000bada800000,0x000000bada900000)]
  0x0000026ab2c7d900 JavaThread "Unconstrained build operations Thread 131" [_thread_blocked, id=266688, stack(0x000000bada900000,0x000000badaa00000)]
  0x0000026ab2c7bc20 JavaThread "Unconstrained build operations Thread 132" [_thread_blocked, id=265796, stack(0x000000badaa00000,0x000000badab00000)]
  0x0000026ab2c7c0f0 JavaThread "Unconstrained build operations Thread 133" [_thread_blocked, id=265608, stack(0x000000badab00000,0x000000badac00000)]
  0x0000026ab2c7e2a0 JavaThread "Unconstrained build operations Thread 134" [_thread_blocked, id=49696, stack(0x000000badac00000,0x000000badad00000)]
  0x0000026aac0a5d50 JavaThread "Unconstrained build operations Thread 135" [_thread_blocked, id=200604, stack(0x000000badad00000,0x000000badae00000)]
  0x0000026aac0a7a30 JavaThread "Unconstrained build operations Thread 136" [_thread_blocked, id=251316, stack(0x000000badae00000,0x000000badaf00000)]
  0x0000026aac0a4070 JavaThread "Unconstrained build operations Thread 137" [_thread_blocked, id=266160, stack(0x000000badaf00000,0x000000badb000000)]
  0x0000026aac0a5880 JavaThread "Unconstrained build operations Thread 138" [_thread_blocked, id=264752, stack(0x000000badb000000,0x000000badb100000)]
  0x0000026aac0a6bc0 JavaThread "Unconstrained build operations Thread 139" [_thread_blocked, id=220328, stack(0x000000badb100000,0x000000badb200000)]
  0x0000026aac0a4ee0 JavaThread "Unconstrained build operations Thread 140" [_thread_blocked, id=265396, stack(0x000000badb200000,0x000000badb300000)]
  0x0000026aac0a53b0 JavaThread "Unconstrained build operations Thread 141" [_thread_blocked, id=265700, stack(0x000000badd000000,0x000000badd100000)]
  0x0000026aac0a4540 JavaThread "Unconstrained build operations Thread 142" [_thread_blocked, id=216704, stack(0x000000badd100000,0x000000badd200000)]
  0x0000026aac0a4a10 JavaThread "Unconstrained build operations Thread 143" [_thread_blocked, id=249216, stack(0x000000badd600000,0x000000badd700000)]
  0x0000026aac0a7090 JavaThread "Unconstrained build operations Thread 144" [_thread_blocked, id=259208, stack(0x000000badd800000,0x000000badd900000)]
  0x0000026aac0a6220 JavaThread "Unconstrained build operations Thread 145" [_thread_blocked, id=263956, stack(0x000000badd900000,0x000000badda00000)]
  0x0000026aac0a66f0 JavaThread "Unconstrained build operations Thread 146" [_thread_blocked, id=266280, stack(0x000000baddc00000,0x000000baddd00000)]
  0x0000026aac0a7560 JavaThread "Unconstrained build operations Thread 147" [_thread_blocked, id=265892, stack(0x000000baddd00000,0x000000badde00000)]
  0x0000026ab24f5300 JavaThread "Unconstrained build operations Thread 148" [_thread_blocked, id=162964, stack(0x000000badde00000,0x000000baddf00000)]
  0x0000026ab24f6640 JavaThread "Unconstrained build operations Thread 149" [_thread_blocked, id=217436, stack(0x000000baddf00000,0x000000bade000000)]
  0x0000026ab24f4e30 JavaThread "Unconstrained build operations Thread 150" [_thread_blocked, id=254720, stack(0x000000bade000000,0x000000bade100000)]
  0x0000026ab24f6170 JavaThread "Unconstrained build operations Thread 151" [_thread_blocked, id=261316, stack(0x000000bade100000,0x000000bade200000)]
  0x0000026aa78cc1e0 JavaThread "build event listener" [_thread_blocked, id=250620, stack(0x000000bade500000,0x000000bade600000)]
  0x0000026aa78cc6b0 JavaThread "build event listener" [_thread_blocked, id=256632, stack(0x000000bade900000,0x000000badea00000)]
  0x0000026aa78ccb80 JavaThread "build event listener" [_thread_blocked, id=262744, stack(0x000000badea00000,0x000000badeb00000)]
  0x0000026aa78cd050 JavaThread "pool-75-thread-1" [_thread_blocked, id=266488, stack(0x000000badeb00000,0x000000badec00000)]
  0x0000026aa78cd520 JavaThread "build event listener" [_thread_blocked, id=218820, stack(0x000000badec00000,0x000000baded00000)]
  0x0000026aa78ce390 JavaThread "included builds" [_thread_blocked, id=213964, stack(0x000000baded00000,0x000000badee00000)]
  0x0000026aa8909570 JavaThread "Execution worker" [_thread_blocked, id=265988, stack(0x000000badee00000,0x000000badef00000)]
  0x0000026ab403ea40 JavaThread "Execution worker Thread 2" [_thread_blocked, id=259640, stack(0x000000badf000000,0x000000badf100000)]
  0x0000026ab403f8b0 JavaThread "Execution worker Thread 3" [_thread_blocked, id=255596, stack(0x000000badf100000,0x000000badf200000)]
  0x0000026ab403ef10 JavaThread "Execution worker Thread 4" [_thread_blocked, id=261344, stack(0x000000badf200000,0x000000badf300000)]
  0x0000026ab403f3e0 JavaThread "Execution worker Thread 5" [_thread_blocked, id=265820, stack(0x000000badf300000,0x000000badf400000)]
  0x0000026ab403d230 JavaThread "Execution worker Thread 6" [_thread_blocked, id=266436, stack(0x000000badf400000,0x000000badf500000)]
  0x0000026ab403c3c0 JavaThread "Execution worker Thread 7" [_thread_blocked, id=263368, stack(0x000000badf500000,0x000000badf600000)]
  0x0000026ab403bef0 JavaThread "Execution worker Thread 8" [_thread_blocked, id=266924, stack(0x000000badf600000,0x000000badf700000)]
  0x0000026ab403cd60 JavaThread "Execution worker Thread 9" [_thread_blocked, id=267132, stack(0x000000badf700000,0x000000badf800000)]
  0x0000026aa92a1de0 JavaThread "Execution worker Thread 10" [_thread_blocked, id=254800, stack(0x000000badf800000,0x000000badf900000)]
  0x0000026aa929f760 JavaThread "Execution worker Thread 11" [_thread_blocked, id=189508, stack(0x000000badf900000,0x000000badfa00000)]
  0x0000026aa92a05d0 JavaThread "Execution worker Thread 12" [_thread_blocked, id=187776, stack(0x000000badfa00000,0x000000badfb00000)]
  0x0000026aa92a22b0 JavaThread "Execution worker Thread 13" [_thread_blocked, id=198420, stack(0x000000badfb00000,0x000000badfc00000)]
  0x0000026aa92a0100 JavaThread "Execution worker Thread 14" [_thread_blocked, id=257932, stack(0x000000badfc00000,0x000000badfd00000)]
  0x0000026aa92a0aa0 JavaThread "Execution worker Thread 15" [_thread_blocked, id=264324, stack(0x000000badfd00000,0x000000badfe00000)]
  0x0000026aa92a1440 JavaThread "Cache worker for execution history cache (D:\StudioProjects\placement_example\.gradle\8.0\executionHistory)" [_thread_blocked, id=257528, stack(0x000000badff00000,0x000000bae0000000)]
  0x0000026aa929fc30 JavaThread "Unconstrained build operations Thread 152" [_thread_blocked, id=262632, stack(0x000000bae0100000,0x000000bae0200000)]
  0x0000026ab03b96f0 JavaThread "Unconstrained build operations Thread 153" [_thread_blocked, id=254748, stack(0x000000bae0200000,0x000000bae0300000)]
  0x0000026ab03b9bc0 JavaThread "Unconstrained build operations Thread 154" [_thread_blocked, id=261924, stack(0x000000bae0300000,0x000000bae0400000)]
  0x0000026ab03ba090 JavaThread "Unconstrained build operations Thread 155" [_thread_blocked, id=257396, stack(0x000000bae0400000,0x000000bae0500000)]
  0x0000026ab03bb8a0 JavaThread "Unconstrained build operations Thread 156" [_thread_blocked, id=161104, stack(0x000000bae0500000,0x000000bae0600000)]
  0x0000026ab03bbd70 JavaThread "Unconstrained build operations Thread 157" [_thread_blocked, id=266552, stack(0x000000bae0600000,0x000000bae0700000)]
  0x0000026ab03bc710 JavaThread "Unconstrained build operations Thread 158" [_thread_blocked, id=68704, stack(0x000000bae0700000,0x000000bae0800000)]
  0x0000026ab03b8d50 JavaThread "Unconstrained build operations Thread 159" [_thread_blocked, id=250260, stack(0x000000bae0800000,0x000000bae0900000)]
  0x0000026aa530d130 JavaThread "Unconstrained build operations Thread 160" [_thread_blocked, id=212372, stack(0x000000bae0900000,0x000000bae0a00000)]
  0x0000026ab2501500 JavaThread "WorkerExecutor Queue" [_thread_blocked, id=267216, stack(0x000000badfe00000,0x000000badff00000)]
  0x0000026ab5aa0ee0 JavaThread "RMI RenewClean-[127.0.0.1:17034,org.jetbrains.kotlin.daemon.common.LoopbackNetworkInterface$ClientLoopbackSocketFactory@28f2ea14]" daemon [_thread_blocked, id=266780, stack(0x000000bae0000000,0x000000bae0100000)]
  0x0000026ab2501030 JavaThread "WorkerExecutor Queue Thread 2" [_thread_blocked, id=266312, stack(0x000000bae0a00000,0x000000bae0b00000)]
  0x0000026aa559f790 JavaThread "RMI RenewClean-[127.0.0.1:17034,org.jetbrains.kotlin.daemon.common.LoopbackNetworkInterface$ClientLoopbackSocketFactory@6ea2b9d9]" daemon [_thread_blocked, id=264596, stack(0x000000bae0b00000,0x000000bae0c00000)]
  0x0000026aa798b920 JavaThread "Build operations" [_thread_blocked, id=249532, stack(0x000000bae0c00000,0x000000bae0d00000)]
  0x0000026aa798a110 JavaThread "Build operations Thread 2" [_thread_blocked, id=231488, stack(0x000000bae0d00000,0x000000bae0e00000)]
  0x0000026aa798b450 JavaThread "Build operations Thread 3" [_thread_blocked, id=166572, stack(0x000000bae0e00000,0x000000bae0f00000)]
  0x0000026aa798f7b0 JavaThread "Build operations Thread 4" [_thread_blocked, id=248296, stack(0x000000bae0f00000,0x000000bae1000000)]
  0x0000026aa798a5e0 JavaThread "Build operations Thread 5" [_thread_blocked, id=261644, stack(0x000000bae1000000,0x000000bae1100000)]
  0x0000026aa798ee10 JavaThread "Build operations Thread 6" [_thread_blocked, id=248436, stack(0x000000bae1100000,0x000000bae1200000)]
  0x0000026aa798af80 JavaThread "Build operations Thread 7" [_thread_blocked, id=264456, stack(0x000000bae1200000,0x000000bae1300000)]
  0x0000026aa798dfa0 JavaThread "Build operations Thread 8" [_thread_blocked, id=266728, stack(0x000000bae1300000,0x000000bae1400000)]
  0x0000026aa798bdf0 JavaThread "Build operations Thread 9" [_thread_blocked, id=129876, stack(0x000000bae1400000,0x000000bae1500000)]
  0x0000026aa798fc80 JavaThread "Build operations Thread 10" [_thread_blocked, id=265568, stack(0x000000bae1500000,0x000000bae1600000)]
  0x0000026aa798c2c0 JavaThread "Build operations Thread 11" [_thread_blocked, id=267164, stack(0x000000bae1600000,0x000000bae1700000)]
  0x0000026aa798c790 JavaThread "Build operations Thread 12" [_thread_blocked, id=257936, stack(0x000000bae1700000,0x000000bae1800000)]
  0x0000026aa79892a0 JavaThread "Build operations Thread 13" [_thread_blocked, id=213816, stack(0x000000bae1800000,0x000000bae1900000)]
  0x0000026aa798d130 JavaThread "Build operations Thread 14" [_thread_blocked, id=266248, stack(0x000000bae1900000,0x000000bae1a00000)]
  0x0000026aa7989c40 JavaThread "Build operations Thread 15" [_thread_blocked, id=244476, stack(0x000000bae1a00000,0x000000bae1b00000)]
  0x0000026aa798d600 JavaThread "Build operations Thread 16" [_thread_blocked, id=191956, stack(0x000000bae1b00000,0x000000bae1c00000)]
  0x0000026ab0161950 JavaThread "WorkerExecutor Queue Thread 3" [_thread_blocked, id=222800, stack(0x000000bae1c00000,0x000000bae1d00000)]
  0x0000026ab01627c0 JavaThread "WorkerExecutor Queue Thread 4" [_thread_blocked, id=266916, stack(0x000000bae1d00000,0x000000bae1e00000)]
  0x0000026ab0160fb0 JavaThread "WorkerExecutor Queue Thread 5" [_thread_blocked, id=264880, stack(0x000000bae1e00000,0x000000bae1f00000)]
  0x0000026ab0161480 JavaThread "WorkerExecutor Queue Thread 6" [_thread_blocked, id=219452, stack(0x000000bae1f00000,0x000000bae2000000)]
  0x0000026ab01622f0 JavaThread "WorkerExecutor Queue Thread 7" [_thread_blocked, id=261328, stack(0x000000bae2000000,0x000000bae2100000)]
  0x0000026ab0161e20 JavaThread "WorkerExecutor Queue Thread 8" [_thread_blocked, id=263904, stack(0x000000bae2100000,0x000000bae2200000)]
  0x0000026aafed3ea0 JavaThread "WorkerExecutor Queue Thread 9" [_thread_blocked, id=255176, stack(0x000000bae2200000,0x000000bae2300000)]
  0x0000026ab5aa0540 JavaThread "WorkerExecutor Queue Thread 10" [_thread_blocked, id=266304, stack(0x000000bae2300000,0x000000bae2400000)]
  0x0000026ab5aa0070 JavaThread "WorkerExecutor Queue Thread 11" [_thread_blocked, id=266764, stack(0x000000bae2400000,0x000000bae2500000)]
  0x0000026ab5aa2220 JavaThread "WorkerExecutor Queue Thread 12" [_thread_blocked, id=189384, stack(0x000000bae2500000,0x000000bae2600000)]
  0x0000026ab5aa0a10 JavaThread "WorkerExecutor Queue Thread 13" [_thread_blocked, id=257300, stack(0x000000bae2600000,0x000000bae2700000)]
  0x0000026aac4a3540 JavaThread "WorkerExecutor Queue Thread 14" [_thread_blocked, id=259812, stack(0x000000bae2700000,0x000000bae2800000)]
  0x0000026aac4a0ec0 JavaThread "WorkerExecutor Queue Thread 15" [_thread_blocked, id=128644, stack(0x000000bae2800000,0x000000bae2900000)]
  0x0000026aafed56b0 JavaThread "WorkerExecutor Queue Thread 16" [_thread_blocked, id=264524, stack(0x000000bae2900000,0x000000bae2a00000)]

Other Threads:
=>0x0000026aa3b80960 VMThread "VM Thread" [stack: 0x000000bace300000,0x000000bace400000] [id=259128]
  0x0000026a89234850 WatcherThread [stack: 0x000000bacf000000,0x000000bacf100000] [id=236244]
  0x0000026a891fd210 GCTaskThread "GC Thread#0" [stack: 0x000000bacde00000,0x000000bacdf00000] [id=257116]
  0x0000026aa4fd3ec0 GCTaskThread "GC Thread#1" [stack: 0x000000bacf100000,0x000000bacf200000] [id=258704]
  0x0000026aa4fd4420 GCTaskThread "GC Thread#2" [stack: 0x000000bacf200000,0x000000bacf300000] [id=260620]
  0x0000026aa4fd3960 GCTaskThread "GC Thread#3" [stack: 0x000000bacf300000,0x000000bacf400000] [id=260048]
  0x0000026aa4fd3c10 GCTaskThread "GC Thread#4" [stack: 0x000000bacf400000,0x000000bacf500000] [id=55436]
  0x0000026aa4fd36b0 GCTaskThread "GC Thread#5" [stack: 0x000000bad0000000,0x000000bad0100000] [id=260544]
  0x0000026aa4fd4980 GCTaskThread "GC Thread#6" [stack: 0x000000bad0100000,0x000000bad0200000] [id=134936]
  0x0000026aa6ef6060 GCTaskThread "GC Thread#7" [stack: 0x000000bad0200000,0x000000bad0300000] [id=259384]
  0x0000026aa6ef6310 GCTaskThread "GC Thread#8" [stack: 0x000000bad0300000,0x000000bad0400000] [id=249136]
  0x0000026aa6ef6dd0 GCTaskThread "GC Thread#9" [stack: 0x000000bad0400000,0x000000bad0500000] [id=261088]
  0x0000026aa6ef65c0 GCTaskThread "GC Thread#10" [stack: 0x000000bad0500000,0x000000bad0600000] [id=256308]
  0x0000026aa6ef6870 GCTaskThread "GC Thread#11" [stack: 0x000000bad0600000,0x000000bad0700000] [id=260808]
  0x0000026aa6ef5850 GCTaskThread "GC Thread#12" [stack: 0x000000bad0700000,0x000000bad0800000] [id=261024]
  0x0000026a8920e8f0 ConcurrentGCThread "G1 Main Marker" [stack: 0x000000bacdf00000,0x000000bace000000] [id=201024]
  0x0000026a8920f300 ConcurrentGCThread "G1 Conc#0" [stack: 0x000000bace000000,0x000000bace100000] [id=257000]
  0x0000026aa6ef7b40 ConcurrentGCThread "G1 Conc#1" [stack: 0x000000bad0800000,0x000000bad0900000] [id=256216]
  0x0000026aa6ef7080 ConcurrentGCThread "G1 Conc#2" [stack: 0x000000bad0900000,0x000000bad0a00000] [id=255076]
  0x0000026a8925def0 ConcurrentGCThread "G1 Refine#0" [stack: 0x000000bace100000,0x000000bace200000] [id=257640]
  0x0000026aa935e770 ConcurrentGCThread "G1 Refine#1" [stack: 0x000000badc400000,0x000000badc500000] [id=163456]
  0x0000026aa9360cd0 ConcurrentGCThread "G1 Refine#2" [stack: 0x000000badc500000,0x000000badc600000] [id=258716]
  0x0000026aa9361b30 ConcurrentGCThread "G1 Refine#3" [stack: 0x000000badc600000,0x000000badc700000] [id=260032]
  0x0000026aa8e436d0 ConcurrentGCThread "G1 Refine#4" [stack: 0x000000bade200000,0x000000bade300000] [id=251676]
  0x0000026aa8e439b0 ConcurrentGCThread "G1 Refine#5" [stack: 0x000000bade300000,0x000000bade400000] [id=197192]
  0x0000026aa8e42590 ConcurrentGCThread "G1 Refine#6" [stack: 0x000000bade400000,0x000000bade500000] [id=253736]
  0x0000026a8925e910 ConcurrentGCThread "G1 Service" [stack: 0x000000bace200000,0x000000bace300000] [id=256988]

Threads with active compile tasks:
C2 CompilerThread0  14539276 42191 %     4       com.android.tools.r8.internal.B8::<init> @ 77 (253 bytes)

VM state: at safepoint (normal execution)

VM Mutex/Monitor currently owned by a thread:  ([mutex/lock_event])
[0x0000026a89197ce0] Threads_lock - owner thread: 0x0000026aa3b80960
[0x0000026a89197fb0] Heap_lock - owner thread: 0x0000026ab0161480

Heap address: 0x0000000080000000, size: 2048 MB, Compressed Oops mode: 32-bit

CDS archive(s) not mapped
Compressed class space mapped at: 0x0000000100000000-0x0000000140000000, reserved size: 1073741824
Narrow klass base: 0x0000000000000000, Narrow klass shift: 3, Narrow klass range: 0x140000000

GC Precious Log:
 CPUs: 16 total, 16 available
 Memory: 15557M
 Large Page Support: Disabled
 NUMA Support: Disabled
 Compressed Oops: Enabled (32-bit)
 Heap Region Size: 1M
 Heap Min Capacity: 8M
 Heap Initial Capacity: 244M
 Heap Max Capacity: 2G
 Pre-touch: Disabled
 Parallel Workers: 13
 Concurrent Workers: 3
 Concurrent Refinement Workers: 13
 Periodic GC: Disabled

Heap:
 garbage-first heap   total 877568K, used 228776K [0x0000000080000000, 0x0000000100000000)
  region size 1024K, 25 young (25600K), 25 survivors (25600K)
 Metaspace       used 159345K, committed 161344K, reserved 1187840K
  class space    used 21467K, committed 22464K, reserved 1048576K

Heap Regions: E=young(eden), S=young(survivor), O=old, HS=humongous(starts), HC=humongous(continues), CS=collection set, F=free, OA=open archive, CA=closed archive, TAMS=top-at-mark-start (previous, next)
|   0|0x0000000080000000, 0x0000000080100000, 0x0000000080100000|100%|HS|  |TAMS 0x0000000080100000, 0x0000000080100000| Complete 
|   1|0x0000000080100000, 0x0000000080200000, 0x0000000080200000|100%|HC|  |TAMS 0x0000000080200000, 0x0000000080200000| Complete 
|   2|0x0000000080200000, 0x0000000080300000, 0x0000000080300000|100%|HC|  |TAMS 0x0000000080300000, 0x0000000080300000| Complete 
|   3|0x0000000080300000, 0x0000000080400000, 0x0000000080400000|100%|HC|  |TAMS 0x0000000080400000, 0x0000000080400000| Complete 
|   4|0x0000000080400000, 0x0000000080500000, 0x0000000080500000|100%| O|  |TAMS 0x0000000080500000, 0x0000000080500000| Untracked 
|   5|0x0000000080500000, 0x0000000080600000, 0x0000000080600000|100%| O|  |TAMS 0x0000000080600000, 0x0000000080600000| Untracked 
|   6|0x0000000080600000, 0x0000000080700000, 0x0000000080700000|100%| O|  |TAMS 0x0000000080700000, 0x0000000080700000| Untracked 
|   7|0x0000000080700000, 0x0000000080800000, 0x0000000080800000|100%| O|  |TAMS 0x0000000080800000, 0x0000000080800000| Untracked 
|   8|0x0000000080800000, 0x0000000080900000, 0x0000000080900000|100%| O|  |TAMS 0x0000000080900000, 0x0000000080900000| Untracked 
|   9|0x0000000080900000, 0x0000000080a00000, 0x0000000080a00000|100%| O|  |TAMS 0x0000000080a00000, 0x0000000080a00000| Untracked 
|  10|0x0000000080a00000, 0x0000000080b00000, 0x0000000080b00000|100%| O|  |TAMS 0x0000000080b00000, 0x0000000080b00000| Untracked 
|  11|0x0000000080b00000, 0x0000000080c00000, 0x0000000080c00000|100%| O|  |TAMS 0x0000000080c00000, 0x0000000080c00000| Untracked 
|  12|0x0000000080c00000, 0x0000000080d00000, 0x0000000080d00000|100%| O|  |TAMS 0x0000000080d00000, 0x0000000080d00000| Untracked 
|  13|0x0000000080d00000, 0x0000000080e00000, 0x0000000080e00000|100%| O|  |TAMS 0x0000000080e00000, 0x0000000080e00000| Untracked 
|  14|0x0000000080e00000, 0x0000000080f00000, 0x0000000080f00000|100%| O|  |TAMS 0x0000000080f00000, 0x0000000080f00000| Untracked 
|  15|0x0000000080f00000, 0x0000000081000000, 0x0000000081000000|100%| O|  |TAMS 0x0000000081000000, 0x0000000081000000| Untracked 
|  16|0x0000000081000000, 0x0000000081100000, 0x0000000081100000|100%| O|  |TAMS 0x0000000081100000, 0x0000000081100000| Untracked 
|  17|0x0000000081100000, 0x0000000081200000, 0x0000000081200000|100%| O|  |TAMS 0x0000000081200000, 0x0000000081200000| Untracked 
|  18|0x0000000081200000, 0x0000000081300000, 0x0000000081300000|100%| O|  |TAMS 0x0000000081300000, 0x0000000081300000| Untracked 
|  19|0x0000000081300000, 0x0000000081400000, 0x0000000081400000|100%| O|  |TAMS 0x0000000081400000, 0x0000000081400000| Untracked 
|  20|0x0000000081400000, 0x0000000081500000, 0x0000000081500000|100%| O|  |TAMS 0x0000000081500000, 0x0000000081500000| Untracked 
|  21|0x0000000081500000, 0x0000000081600000, 0x0000000081600000|100%| O|  |TAMS 0x0000000081600000, 0x0000000081600000| Untracked 
|  22|0x0000000081600000, 0x0000000081700000, 0x0000000081700000|100%| O|  |TAMS 0x0000000081700000, 0x0000000081700000| Untracked 
|  23|0x0000000081700000, 0x0000000081800000, 0x0000000081800000|100%| O|  |TAMS 0x0000000081800000, 0x0000000081800000| Untracked 
|  24|0x0000000081800000, 0x0000000081900000, 0x0000000081900000|100%| O|  |TAMS 0x0000000081900000, 0x0000000081900000| Untracked 
|  25|0x0000000081900000, 0x0000000081a00000, 0x0000000081a00000|100%| O|  |TAMS 0x0000000081a00000, 0x0000000081a00000| Untracked 
|  26|0x0000000081a00000, 0x0000000081b00000, 0x0000000081b00000|100%| O|  |TAMS 0x0000000081b00000, 0x0000000081b00000| Untracked 
|  27|0x0000000081b00000, 0x0000000081c00000, 0x0000000081c00000|100%| O|  |TAMS 0x0000000081c00000, 0x0000000081c00000| Untracked 
|  28|0x0000000081c00000, 0x0000000081d00000, 0x0000000081d00000|100%| O|  |TAMS 0x0000000081d00000, 0x0000000081d00000| Untracked 
|  29|0x0000000081d00000, 0x0000000081e00000, 0x0000000081e00000|100%| O|  |TAMS 0x0000000081e00000, 0x0000000081e00000| Untracked 
|  30|0x0000000081e00000, 0x0000000081f00000, 0x0000000081f00000|100%| O|  |TAMS 0x0000000081f00000, 0x0000000081f00000| Untracked 
|  31|0x0000000081f00000, 0x0000000082000000, 0x0000000082000000|100%|HS|  |TAMS 0x0000000082000000, 0x0000000082000000| Complete 
|  32|0x0000000082000000, 0x0000000082100000, 0x0000000082100000|100%|HS|  |TAMS 0x0000000082100000, 0x0000000082100000| Complete 
|  33|0x0000000082100000, 0x0000000082200000, 0x0000000082200000|100%|HS|  |TAMS 0x0000000082200000, 0x0000000082200000| Complete 
|  34|0x0000000082200000, 0x0000000082300000, 0x0000000082300000|100%|HC|  |TAMS 0x0000000082300000, 0x0000000082300000| Complete 
|  35|0x0000000082300000, 0x0000000082400000, 0x0000000082400000|100%|HS|  |TAMS 0x0000000082400000, 0x0000000082400000| Complete 
|  36|0x0000000082400000, 0x0000000082500000, 0x0000000082500000|100%|HS|  |TAMS 0x0000000082500000, 0x0000000082500000| Complete 
|  37|0x0000000082500000, 0x0000000082600000, 0x0000000082600000|100%|HC|  |TAMS 0x0000000082600000, 0x0000000082600000| Complete 
|  38|0x0000000082600000, 0x0000000082700000, 0x0000000082700000|100%|HC|  |TAMS 0x0000000082700000, 0x0000000082700000| Complete 
|  39|0x0000000082700000, 0x0000000082800000, 0x0000000082800000|100%|HC|  |TAMS 0x0000000082800000, 0x0000000082800000| Complete 
|  40|0x0000000082800000, 0x0000000082900000, 0x0000000082900000|100%| O|  |TAMS 0x0000000082900000, 0x0000000082900000| Untracked 
|  41|0x0000000082900000, 0x0000000082a00000, 0x0000000082a00000|100%| O|  |TAMS 0x0000000082a00000, 0x0000000082a00000| Untracked 
|  42|0x0000000082a00000, 0x0000000082b00000, 0x0000000082b00000|100%| O|  |TAMS 0x0000000082b00000, 0x0000000082b00000| Untracked 
|  43|0x0000000082b00000, 0x0000000082c00000, 0x0000000082c00000|100%| O|  |TAMS 0x0000000082c00000, 0x0000000082c00000| Untracked 
|  44|0x0000000082c00000, 0x0000000082c00000, 0x0000000082d00000|  0%| F|  |TAMS 0x0000000082c00000, 0x0000000082c00000| Untracked 
|  45|0x0000000082d00000, 0x0000000082e00000, 0x0000000082e00000|100%| O|  |TAMS 0x0000000082e00000, 0x0000000082e00000| Untracked 
|  46|0x0000000082e00000, 0x0000000082f00000, 0x0000000082f00000|100%| O|  |TAMS 0x0000000082f00000, 0x0000000082f00000| Untracked 
|  47|0x0000000082f00000, 0x0000000083000000, 0x0000000083000000|100%| O|  |TAMS 0x0000000083000000, 0x0000000083000000| Untracked 
|  48|0x0000000083000000, 0x0000000083100000, 0x0000000083100000|100%| O|  |TAMS 0x0000000083100000, 0x0000000083100000| Untracked 
|  49|0x0000000083100000, 0x0000000083200000, 0x0000000083200000|100%| O|  |TAMS 0x0000000083200000, 0x0000000083200000| Untracked 
|  50|0x0000000083200000, 0x0000000083300000, 0x0000000083300000|100%| O|  |TAMS 0x0000000083300000, 0x0000000083300000| Untracked 
|  51|0x0000000083300000, 0x0000000083400000, 0x0000000083400000|100%| O|  |TAMS 0x0000000083400000, 0x0000000083400000| Untracked 
|  52|0x0000000083400000, 0x0000000083500000, 0x0000000083500000|100%| O|  |TAMS 0x0000000083500000, 0x0000000083500000| Untracked 
|  53|0x0000000083500000, 0x0000000083600000, 0x0000000083600000|100%| O|  |TAMS 0x0000000083600000, 0x0000000083600000| Untracked 
|  54|0x0000000083600000, 0x0000000083700000, 0x0000000083700000|100%| O|  |TAMS 0x0000000083700000, 0x0000000083700000| Untracked 
|  55|0x0000000083700000, 0x0000000083800000, 0x0000000083800000|100%| O|  |TAMS 0x0000000083800000, 0x0000000083800000| Untracked 
|  56|0x0000000083800000, 0x0000000083800000, 0x0000000083900000|  0%| F|  |TAMS 0x0000000083800000, 0x0000000083800000| Untracked 
|  57|0x0000000083900000, 0x0000000083a00000, 0x0000000083a00000|100%| O|  |TAMS 0x0000000083a00000, 0x0000000083a00000| Untracked 
|  58|0x0000000083a00000, 0x0000000083b00000, 0x0000000083b00000|100%| O|  |TAMS 0x0000000083b00000, 0x0000000083b00000| Untracked 
|  59|0x0000000083b00000, 0x0000000083c00000, 0x0000000083c00000|100%| O|  |TAMS 0x0000000083c00000, 0x0000000083c00000| Untracked 
|  60|0x0000000083c00000, 0x0000000083d00000, 0x0000000083d00000|100%| O|  |TAMS 0x0000000083d00000, 0x0000000083d00000| Untracked 
|  61|0x0000000083d00000, 0x0000000083e00000, 0x0000000083e00000|100%| O|  |TAMS 0x0000000083e00000, 0x0000000083e00000| Untracked 
|  62|0x0000000083e00000, 0x0000000083f00000, 0x0000000083f00000|100%| O|  |TAMS 0x0000000083f00000, 0x0000000083f00000| Untracked 
|  63|0x0000000083f00000, 0x0000000084000000, 0x0000000084000000|100%| O|  |TAMS 0x0000000084000000, 0x0000000084000000| Untracked 
|  64|0x0000000084000000, 0x0000000084100000, 0x0000000084100000|100%| O|  |TAMS 0x0000000084100000, 0x0000000084100000| Untracked 
|  65|0x0000000084100000, 0x0000000084200000, 0x0000000084200000|100%| O|  |TAMS 0x0000000084200000, 0x0000000084200000| Untracked 
|  66|0x0000000084200000, 0x0000000084300000, 0x0000000084300000|100%| O|  |TAMS 0x0000000084300000, 0x0000000084300000| Untracked 
|  67|0x0000000084300000, 0x0000000084400000, 0x0000000084400000|100%| O|  |TAMS 0x0000000084400000, 0x0000000084400000| Untracked 
|  68|0x0000000084400000, 0x0000000084500000, 0x0000000084500000|100%| O|  |TAMS 0x0000000084500000, 0x0000000084500000| Untracked 
|  69|0x0000000084500000, 0x0000000084600000, 0x0000000084600000|100%| O|  |TAMS 0x0000000084600000, 0x0000000084600000| Untracked 
|  70|0x0000000084600000, 0x0000000084700000, 0x0000000084700000|100%| O|  |TAMS 0x0000000084700000, 0x0000000084700000| Untracked 
|  71|0x0000000084700000, 0x0000000084700000, 0x0000000084800000|  0%| F|  |TAMS 0x0000000084700000, 0x0000000084700000| Untracked 
|  72|0x0000000084800000, 0x0000000084900000, 0x0000000084900000|100%| O|  |TAMS 0x0000000084900000, 0x0000000084900000| Untracked 
|  73|0x0000000084900000, 0x0000000084a00000, 0x0000000084a00000|100%| O|  |TAMS 0x0000000084a00000, 0x0000000084a00000| Untracked 
|  74|0x0000000084a00000, 0x0000000084b00000, 0x0000000084b00000|100%| O|  |TAMS 0x0000000084b00000, 0x0000000084b00000| Untracked 
|  75|0x0000000084b00000, 0x0000000084c00000, 0x0000000084c00000|100%| O|  |TAMS 0x0000000084c00000, 0x0000000084c00000| Untracked 
|  76|0x0000000084c00000, 0x0000000084d00000, 0x0000000084d00000|100%| O|  |TAMS 0x0000000084d00000, 0x0000000084d00000| Untracked 
|  77|0x0000000084d00000, 0x0000000084e00000, 0x0000000084e00000|100%| O|  |TAMS 0x0000000084e00000, 0x0000000084e00000| Untracked 
|  78|0x0000000084e00000, 0x0000000084f00000, 0x0000000084f00000|100%| O|  |TAMS 0x0000000084f00000, 0x0000000084f00000| Untracked 
|  79|0x0000000084f00000, 0x0000000085000000, 0x0000000085000000|100%| O|  |TAMS 0x0000000085000000, 0x0000000085000000| Untracked 
|  80|0x0000000085000000, 0x0000000085100000, 0x0000000085100000|100%| O|  |TAMS 0x0000000085100000, 0x0000000085100000| Untracked 
|  81|0x0000000085100000, 0x0000000085200000, 0x0000000085200000|100%| O|  |TAMS 0x0000000085200000, 0x0000000085200000| Untracked 
|  82|0x0000000085200000, 0x0000000085300000, 0x0000000085300000|100%| O|  |TAMS 0x0000000085300000, 0x0000000085300000| Untracked 
|  83|0x0000000085300000, 0x0000000085400000, 0x0000000085400000|100%| O|  |TAMS 0x0000000085400000, 0x0000000085400000| Untracked 
|  84|0x0000000085400000, 0x0000000085500000, 0x0000000085500000|100%| O|  |TAMS 0x0000000085500000, 0x0000000085500000| Untracked 
|  85|0x0000000085500000, 0x0000000085500000, 0x0000000085600000|  0%| F|  |TAMS 0x0000000085500000, 0x0000000085500000| Untracked 
|  86|0x0000000085600000, 0x0000000085700000, 0x0000000085700000|100%| O|  |TAMS 0x0000000085700000, 0x0000000085700000| Untracked 
|  87|0x0000000085700000, 0x0000000085800000, 0x0000000085800000|100%| O|  |TAMS 0x0000000085800000, 0x0000000085800000| Untracked 
|  88|0x0000000085800000, 0x0000000085800000, 0x0000000085900000|  0%| F|  |TAMS 0x0000000085800000, 0x0000000085800000| Untracked 
|  89|0x0000000085900000, 0x0000000085a00000, 0x0000000085a00000|100%| O|  |TAMS 0x0000000085a00000, 0x0000000085a00000| Untracked 
|  90|0x0000000085a00000, 0x0000000085b00000, 0x0000000085b00000|100%| O|  |TAMS 0x0000000085b00000, 0x0000000085b00000| Untracked 
|  91|0x0000000085b00000, 0x0000000085b00000, 0x0000000085c00000|  0%| F|  |TAMS 0x0000000085b00000, 0x0000000085b00000| Untracked 
|  92|0x0000000085c00000, 0x0000000085d00000, 0x0000000085d00000|100%| O|  |TAMS 0x0000000085d00000, 0x0000000085d00000| Untracked 
|  93|0x0000000085d00000, 0x0000000085d00000, 0x0000000085e00000|  0%| F|  |TAMS 0x0000000085d00000, 0x0000000085d00000| Untracked 
|  94|0x0000000085e00000, 0x0000000085e00000, 0x0000000085f00000|  0%| F|  |TAMS 0x0000000085e00000, 0x0000000085e00000| Untracked 
|  95|0x0000000085f00000, 0x0000000086000000, 0x0000000086000000|100%| O|  |TAMS 0x0000000086000000, 0x0000000086000000| Untracked 
|  96|0x0000000086000000, 0x0000000086100000, 0x0000000086100000|100%| O|  |TAMS 0x0000000086100000, 0x0000000086100000| Untracked 
|  97|0x0000000086100000, 0x0000000086200000, 0x0000000086200000|100%| O|  |TAMS 0x0000000086200000, 0x0000000086200000| Untracked 
|  98|0x0000000086200000, 0x0000000086300000, 0x0000000086300000|100%| O|  |TAMS 0x0000000086300000, 0x0000000086300000| Untracked 
|  99|0x0000000086300000, 0x0000000086400000, 0x0000000086400000|100%| O|  |TAMS 0x0000000086400000, 0x0000000086400000| Untracked 
| 100|0x0000000086400000, 0x0000000086500000, 0x0000000086500000|100%| O|  |TAMS 0x0000000086500000, 0x0000000086500000| Untracked 
| 101|0x0000000086500000, 0x0000000086600000, 0x0000000086600000|100%| O|  |TAMS 0x0000000086600000, 0x0000000086600000| Untracked 
| 102|0x0000000086600000, 0x0000000086700000, 0x0000000086700000|100%| O|  |TAMS 0x0000000086600000, 0x0000000086700000| Untracked 
| 103|0x0000000086700000, 0x0000000086800000, 0x0000000086800000|100%| O|  |TAMS 0x0000000086800000, 0x0000000086800000| Untracked 
| 104|0x0000000086800000, 0x0000000086900000, 0x0000000086900000|100%| O|  |TAMS 0x0000000086900000, 0x0000000086900000| Untracked 
| 105|0x0000000086900000, 0x0000000086a00000, 0x0000000086a00000|100%| O|  |TAMS 0x0000000086a00000, 0x0000000086a00000| Untracked 
| 106|0x0000000086a00000, 0x0000000086b00000, 0x0000000086b00000|100%| O|  |TAMS 0x0000000086a00000, 0x0000000086b00000| Untracked 
| 107|0x0000000086b00000, 0x0000000086c00000, 0x0000000086c00000|100%| O|  |TAMS 0x0000000086b00000, 0x0000000086c00000| Untracked 
| 108|0x0000000086c00000, 0x0000000086d00000, 0x0000000086d00000|100%| O|  |TAMS 0x0000000086d00000, 0x0000000086d00000| Untracked 
| 109|0x0000000086d00000, 0x0000000086e00000, 0x0000000086e00000|100%| O|  |TAMS 0x0000000086e00000, 0x0000000086e00000| Untracked 
| 110|0x0000000086e00000, 0x0000000086f00000, 0x0000000086f00000|100%| O|  |TAMS 0x0000000086e00000, 0x0000000086f00000| Untracked 
| 111|0x0000000086f00000, 0x0000000087000000, 0x0000000087000000|100%| O|  |TAMS 0x0000000086f00000, 0x0000000087000000| Untracked 
| 112|0x0000000087000000, 0x0000000087100000, 0x0000000087100000|100%| O|  |TAMS 0x0000000087000000, 0x0000000087100000| Untracked 
| 113|0x0000000087100000, 0x0000000087200000, 0x0000000087200000|100%| O|  |TAMS 0x0000000087100000, 0x0000000087200000| Untracked 
| 114|0x0000000087200000, 0x0000000087300000, 0x0000000087300000|100%| O|  |TAMS 0x0000000087300000, 0x0000000087300000| Untracked 
| 115|0x0000000087300000, 0x0000000087400000, 0x0000000087400000|100%| O|  |TAMS 0x0000000087400000, 0x0000000087400000| Untracked 
| 116|0x0000000087400000, 0x0000000087500000, 0x0000000087500000|100%| O|  |TAMS 0x0000000087500000, 0x0000000087500000| Untracked 
| 117|0x0000000087500000, 0x0000000087600000, 0x0000000087600000|100%| O|  |TAMS 0x0000000087500000, 0x0000000087600000| Untracked 
| 118|0x0000000087600000, 0x0000000087700000, 0x0000000087700000|100%| O|  |TAMS 0x0000000087600000, 0x0000000087700000| Untracked 
| 119|0x0000000087700000, 0x0000000087800000, 0x0000000087800000|100%| O|  |TAMS 0x0000000087800000, 0x0000000087800000| Untracked 
| 120|0x0000000087800000, 0x0000000087900000, 0x0000000087900000|100%| O|  |TAMS 0x0000000087800000, 0x0000000087900000| Untracked 
| 121|0x0000000087900000, 0x0000000087a00000, 0x0000000087a00000|100%| O|  |TAMS 0x0000000087900000, 0x0000000087a00000| Untracked 
| 122|0x0000000087a00000, 0x0000000087b00000, 0x0000000087b00000|100%| O|  |TAMS 0x0000000087b00000, 0x0000000087b00000| Untracked 
| 123|0x0000000087b00000, 0x0000000087c00000, 0x0000000087c00000|100%| O|  |TAMS 0x0000000087c00000, 0x0000000087c00000| Untracked 
| 124|0x0000000087c00000, 0x0000000087d00000, 0x0000000087d00000|100%| O|  |TAMS 0x0000000087d00000, 0x0000000087d00000| Untracked 
| 125|0x0000000087d00000, 0x0000000087e00000, 0x0000000087e00000|100%| O|  |TAMS 0x0000000087e00000, 0x0000000087e00000| Untracked 
| 126|0x0000000087e00000, 0x0000000087f00000, 0x0000000087f00000|100%| O|  |TAMS 0x0000000087f00000, 0x0000000087f00000| Untracked 
| 127|0x0000000087f00000, 0x0000000087f00000, 0x0000000088000000|  0%| F|  |TAMS 0x0000000087f00000, 0x0000000087f00000| Untracked 
| 128|0x0000000088000000, 0x0000000088100000, 0x0000000088100000|100%| O|  |TAMS 0x0000000088100000, 0x0000000088100000| Untracked 
| 129|0x0000000088100000, 0x0000000088100000, 0x0000000088200000|  0%| F|  |TAMS 0x0000000088100000, 0x0000000088100000| Untracked 
| 130|0x0000000088200000, 0x0000000088300000, 0x0000000088300000|100%| O|  |TAMS 0x0000000088300000, 0x0000000088300000| Untracked 
| 131|0x0000000088300000, 0x0000000088300000, 0x0000000088400000|  0%| F|  |TAMS 0x0000000088300000, 0x0000000088300000| Untracked 
| 132|0x0000000088400000, 0x0000000088500000, 0x0000000088500000|100%| O|  |TAMS 0x0000000088400000, 0x0000000088500000| Untracked 
| 133|0x0000000088500000, 0x0000000088500000, 0x0000000088600000|  0%| F|  |TAMS 0x0000000088500000, 0x0000000088500000| Untracked 
| 134|0x0000000088600000, 0x0000000088700000, 0x0000000088700000|100%| O|  |TAMS 0x0000000088600000, 0x0000000088700000| Untracked 
| 135|0x0000000088700000, 0x0000000088800000, 0x0000000088800000|100%| O|  |TAMS 0x0000000088800000, 0x0000000088800000| Untracked 
| 136|0x0000000088800000, 0x0000000088900000, 0x0000000088900000|100%| O|  |TAMS 0x0000000088800000, 0x0000000088900000| Untracked 
| 137|0x0000000088900000, 0x0000000088900000, 0x0000000088a00000|  0%| F|  |TAMS 0x0000000088900000, 0x0000000088900000| Untracked 
| 138|0x0000000088a00000, 0x0000000088a00000, 0x0000000088b00000|  0%| F|  |TAMS 0x0000000088a00000, 0x0000000088a00000| Untracked 
| 139|0x0000000088b00000, 0x0000000088b00000, 0x0000000088c00000|  0%| F|  |TAMS 0x0000000088b00000, 0x0000000088b00000| Untracked 
| 140|0x0000000088c00000, 0x0000000088d00000, 0x0000000088d00000|100%| O|  |TAMS 0x0000000088d00000, 0x0000000088d00000| Untracked 
| 141|0x0000000088d00000, 0x0000000088e00000, 0x0000000088e00000|100%| O|  |TAMS 0x0000000088e00000, 0x0000000088e00000| Untracked 
| 142|0x0000000088e00000, 0x0000000088f00000, 0x0000000088f00000|100%| O|  |TAMS 0x0000000088f00000, 0x0000000088f00000| Untracked 
| 143|0x0000000088f00000, 0x0000000089000000, 0x0000000089000000|100%| O|  |TAMS 0x0000000089000000, 0x0000000089000000| Untracked 
| 144|0x0000000089000000, 0x0000000089100000, 0x0000000089100000|100%| O|  |TAMS 0x0000000089100000, 0x0000000089100000| Untracked 
| 145|0x0000000089100000, 0x0000000089100000, 0x0000000089200000|  0%| F|  |TAMS 0x0000000089100000, 0x0000000089100000| Untracked 
| 146|0x0000000089200000, 0x0000000089300000, 0x0000000089300000|100%| O|  |TAMS 0x0000000089300000, 0x0000000089300000| Untracked 
| 147|0x0000000089300000, 0x0000000089400000, 0x0000000089400000|100%| O|  |TAMS 0x0000000089400000, 0x0000000089400000| Untracked 
| 148|0x0000000089400000, 0x0000000089500000, 0x0000000089500000|100%| O|  |TAMS 0x0000000089500000, 0x0000000089500000| Untracked 
| 149|0x0000000089500000, 0x0000000089600000, 0x0000000089600000|100%| O|  |TAMS 0x0000000089600000, 0x0000000089600000| Untracked 
| 150|0x0000000089600000, 0x0000000089700000, 0x0000000089700000|100%| O|  |TAMS 0x0000000089700000, 0x0000000089700000| Untracked 
| 151|0x0000000089700000, 0x0000000089800000, 0x0000000089800000|100%| O|  |TAMS 0x0000000089800000, 0x0000000089800000| Untracked 
| 152|0x0000000089800000, 0x0000000089900000, 0x0000000089900000|100%| O|  |TAMS 0x0000000089900000, 0x0000000089900000| Untracked 
| 153|0x0000000089900000, 0x0000000089900000, 0x0000000089a00000|  0%| F|  |TAMS 0x0000000089900000, 0x0000000089900000| Untracked 
| 154|0x0000000089a00000, 0x0000000089a00000, 0x0000000089b00000|  0%| F|  |TAMS 0x0000000089a00000, 0x0000000089a00000| Untracked 
| 155|0x0000000089b00000, 0x0000000089b00000, 0x0000000089c00000|  0%| F|  |TAMS 0x0000000089b00000, 0x0000000089b00000| Untracked 
| 156|0x0000000089c00000, 0x0000000089c00000, 0x0000000089d00000|  0%| F|  |TAMS 0x0000000089c00000, 0x0000000089c00000| Untracked 
| 157|0x0000000089d00000, 0x0000000089d00000, 0x0000000089e00000|  0%| F|  |TAMS 0x0000000089d00000, 0x0000000089d00000| Untracked 
| 158|0x0000000089e00000, 0x0000000089e00000, 0x0000000089f00000|  0%| F|  |TAMS 0x0000000089e00000, 0x0000000089e00000| Untracked 
| 159|0x0000000089f00000, 0x000000008a000000, 0x000000008a000000|100%| O|  |TAMS 0x000000008a000000, 0x000000008a000000| Untracked 
| 160|0x000000008a000000, 0x000000008a000000, 0x000000008a100000|  0%| F|  |TAMS 0x000000008a000000, 0x000000008a000000| Untracked 
| 161|0x000000008a100000, 0x000000008a100000, 0x000000008a200000|  0%| F|  |TAMS 0x000000008a100000, 0x000000008a100000| Untracked 
| 162|0x000000008a200000, 0x000000008a300000, 0x000000008a300000|100%| O|  |TAMS 0x000000008a300000, 0x000000008a300000| Untracked 
| 163|0x000000008a300000, 0x000000008a400000, 0x000000008a400000|100%| O|  |TAMS 0x000000008a300000, 0x000000008a400000| Untracked 
| 164|0x000000008a400000, 0x000000008a400000, 0x000000008a500000|  0%| F|  |TAMS 0x000000008a400000, 0x000000008a400000| Untracked 
| 165|0x000000008a500000, 0x000000008a500000, 0x000000008a600000|  0%| F|  |TAMS 0x000000008a500000, 0x000000008a500000| Untracked 
| 166|0x000000008a600000, 0x000000008a600000, 0x000000008a700000|  0%| F|  |TAMS 0x000000008a600000, 0x000000008a600000| Untracked 
| 167|0x000000008a700000, 0x000000008a700000, 0x000000008a800000|  0%| F|  |TAMS 0x000000008a700000, 0x000000008a700000| Untracked 
| 168|0x000000008a800000, 0x000000008a800000, 0x000000008a900000|  0%| F|  |TAMS 0x000000008a800000, 0x000000008a800000| Untracked 
| 169|0x000000008a900000, 0x000000008aa00000, 0x000000008aa00000|100%| O|  |TAMS 0x000000008a900000, 0x000000008aa00000| Untracked 
| 170|0x000000008aa00000, 0x000000008aa00000, 0x000000008ab00000|  0%| F|  |TAMS 0x000000008aa00000, 0x000000008aa00000| Untracked 
| 171|0x000000008ab00000, 0x000000008ab00000, 0x000000008ac00000|  0%| F|  |TAMS 0x000000008ab00000, 0x000000008ab00000| Untracked 
| 172|0x000000008ac00000, 0x000000008ad00000, 0x000000008ad00000|100%| O|  |TAMS 0x000000008ac00000, 0x000000008ad00000| Untracked 
| 173|0x000000008ad00000, 0x000000008ae00000, 0x000000008ae00000|100%| O|  |TAMS 0x000000008ad00000, 0x000000008ae00000| Untracked 
| 174|0x000000008ae00000, 0x000000008af00000, 0x000000008af00000|100%| O|  |TAMS 0x000000008ae00000, 0x000000008af00000| Untracked 
| 175|0x000000008af00000, 0x000000008b000000, 0x000000008b000000|100%| O|  |TAMS 0x000000008af00000, 0x000000008b000000| Untracked 
| 176|0x000000008b000000, 0x000000008b100000, 0x000000008b100000|100%| O|  |TAMS 0x000000008b000000, 0x000000008b100000| Untracked 
| 177|0x000000008b100000, 0x000000008b200000, 0x000000008b200000|100%| O|  |TAMS 0x000000008b100000, 0x000000008b200000| Untracked 
| 178|0x000000008b200000, 0x000000008b300000, 0x000000008b300000|100%| O|  |TAMS 0x000000008b300000, 0x000000008b300000| Untracked 
| 179|0x000000008b300000, 0x000000008b400000, 0x000000008b400000|100%| O|  |TAMS 0x000000008b400000, 0x000000008b400000| Untracked 
| 180|0x000000008b400000, 0x000000008b500000, 0x000000008b500000|100%| O|  |TAMS 0x000000008b500000, 0x000000008b500000| Untracked 
| 181|0x000000008b500000, 0x000000008b600000, 0x000000008b600000|100%| O|  |TAMS 0x000000008b600000, 0x000000008b600000| Untracked 
| 182|0x000000008b600000, 0x000000008b700000, 0x000000008b700000|100%| O|  |TAMS 0x000000008b700000, 0x000000008b700000| Untracked 
| 183|0x000000008b700000, 0x000000008b800000, 0x000000008b800000|100%| O|  |TAMS 0x000000008b800000, 0x000000008b800000| Untracked 
| 184|0x000000008b800000, 0x000000008b900000, 0x000000008b900000|100%| O|  |TAMS 0x000000008b900000, 0x000000008b900000| Untracked 
| 185|0x000000008b900000, 0x000000008ba00000, 0x000000008ba00000|100%| O|  |TAMS 0x000000008ba00000, 0x000000008ba00000| Untracked 
| 186|0x000000008ba00000, 0x000000008bb00000, 0x000000008bb00000|100%| O|  |TAMS 0x000000008bb00000, 0x000000008bb00000| Untracked 
| 187|0x000000008bb00000, 0x000000008bc00000, 0x000000008bc00000|100%| O|  |TAMS 0x000000008bc00000, 0x000000008bc00000| Untracked 
| 188|0x000000008bc00000, 0x000000008bc00000, 0x000000008bd00000|  0%| F|  |TAMS 0x000000008bc00000, 0x000000008bc00000| Untracked 
| 189|0x000000008bd00000, 0x000000008be00000, 0x000000008be00000|100%| O|  |TAMS 0x000000008be00000, 0x000000008be00000| Untracked 
| 190|0x000000008be00000, 0x000000008be00000, 0x000000008bf00000|  0%| F|  |TAMS 0x000000008be00000, 0x000000008be00000| Untracked 
| 191|0x000000008bf00000, 0x000000008c000000, 0x000000008c000000|100%| O|  |TAMS 0x000000008c000000, 0x000000008c000000| Untracked 
| 192|0x000000008c000000, 0x000000008c100000, 0x000000008c100000|100%| O|  |TAMS 0x000000008c100000, 0x000000008c100000| Untracked 
| 193|0x000000008c100000, 0x000000008c100000, 0x000000008c200000|  0%| F|  |TAMS 0x000000008c100000, 0x000000008c100000| Untracked 
| 194|0x000000008c200000, 0x000000008c300000, 0x000000008c300000|100%| O|  |TAMS 0x000000008c300000, 0x000000008c300000| Untracked 
| 195|0x000000008c300000, 0x000000008c400000, 0x000000008c400000|100%| O|  |TAMS 0x000000008c400000, 0x000000008c400000| Untracked 
| 196|0x000000008c400000, 0x000000008c500000, 0x000000008c500000|100%| O|  |TAMS 0x000000008c500000, 0x000000008c500000| Untracked 
| 197|0x000000008c500000, 0x000000008c600000, 0x000000008c600000|100%| O|  |TAMS 0x000000008c600000, 0x000000008c600000| Untracked 
| 198|0x000000008c600000, 0x000000008c700000, 0x000000008c700000|100%| O|  |TAMS 0x000000008c700000, 0x000000008c700000| Untracked 
| 199|0x000000008c700000, 0x000000008c800000, 0x000000008c800000|100%| O|  |TAMS 0x000000008c800000, 0x000000008c800000| Untracked 
| 200|0x000000008c800000, 0x000000008c900000, 0x000000008c900000|100%| O|  |TAMS 0x000000008c900000, 0x000000008c900000| Untracked 
| 201|0x000000008c900000, 0x000000008ca00000, 0x000000008ca00000|100%| O|  |TAMS 0x000000008ca00000, 0x000000008ca00000| Untracked 
| 202|0x000000008ca00000, 0x000000008cb00000, 0x000000008cb00000|100%| O|  |TAMS 0x000000008cb00000, 0x000000008cb00000| Untracked 
| 203|0x000000008cb00000, 0x000000008cc00000, 0x000000008cc00000|100%| O|  |TAMS 0x000000008cc00000, 0x000000008cc00000| Untracked 
| 204|0x000000008cc00000, 0x000000008cc00000, 0x000000008cd00000|  0%| F|  |TAMS 0x000000008cc00000, 0x000000008cc00000| Untracked 
| 205|0x000000008cd00000, 0x000000008ce00000, 0x000000008ce00000|100%| O|  |TAMS 0x000000008ce00000, 0x000000008ce00000| Untracked 
| 206|0x000000008ce00000, 0x000000008cf00000, 0x000000008cf00000|100%| O|  |TAMS 0x000000008cf00000, 0x000000008cf00000| Untracked 
| 207|0x000000008cf00000, 0x000000008d000000, 0x000000008d000000|100%| O|  |TAMS 0x000000008cf00000, 0x000000008d000000| Untracked 
| 208|0x000000008d000000, 0x000000008d100000, 0x000000008d100000|100%| O|  |TAMS 0x000000008d100000, 0x000000008d100000| Untracked 
| 209|0x000000008d100000, 0x000000008d200000, 0x000000008d200000|100%| O|  |TAMS 0x000000008d200000, 0x000000008d200000| Untracked 
| 210|0x000000008d200000, 0x000000008d300000, 0x000000008d300000|100%| O|  |TAMS 0x000000008d300000, 0x000000008d300000| Untracked 
| 211|0x000000008d300000, 0x000000008d400000, 0x000000008d400000|100%| O|  |TAMS 0x000000008d400000, 0x000000008d400000| Untracked 
| 212|0x000000008d400000, 0x000000008d500000, 0x000000008d500000|100%| O|  |TAMS 0x000000008d500000, 0x000000008d500000| Untracked 
| 213|0x000000008d500000, 0x000000008d600000, 0x000000008d600000|100%| O|  |TAMS 0x000000008d600000, 0x000000008d600000| Untracked 
| 214|0x000000008d600000, 0x000000008d700000, 0x000000008d700000|100%| O|  |TAMS 0x000000008d700000, 0x000000008d700000| Untracked 
| 215|0x000000008d700000, 0x000000008d800000, 0x000000008d800000|100%| O|  |TAMS 0x000000008d800000, 0x000000008d800000| Untracked 
| 216|0x000000008d800000, 0x000000008d800000, 0x000000008d900000|  0%| F|  |TAMS 0x000000008d800000, 0x000000008d800000| Untracked 
| 217|0x000000008d900000, 0x000000008d900000, 0x000000008da00000|  0%| F|  |TAMS 0x000000008d900000, 0x000000008d900000| Untracked 
| 218|0x000000008da00000, 0x000000008da00000, 0x000000008db00000|  0%| F|  |TAMS 0x000000008da00000, 0x000000008da00000| Untracked 
| 219|0x000000008db00000, 0x000000008dc00000, 0x000000008dc00000|100%| O|  |TAMS 0x000000008dc00000, 0x000000008dc00000| Untracked 
| 220|0x000000008dc00000, 0x000000008dd00000, 0x000000008dd00000|100%| O|  |TAMS 0x000000008dd00000, 0x000000008dd00000| Untracked 
| 221|0x000000008dd00000, 0x000000008de00000, 0x000000008de00000|100%| O|  |TAMS 0x000000008de00000, 0x000000008de00000| Untracked 
| 222|0x000000008de00000, 0x000000008df00000, 0x000000008df00000|100%| O|  |TAMS 0x000000008df00000, 0x000000008df00000| Untracked 
| 223|0x000000008df00000, 0x000000008df00000, 0x000000008e000000|  0%| F|  |TAMS 0x000000008df00000, 0x000000008df00000| Untracked 
| 224|0x000000008e000000, 0x000000008e100000, 0x000000008e100000|100%| O|  |TAMS 0x000000008e100000, 0x000000008e100000| Untracked 
| 225|0x000000008e100000, 0x000000008e200000, 0x000000008e200000|100%| O|  |TAMS 0x000000008e200000, 0x000000008e200000| Untracked 
| 226|0x000000008e200000, 0x000000008e300000, 0x000000008e300000|100%| O|  |TAMS 0x000000008e300000, 0x000000008e300000| Untracked 
| 227|0x000000008e300000, 0x000000008e400000, 0x000000008e400000|100%| O|  |TAMS 0x000000008e400000, 0x000000008e400000| Untracked 
| 228|0x000000008e400000, 0x000000008e500000, 0x000000008e500000|100%| O|  |TAMS 0x000000008e500000, 0x000000008e500000| Untracked 
| 229|0x000000008e500000, 0x000000008e500000, 0x000000008e600000|  0%| F|  |TAMS 0x000000008e500000, 0x000000008e500000| Untracked 
| 230|0x000000008e600000, 0x000000008e600000, 0x000000008e700000|  0%| F|  |TAMS 0x000000008e600000, 0x000000008e600000| Untracked 
| 231|0x000000008e700000, 0x000000008e700000, 0x000000008e800000|  0%| F|  |TAMS 0x000000008e700000, 0x000000008e700000| Untracked 
| 232|0x000000008e800000, 0x000000008e900000, 0x000000008e900000|100%| O|  |TAMS 0x000000008e900000, 0x000000008e900000| Untracked 
| 233|0x000000008e900000, 0x000000008ea00000, 0x000000008ea00000|100%| O|  |TAMS 0x000000008e9f3600, 0x000000008ea00000| Untracked 
| 234|0x000000008ea00000, 0x000000008eb00000, 0x000000008eb00000|100%| O|  |TAMS 0x000000008ea00000, 0x000000008eb00000| Untracked 
| 235|0x000000008eb00000, 0x000000008ec00000, 0x000000008ec00000|100%| O|  |TAMS 0x000000008eb00000, 0x000000008ec00000| Untracked 
| 236|0x000000008ec00000, 0x000000008ed00000, 0x000000008ed00000|100%| O|  |TAMS 0x000000008ec00000, 0x000000008ed00000| Untracked 
| 237|0x000000008ed00000, 0x000000008ee00000, 0x000000008ee00000|100%| O|  |TAMS 0x000000008ed00000, 0x000000008ee00000| Untracked 
| 238|0x000000008ee00000, 0x000000008ef00000, 0x000000008ef00000|100%| O|  |TAMS 0x000000008ee00000, 0x000000008ef00000| Untracked 
| 239|0x000000008ef00000, 0x000000008f000000, 0x000000008f000000|100%| O|  |TAMS 0x000000008ef00000, 0x000000008f000000| Untracked 
| 240|0x000000008f000000, 0x000000008f100000, 0x000000008f100000|100%| O|  |TAMS 0x000000008f000000, 0x000000008f100000| Untracked 
| 241|0x000000008f100000, 0x000000008f14fa00, 0x000000008f200000| 31%| O|  |TAMS 0x000000008f100000, 0x000000008f14fa00| Untracked 
| 242|0x000000008f200000, 0x000000008f200000, 0x000000008f300000|  0%| F|  |TAMS 0x000000008f200000, 0x000000008f200000| Untracked 
| 243|0x000000008f300000, 0x000000008f300000, 0x000000008f400000|  0%| F|  |TAMS 0x000000008f300000, 0x000000008f300000| Untracked 
| 244|0x000000008f400000, 0x000000008f400000, 0x000000008f500000|  0%| F|  |TAMS 0x000000008f400000, 0x000000008f400000| Untracked 
| 245|0x000000008f500000, 0x000000008f500000, 0x000000008f600000|  0%| F|  |TAMS 0x000000008f500000, 0x000000008f500000| Untracked 
| 246|0x000000008f600000, 0x000000008f600000, 0x000000008f700000|  0%| F|  |TAMS 0x000000008f600000, 0x000000008f600000| Untracked 
| 247|0x000000008f700000, 0x000000008f700000, 0x000000008f800000|  0%| F|  |TAMS 0x000000008f700000, 0x000000008f700000| Untracked 
| 248|0x000000008f800000, 0x000000008f800000, 0x000000008f900000|  0%| F|  |TAMS 0x000000008f800000, 0x000000008f800000| Untracked 
| 249|0x000000008f900000, 0x000000008f900000, 0x000000008fa00000|  0%| F|  |TAMS 0x000000008f900000, 0x000000008f900000| Untracked 
| 250|0x000000008fa00000, 0x000000008fa00000, 0x000000008fb00000|  0%| F|  |TAMS 0x000000008fa00000, 0x000000008fa00000| Untracked 
| 251|0x000000008fb00000, 0x000000008fb00000, 0x000000008fc00000|  0%| F|  |TAMS 0x000000008fb00000, 0x000000008fb00000| Untracked 
| 252|0x000000008fc00000, 0x000000008fc00000, 0x000000008fd00000|  0%| F|  |TAMS 0x000000008fc00000, 0x000000008fc00000| Untracked 
| 253|0x000000008fd00000, 0x000000008fd00000, 0x000000008fe00000|  0%| F|  |TAMS 0x000000008fd00000, 0x000000008fd00000| Untracked 
| 254|0x000000008fe00000, 0x000000008fe00000, 0x000000008ff00000|  0%| F|  |TAMS 0x000000008fe00000, 0x000000008fe00000| Untracked 
| 255|0x000000008ff00000, 0x000000008ff00000, 0x0000000090000000|  0%| F|  |TAMS 0x000000008ff00000, 0x000000008ff00000| Untracked 
| 256|0x0000000090000000, 0x0000000090000000, 0x0000000090100000|  0%| F|  |TAMS 0x0000000090000000, 0x0000000090000000| Untracked 
| 257|0x0000000090100000, 0x0000000090100000, 0x0000000090200000|  0%| F|  |TAMS 0x0000000090100000, 0x0000000090100000| Untracked 
| 258|0x0000000090200000, 0x0000000090200000, 0x0000000090300000|  0%| F|  |TAMS 0x0000000090200000, 0x0000000090200000| Untracked 
| 259|0x0000000090300000, 0x0000000090300000, 0x0000000090400000|  0%| F|  |TAMS 0x0000000090300000, 0x0000000090300000| Untracked 
| 260|0x0000000090400000, 0x0000000090400000, 0x0000000090500000|  0%| F|  |TAMS 0x0000000090400000, 0x0000000090400000| Untracked 
| 261|0x0000000090500000, 0x0000000090500000, 0x0000000090600000|  0%| F|  |TAMS 0x0000000090500000, 0x0000000090500000| Untracked 
| 262|0x0000000090600000, 0x0000000090600000, 0x0000000090700000|  0%| F|  |TAMS 0x0000000090600000, 0x0000000090600000| Untracked 
| 263|0x0000000090700000, 0x0000000090700000, 0x0000000090800000|  0%| F|  |TAMS 0x0000000090700000, 0x0000000090700000| Untracked 
| 264|0x0000000090800000, 0x0000000090800000, 0x0000000090900000|  0%| F|  |TAMS 0x0000000090800000, 0x0000000090800000| Untracked 
| 265|0x0000000090900000, 0x0000000090900000, 0x0000000090a00000|  0%| F|  |TAMS 0x0000000090900000, 0x0000000090900000| Untracked 
| 266|0x0000000090a00000, 0x0000000090a00000, 0x0000000090b00000|  0%| F|  |TAMS 0x0000000090a00000, 0x0000000090a00000| Untracked 
| 267|0x0000000090b00000, 0x0000000090b00000, 0x0000000090c00000|  0%| F|  |TAMS 0x0000000090b00000, 0x0000000090b00000| Untracked 
| 268|0x0000000090c00000, 0x0000000090c00000, 0x0000000090d00000|  0%| F|  |TAMS 0x0000000090c00000, 0x0000000090c00000| Untracked 
| 269|0x0000000090d00000, 0x0000000090d00000, 0x0000000090e00000|  0%| F|  |TAMS 0x0000000090d00000, 0x0000000090d00000| Untracked 
| 270|0x0000000090e00000, 0x0000000090e00000, 0x0000000090f00000|  0%| F|  |TAMS 0x0000000090e00000, 0x0000000090e00000| Untracked 
| 271|0x0000000090f00000, 0x0000000090f00000, 0x0000000091000000|  0%| F|  |TAMS 0x0000000090f00000, 0x0000000090f00000| Untracked 
| 272|0x0000000091000000, 0x0000000091000000, 0x0000000091100000|  0%| F|  |TAMS 0x0000000091000000, 0x0000000091000000| Untracked 
| 273|0x0000000091100000, 0x0000000091100000, 0x0000000091200000|  0%| F|  |TAMS 0x0000000091100000, 0x0000000091100000| Untracked 
| 274|0x0000000091200000, 0x0000000091200000, 0x0000000091300000|  0%| F|  |TAMS 0x0000000091200000, 0x0000000091200000| Untracked 
| 275|0x0000000091300000, 0x0000000091300000, 0x0000000091400000|  0%| F|  |TAMS 0x0000000091300000, 0x0000000091300000| Untracked 
| 276|0x0000000091400000, 0x0000000091400000, 0x0000000091500000|  0%| F|  |TAMS 0x0000000091400000, 0x0000000091400000| Untracked 
| 277|0x0000000091500000, 0x0000000091500000, 0x0000000091600000|  0%| F|  |TAMS 0x0000000091500000, 0x0000000091500000| Untracked 
| 278|0x0000000091600000, 0x0000000091600000, 0x0000000091700000|  0%| F|  |TAMS 0x0000000091600000, 0x0000000091600000| Untracked 
| 279|0x0000000091700000, 0x0000000091700000, 0x0000000091800000|  0%| F|  |TAMS 0x0000000091700000, 0x0000000091700000| Untracked 
| 280|0x0000000091800000, 0x0000000091800000, 0x0000000091900000|  0%| F|  |TAMS 0x0000000091800000, 0x0000000091800000| Untracked 
| 281|0x0000000091900000, 0x0000000091900000, 0x0000000091a00000|  0%| F|  |TAMS 0x0000000091900000, 0x0000000091900000| Untracked 
| 282|0x0000000091a00000, 0x0000000091a00000, 0x0000000091b00000|  0%| F|  |TAMS 0x0000000091a00000, 0x0000000091a00000| Untracked 
| 283|0x0000000091b00000, 0x0000000091b00000, 0x0000000091c00000|  0%| F|  |TAMS 0x0000000091b00000, 0x0000000091b00000| Untracked 
| 284|0x0000000091c00000, 0x0000000091c00000, 0x0000000091d00000|  0%| F|  |TAMS 0x0000000091c00000, 0x0000000091c00000| Untracked 
| 285|0x0000000091d00000, 0x0000000091d00000, 0x0000000091e00000|  0%| F|  |TAMS 0x0000000091d00000, 0x0000000091d00000| Untracked 
| 286|0x0000000091e00000, 0x0000000091e00000, 0x0000000091f00000|  0%| F|  |TAMS 0x0000000091e00000, 0x0000000091e00000| Untracked 
| 287|0x0000000091f00000, 0x0000000091f00000, 0x0000000092000000|  0%| F|  |TAMS 0x0000000091f00000, 0x0000000091f00000| Untracked 
| 288|0x0000000092000000, 0x0000000092000000, 0x0000000092100000|  0%| F|  |TAMS 0x0000000092000000, 0x0000000092000000| Untracked 
| 289|0x0000000092100000, 0x0000000092100000, 0x0000000092200000|  0%| F|  |TAMS 0x0000000092100000, 0x0000000092100000| Untracked 
| 290|0x0000000092200000, 0x0000000092200000, 0x0000000092300000|  0%| F|  |TAMS 0x0000000092200000, 0x0000000092200000| Untracked 
| 291|0x0000000092300000, 0x0000000092300000, 0x0000000092400000|  0%| F|  |TAMS 0x0000000092300000, 0x0000000092300000| Untracked 
| 292|0x0000000092400000, 0x0000000092400000, 0x0000000092500000|  0%| F|  |TAMS 0x0000000092400000, 0x0000000092400000| Untracked 
| 293|0x0000000092500000, 0x0000000092500000, 0x0000000092600000|  0%| F|  |TAMS 0x0000000092500000, 0x0000000092500000| Untracked 
| 294|0x0000000092600000, 0x0000000092600000, 0x0000000092700000|  0%| F|  |TAMS 0x0000000092600000, 0x0000000092600000| Untracked 
| 295|0x0000000092700000, 0x0000000092700000, 0x0000000092800000|  0%| F|  |TAMS 0x0000000092700000, 0x0000000092700000| Untracked 
| 296|0x0000000092800000, 0x0000000092800000, 0x0000000092900000|  0%| F|  |TAMS 0x0000000092800000, 0x0000000092800000| Untracked 
| 297|0x0000000092900000, 0x0000000092900000, 0x0000000092a00000|  0%| F|  |TAMS 0x0000000092900000, 0x0000000092900000| Untracked 
| 298|0x0000000092a00000, 0x0000000092a00000, 0x0000000092b00000|  0%| F|  |TAMS 0x0000000092a00000, 0x0000000092a00000| Untracked 
| 299|0x0000000092b00000, 0x0000000092b00000, 0x0000000092c00000|  0%| F|  |TAMS 0x0000000092b00000, 0x0000000092b00000| Untracked 
| 300|0x0000000092c00000, 0x0000000092c00000, 0x0000000092d00000|  0%| F|  |TAMS 0x0000000092c00000, 0x0000000092c00000| Untracked 
| 301|0x0000000092d00000, 0x0000000092d00000, 0x0000000092e00000|  0%| F|  |TAMS 0x0000000092d00000, 0x0000000092d00000| Untracked 
| 302|0x0000000092e00000, 0x0000000092e00000, 0x0000000092f00000|  0%| F|  |TAMS 0x0000000092e00000, 0x0000000092e00000| Untracked 
| 303|0x0000000092f00000, 0x0000000092f00000, 0x0000000093000000|  0%| F|  |TAMS 0x0000000092f00000, 0x0000000092f00000| Untracked 
| 304|0x0000000093000000, 0x0000000093000000, 0x0000000093100000|  0%| F|  |TAMS 0x0000000093000000, 0x0000000093000000| Untracked 
| 305|0x0000000093100000, 0x0000000093100000, 0x0000000093200000|  0%| F|  |TAMS 0x0000000093100000, 0x0000000093100000| Untracked 
| 306|0x0000000093200000, 0x0000000093200000, 0x0000000093300000|  0%| F|  |TAMS 0x0000000093200000, 0x0000000093200000| Untracked 
| 307|0x0000000093300000, 0x0000000093300000, 0x0000000093400000|  0%| F|  |TAMS 0x0000000093300000, 0x0000000093300000| Untracked 
| 308|0x0000000093400000, 0x0000000093400000, 0x0000000093500000|  0%| F|  |TAMS 0x0000000093400000, 0x0000000093400000| Untracked 
| 309|0x0000000093500000, 0x0000000093500000, 0x0000000093600000|  0%| F|  |TAMS 0x0000000093500000, 0x0000000093500000| Untracked 
| 310|0x0000000093600000, 0x0000000093600000, 0x0000000093700000|  0%| F|  |TAMS 0x0000000093600000, 0x0000000093600000| Untracked 
| 311|0x0000000093700000, 0x0000000093700000, 0x0000000093800000|  0%| F|  |TAMS 0x0000000093700000, 0x0000000093700000| Untracked 
| 312|0x0000000093800000, 0x0000000093800000, 0x0000000093900000|  0%| F|  |TAMS 0x0000000093800000, 0x0000000093800000| Untracked 
| 313|0x0000000093900000, 0x0000000093900000, 0x0000000093a00000|  0%| F|  |TAMS 0x0000000093900000, 0x0000000093900000| Untracked 
| 314|0x0000000093a00000, 0x0000000093a00000, 0x0000000093b00000|  0%| F|  |TAMS 0x0000000093a00000, 0x0000000093a00000| Untracked 
| 315|0x0000000093b00000, 0x0000000093b00000, 0x0000000093c00000|  0%| F|  |TAMS 0x0000000093b00000, 0x0000000093b00000| Untracked 
| 316|0x0000000093c00000, 0x0000000093c00000, 0x0000000093d00000|  0%| F|  |TAMS 0x0000000093c00000, 0x0000000093c00000| Untracked 
| 317|0x0000000093d00000, 0x0000000093d00000, 0x0000000093e00000|  0%| F|  |TAMS 0x0000000093d00000, 0x0000000093d00000| Untracked 
| 318|0x0000000093e00000, 0x0000000093e00000, 0x0000000093f00000|  0%| F|  |TAMS 0x0000000093e00000, 0x0000000093e00000| Untracked 
| 319|0x0000000093f00000, 0x0000000093f00000, 0x0000000094000000|  0%| F|  |TAMS 0x0000000093f00000, 0x0000000093f00000| Untracked 
| 320|0x0000000094000000, 0x000000009401a970, 0x0000000094100000| 10%| S|CS|TAMS 0x0000000094000000, 0x0000000094000000| Complete 
| 321|0x0000000094100000, 0x0000000094200000, 0x0000000094200000|100%| S|CS|TAMS 0x0000000094100000, 0x0000000094100000| Complete 
| 322|0x0000000094200000, 0x0000000094300000, 0x0000000094300000|100%| S|CS|TAMS 0x0000000094200000, 0x0000000094200000| Complete 
| 323|0x0000000094300000, 0x0000000094400000, 0x0000000094400000|100%| S|CS|TAMS 0x0000000094300000, 0x0000000094300000| Complete 
| 324|0x0000000094400000, 0x0000000094500000, 0x0000000094500000|100%| S|CS|TAMS 0x0000000094400000, 0x0000000094400000| Complete 
| 325|0x0000000094500000, 0x0000000094600000, 0x0000000094600000|100%| S|CS|TAMS 0x0000000094500000, 0x0000000094500000| Complete 
| 326|0x0000000094600000, 0x0000000094700000, 0x0000000094700000|100%| S|CS|TAMS 0x0000000094600000, 0x0000000094600000| Complete 
| 327|0x0000000094700000, 0x0000000094800000, 0x0000000094800000|100%| S|CS|TAMS 0x0000000094700000, 0x0000000094700000| Complete 
| 328|0x0000000094800000, 0x0000000094900000, 0x0000000094900000|100%| S|CS|TAMS 0x0000000094800000, 0x0000000094800000| Complete 
| 329|0x0000000094900000, 0x0000000094a00000, 0x0000000094a00000|100%| S|CS|TAMS 0x0000000094900000, 0x0000000094900000| Complete 
| 330|0x0000000094a00000, 0x0000000094b00000, 0x0000000094b00000|100%| S|CS|TAMS 0x0000000094a00000, 0x0000000094a00000| Complete 
| 331|0x0000000094b00000, 0x0000000094c00000, 0x0000000094c00000|100%| S|CS|TAMS 0x0000000094b00000, 0x0000000094b00000| Complete 
| 332|0x0000000094c00000, 0x0000000094d00000, 0x0000000094d00000|100%| S|CS|TAMS 0x0000000094c00000, 0x0000000094c00000| Complete 
| 333|0x0000000094d00000, 0x0000000094e00000, 0x0000000094e00000|100%| S|CS|TAMS 0x0000000094d00000, 0x0000000094d00000| Complete 
| 334|0x0000000094e00000, 0x0000000094f00000, 0x0000000094f00000|100%| S|CS|TAMS 0x0000000094e00000, 0x0000000094e00000| Complete 
| 335|0x0000000094f00000, 0x0000000095000000, 0x0000000095000000|100%| S|CS|TAMS 0x0000000094f00000, 0x0000000094f00000| Complete 
| 336|0x0000000095000000, 0x0000000095100000, 0x0000000095100000|100%| S|CS|TAMS 0x0000000095000000, 0x0000000095000000| Complete 
| 337|0x0000000095100000, 0x0000000095200000, 0x0000000095200000|100%| S|CS|TAMS 0x0000000095100000, 0x0000000095100000| Complete 
| 338|0x0000000095200000, 0x0000000095300000, 0x0000000095300000|100%| S|CS|TAMS 0x0000000095200000, 0x0000000095200000| Complete 
| 339|0x0000000095300000, 0x0000000095400000, 0x0000000095400000|100%| S|CS|TAMS 0x0000000095300000, 0x0000000095300000| Complete 
| 340|0x0000000095400000, 0x0000000095500000, 0x0000000095500000|100%| S|CS|TAMS 0x0000000095400000, 0x0000000095400000| Complete 
| 341|0x0000000095500000, 0x0000000095600000, 0x0000000095600000|100%| S|CS|TAMS 0x0000000095500000, 0x0000000095500000| Complete 
| 342|0x0000000095600000, 0x0000000095700000, 0x0000000095700000|100%| S|CS|TAMS 0x0000000095600000, 0x0000000095600000| Complete 
| 343|0x0000000095700000, 0x0000000095800000, 0x0000000095800000|100%| S|CS|TAMS 0x0000000095700000, 0x0000000095700000| Complete 
| 344|0x0000000095800000, 0x0000000095900000, 0x0000000095900000|100%| S|CS|TAMS 0x0000000095800000, 0x0000000095800000| Complete 
| 345|0x0000000095900000, 0x0000000095900000, 0x0000000095a00000|  0%| F|  |TAMS 0x0000000095900000, 0x0000000095900000| Untracked 
| 346|0x0000000095a00000, 0x0000000095a00000, 0x0000000095b00000|  0%| F|  |TAMS 0x0000000095a00000, 0x0000000095a00000| Untracked 
| 347|0x0000000095b00000, 0x0000000095b00000, 0x0000000095c00000|  0%| F|  |TAMS 0x0000000095b00000, 0x0000000095b00000| Untracked 
| 348|0x0000000095c00000, 0x0000000095c00000, 0x0000000095d00000|  0%| F|  |TAMS 0x0000000095c00000, 0x0000000095c00000| Untracked 
| 349|0x0000000095d00000, 0x0000000095d00000, 0x0000000095e00000|  0%| F|  |TAMS 0x0000000095d00000, 0x0000000095d00000| Untracked 
| 350|0x0000000095e00000, 0x0000000095e00000, 0x0000000095f00000|  0%| F|  |TAMS 0x0000000095e00000, 0x0000000095e00000| Untracked 
| 351|0x0000000095f00000, 0x0000000095f00000, 0x0000000096000000|  0%| F|  |TAMS 0x0000000095f00000, 0x0000000095f00000| Untracked 
| 352|0x0000000096000000, 0x0000000096000000, 0x0000000096100000|  0%| F|  |TAMS 0x0000000096000000, 0x0000000096000000| Untracked 
| 353|0x0000000096100000, 0x0000000096100000, 0x0000000096200000|  0%| F|  |TAMS 0x0000000096100000, 0x0000000096100000| Untracked 
| 354|0x0000000096200000, 0x0000000096200000, 0x0000000096300000|  0%| F|  |TAMS 0x0000000096200000, 0x0000000096200000| Untracked 
| 355|0x0000000096300000, 0x0000000096300000, 0x0000000096400000|  0%| F|  |TAMS 0x0000000096300000, 0x0000000096300000| Untracked 
| 356|0x0000000096400000, 0x0000000096400000, 0x0000000096500000|  0%| F|  |TAMS 0x0000000096400000, 0x0000000096400000| Untracked 
| 357|0x0000000096500000, 0x0000000096500000, 0x0000000096600000|  0%| F|  |TAMS 0x0000000096500000, 0x0000000096500000| Untracked 
| 358|0x0000000096600000, 0x0000000096600000, 0x0000000096700000|  0%| F|  |TAMS 0x0000000096600000, 0x0000000096600000| Untracked 
| 359|0x0000000096700000, 0x0000000096700000, 0x0000000096800000|  0%| F|  |TAMS 0x0000000096700000, 0x0000000096700000| Untracked 
| 360|0x0000000096800000, 0x0000000096800000, 0x0000000096900000|  0%| F|  |TAMS 0x0000000096800000, 0x0000000096800000| Untracked 
| 361|0x0000000096900000, 0x0000000096900000, 0x0000000096a00000|  0%| F|  |TAMS 0x0000000096900000, 0x0000000096900000| Untracked 
| 362|0x0000000096a00000, 0x0000000096a00000, 0x0000000096b00000|  0%| F|  |TAMS 0x0000000096a00000, 0x0000000096a00000| Untracked 
| 363|0x0000000096b00000, 0x0000000096b00000, 0x0000000096c00000|  0%| F|  |TAMS 0x0000000096b00000, 0x0000000096b00000| Untracked 
| 364|0x0000000096c00000, 0x0000000096c00000, 0x0000000096d00000|  0%| F|  |TAMS 0x0000000096c00000, 0x0000000096c00000| Untracked 
| 365|0x0000000096d00000, 0x0000000096d00000, 0x0000000096e00000|  0%| F|  |TAMS 0x0000000096d00000, 0x0000000096d00000| Untracked 
| 366|0x0000000096e00000, 0x0000000096e00000, 0x0000000096f00000|  0%| F|  |TAMS 0x0000000096e00000, 0x0000000096e00000| Untracked 
| 367|0x0000000096f00000, 0x0000000096f00000, 0x0000000097000000|  0%| F|  |TAMS 0x0000000096f00000, 0x0000000096f00000| Untracked 
| 368|0x0000000097000000, 0x0000000097000000, 0x0000000097100000|  0%| F|  |TAMS 0x0000000097000000, 0x0000000097000000| Untracked 
| 369|0x0000000097100000, 0x0000000097100000, 0x0000000097200000|  0%| F|  |TAMS 0x0000000097100000, 0x0000000097100000| Untracked 
| 370|0x0000000097200000, 0x0000000097200000, 0x0000000097300000|  0%| F|  |TAMS 0x0000000097200000, 0x0000000097200000| Untracked 
| 371|0x0000000097300000, 0x0000000097300000, 0x0000000097400000|  0%| F|  |TAMS 0x0000000097300000, 0x0000000097300000| Untracked 
| 372|0x0000000097400000, 0x0000000097400000, 0x0000000097500000|  0%| F|  |TAMS 0x0000000097400000, 0x0000000097400000| Untracked 
| 373|0x0000000097500000, 0x0000000097500000, 0x0000000097600000|  0%| F|  |TAMS 0x0000000097500000, 0x0000000097500000| Untracked 
| 374|0x0000000097600000, 0x0000000097600000, 0x0000000097700000|  0%| F|  |TAMS 0x0000000097600000, 0x0000000097600000| Untracked 
| 375|0x0000000097700000, 0x0000000097700000, 0x0000000097800000|  0%| F|  |TAMS 0x0000000097700000, 0x0000000097700000| Untracked 
| 376|0x0000000097800000, 0x0000000097800000, 0x0000000097900000|  0%| F|  |TAMS 0x0000000097800000, 0x0000000097800000| Untracked 
| 377|0x0000000097900000, 0x0000000097900000, 0x0000000097a00000|  0%| F|  |TAMS 0x0000000097900000, 0x0000000097900000| Untracked 
| 378|0x0000000097a00000, 0x0000000097a00000, 0x0000000097b00000|  0%| F|  |TAMS 0x0000000097a00000, 0x0000000097a00000| Untracked 
| 379|0x0000000097b00000, 0x0000000097b00000, 0x0000000097c00000|  0%| F|  |TAMS 0x0000000097b00000, 0x0000000097b00000| Untracked 
| 380|0x0000000097c00000, 0x0000000097c00000, 0x0000000097d00000|  0%| F|  |TAMS 0x0000000097c00000, 0x0000000097c00000| Untracked 
| 381|0x0000000097d00000, 0x0000000097d00000, 0x0000000097e00000|  0%| F|  |TAMS 0x0000000097d00000, 0x0000000097d00000| Untracked 
| 382|0x0000000097e00000, 0x0000000097e00000, 0x0000000097f00000|  0%| F|  |TAMS 0x0000000097e00000, 0x0000000097e00000| Untracked 
| 383|0x0000000097f00000, 0x0000000097f00000, 0x0000000098000000|  0%| F|  |TAMS 0x0000000097f00000, 0x0000000097f00000| Untracked 
| 384|0x0000000098000000, 0x0000000098000000, 0x0000000098100000|  0%| F|  |TAMS 0x0000000098000000, 0x0000000098000000| Untracked 
| 385|0x0000000098100000, 0x0000000098100000, 0x0000000098200000|  0%| F|  |TAMS 0x0000000098100000, 0x0000000098100000| Untracked 
| 386|0x0000000098200000, 0x0000000098200000, 0x0000000098300000|  0%| F|  |TAMS 0x0000000098200000, 0x0000000098200000| Untracked 
| 387|0x0000000098300000, 0x0000000098300000, 0x0000000098400000|  0%| F|  |TAMS 0x0000000098300000, 0x0000000098300000| Untracked 
| 388|0x0000000098400000, 0x0000000098400000, 0x0000000098500000|  0%| F|  |TAMS 0x0000000098400000, 0x0000000098400000| Untracked 
| 389|0x0000000098500000, 0x0000000098500000, 0x0000000098600000|  0%| F|  |TAMS 0x0000000098500000, 0x0000000098500000| Untracked 
| 390|0x0000000098600000, 0x0000000098600000, 0x0000000098700000|  0%| F|  |TAMS 0x0000000098600000, 0x0000000098600000| Untracked 
| 391|0x0000000098700000, 0x0000000098700000, 0x0000000098800000|  0%| F|  |TAMS 0x0000000098700000, 0x0000000098700000| Untracked 
| 392|0x0000000098800000, 0x0000000098800000, 0x0000000098900000|  0%| F|  |TAMS 0x0000000098800000, 0x0000000098800000| Untracked 
| 393|0x0000000098900000, 0x0000000098900000, 0x0000000098a00000|  0%| F|  |TAMS 0x0000000098900000, 0x0000000098900000| Untracked 
| 394|0x0000000098a00000, 0x0000000098a00000, 0x0000000098b00000|  0%| F|  |TAMS 0x0000000098a00000, 0x0000000098a00000| Untracked 
| 395|0x0000000098b00000, 0x0000000098b00000, 0x0000000098c00000|  0%| F|  |TAMS 0x0000000098b00000, 0x0000000098b00000| Untracked 
| 396|0x0000000098c00000, 0x0000000098c00000, 0x0000000098d00000|  0%| F|  |TAMS 0x0000000098c00000, 0x0000000098c00000| Untracked 
| 397|0x0000000098d00000, 0x0000000098d00000, 0x0000000098e00000|  0%| F|  |TAMS 0x0000000098d00000, 0x0000000098d00000| Untracked 
| 398|0x0000000098e00000, 0x0000000098e00000, 0x0000000098f00000|  0%| F|  |TAMS 0x0000000098e00000, 0x0000000098e00000| Untracked 
| 399|0x0000000098f00000, 0x0000000098f00000, 0x0000000099000000|  0%| F|  |TAMS 0x0000000098f00000, 0x0000000098f00000| Untracked 
| 400|0x0000000099000000, 0x0000000099000000, 0x0000000099100000|  0%| F|  |TAMS 0x0000000099000000, 0x0000000099000000| Untracked 
| 401|0x0000000099100000, 0x0000000099100000, 0x0000000099200000|  0%| F|  |TAMS 0x0000000099100000, 0x0000000099100000| Untracked 
| 402|0x0000000099200000, 0x0000000099200000, 0x0000000099300000|  0%| F|  |TAMS 0x0000000099200000, 0x0000000099200000| Untracked 
| 403|0x0000000099300000, 0x0000000099300000, 0x0000000099400000|  0%| F|  |TAMS 0x0000000099300000, 0x0000000099300000| Untracked 
| 404|0x0000000099400000, 0x0000000099400000, 0x0000000099500000|  0%| F|  |TAMS 0x0000000099400000, 0x0000000099400000| Untracked 
| 405|0x0000000099500000, 0x0000000099500000, 0x0000000099600000|  0%| F|  |TAMS 0x0000000099500000, 0x0000000099500000| Untracked 
| 406|0x0000000099600000, 0x0000000099600000, 0x0000000099700000|  0%| F|  |TAMS 0x0000000099600000, 0x0000000099600000| Untracked 
| 407|0x0000000099700000, 0x0000000099700000, 0x0000000099800000|  0%| F|  |TAMS 0x0000000099700000, 0x0000000099700000| Untracked 
| 408|0x0000000099800000, 0x0000000099800000, 0x0000000099900000|  0%| F|  |TAMS 0x0000000099800000, 0x0000000099800000| Untracked 
| 409|0x0000000099900000, 0x0000000099900000, 0x0000000099a00000|  0%| F|  |TAMS 0x0000000099900000, 0x0000000099900000| Untracked 
| 410|0x0000000099a00000, 0x0000000099a00000, 0x0000000099b00000|  0%| F|  |TAMS 0x0000000099a00000, 0x0000000099a00000| Untracked 
| 411|0x0000000099b00000, 0x0000000099b00000, 0x0000000099c00000|  0%| F|  |TAMS 0x0000000099b00000, 0x0000000099b00000| Untracked 
| 412|0x0000000099c00000, 0x0000000099c00000, 0x0000000099d00000|  0%| F|  |TAMS 0x0000000099c00000, 0x0000000099c00000| Untracked 
| 413|0x0000000099d00000, 0x0000000099d00000, 0x0000000099e00000|  0%| F|  |TAMS 0x0000000099d00000, 0x0000000099d00000| Untracked 
| 414|0x0000000099e00000, 0x0000000099e00000, 0x0000000099f00000|  0%| F|  |TAMS 0x0000000099e00000, 0x0000000099e00000| Untracked 
| 415|0x0000000099f00000, 0x0000000099f00000, 0x000000009a000000|  0%| F|  |TAMS 0x0000000099f00000, 0x0000000099f00000| Untracked 
| 416|0x000000009a000000, 0x000000009a000000, 0x000000009a100000|  0%| F|  |TAMS 0x000000009a000000, 0x000000009a000000| Untracked 
| 417|0x000000009a100000, 0x000000009a100000, 0x000000009a200000|  0%| F|  |TAMS 0x000000009a100000, 0x000000009a100000| Untracked 
| 418|0x000000009a200000, 0x000000009a200000, 0x000000009a300000|  0%| F|  |TAMS 0x000000009a200000, 0x000000009a200000| Untracked 
| 419|0x000000009a300000, 0x000000009a300000, 0x000000009a400000|  0%| F|  |TAMS 0x000000009a300000, 0x000000009a300000| Untracked 
| 420|0x000000009a400000, 0x000000009a400000, 0x000000009a500000|  0%| F|  |TAMS 0x000000009a400000, 0x000000009a400000| Untracked 
| 421|0x000000009a500000, 0x000000009a500000, 0x000000009a600000|  0%| F|  |TAMS 0x000000009a500000, 0x000000009a500000| Untracked 
| 422|0x000000009a600000, 0x000000009a600000, 0x000000009a700000|  0%| F|  |TAMS 0x000000009a600000, 0x000000009a600000| Untracked 
| 423|0x000000009a700000, 0x000000009a700000, 0x000000009a800000|  0%| F|  |TAMS 0x000000009a700000, 0x000000009a700000| Untracked 
| 424|0x000000009a800000, 0x000000009a800000, 0x000000009a900000|  0%| F|  |TAMS 0x000000009a800000, 0x000000009a800000| Untracked 
| 425|0x000000009a900000, 0x000000009a900000, 0x000000009aa00000|  0%| F|  |TAMS 0x000000009a900000, 0x000000009a900000| Untracked 
| 426|0x000000009aa00000, 0x000000009aa00000, 0x000000009ab00000|  0%| F|  |TAMS 0x000000009aa00000, 0x000000009aa00000| Untracked 
| 427|0x000000009ab00000, 0x000000009ab00000, 0x000000009ac00000|  0%| F|  |TAMS 0x000000009ab00000, 0x000000009ab00000| Untracked 
| 428|0x000000009ac00000, 0x000000009ac00000, 0x000000009ad00000|  0%| F|  |TAMS 0x000000009ac00000, 0x000000009ac00000| Untracked 
| 429|0x000000009ad00000, 0x000000009ad00000, 0x000000009ae00000|  0%| F|  |TAMS 0x000000009ad00000, 0x000000009ad00000| Untracked 
| 430|0x000000009ae00000, 0x000000009ae00000, 0x000000009af00000|  0%| F|  |TAMS 0x000000009ae00000, 0x000000009ae00000| Untracked 
| 431|0x000000009af00000, 0x000000009af00000, 0x000000009b000000|  0%| F|  |TAMS 0x000000009af00000, 0x000000009af00000| Untracked 
| 432|0x000000009b000000, 0x000000009b000000, 0x000000009b100000|  0%| F|  |TAMS 0x000000009b000000, 0x000000009b000000| Untracked 
| 433|0x000000009b100000, 0x000000009b100000, 0x000000009b200000|  0%| F|  |TAMS 0x000000009b100000, 0x000000009b100000| Untracked 
| 434|0x000000009b200000, 0x000000009b200000, 0x000000009b300000|  0%| F|  |TAMS 0x000000009b200000, 0x000000009b200000| Untracked 
| 435|0x000000009b300000, 0x000000009b300000, 0x000000009b400000|  0%| F|  |TAMS 0x000000009b300000, 0x000000009b300000| Untracked 
| 436|0x000000009b400000, 0x000000009b400000, 0x000000009b500000|  0%| F|  |TAMS 0x000000009b400000, 0x000000009b400000| Untracked 
| 437|0x000000009b500000, 0x000000009b500000, 0x000000009b600000|  0%| F|  |TAMS 0x000000009b500000, 0x000000009b500000| Untracked 
| 438|0x000000009b600000, 0x000000009b600000, 0x000000009b700000|  0%| F|  |TAMS 0x000000009b600000, 0x000000009b600000| Untracked 
| 439|0x000000009b700000, 0x000000009b700000, 0x000000009b800000|  0%| F|  |TAMS 0x000000009b700000, 0x000000009b700000| Untracked 
| 440|0x000000009b800000, 0x000000009b800000, 0x000000009b900000|  0%| F|  |TAMS 0x000000009b800000, 0x000000009b800000| Untracked 
| 441|0x000000009b900000, 0x000000009b900000, 0x000000009ba00000|  0%| F|  |TAMS 0x000000009b900000, 0x000000009b900000| Untracked 
| 442|0x000000009ba00000, 0x000000009ba00000, 0x000000009bb00000|  0%| F|  |TAMS 0x000000009ba00000, 0x000000009ba00000| Untracked 
| 443|0x000000009bb00000, 0x000000009bb00000, 0x000000009bc00000|  0%| F|  |TAMS 0x000000009bb00000, 0x000000009bb00000| Untracked 
| 444|0x000000009bc00000, 0x000000009bc00000, 0x000000009bd00000|  0%| F|  |TAMS 0x000000009bc00000, 0x000000009bc00000| Untracked 
| 445|0x000000009bd00000, 0x000000009bd00000, 0x000000009be00000|  0%| F|  |TAMS 0x000000009bd00000, 0x000000009bd00000| Untracked 
| 446|0x000000009be00000, 0x000000009be00000, 0x000000009bf00000|  0%| F|  |TAMS 0x000000009be00000, 0x000000009be00000| Untracked 
| 447|0x000000009bf00000, 0x000000009bf00000, 0x000000009c000000|  0%| F|  |TAMS 0x000000009bf00000, 0x000000009bf00000| Untracked 
| 448|0x000000009c000000, 0x000000009c000000, 0x000000009c100000|  0%| F|  |TAMS 0x000000009c000000, 0x000000009c000000| Untracked 
| 449|0x000000009c100000, 0x000000009c100000, 0x000000009c200000|  0%| F|  |TAMS 0x000000009c100000, 0x000000009c100000| Untracked 
| 450|0x000000009c200000, 0x000000009c200000, 0x000000009c300000|  0%| F|  |TAMS 0x000000009c200000, 0x000000009c200000| Untracked 
| 451|0x000000009c300000, 0x000000009c300000, 0x000000009c400000|  0%| F|  |TAMS 0x000000009c300000, 0x000000009c300000| Untracked 
| 452|0x000000009c400000, 0x000000009c400000, 0x000000009c500000|  0%| F|  |TAMS 0x000000009c400000, 0x000000009c400000| Untracked 
| 453|0x000000009c500000, 0x000000009c500000, 0x000000009c600000|  0%| F|  |TAMS 0x000000009c500000, 0x000000009c500000| Untracked 
| 454|0x000000009c600000, 0x000000009c600000, 0x000000009c700000|  0%| F|  |TAMS 0x000000009c600000, 0x000000009c600000| Untracked 
| 455|0x000000009c700000, 0x000000009c700000, 0x000000009c800000|  0%| F|  |TAMS 0x000000009c700000, 0x000000009c700000| Untracked 
| 456|0x000000009c800000, 0x000000009c800000, 0x000000009c900000|  0%| F|  |TAMS 0x000000009c800000, 0x000000009c800000| Untracked 
| 457|0x000000009c900000, 0x000000009c900000, 0x000000009ca00000|  0%| F|  |TAMS 0x000000009c900000, 0x000000009c900000| Untracked 
| 458|0x000000009ca00000, 0x000000009ca00000, 0x000000009cb00000|  0%| F|  |TAMS 0x000000009ca00000, 0x000000009ca00000| Untracked 
| 459|0x000000009cb00000, 0x000000009cb00000, 0x000000009cc00000|  0%| F|  |TAMS 0x000000009cb00000, 0x000000009cb00000| Untracked 
| 460|0x000000009cc00000, 0x000000009cc00000, 0x000000009cd00000|  0%| F|  |TAMS 0x000000009cc00000, 0x000000009cc00000| Untracked 
| 461|0x000000009cd00000, 0x000000009cd00000, 0x000000009ce00000|  0%| F|  |TAMS 0x000000009cd00000, 0x000000009cd00000| Untracked 
| 462|0x000000009ce00000, 0x000000009ce00000, 0x000000009cf00000|  0%| F|  |TAMS 0x000000009ce00000, 0x000000009ce00000| Untracked 
| 463|0x000000009cf00000, 0x000000009cf00000, 0x000000009d000000|  0%| F|  |TAMS 0x000000009cf00000, 0x000000009cf00000| Untracked 
| 464|0x000000009d000000, 0x000000009d000000, 0x000000009d100000|  0%| F|  |TAMS 0x000000009d000000, 0x000000009d000000| Untracked 
| 465|0x000000009d100000, 0x000000009d100000, 0x000000009d200000|  0%| F|  |TAMS 0x000000009d100000, 0x000000009d100000| Untracked 
| 466|0x000000009d200000, 0x000000009d200000, 0x000000009d300000|  0%| F|  |TAMS 0x000000009d200000, 0x000000009d200000| Untracked 
| 467|0x000000009d300000, 0x000000009d300000, 0x000000009d400000|  0%| F|  |TAMS 0x000000009d300000, 0x000000009d300000| Untracked 
| 468|0x000000009d400000, 0x000000009d400000, 0x000000009d500000|  0%| F|  |TAMS 0x000000009d400000, 0x000000009d400000| Untracked 
| 469|0x000000009d500000, 0x000000009d500000, 0x000000009d600000|  0%| F|  |TAMS 0x000000009d500000, 0x000000009d500000| Untracked 
| 470|0x000000009d600000, 0x000000009d600000, 0x000000009d700000|  0%| F|  |TAMS 0x000000009d600000, 0x000000009d600000| Untracked 
| 471|0x000000009d700000, 0x000000009d700000, 0x000000009d800000|  0%| F|  |TAMS 0x000000009d700000, 0x000000009d700000| Untracked 
| 472|0x000000009d800000, 0x000000009d800000, 0x000000009d900000|  0%| F|  |TAMS 0x000000009d800000, 0x000000009d800000| Untracked 
| 473|0x000000009d900000, 0x000000009d900000, 0x000000009da00000|  0%| F|  |TAMS 0x000000009d900000, 0x000000009d900000| Untracked 
| 474|0x000000009da00000, 0x000000009da00000, 0x000000009db00000|  0%| F|  |TAMS 0x000000009da00000, 0x000000009da00000| Untracked 
| 475|0x000000009db00000, 0x000000009db00000, 0x000000009dc00000|  0%| F|  |TAMS 0x000000009db00000, 0x000000009db00000| Untracked 
| 476|0x000000009dc00000, 0x000000009dc00000, 0x000000009dd00000|  0%| F|  |TAMS 0x000000009dc00000, 0x000000009dc00000| Untracked 
| 477|0x000000009dd00000, 0x000000009dd00000, 0x000000009de00000|  0%| F|  |TAMS 0x000000009dd00000, 0x000000009dd00000| Untracked 
| 478|0x000000009de00000, 0x000000009de00000, 0x000000009df00000|  0%| F|  |TAMS 0x000000009de00000, 0x000000009de00000| Untracked 
| 479|0x000000009df00000, 0x000000009df00000, 0x000000009e000000|  0%| F|  |TAMS 0x000000009df00000, 0x000000009df00000| Untracked 
| 480|0x000000009e000000, 0x000000009e000000, 0x000000009e100000|  0%| F|  |TAMS 0x000000009e000000, 0x000000009e000000| Untracked 
| 481|0x000000009e100000, 0x000000009e100000, 0x000000009e200000|  0%| F|  |TAMS 0x000000009e100000, 0x000000009e100000| Untracked 
| 482|0x000000009e200000, 0x000000009e200000, 0x000000009e300000|  0%| F|  |TAMS 0x000000009e200000, 0x000000009e200000| Untracked 
| 483|0x000000009e300000, 0x000000009e300000, 0x000000009e400000|  0%| F|  |TAMS 0x000000009e300000, 0x000000009e300000| Untracked 
| 484|0x000000009e400000, 0x000000009e400000, 0x000000009e500000|  0%| F|  |TAMS 0x000000009e400000, 0x000000009e400000| Untracked 
| 485|0x000000009e500000, 0x000000009e500000, 0x000000009e600000|  0%| F|  |TAMS 0x000000009e500000, 0x000000009e500000| Untracked 
| 486|0x000000009e600000, 0x000000009e600000, 0x000000009e700000|  0%| F|  |TAMS 0x000000009e600000, 0x000000009e600000| Untracked 
| 487|0x000000009e700000, 0x000000009e700000, 0x000000009e800000|  0%| F|  |TAMS 0x000000009e700000, 0x000000009e700000| Untracked 
| 488|0x000000009e800000, 0x000000009e800000, 0x000000009e900000|  0%| F|  |TAMS 0x000000009e800000, 0x000000009e800000| Untracked 
| 489|0x000000009e900000, 0x000000009e900000, 0x000000009ea00000|  0%| F|  |TAMS 0x000000009e900000, 0x000000009e900000| Untracked 
| 490|0x000000009ea00000, 0x000000009ea00000, 0x000000009eb00000|  0%| F|  |TAMS 0x000000009ea00000, 0x000000009ea00000| Untracked 
| 491|0x000000009eb00000, 0x000000009eb00000, 0x000000009ec00000|  0%| F|  |TAMS 0x000000009eb00000, 0x000000009eb00000| Untracked 
| 492|0x000000009ec00000, 0x000000009ec00000, 0x000000009ed00000|  0%| F|  |TAMS 0x000000009ec00000, 0x000000009ec00000| Untracked 
| 493|0x000000009ed00000, 0x000000009ed00000, 0x000000009ee00000|  0%| F|  |TAMS 0x000000009ed00000, 0x000000009ed00000| Untracked 
| 494|0x000000009ee00000, 0x000000009ee00000, 0x000000009ef00000|  0%| F|  |TAMS 0x000000009ee00000, 0x000000009ee00000| Untracked 
| 495|0x000000009ef00000, 0x000000009ef00000, 0x000000009f000000|  0%| F|  |TAMS 0x000000009ef00000, 0x000000009ef00000| Untracked 
| 496|0x000000009f000000, 0x000000009f000000, 0x000000009f100000|  0%| F|  |TAMS 0x000000009f000000, 0x000000009f000000| Untracked 
| 497|0x000000009f100000, 0x000000009f100000, 0x000000009f200000|  0%| F|  |TAMS 0x000000009f100000, 0x000000009f100000| Untracked 
| 498|0x000000009f200000, 0x000000009f200000, 0x000000009f300000|  0%| F|  |TAMS 0x000000009f200000, 0x000000009f200000| Untracked 
| 499|0x000000009f300000, 0x000000009f300000, 0x000000009f400000|  0%| F|  |TAMS 0x000000009f300000, 0x000000009f300000| Untracked 
| 500|0x000000009f400000, 0x000000009f400000, 0x000000009f500000|  0%| F|  |TAMS 0x000000009f400000, 0x000000009f400000| Untracked 
| 501|0x000000009f500000, 0x000000009f500000, 0x000000009f600000|  0%| F|  |TAMS 0x000000009f500000, 0x000000009f500000| Untracked 
| 502|0x000000009f600000, 0x000000009f600000, 0x000000009f700000|  0%| F|  |TAMS 0x000000009f600000, 0x000000009f600000| Untracked 
| 503|0x000000009f700000, 0x000000009f700000, 0x000000009f800000|  0%| F|  |TAMS 0x000000009f700000, 0x000000009f700000| Untracked 
| 504|0x000000009f800000, 0x000000009f800000, 0x000000009f900000|  0%| F|  |TAMS 0x000000009f800000, 0x000000009f800000| Untracked 
| 505|0x000000009f900000, 0x000000009f900000, 0x000000009fa00000|  0%| F|  |TAMS 0x000000009f900000, 0x000000009f900000| Untracked 
| 506|0x000000009fa00000, 0x000000009fa00000, 0x000000009fb00000|  0%| F|  |TAMS 0x000000009fa00000, 0x000000009fa00000| Untracked 
| 507|0x000000009fb00000, 0x000000009fb00000, 0x000000009fc00000|  0%| F|  |TAMS 0x000000009fb00000, 0x000000009fb00000| Untracked 
| 508|0x000000009fc00000, 0x000000009fc00000, 0x000000009fd00000|  0%| F|  |TAMS 0x000000009fc00000, 0x000000009fc00000| Untracked 
| 509|0x000000009fd00000, 0x000000009fd00000, 0x000000009fe00000|  0%| F|  |TAMS 0x000000009fd00000, 0x000000009fd00000| Untracked 
| 510|0x000000009fe00000, 0x000000009fe00000, 0x000000009ff00000|  0%| F|  |TAMS 0x000000009fe00000, 0x000000009fe00000| Untracked 
| 511|0x000000009ff00000, 0x000000009ff00000, 0x00000000a0000000|  0%| F|  |TAMS 0x000000009ff00000, 0x000000009ff00000| Untracked 
| 512|0x00000000a0000000, 0x00000000a0000000, 0x00000000a0100000|  0%| F|  |TAMS 0x00000000a0000000, 0x00000000a0000000| Untracked 
| 513|0x00000000a0100000, 0x00000000a0100000, 0x00000000a0200000|  0%| F|  |TAMS 0x00000000a0100000, 0x00000000a0100000| Untracked 
| 514|0x00000000a0200000, 0x00000000a0200000, 0x00000000a0300000|  0%| F|  |TAMS 0x00000000a0200000, 0x00000000a0200000| Untracked 
| 515|0x00000000a0300000, 0x00000000a0300000, 0x00000000a0400000|  0%| F|  |TAMS 0x00000000a0300000, 0x00000000a0300000| Untracked 
| 516|0x00000000a0400000, 0x00000000a0400000, 0x00000000a0500000|  0%| F|  |TAMS 0x00000000a0400000, 0x00000000a0400000| Untracked 
| 517|0x00000000a0500000, 0x00000000a0500000, 0x00000000a0600000|  0%| F|  |TAMS 0x00000000a0500000, 0x00000000a0500000| Untracked 
| 518|0x00000000a0600000, 0x00000000a0600000, 0x00000000a0700000|  0%| F|  |TAMS 0x00000000a0600000, 0x00000000a0600000| Untracked 
| 519|0x00000000a0700000, 0x00000000a0700000, 0x00000000a0800000|  0%| F|  |TAMS 0x00000000a0700000, 0x00000000a0700000| Untracked 
| 520|0x00000000a0800000, 0x00000000a0800000, 0x00000000a0900000|  0%| F|  |TAMS 0x00000000a0800000, 0x00000000a0800000| Untracked 
| 521|0x00000000a0900000, 0x00000000a0900000, 0x00000000a0a00000|  0%| F|  |TAMS 0x00000000a0900000, 0x00000000a0900000| Untracked 
| 522|0x00000000a0a00000, 0x00000000a0a00000, 0x00000000a0b00000|  0%| F|  |TAMS 0x00000000a0a00000, 0x00000000a0a00000| Untracked 
| 523|0x00000000a0b00000, 0x00000000a0b00000, 0x00000000a0c00000|  0%| F|  |TAMS 0x00000000a0b00000, 0x00000000a0b00000| Untracked 
| 524|0x00000000a0c00000, 0x00000000a0c00000, 0x00000000a0d00000|  0%| F|  |TAMS 0x00000000a0c00000, 0x00000000a0c00000| Untracked 
| 525|0x00000000a0d00000, 0x00000000a0d00000, 0x00000000a0e00000|  0%| F|  |TAMS 0x00000000a0d00000, 0x00000000a0d00000| Untracked 
| 526|0x00000000a0e00000, 0x00000000a0e00000, 0x00000000a0f00000|  0%| F|  |TAMS 0x00000000a0e00000, 0x00000000a0e00000| Untracked 
| 527|0x00000000a0f00000, 0x00000000a0f00000, 0x00000000a1000000|  0%| F|  |TAMS 0x00000000a0f00000, 0x00000000a0f00000| Untracked 
| 528|0x00000000a1000000, 0x00000000a1000000, 0x00000000a1100000|  0%| F|  |TAMS 0x00000000a1000000, 0x00000000a1000000| Untracked 
| 529|0x00000000a1100000, 0x00000000a1100000, 0x00000000a1200000|  0%| F|  |TAMS 0x00000000a1100000, 0x00000000a1100000| Untracked 
| 530|0x00000000a1200000, 0x00000000a1200000, 0x00000000a1300000|  0%| F|  |TAMS 0x00000000a1200000, 0x00000000a1200000| Untracked 
| 531|0x00000000a1300000, 0x00000000a1300000, 0x00000000a1400000|  0%| F|  |TAMS 0x00000000a1300000, 0x00000000a1300000| Untracked 
| 532|0x00000000a1400000, 0x00000000a1400000, 0x00000000a1500000|  0%| F|  |TAMS 0x00000000a1400000, 0x00000000a1400000| Untracked 
| 533|0x00000000a1500000, 0x00000000a1500000, 0x00000000a1600000|  0%| F|  |TAMS 0x00000000a1500000, 0x00000000a1500000| Untracked 
| 534|0x00000000a1600000, 0x00000000a1600000, 0x00000000a1700000|  0%| F|  |TAMS 0x00000000a1600000, 0x00000000a1600000| Untracked 
| 535|0x00000000a1700000, 0x00000000a1700000, 0x00000000a1800000|  0%| F|  |TAMS 0x00000000a1700000, 0x00000000a1700000| Untracked 
| 536|0x00000000a1800000, 0x00000000a1800000, 0x00000000a1900000|  0%| F|  |TAMS 0x00000000a1800000, 0x00000000a1800000| Untracked 
| 537|0x00000000a1900000, 0x00000000a1900000, 0x00000000a1a00000|  0%| F|  |TAMS 0x00000000a1900000, 0x00000000a1900000| Untracked 
| 538|0x00000000a1a00000, 0x00000000a1a00000, 0x00000000a1b00000|  0%| F|  |TAMS 0x00000000a1a00000, 0x00000000a1a00000| Untracked 
| 539|0x00000000a1b00000, 0x00000000a1b00000, 0x00000000a1c00000|  0%| F|  |TAMS 0x00000000a1b00000, 0x00000000a1b00000| Untracked 
| 540|0x00000000a1c00000, 0x00000000a1c00000, 0x00000000a1d00000|  0%| F|  |TAMS 0x00000000a1c00000, 0x00000000a1c00000| Untracked 
| 541|0x00000000a1d00000, 0x00000000a1d00000, 0x00000000a1e00000|  0%| F|  |TAMS 0x00000000a1d00000, 0x00000000a1d00000| Untracked 
| 542|0x00000000a1e00000, 0x00000000a1e00000, 0x00000000a1f00000|  0%| F|  |TAMS 0x00000000a1e00000, 0x00000000a1e00000| Untracked 
| 543|0x00000000a1f00000, 0x00000000a1f00000, 0x00000000a2000000|  0%| F|  |TAMS 0x00000000a1f00000, 0x00000000a1f00000| Untracked 
| 544|0x00000000a2000000, 0x00000000a2000000, 0x00000000a2100000|  0%| F|  |TAMS 0x00000000a2000000, 0x00000000a2000000| Untracked 
| 545|0x00000000a2100000, 0x00000000a2100000, 0x00000000a2200000|  0%| F|  |TAMS 0x00000000a2100000, 0x00000000a2100000| Untracked 
| 546|0x00000000a2200000, 0x00000000a2200000, 0x00000000a2300000|  0%| F|  |TAMS 0x00000000a2200000, 0x00000000a2200000| Untracked 
| 547|0x00000000a2300000, 0x00000000a2300000, 0x00000000a2400000|  0%| F|  |TAMS 0x00000000a2300000, 0x00000000a2300000| Untracked 
| 548|0x00000000a2400000, 0x00000000a2400000, 0x00000000a2500000|  0%| F|  |TAMS 0x00000000a2400000, 0x00000000a2400000| Untracked 
| 549|0x00000000a2500000, 0x00000000a2500000, 0x00000000a2600000|  0%| F|  |TAMS 0x00000000a2500000, 0x00000000a2500000| Untracked 
| 550|0x00000000a2600000, 0x00000000a2600000, 0x00000000a2700000|  0%| F|  |TAMS 0x00000000a2600000, 0x00000000a2600000| Untracked 
| 551|0x00000000a2700000, 0x00000000a2700000, 0x00000000a2800000|  0%| F|  |TAMS 0x00000000a2700000, 0x00000000a2700000| Untracked 
| 552|0x00000000a2800000, 0x00000000a2800000, 0x00000000a2900000|  0%| F|  |TAMS 0x00000000a2800000, 0x00000000a2800000| Untracked 
| 553|0x00000000a2900000, 0x00000000a2900000, 0x00000000a2a00000|  0%| F|  |TAMS 0x00000000a2900000, 0x00000000a2900000| Untracked 
| 554|0x00000000a2a00000, 0x00000000a2a00000, 0x00000000a2b00000|  0%| F|  |TAMS 0x00000000a2a00000, 0x00000000a2a00000| Untracked 
| 555|0x00000000a2b00000, 0x00000000a2b00000, 0x00000000a2c00000|  0%| F|  |TAMS 0x00000000a2b00000, 0x00000000a2b00000| Untracked 
| 556|0x00000000a2c00000, 0x00000000a2c00000, 0x00000000a2d00000|  0%| F|  |TAMS 0x00000000a2c00000, 0x00000000a2c00000| Untracked 
| 557|0x00000000a2d00000, 0x00000000a2d00000, 0x00000000a2e00000|  0%| F|  |TAMS 0x00000000a2d00000, 0x00000000a2d00000| Untracked 
| 558|0x00000000a2e00000, 0x00000000a2e00000, 0x00000000a2f00000|  0%| F|  |TAMS 0x00000000a2e00000, 0x00000000a2e00000| Untracked 
| 559|0x00000000a2f00000, 0x00000000a2f00000, 0x00000000a3000000|  0%| F|  |TAMS 0x00000000a2f00000, 0x00000000a2f00000| Untracked 
| 560|0x00000000a3000000, 0x00000000a3000000, 0x00000000a3100000|  0%| F|  |TAMS 0x00000000a3000000, 0x00000000a3000000| Untracked 
| 561|0x00000000a3100000, 0x00000000a3100000, 0x00000000a3200000|  0%| F|  |TAMS 0x00000000a3100000, 0x00000000a3100000| Untracked 
| 562|0x00000000a3200000, 0x00000000a3200000, 0x00000000a3300000|  0%| F|  |TAMS 0x00000000a3200000, 0x00000000a3200000| Untracked 
| 563|0x00000000a3300000, 0x00000000a3300000, 0x00000000a3400000|  0%| F|  |TAMS 0x00000000a3300000, 0x00000000a3300000| Untracked 
| 564|0x00000000a3400000, 0x00000000a3400000, 0x00000000a3500000|  0%| F|  |TAMS 0x00000000a3400000, 0x00000000a3400000| Untracked 
| 565|0x00000000a3500000, 0x00000000a3500000, 0x00000000a3600000|  0%| F|  |TAMS 0x00000000a3500000, 0x00000000a3500000| Untracked 
| 566|0x00000000a3600000, 0x00000000a3600000, 0x00000000a3700000|  0%| F|  |TAMS 0x00000000a3600000, 0x00000000a3600000| Untracked 
| 567|0x00000000a3700000, 0x00000000a3700000, 0x00000000a3800000|  0%| F|  |TAMS 0x00000000a3700000, 0x00000000a3700000| Untracked 
| 568|0x00000000a3800000, 0x00000000a3800000, 0x00000000a3900000|  0%| F|  |TAMS 0x00000000a3800000, 0x00000000a3800000| Untracked 
| 569|0x00000000a3900000, 0x00000000a3900000, 0x00000000a3a00000|  0%| F|  |TAMS 0x00000000a3900000, 0x00000000a3900000| Untracked 
| 570|0x00000000a3a00000, 0x00000000a3a00000, 0x00000000a3b00000|  0%| F|  |TAMS 0x00000000a3a00000, 0x00000000a3a00000| Untracked 
| 571|0x00000000a3b00000, 0x00000000a3b00000, 0x00000000a3c00000|  0%| F|  |TAMS 0x00000000a3b00000, 0x00000000a3b00000| Untracked 
| 572|0x00000000a3c00000, 0x00000000a3c00000, 0x00000000a3d00000|  0%| F|  |TAMS 0x00000000a3c00000, 0x00000000a3c00000| Untracked 
| 573|0x00000000a3d00000, 0x00000000a3d00000, 0x00000000a3e00000|  0%| F|  |TAMS 0x00000000a3d00000, 0x00000000a3d00000| Untracked 
| 574|0x00000000a3e00000, 0x00000000a3e00000, 0x00000000a3f00000|  0%| F|  |TAMS 0x00000000a3e00000, 0x00000000a3e00000| Untracked 
| 575|0x00000000a3f00000, 0x00000000a3f00000, 0x00000000a4000000|  0%| F|  |TAMS 0x00000000a3f00000, 0x00000000a3f00000| Untracked 
| 576|0x00000000a4000000, 0x00000000a4000000, 0x00000000a4100000|  0%| F|  |TAMS 0x00000000a4000000, 0x00000000a4000000| Untracked 
| 577|0x00000000a4100000, 0x00000000a4100000, 0x00000000a4200000|  0%| F|  |TAMS 0x00000000a4100000, 0x00000000a4100000| Untracked 
| 578|0x00000000a4200000, 0x00000000a4200000, 0x00000000a4300000|  0%| F|  |TAMS 0x00000000a4200000, 0x00000000a4200000| Untracked 
| 579|0x00000000a4300000, 0x00000000a4300000, 0x00000000a4400000|  0%| F|  |TAMS 0x00000000a4300000, 0x00000000a4300000| Untracked 
| 580|0x00000000a4400000, 0x00000000a4400000, 0x00000000a4500000|  0%| F|  |TAMS 0x00000000a4400000, 0x00000000a4400000| Untracked 
| 581|0x00000000a4500000, 0x00000000a4500000, 0x00000000a4600000|  0%| F|  |TAMS 0x00000000a4500000, 0x00000000a4500000| Untracked 
| 582|0x00000000a4600000, 0x00000000a4600000, 0x00000000a4700000|  0%| F|  |TAMS 0x00000000a4600000, 0x00000000a4600000| Untracked 
| 583|0x00000000a4700000, 0x00000000a4700000, 0x00000000a4800000|  0%| F|  |TAMS 0x00000000a4700000, 0x00000000a4700000| Untracked 
| 584|0x00000000a4800000, 0x00000000a4800000, 0x00000000a4900000|  0%| F|  |TAMS 0x00000000a4800000, 0x00000000a4800000| Untracked 
| 585|0x00000000a4900000, 0x00000000a4900000, 0x00000000a4a00000|  0%| F|  |TAMS 0x00000000a4900000, 0x00000000a4900000| Untracked 
| 586|0x00000000a4a00000, 0x00000000a4a00000, 0x00000000a4b00000|  0%| F|  |TAMS 0x00000000a4a00000, 0x00000000a4a00000| Untracked 
| 587|0x00000000a4b00000, 0x00000000a4b00000, 0x00000000a4c00000|  0%| F|  |TAMS 0x00000000a4b00000, 0x00000000a4b00000| Untracked 
| 588|0x00000000a4c00000, 0x00000000a4c00000, 0x00000000a4d00000|  0%| F|  |TAMS 0x00000000a4c00000, 0x00000000a4c00000| Untracked 
| 589|0x00000000a4d00000, 0x00000000a4d00000, 0x00000000a4e00000|  0%| F|  |TAMS 0x00000000a4d00000, 0x00000000a4d00000| Untracked 
| 590|0x00000000a4e00000, 0x00000000a4e00000, 0x00000000a4f00000|  0%| F|  |TAMS 0x00000000a4e00000, 0x00000000a4e00000| Untracked 
| 591|0x00000000a4f00000, 0x00000000a4f00000, 0x00000000a5000000|  0%| F|  |TAMS 0x00000000a4f00000, 0x00000000a4f00000| Untracked 
| 592|0x00000000a5000000, 0x00000000a5000000, 0x00000000a5100000|  0%| F|  |TAMS 0x00000000a5000000, 0x00000000a5000000| Untracked 
| 593|0x00000000a5100000, 0x00000000a5100000, 0x00000000a5200000|  0%| F|  |TAMS 0x00000000a5100000, 0x00000000a5100000| Untracked 
| 594|0x00000000a5200000, 0x00000000a5200000, 0x00000000a5300000|  0%| F|  |TAMS 0x00000000a5200000, 0x00000000a5200000| Untracked 
| 595|0x00000000a5300000, 0x00000000a5300000, 0x00000000a5400000|  0%| F|  |TAMS 0x00000000a5300000, 0x00000000a5300000| Untracked 
| 596|0x00000000a5400000, 0x00000000a5400000, 0x00000000a5500000|  0%| F|  |TAMS 0x00000000a5400000, 0x00000000a5400000| Untracked 
| 597|0x00000000a5500000, 0x00000000a5500000, 0x00000000a5600000|  0%| F|  |TAMS 0x00000000a5500000, 0x00000000a5500000| Untracked 
| 598|0x00000000a5600000, 0x00000000a5600000, 0x00000000a5700000|  0%| F|  |TAMS 0x00000000a5600000, 0x00000000a5600000| Untracked 
| 599|0x00000000a5700000, 0x00000000a5700000, 0x00000000a5800000|  0%| F|  |TAMS 0x00000000a5700000, 0x00000000a5700000| Untracked 
| 600|0x00000000a5800000, 0x00000000a5800000, 0x00000000a5900000|  0%| F|  |TAMS 0x00000000a5800000, 0x00000000a5800000| Untracked 
| 601|0x00000000a5900000, 0x00000000a5900000, 0x00000000a5a00000|  0%| F|  |TAMS 0x00000000a5900000, 0x00000000a5900000| Untracked 
| 602|0x00000000a5a00000, 0x00000000a5a00000, 0x00000000a5b00000|  0%| F|  |TAMS 0x00000000a5a00000, 0x00000000a5a00000| Untracked 
| 603|0x00000000a5b00000, 0x00000000a5b00000, 0x00000000a5c00000|  0%| F|  |TAMS 0x00000000a5b00000, 0x00000000a5b00000| Untracked 
| 604|0x00000000a5c00000, 0x00000000a5c00000, 0x00000000a5d00000|  0%| F|  |TAMS 0x00000000a5c00000, 0x00000000a5c00000| Untracked 
| 605|0x00000000a5d00000, 0x00000000a5d00000, 0x00000000a5e00000|  0%| F|  |TAMS 0x00000000a5d00000, 0x00000000a5d00000| Untracked 
| 606|0x00000000a5e00000, 0x00000000a5e00000, 0x00000000a5f00000|  0%| F|  |TAMS 0x00000000a5e00000, 0x00000000a5e00000| Untracked 
| 607|0x00000000a5f00000, 0x00000000a5f00000, 0x00000000a6000000|  0%| F|  |TAMS 0x00000000a5f00000, 0x00000000a5f00000| Untracked 
| 608|0x00000000a6000000, 0x00000000a6000000, 0x00000000a6100000|  0%| F|  |TAMS 0x00000000a6000000, 0x00000000a6000000| Untracked 
| 609|0x00000000a6100000, 0x00000000a6100000, 0x00000000a6200000|  0%| F|  |TAMS 0x00000000a6100000, 0x00000000a6100000| Untracked 
| 610|0x00000000a6200000, 0x00000000a6200000, 0x00000000a6300000|  0%| F|  |TAMS 0x00000000a6200000, 0x00000000a6200000| Untracked 
| 611|0x00000000a6300000, 0x00000000a6300000, 0x00000000a6400000|  0%| F|  |TAMS 0x00000000a6300000, 0x00000000a6300000| Untracked 
| 612|0x00000000a6400000, 0x00000000a6400000, 0x00000000a6500000|  0%| F|  |TAMS 0x00000000a6400000, 0x00000000a6400000| Untracked 
| 613|0x00000000a6500000, 0x00000000a6500000, 0x00000000a6600000|  0%| F|  |TAMS 0x00000000a6500000, 0x00000000a6500000| Untracked 
| 614|0x00000000a6600000, 0x00000000a6600000, 0x00000000a6700000|  0%| F|  |TAMS 0x00000000a6600000, 0x00000000a6600000| Untracked 
| 615|0x00000000a6700000, 0x00000000a6700000, 0x00000000a6800000|  0%| F|  |TAMS 0x00000000a6700000, 0x00000000a6700000| Untracked 
| 616|0x00000000a6800000, 0x00000000a6800000, 0x00000000a6900000|  0%| F|  |TAMS 0x00000000a6800000, 0x00000000a6800000| Untracked 
| 617|0x00000000a6900000, 0x00000000a6900000, 0x00000000a6a00000|  0%| F|  |TAMS 0x00000000a6900000, 0x00000000a6900000| Untracked 
| 618|0x00000000a6a00000, 0x00000000a6a00000, 0x00000000a6b00000|  0%| F|  |TAMS 0x00000000a6a00000, 0x00000000a6a00000| Untracked 
| 619|0x00000000a6b00000, 0x00000000a6b00000, 0x00000000a6c00000|  0%| F|  |TAMS 0x00000000a6b00000, 0x00000000a6b00000| Untracked 
| 620|0x00000000a6c00000, 0x00000000a6c00000, 0x00000000a6d00000|  0%| F|  |TAMS 0x00000000a6c00000, 0x00000000a6c00000| Untracked 
| 621|0x00000000a6d00000, 0x00000000a6d00000, 0x00000000a6e00000|  0%| F|  |TAMS 0x00000000a6d00000, 0x00000000a6d00000| Untracked 
| 622|0x00000000a6e00000, 0x00000000a6e00000, 0x00000000a6f00000|  0%| F|  |TAMS 0x00000000a6e00000, 0x00000000a6e00000| Untracked 
| 623|0x00000000a6f00000, 0x00000000a6f00000, 0x00000000a7000000|  0%| F|  |TAMS 0x00000000a6f00000, 0x00000000a6f00000| Untracked 
| 624|0x00000000a7000000, 0x00000000a7000000, 0x00000000a7100000|  0%| F|  |TAMS 0x00000000a7000000, 0x00000000a7000000| Untracked 
| 625|0x00000000a7100000, 0x00000000a7100000, 0x00000000a7200000|  0%| F|  |TAMS 0x00000000a7100000, 0x00000000a7100000| Untracked 
| 626|0x00000000a7200000, 0x00000000a7200000, 0x00000000a7300000|  0%| F|  |TAMS 0x00000000a7200000, 0x00000000a7200000| Untracked 
| 627|0x00000000a7300000, 0x00000000a7300000, 0x00000000a7400000|  0%| F|  |TAMS 0x00000000a7300000, 0x00000000a7300000| Untracked 
| 628|0x00000000a7400000, 0x00000000a7400000, 0x00000000a7500000|  0%| F|  |TAMS 0x00000000a7400000, 0x00000000a7400000| Untracked 
| 629|0x00000000a7500000, 0x00000000a7500000, 0x00000000a7600000|  0%| F|  |TAMS 0x00000000a7500000, 0x00000000a7500000| Untracked 
| 630|0x00000000a7600000, 0x00000000a7600000, 0x00000000a7700000|  0%| F|  |TAMS 0x00000000a7600000, 0x00000000a7600000| Untracked 
| 631|0x00000000a7700000, 0x00000000a7700000, 0x00000000a7800000|  0%| F|  |TAMS 0x00000000a7700000, 0x00000000a7700000| Untracked 
| 632|0x00000000a7800000, 0x00000000a7800000, 0x00000000a7900000|  0%| F|  |TAMS 0x00000000a7800000, 0x00000000a7800000| Untracked 
| 633|0x00000000a7900000, 0x00000000a7900000, 0x00000000a7a00000|  0%| F|  |TAMS 0x00000000a7900000, 0x00000000a7900000| Untracked 
| 634|0x00000000a7a00000, 0x00000000a7a00000, 0x00000000a7b00000|  0%| F|  |TAMS 0x00000000a7a00000, 0x00000000a7a00000| Untracked 
| 635|0x00000000a7b00000, 0x00000000a7b00000, 0x00000000a7c00000|  0%| F|  |TAMS 0x00000000a7b00000, 0x00000000a7b00000| Untracked 
| 636|0x00000000a7c00000, 0x00000000a7c00000, 0x00000000a7d00000|  0%| F|  |TAMS 0x00000000a7c00000, 0x00000000a7c00000| Untracked 
| 637|0x00000000a7d00000, 0x00000000a7d00000, 0x00000000a7e00000|  0%| F|  |TAMS 0x00000000a7d00000, 0x00000000a7d00000| Untracked 
| 638|0x00000000a7e00000, 0x00000000a7e00000, 0x00000000a7f00000|  0%| F|  |TAMS 0x00000000a7e00000, 0x00000000a7e00000| Untracked 
| 639|0x00000000a7f00000, 0x00000000a7f00000, 0x00000000a8000000|  0%| F|  |TAMS 0x00000000a7f00000, 0x00000000a7f00000| Untracked 
| 640|0x00000000a8000000, 0x00000000a8000000, 0x00000000a8100000|  0%| F|  |TAMS 0x00000000a8000000, 0x00000000a8000000| Untracked 
| 641|0x00000000a8100000, 0x00000000a8100000, 0x00000000a8200000|  0%| F|  |TAMS 0x00000000a8100000, 0x00000000a8100000| Untracked 
| 642|0x00000000a8200000, 0x00000000a8200000, 0x00000000a8300000|  0%| F|  |TAMS 0x00000000a8200000, 0x00000000a8200000| Untracked 
| 643|0x00000000a8300000, 0x00000000a8300000, 0x00000000a8400000|  0%| F|  |TAMS 0x00000000a8300000, 0x00000000a8300000| Untracked 
| 644|0x00000000a8400000, 0x00000000a8400000, 0x00000000a8500000|  0%| F|  |TAMS 0x00000000a8400000, 0x00000000a8400000| Untracked 
| 645|0x00000000a8500000, 0x00000000a8500000, 0x00000000a8600000|  0%| F|  |TAMS 0x00000000a8500000, 0x00000000a8500000| Untracked 
| 646|0x00000000a8600000, 0x00000000a8600000, 0x00000000a8700000|  0%| F|  |TAMS 0x00000000a8600000, 0x00000000a8600000| Untracked 
| 647|0x00000000a8700000, 0x00000000a8700000, 0x00000000a8800000|  0%| F|  |TAMS 0x00000000a8700000, 0x00000000a8700000| Untracked 
| 648|0x00000000a8800000, 0x00000000a8800000, 0x00000000a8900000|  0%| F|  |TAMS 0x00000000a8800000, 0x00000000a8800000| Untracked 
| 649|0x00000000a8900000, 0x00000000a8900000, 0x00000000a8a00000|  0%| F|  |TAMS 0x00000000a8900000, 0x00000000a8900000| Untracked 
| 650|0x00000000a8a00000, 0x00000000a8a00000, 0x00000000a8b00000|  0%| F|  |TAMS 0x00000000a8a00000, 0x00000000a8a00000| Untracked 
| 651|0x00000000a8b00000, 0x00000000a8b00000, 0x00000000a8c00000|  0%| F|  |TAMS 0x00000000a8b00000, 0x00000000a8b00000| Untracked 
| 652|0x00000000a8c00000, 0x00000000a8c00000, 0x00000000a8d00000|  0%| F|  |TAMS 0x00000000a8c00000, 0x00000000a8c00000| Untracked 
| 653|0x00000000a8d00000, 0x00000000a8d00000, 0x00000000a8e00000|  0%| F|  |TAMS 0x00000000a8d00000, 0x00000000a8d00000| Untracked 
| 654|0x00000000a8e00000, 0x00000000a8e00000, 0x00000000a8f00000|  0%| F|  |TAMS 0x00000000a8e00000, 0x00000000a8e00000| Untracked 
| 655|0x00000000a8f00000, 0x00000000a8f00000, 0x00000000a9000000|  0%| F|  |TAMS 0x00000000a8f00000, 0x00000000a8f00000| Untracked 
| 656|0x00000000a9000000, 0x00000000a9000000, 0x00000000a9100000|  0%| F|  |TAMS 0x00000000a9000000, 0x00000000a9000000| Untracked 
| 657|0x00000000a9100000, 0x00000000a9100000, 0x00000000a9200000|  0%| F|  |TAMS 0x00000000a9100000, 0x00000000a9100000| Untracked 
| 658|0x00000000a9200000, 0x00000000a9200000, 0x00000000a9300000|  0%| F|  |TAMS 0x00000000a9200000, 0x00000000a9200000| Untracked 
| 659|0x00000000a9300000, 0x00000000a9300000, 0x00000000a9400000|  0%| F|  |TAMS 0x00000000a9300000, 0x00000000a9300000| Untracked 
| 660|0x00000000a9400000, 0x00000000a9400000, 0x00000000a9500000|  0%| F|  |TAMS 0x00000000a9400000, 0x00000000a9400000| Untracked 
| 661|0x00000000a9500000, 0x00000000a9500000, 0x00000000a9600000|  0%| F|  |TAMS 0x00000000a9500000, 0x00000000a9500000| Untracked 
| 662|0x00000000a9600000, 0x00000000a9600000, 0x00000000a9700000|  0%| F|  |TAMS 0x00000000a9600000, 0x00000000a9600000| Untracked 
| 663|0x00000000a9700000, 0x00000000a9700000, 0x00000000a9800000|  0%| F|  |TAMS 0x00000000a9700000, 0x00000000a9700000| Untracked 
| 664|0x00000000a9800000, 0x00000000a9800000, 0x00000000a9900000|  0%| F|  |TAMS 0x00000000a9800000, 0x00000000a9800000| Untracked 
| 665|0x00000000a9900000, 0x00000000a9900000, 0x00000000a9a00000|  0%| F|  |TAMS 0x00000000a9900000, 0x00000000a9900000| Untracked 
| 666|0x00000000a9a00000, 0x00000000a9a00000, 0x00000000a9b00000|  0%| F|  |TAMS 0x00000000a9a00000, 0x00000000a9a00000| Untracked 
| 667|0x00000000a9b00000, 0x00000000a9b00000, 0x00000000a9c00000|  0%| F|  |TAMS 0x00000000a9b00000, 0x00000000a9b00000| Untracked 
| 668|0x00000000a9c00000, 0x00000000a9c00000, 0x00000000a9d00000|  0%| F|  |TAMS 0x00000000a9c00000, 0x00000000a9c00000| Untracked 
| 669|0x00000000a9d00000, 0x00000000a9d00000, 0x00000000a9e00000|  0%| F|  |TAMS 0x00000000a9d00000, 0x00000000a9d00000| Untracked 
| 670|0x00000000a9e00000, 0x00000000a9e00000, 0x00000000a9f00000|  0%| F|  |TAMS 0x00000000a9e00000, 0x00000000a9e00000| Untracked 
| 671|0x00000000a9f00000, 0x00000000a9f00000, 0x00000000aa000000|  0%| F|  |TAMS 0x00000000a9f00000, 0x00000000a9f00000| Untracked 
| 672|0x00000000aa000000, 0x00000000aa000000, 0x00000000aa100000|  0%| F|  |TAMS 0x00000000aa000000, 0x00000000aa000000| Untracked 
| 673|0x00000000aa100000, 0x00000000aa100000, 0x00000000aa200000|  0%| F|  |TAMS 0x00000000aa100000, 0x00000000aa100000| Untracked 
| 674|0x00000000aa200000, 0x00000000aa200000, 0x00000000aa300000|  0%| F|  |TAMS 0x00000000aa200000, 0x00000000aa200000| Untracked 
| 675|0x00000000aa300000, 0x00000000aa300000, 0x00000000aa400000|  0%| F|  |TAMS 0x00000000aa300000, 0x00000000aa300000| Untracked 
| 676|0x00000000aa400000, 0x00000000aa400000, 0x00000000aa500000|  0%| F|  |TAMS 0x00000000aa400000, 0x00000000aa400000| Untracked 
| 677|0x00000000aa500000, 0x00000000aa500000, 0x00000000aa600000|  0%| F|  |TAMS 0x00000000aa500000, 0x00000000aa500000| Untracked 
| 678|0x00000000aa600000, 0x00000000aa600000, 0x00000000aa700000|  0%| F|  |TAMS 0x00000000aa600000, 0x00000000aa600000| Untracked 
| 679|0x00000000aa700000, 0x00000000aa700000, 0x00000000aa800000|  0%| F|  |TAMS 0x00000000aa700000, 0x00000000aa700000| Untracked 
| 680|0x00000000aa800000, 0x00000000aa800000, 0x00000000aa900000|  0%| F|  |TAMS 0x00000000aa800000, 0x00000000aa800000| Untracked 
| 681|0x00000000aa900000, 0x00000000aa900000, 0x00000000aaa00000|  0%| F|  |TAMS 0x00000000aa900000, 0x00000000aa900000| Untracked 
| 682|0x00000000aaa00000, 0x00000000aaa00000, 0x00000000aab00000|  0%| F|  |TAMS 0x00000000aaa00000, 0x00000000aaa00000| Untracked 
| 683|0x00000000aab00000, 0x00000000aab00000, 0x00000000aac00000|  0%| F|  |TAMS 0x00000000aab00000, 0x00000000aab00000| Untracked 
| 684|0x00000000aac00000, 0x00000000aac00000, 0x00000000aad00000|  0%| F|  |TAMS 0x00000000aac00000, 0x00000000aac00000| Untracked 
| 685|0x00000000aad00000, 0x00000000aad00000, 0x00000000aae00000|  0%| F|  |TAMS 0x00000000aad00000, 0x00000000aad00000| Untracked 
| 686|0x00000000aae00000, 0x00000000aae00000, 0x00000000aaf00000|  0%| F|  |TAMS 0x00000000aae00000, 0x00000000aae00000| Untracked 
| 687|0x00000000aaf00000, 0x00000000aaf00000, 0x00000000ab000000|  0%| F|  |TAMS 0x00000000aaf00000, 0x00000000aaf00000| Untracked 
| 688|0x00000000ab000000, 0x00000000ab000000, 0x00000000ab100000|  0%| F|  |TAMS 0x00000000ab000000, 0x00000000ab000000| Untracked 
| 689|0x00000000ab100000, 0x00000000ab100000, 0x00000000ab200000|  0%| F|  |TAMS 0x00000000ab100000, 0x00000000ab100000| Untracked 
| 690|0x00000000ab200000, 0x00000000ab200000, 0x00000000ab300000|  0%| F|  |TAMS 0x00000000ab200000, 0x00000000ab200000| Untracked 
| 691|0x00000000ab300000, 0x00000000ab300000, 0x00000000ab400000|  0%| F|  |TAMS 0x00000000ab300000, 0x00000000ab300000| Untracked 
| 692|0x00000000ab400000, 0x00000000ab400000, 0x00000000ab500000|  0%| F|  |TAMS 0x00000000ab400000, 0x00000000ab400000| Untracked 
| 693|0x00000000ab500000, 0x00000000ab500000, 0x00000000ab600000|  0%| F|  |TAMS 0x00000000ab500000, 0x00000000ab500000| Untracked 
| 694|0x00000000ab600000, 0x00000000ab600000, 0x00000000ab700000|  0%| F|  |TAMS 0x00000000ab600000, 0x00000000ab600000| Untracked 
| 695|0x00000000ab700000, 0x00000000ab700000, 0x00000000ab800000|  0%| F|  |TAMS 0x00000000ab700000, 0x00000000ab700000| Untracked 
| 696|0x00000000ab800000, 0x00000000ab800000, 0x00000000ab900000|  0%| F|  |TAMS 0x00000000ab800000, 0x00000000ab800000| Untracked 
| 697|0x00000000ab900000, 0x00000000ab900000, 0x00000000aba00000|  0%| F|  |TAMS 0x00000000ab900000, 0x00000000ab900000| Untracked 
| 698|0x00000000aba00000, 0x00000000aba00000, 0x00000000abb00000|  0%| F|  |TAMS 0x00000000aba00000, 0x00000000aba00000| Untracked 
| 699|0x00000000abb00000, 0x00000000abb00000, 0x00000000abc00000|  0%| F|  |TAMS 0x00000000abb00000, 0x00000000abb00000| Untracked 
| 700|0x00000000abc00000, 0x00000000abc00000, 0x00000000abd00000|  0%| F|  |TAMS 0x00000000abc00000, 0x00000000abc00000| Untracked 
| 701|0x00000000abd00000, 0x00000000abd00000, 0x00000000abe00000|  0%| F|  |TAMS 0x00000000abd00000, 0x00000000abd00000| Untracked 
| 702|0x00000000abe00000, 0x00000000abe00000, 0x00000000abf00000|  0%| F|  |TAMS 0x00000000abe00000, 0x00000000abe00000| Untracked 
| 703|0x00000000abf00000, 0x00000000abf00000, 0x00000000ac000000|  0%| F|  |TAMS 0x00000000abf00000, 0x00000000abf00000| Untracked 
| 704|0x00000000ac000000, 0x00000000ac000000, 0x00000000ac100000|  0%| F|  |TAMS 0x00000000ac000000, 0x00000000ac000000| Untracked 
| 705|0x00000000ac100000, 0x00000000ac100000, 0x00000000ac200000|  0%| F|  |TAMS 0x00000000ac100000, 0x00000000ac100000| Untracked 
| 706|0x00000000ac200000, 0x00000000ac200000, 0x00000000ac300000|  0%| F|  |TAMS 0x00000000ac200000, 0x00000000ac200000| Untracked 
| 707|0x00000000ac300000, 0x00000000ac300000, 0x00000000ac400000|  0%| F|  |TAMS 0x00000000ac300000, 0x00000000ac300000| Untracked 
| 708|0x00000000ac400000, 0x00000000ac400000, 0x00000000ac500000|  0%| F|  |TAMS 0x00000000ac400000, 0x00000000ac400000| Untracked 
| 709|0x00000000ac500000, 0x00000000ac500000, 0x00000000ac600000|  0%| F|  |TAMS 0x00000000ac500000, 0x00000000ac500000| Untracked 
| 710|0x00000000ac600000, 0x00000000ac600000, 0x00000000ac700000|  0%| F|  |TAMS 0x00000000ac600000, 0x00000000ac600000| Untracked 
| 711|0x00000000ac700000, 0x00000000ac700000, 0x00000000ac800000|  0%| F|  |TAMS 0x00000000ac700000, 0x00000000ac700000| Untracked 
| 712|0x00000000ac800000, 0x00000000ac800000, 0x00000000ac900000|  0%| F|  |TAMS 0x00000000ac800000, 0x00000000ac800000| Untracked 
| 713|0x00000000ac900000, 0x00000000ac900000, 0x00000000aca00000|  0%| F|  |TAMS 0x00000000ac900000, 0x00000000ac900000| Untracked 
| 714|0x00000000aca00000, 0x00000000aca00000, 0x00000000acb00000|  0%| F|  |TAMS 0x00000000aca00000, 0x00000000aca00000| Untracked 
| 715|0x00000000acb00000, 0x00000000acb00000, 0x00000000acc00000|  0%| F|  |TAMS 0x00000000acb00000, 0x00000000acb00000| Untracked 
| 716|0x00000000acc00000, 0x00000000acc00000, 0x00000000acd00000|  0%| F|  |TAMS 0x00000000acc00000, 0x00000000acc00000| Untracked 
| 717|0x00000000acd00000, 0x00000000acd00000, 0x00000000ace00000|  0%| F|  |TAMS 0x00000000acd00000, 0x00000000acd00000| Untracked 
| 718|0x00000000ace00000, 0x00000000ace00000, 0x00000000acf00000|  0%| F|  |TAMS 0x00000000ace00000, 0x00000000ace00000| Untracked 
| 719|0x00000000acf00000, 0x00000000acf00000, 0x00000000ad000000|  0%| F|  |TAMS 0x00000000acf00000, 0x00000000acf00000| Untracked 
| 720|0x00000000ad000000, 0x00000000ad000000, 0x00000000ad100000|  0%| F|  |TAMS 0x00000000ad000000, 0x00000000ad000000| Untracked 
| 721|0x00000000ad100000, 0x00000000ad100000, 0x00000000ad200000|  0%| F|  |TAMS 0x00000000ad100000, 0x00000000ad100000| Untracked 
| 722|0x00000000ad200000, 0x00000000ad200000, 0x00000000ad300000|  0%| F|  |TAMS 0x00000000ad200000, 0x00000000ad200000| Untracked 
| 723|0x00000000ad300000, 0x00000000ad300000, 0x00000000ad400000|  0%| F|  |TAMS 0x00000000ad300000, 0x00000000ad300000| Untracked 
| 724|0x00000000ad400000, 0x00000000ad400000, 0x00000000ad500000|  0%| F|  |TAMS 0x00000000ad400000, 0x00000000ad400000| Untracked 
| 725|0x00000000ad500000, 0x00000000ad500000, 0x00000000ad600000|  0%| F|  |TAMS 0x00000000ad500000, 0x00000000ad500000| Untracked 
| 726|0x00000000ad600000, 0x00000000ad600000, 0x00000000ad700000|  0%| F|  |TAMS 0x00000000ad600000, 0x00000000ad600000| Untracked 
| 727|0x00000000ad700000, 0x00000000ad700000, 0x00000000ad800000|  0%| F|  |TAMS 0x00000000ad700000, 0x00000000ad700000| Untracked 
| 728|0x00000000ad800000, 0x00000000ad800000, 0x00000000ad900000|  0%| F|  |TAMS 0x00000000ad800000, 0x00000000ad800000| Untracked 
| 729|0x00000000ad900000, 0x00000000ad900000, 0x00000000ada00000|  0%| F|  |TAMS 0x00000000ad900000, 0x00000000ad900000| Untracked 
| 730|0x00000000ada00000, 0x00000000ada00000, 0x00000000adb00000|  0%| F|  |TAMS 0x00000000ada00000, 0x00000000ada00000| Untracked 
| 731|0x00000000adb00000, 0x00000000adb00000, 0x00000000adc00000|  0%| F|  |TAMS 0x00000000adb00000, 0x00000000adb00000| Untracked 
| 732|0x00000000adc00000, 0x00000000adc00000, 0x00000000add00000|  0%| F|  |TAMS 0x00000000adc00000, 0x00000000adc00000| Untracked 
| 733|0x00000000add00000, 0x00000000add00000, 0x00000000ade00000|  0%| F|  |TAMS 0x00000000add00000, 0x00000000add00000| Untracked 
| 734|0x00000000ade00000, 0x00000000ade00000, 0x00000000adf00000|  0%| F|  |TAMS 0x00000000ade00000, 0x00000000ade00000| Untracked 
| 735|0x00000000adf00000, 0x00000000adf00000, 0x00000000ae000000|  0%| F|  |TAMS 0x00000000adf00000, 0x00000000adf00000| Untracked 
| 736|0x00000000ae000000, 0x00000000ae000000, 0x00000000ae100000|  0%| F|  |TAMS 0x00000000ae000000, 0x00000000ae000000| Untracked 
| 737|0x00000000ae100000, 0x00000000ae100000, 0x00000000ae200000|  0%| F|  |TAMS 0x00000000ae100000, 0x00000000ae100000| Untracked 
| 738|0x00000000ae200000, 0x00000000ae200000, 0x00000000ae300000|  0%| F|  |TAMS 0x00000000ae200000, 0x00000000ae200000| Untracked 
| 739|0x00000000ae300000, 0x00000000ae300000, 0x00000000ae400000|  0%| F|  |TAMS 0x00000000ae300000, 0x00000000ae300000| Untracked 
| 740|0x00000000ae400000, 0x00000000ae400000, 0x00000000ae500000|  0%| F|  |TAMS 0x00000000ae400000, 0x00000000ae400000| Untracked 
| 741|0x00000000ae500000, 0x00000000ae500000, 0x00000000ae600000|  0%| F|  |TAMS 0x00000000ae500000, 0x00000000ae500000| Untracked 
| 742|0x00000000ae600000, 0x00000000ae600000, 0x00000000ae700000|  0%| F|  |TAMS 0x00000000ae600000, 0x00000000ae600000| Untracked 
| 743|0x00000000ae700000, 0x00000000ae700000, 0x00000000ae800000|  0%| F|  |TAMS 0x00000000ae700000, 0x00000000ae700000| Untracked 
| 744|0x00000000ae800000, 0x00000000ae800000, 0x00000000ae900000|  0%| F|  |TAMS 0x00000000ae800000, 0x00000000ae800000| Untracked 
| 745|0x00000000ae900000, 0x00000000ae900000, 0x00000000aea00000|  0%| F|  |TAMS 0x00000000ae900000, 0x00000000ae900000| Untracked 
| 746|0x00000000aea00000, 0x00000000aea00000, 0x00000000aeb00000|  0%| F|  |TAMS 0x00000000aea00000, 0x00000000aea00000| Untracked 
| 747|0x00000000aeb00000, 0x00000000aeb00000, 0x00000000aec00000|  0%| F|  |TAMS 0x00000000aeb00000, 0x00000000aeb00000| Untracked 
| 748|0x00000000aec00000, 0x00000000aec00000, 0x00000000aed00000|  0%| F|  |TAMS 0x00000000aec00000, 0x00000000aec00000| Untracked 
| 749|0x00000000aed00000, 0x00000000aed00000, 0x00000000aee00000|  0%| F|  |TAMS 0x00000000aed00000, 0x00000000aed00000| Untracked 
| 750|0x00000000aee00000, 0x00000000aee00000, 0x00000000aef00000|  0%| F|  |TAMS 0x00000000aee00000, 0x00000000aee00000| Untracked 
| 751|0x00000000aef00000, 0x00000000aef00000, 0x00000000af000000|  0%| F|  |TAMS 0x00000000aef00000, 0x00000000aef00000| Untracked 
| 752|0x00000000af000000, 0x00000000af000000, 0x00000000af100000|  0%| F|  |TAMS 0x00000000af000000, 0x00000000af000000| Untracked 
| 753|0x00000000af100000, 0x00000000af100000, 0x00000000af200000|  0%| F|  |TAMS 0x00000000af100000, 0x00000000af100000| Untracked 
| 754|0x00000000af200000, 0x00000000af200000, 0x00000000af300000|  0%| F|  |TAMS 0x00000000af200000, 0x00000000af200000| Untracked 
| 755|0x00000000af300000, 0x00000000af300000, 0x00000000af400000|  0%| F|  |TAMS 0x00000000af300000, 0x00000000af300000| Untracked 
| 756|0x00000000af400000, 0x00000000af400000, 0x00000000af500000|  0%| F|  |TAMS 0x00000000af400000, 0x00000000af400000| Untracked 
| 757|0x00000000af500000, 0x00000000af500000, 0x00000000af600000|  0%| F|  |TAMS 0x00000000af500000, 0x00000000af500000| Untracked 
| 758|0x00000000af600000, 0x00000000af600000, 0x00000000af700000|  0%| F|  |TAMS 0x00000000af600000, 0x00000000af600000| Untracked 
| 759|0x00000000af700000, 0x00000000af700000, 0x00000000af800000|  0%| F|  |TAMS 0x00000000af700000, 0x00000000af700000| Untracked 
| 760|0x00000000af800000, 0x00000000af800000, 0x00000000af900000|  0%| F|  |TAMS 0x00000000af800000, 0x00000000af800000| Untracked 
| 761|0x00000000af900000, 0x00000000af900000, 0x00000000afa00000|  0%| F|  |TAMS 0x00000000af900000, 0x00000000af900000| Untracked 
| 762|0x00000000afa00000, 0x00000000afa00000, 0x00000000afb00000|  0%| F|  |TAMS 0x00000000afa00000, 0x00000000afa00000| Untracked 
| 763|0x00000000afb00000, 0x00000000afb00000, 0x00000000afc00000|  0%| F|  |TAMS 0x00000000afb00000, 0x00000000afb00000| Untracked 
| 764|0x00000000afc00000, 0x00000000afc00000, 0x00000000afd00000|  0%| F|  |TAMS 0x00000000afc00000, 0x00000000afc00000| Untracked 
| 765|0x00000000afd00000, 0x00000000afd00000, 0x00000000afe00000|  0%| F|  |TAMS 0x00000000afd00000, 0x00000000afd00000| Untracked 
| 766|0x00000000afe00000, 0x00000000afe00000, 0x00000000aff00000|  0%| F|  |TAMS 0x00000000afe00000, 0x00000000afe00000| Untracked 
| 767|0x00000000aff00000, 0x00000000aff00000, 0x00000000b0000000|  0%| F|  |TAMS 0x00000000aff00000, 0x00000000aff00000| Untracked 
| 768|0x00000000b0000000, 0x00000000b0000000, 0x00000000b0100000|  0%| F|  |TAMS 0x00000000b0000000, 0x00000000b0000000| Untracked 
| 769|0x00000000b0100000, 0x00000000b0100000, 0x00000000b0200000|  0%| F|  |TAMS 0x00000000b0100000, 0x00000000b0100000| Untracked 
| 770|0x00000000b0200000, 0x00000000b0200000, 0x00000000b0300000|  0%| F|  |TAMS 0x00000000b0200000, 0x00000000b0200000| Untracked 
| 771|0x00000000b0300000, 0x00000000b0300000, 0x00000000b0400000|  0%| F|  |TAMS 0x00000000b0300000, 0x00000000b0300000| Untracked 
| 772|0x00000000b0400000, 0x00000000b0400000, 0x00000000b0500000|  0%| F|  |TAMS 0x00000000b0400000, 0x00000000b0400000| Untracked 
| 773|0x00000000b0500000, 0x00000000b0500000, 0x00000000b0600000|  0%| F|  |TAMS 0x00000000b0500000, 0x00000000b0500000| Untracked 
| 774|0x00000000b0600000, 0x00000000b0600000, 0x00000000b0700000|  0%| F|  |TAMS 0x00000000b0600000, 0x00000000b0600000| Untracked 
| 775|0x00000000b0700000, 0x00000000b0700000, 0x00000000b0800000|  0%| F|  |TAMS 0x00000000b0700000, 0x00000000b0700000| Untracked 
| 776|0x00000000b0800000, 0x00000000b0800000, 0x00000000b0900000|  0%| F|  |TAMS 0x00000000b0800000, 0x00000000b0800000| Untracked 
| 777|0x00000000b0900000, 0x00000000b0900000, 0x00000000b0a00000|  0%| F|  |TAMS 0x00000000b0900000, 0x00000000b0900000| Untracked 
| 778|0x00000000b0a00000, 0x00000000b0a00000, 0x00000000b0b00000|  0%| F|  |TAMS 0x00000000b0a00000, 0x00000000b0a00000| Untracked 
| 779|0x00000000b0b00000, 0x00000000b0b00000, 0x00000000b0c00000|  0%| F|  |TAMS 0x00000000b0b00000, 0x00000000b0b00000| Untracked 
| 780|0x00000000b0c00000, 0x00000000b0c00000, 0x00000000b0d00000|  0%| F|  |TAMS 0x00000000b0c00000, 0x00000000b0c00000| Untracked 
| 781|0x00000000b0d00000, 0x00000000b0d00000, 0x00000000b0e00000|  0%| F|  |TAMS 0x00000000b0d00000, 0x00000000b0d00000| Untracked 
| 782|0x00000000b0e00000, 0x00000000b0e00000, 0x00000000b0f00000|  0%| F|  |TAMS 0x00000000b0e00000, 0x00000000b0e00000| Untracked 
| 783|0x00000000b0f00000, 0x00000000b0f00000, 0x00000000b1000000|  0%| F|  |TAMS 0x00000000b0f00000, 0x00000000b0f00000| Untracked 
| 784|0x00000000b1000000, 0x00000000b1000000, 0x00000000b1100000|  0%| F|  |TAMS 0x00000000b1000000, 0x00000000b1000000| Untracked 
| 785|0x00000000b1100000, 0x00000000b1100000, 0x00000000b1200000|  0%| F|  |TAMS 0x00000000b1100000, 0x00000000b1100000| Untracked 
| 786|0x00000000b1200000, 0x00000000b1200000, 0x00000000b1300000|  0%| F|  |TAMS 0x00000000b1200000, 0x00000000b1200000| Untracked 
| 787|0x00000000b1300000, 0x00000000b1300000, 0x00000000b1400000|  0%| F|  |TAMS 0x00000000b1300000, 0x00000000b1300000| Untracked 
| 788|0x00000000b1400000, 0x00000000b1400000, 0x00000000b1500000|  0%| F|  |TAMS 0x00000000b1400000, 0x00000000b1400000| Untracked 
| 789|0x00000000b1500000, 0x00000000b1500000, 0x00000000b1600000|  0%| F|  |TAMS 0x00000000b1500000, 0x00000000b1500000| Untracked 
| 790|0x00000000b1600000, 0x00000000b1600000, 0x00000000b1700000|  0%| F|  |TAMS 0x00000000b1600000, 0x00000000b1600000| Untracked 
| 791|0x00000000b1700000, 0x00000000b1700000, 0x00000000b1800000|  0%| F|  |TAMS 0x00000000b1700000, 0x00000000b1700000| Untracked 
| 792|0x00000000b1800000, 0x00000000b1800000, 0x00000000b1900000|  0%| F|  |TAMS 0x00000000b1800000, 0x00000000b1800000| Untracked 
| 793|0x00000000b1900000, 0x00000000b1900000, 0x00000000b1a00000|  0%| F|  |TAMS 0x00000000b1900000, 0x00000000b1900000| Untracked 
| 794|0x00000000b1a00000, 0x00000000b1a00000, 0x00000000b1b00000|  0%| F|  |TAMS 0x00000000b1a00000, 0x00000000b1a00000| Untracked 
| 795|0x00000000b1b00000, 0x00000000b1b00000, 0x00000000b1c00000|  0%| F|  |TAMS 0x00000000b1b00000, 0x00000000b1b00000| Untracked 
| 796|0x00000000b1c00000, 0x00000000b1c00000, 0x00000000b1d00000|  0%| F|  |TAMS 0x00000000b1c00000, 0x00000000b1c00000| Untracked 
| 797|0x00000000b1d00000, 0x00000000b1d00000, 0x00000000b1e00000|  0%| F|  |TAMS 0x00000000b1d00000, 0x00000000b1d00000| Untracked 
| 798|0x00000000b1e00000, 0x00000000b1e00000, 0x00000000b1f00000|  0%| F|  |TAMS 0x00000000b1e00000, 0x00000000b1e00000| Untracked 
| 799|0x00000000b1f00000, 0x00000000b1f00000, 0x00000000b2000000|  0%| F|  |TAMS 0x00000000b1f00000, 0x00000000b1f00000| Untracked 
| 800|0x00000000b2000000, 0x00000000b2000000, 0x00000000b2100000|  0%| F|  |TAMS 0x00000000b2000000, 0x00000000b2000000| Untracked 
| 801|0x00000000b2100000, 0x00000000b2100000, 0x00000000b2200000|  0%| F|  |TAMS 0x00000000b2100000, 0x00000000b2100000| Untracked 
| 802|0x00000000b2200000, 0x00000000b2200000, 0x00000000b2300000|  0%| F|  |TAMS 0x00000000b2200000, 0x00000000b2200000| Untracked 
| 803|0x00000000b2300000, 0x00000000b2300000, 0x00000000b2400000|  0%| F|  |TAMS 0x00000000b2300000, 0x00000000b2300000| Untracked 
| 804|0x00000000b2400000, 0x00000000b2400000, 0x00000000b2500000|  0%| F|  |TAMS 0x00000000b2400000, 0x00000000b2400000| Untracked 
| 805|0x00000000b2500000, 0x00000000b2500000, 0x00000000b2600000|  0%| F|  |TAMS 0x00000000b2500000, 0x00000000b2500000| Untracked 
| 806|0x00000000b2600000, 0x00000000b2600000, 0x00000000b2700000|  0%| F|  |TAMS 0x00000000b2600000, 0x00000000b2600000| Untracked 
| 807|0x00000000b2700000, 0x00000000b2700000, 0x00000000b2800000|  0%| F|  |TAMS 0x00000000b2700000, 0x00000000b2700000| Untracked 
| 808|0x00000000b2800000, 0x00000000b2800000, 0x00000000b2900000|  0%| F|  |TAMS 0x00000000b2800000, 0x00000000b2800000| Untracked 
| 809|0x00000000b2900000, 0x00000000b2900000, 0x00000000b2a00000|  0%| F|  |TAMS 0x00000000b2900000, 0x00000000b2900000| Untracked 
| 810|0x00000000b2a00000, 0x00000000b2a00000, 0x00000000b2b00000|  0%| F|  |TAMS 0x00000000b2a00000, 0x00000000b2a00000| Untracked 
| 811|0x00000000b2b00000, 0x00000000b2b00000, 0x00000000b2c00000|  0%| F|  |TAMS 0x00000000b2b00000, 0x00000000b2b00000| Untracked 
| 812|0x00000000b2c00000, 0x00000000b2c00000, 0x00000000b2d00000|  0%| F|  |TAMS 0x00000000b2c00000, 0x00000000b2c00000| Untracked 
| 813|0x00000000b2d00000, 0x00000000b2d00000, 0x00000000b2e00000|  0%| F|  |TAMS 0x00000000b2d00000, 0x00000000b2d00000| Untracked 
| 814|0x00000000b2e00000, 0x00000000b2e00000, 0x00000000b2f00000|  0%| F|  |TAMS 0x00000000b2e00000, 0x00000000b2e00000| Untracked 
| 815|0x00000000b2f00000, 0x00000000b2f00000, 0x00000000b3000000|  0%| F|  |TAMS 0x00000000b2f00000, 0x00000000b2f00000| Untracked 
| 816|0x00000000b3000000, 0x00000000b3000000, 0x00000000b3100000|  0%| F|  |TAMS 0x00000000b3000000, 0x00000000b3000000| Untracked 
| 817|0x00000000b3100000, 0x00000000b3100000, 0x00000000b3200000|  0%| F|  |TAMS 0x00000000b3100000, 0x00000000b3100000| Untracked 
| 818|0x00000000b3200000, 0x00000000b3200000, 0x00000000b3300000|  0%| F|  |TAMS 0x00000000b3200000, 0x00000000b3200000| Untracked 
| 819|0x00000000b3300000, 0x00000000b3300000, 0x00000000b3400000|  0%| F|  |TAMS 0x00000000b3300000, 0x00000000b3300000| Untracked 
| 820|0x00000000b3400000, 0x00000000b3400000, 0x00000000b3500000|  0%| F|  |TAMS 0x00000000b3400000, 0x00000000b3400000| Untracked 
| 821|0x00000000b3500000, 0x00000000b3500000, 0x00000000b3600000|  0%| F|  |TAMS 0x00000000b3500000, 0x00000000b3500000| Untracked 
| 822|0x00000000b3600000, 0x00000000b3600000, 0x00000000b3700000|  0%| F|  |TAMS 0x00000000b3600000, 0x00000000b3600000| Untracked 
| 823|0x00000000b3700000, 0x00000000b3700000, 0x00000000b3800000|  0%| F|  |TAMS 0x00000000b3700000, 0x00000000b3700000| Untracked 
| 824|0x00000000b3800000, 0x00000000b3800000, 0x00000000b3900000|  0%| F|  |TAMS 0x00000000b3800000, 0x00000000b3800000| Untracked 
| 825|0x00000000b3900000, 0x00000000b3900000, 0x00000000b3a00000|  0%| F|  |TAMS 0x00000000b3900000, 0x00000000b3900000| Untracked 
| 826|0x00000000b3a00000, 0x00000000b3a00000, 0x00000000b3b00000|  0%| F|  |TAMS 0x00000000b3a00000, 0x00000000b3a00000| Untracked 
| 827|0x00000000b3b00000, 0x00000000b3b00000, 0x00000000b3c00000|  0%| F|  |TAMS 0x00000000b3b00000, 0x00000000b3b00000| Untracked 
| 828|0x00000000b3c00000, 0x00000000b3c00000, 0x00000000b3d00000|  0%| F|  |TAMS 0x00000000b3c00000, 0x00000000b3c00000| Untracked 
| 829|0x00000000b3d00000, 0x00000000b3d00000, 0x00000000b3e00000|  0%| F|  |TAMS 0x00000000b3d00000, 0x00000000b3d00000| Untracked 
| 830|0x00000000b3e00000, 0x00000000b3e00000, 0x00000000b3f00000|  0%| F|  |TAMS 0x00000000b3e00000, 0x00000000b3e00000| Untracked 
| 831|0x00000000b3f00000, 0x00000000b3f00000, 0x00000000b4000000|  0%| F|  |TAMS 0x00000000b3f00000, 0x00000000b3f00000| Untracked 
| 832|0x00000000b4000000, 0x00000000b4000000, 0x00000000b4100000|  0%| F|  |TAMS 0x00000000b4000000, 0x00000000b4000000| Untracked 
| 833|0x00000000b4100000, 0x00000000b4100000, 0x00000000b4200000|  0%| F|  |TAMS 0x00000000b4100000, 0x00000000b4100000| Untracked 
| 834|0x00000000b4200000, 0x00000000b4200000, 0x00000000b4300000|  0%| F|  |TAMS 0x00000000b4200000, 0x00000000b4200000| Untracked 
| 835|0x00000000b4300000, 0x00000000b4300000, 0x00000000b4400000|  0%| F|  |TAMS 0x00000000b4300000, 0x00000000b4300000| Untracked 
| 836|0x00000000b4400000, 0x00000000b4400000, 0x00000000b4500000|  0%| F|  |TAMS 0x00000000b4400000, 0x00000000b4400000| Untracked 
| 837|0x00000000b4500000, 0x00000000b4500000, 0x00000000b4600000|  0%| F|  |TAMS 0x00000000b4500000, 0x00000000b4500000| Untracked 
| 838|0x00000000b4600000, 0x00000000b4600000, 0x00000000b4700000|  0%| F|  |TAMS 0x00000000b4600000, 0x00000000b4600000| Untracked 
| 839|0x00000000b4700000, 0x00000000b4700000, 0x00000000b4800000|  0%| F|  |TAMS 0x00000000b4700000, 0x00000000b4700000| Untracked 
| 840|0x00000000b4800000, 0x00000000b4800000, 0x00000000b4900000|  0%| F|  |TAMS 0x00000000b4800000, 0x00000000b4800000| Untracked 
| 841|0x00000000b4900000, 0x00000000b4900000, 0x00000000b4a00000|  0%| F|  |TAMS 0x00000000b4900000, 0x00000000b4900000| Untracked 
| 842|0x00000000b4a00000, 0x00000000b4a00000, 0x00000000b4b00000|  0%| F|  |TAMS 0x00000000b4a00000, 0x00000000b4a00000| Untracked 
| 843|0x00000000b4b00000, 0x00000000b4b00000, 0x00000000b4c00000|  0%| F|  |TAMS 0x00000000b4b00000, 0x00000000b4b00000| Untracked 
| 844|0x00000000b4c00000, 0x00000000b4c00000, 0x00000000b4d00000|  0%| F|  |TAMS 0x00000000b4c00000, 0x00000000b4c00000| Untracked 
| 845|0x00000000b4d00000, 0x00000000b4d00000, 0x00000000b4e00000|  0%| F|  |TAMS 0x00000000b4d00000, 0x00000000b4d00000| Untracked 
| 846|0x00000000b4e00000, 0x00000000b4e00000, 0x00000000b4f00000|  0%| F|  |TAMS 0x00000000b4e00000, 0x00000000b4e00000| Untracked 
| 847|0x00000000b4f00000, 0x00000000b4f00000, 0x00000000b5000000|  0%| F|  |TAMS 0x00000000b4f00000, 0x00000000b4f00000| Untracked 
| 848|0x00000000b5000000, 0x00000000b5000000, 0x00000000b5100000|  0%| F|  |TAMS 0x00000000b5000000, 0x00000000b5000000| Untracked 
| 849|0x00000000b5100000, 0x00000000b5100000, 0x00000000b5200000|  0%| F|  |TAMS 0x00000000b5100000, 0x00000000b5100000| Untracked 
| 850|0x00000000b5200000, 0x00000000b5200000, 0x00000000b5300000|  0%| F|  |TAMS 0x00000000b5200000, 0x00000000b5200000| Untracked 
| 851|0x00000000b5300000, 0x00000000b5300000, 0x00000000b5400000|  0%| F|  |TAMS 0x00000000b5300000, 0x00000000b5300000| Untracked 
|2043|0x00000000ffb00000, 0x00000000ffb00000, 0x00000000ffc00000|  0%| F|  |TAMS 0x00000000ffb00000, 0x00000000ffb00000| Untracked 
|2044|0x00000000ffc00000, 0x00000000ffc00000, 0x00000000ffd00000|  0%| F|  |TAMS 0x00000000ffc00000, 0x00000000ffc00000| Untracked 
|2045|0x00000000ffd00000, 0x00000000ffd00000, 0x00000000ffe00000|  0%| F|  |TAMS 0x00000000ffd00000, 0x00000000ffd00000| Untracked 
|2046|0x00000000ffe00000, 0x00000000ffe00000, 0x00000000fff00000|  0%| F|  |TAMS 0x00000000ffe00000, 0x00000000ffe00000| Untracked 
|2047|0x00000000fff00000, 0x00000000fff00000, 0x0000000100000000|  0%| F|  |TAMS 0x00000000fff00000, 0x00000000fff00000| Untracked 

Card table byte_map: [0x0000026a9c2e0000,0x0000026a9c6e0000] _byte_map_base: 0x0000026a9bee0000

Marking Bits (Prev, Next): (CMBitMap*) 0x0000026a891fd820, (CMBitMap*) 0x0000026a891fd860
 Prev Bits: [0x0000026a9cae0000, 0x0000026a9eae0000)
 Next Bits: [0x0000026a9eae0000, 0x0000026aa0ae0000)

Polling page: 0x0000026a87040000

Metaspace:

Usage:
  Non-class:    134.65 MB used.
      Class:     20.96 MB used.
       Both:    155.61 MB used.

Virtual space:
  Non-class space:      136.00 MB reserved,     135.62 MB (>99%) committed,  17 nodes.
      Class space:        1.00 GB reserved,      21.94 MB (  2%) committed,  1 nodes.
             Both:        1.13 GB reserved,     157.56 MB ( 14%) committed. 

Chunk freelists:
   Non-Class:  193.00 KB
       Class:  1.97 MB
        Both:  2.16 MB

MaxMetaspaceSize: unlimited
CompressedClassSpaceSize: 1.00 GB
Initial GC threshold: 21.00 MB
Current GC threshold: 261.88 MB
CDS: off
MetaspaceReclaimPolicy: balanced
 - commit_granule_bytes: 65536.
 - commit_granule_words: 8192.
 - virtual_space_node_default_size: 1048576.
 - enlarge_chunks_in_place: 1.
 - new_chunks_are_fully_committed: 0.
 - uncommit_free_chunks: 1.
 - use_allocation_guard: 0.
 - handle_deallocations: 1.


Internal statistics:

num_allocs_failed_limit: 9.
num_arena_births: 4764.
num_arena_deaths: 692.
num_vsnodes_births: 18.
num_vsnodes_deaths: 0.
num_space_committed: 2519.
num_space_uncommitted: 0.
num_chunks_returned_to_freelist: 916.
num_chunks_taken_from_freelist: 11997.
num_chunk_merges: 343.
num_chunk_splits: 6957.
num_chunks_enlarged: 3532.
num_purges: 12.
num_inconsistent_stats: 0.

CodeHeap 'non-profiled nmethods': size=119168Kb used=26935Kb max_used=26935Kb free=92232Kb
 bounds [0x0000026a94200000, 0x0000026a95c50000, 0x0000026a9b660000]
CodeHeap 'profiled nmethods': size=119104Kb used=58147Kb max_used=58718Kb free=60956Kb
 bounds [0x0000026a8c660000, 0x0000026a8ffc0000, 0x0000026a93ab0000]
CodeHeap 'non-nmethods': size=7488Kb used=2527Kb max_used=4253Kb free=4961Kb
 bounds [0x0000026a93ab0000, 0x0000026a93ef0000, 0x0000026a94200000]
 total_blobs=31022 nmethods=29947 adapters=984
 compilation: enabled
              stopped_count=0, restarted_count=0
 full_count=0

Compilation events (20 events):
Event: 14538.941 Thread 0x0000026aa449ad40 nmethod 42162 0x0000026a95c4ae10 code [0x0000026a95c4afa0, 0x0000026a95c4b0b8]
Event: 14538.941 Thread 0x0000026aa449ad40 42176       4       java.util.AbstractQueue::addAll (67 bytes)
Event: 14538.941 Thread 0x0000026aa449c7f0 42315       2       com.android.tools.r8.internal.rR::a (179 bytes)
Event: 14538.942 Thread 0x0000026aa449c7f0 nmethod 42315 0x0000026a8e976610 code [0x0000026a8e976800, 0x0000026a8e976f38]
Event: 14538.942 Thread 0x0000026aa449c7f0 42316       2       com.android.tools.r8.internal.rR::a (37 bytes)
Event: 14538.942 Thread 0x0000026aa449c7f0 nmethod 42316 0x0000026a8e976090 code [0x0000026a8e976240, 0x0000026a8e976478]
Event: 14538.946 Thread 0x0000026aa449ad40 nmethod 42176 0x0000026a95c4b210 code [0x0000026a95c4b3c0, 0x0000026a95c4b7c8]
Event: 14538.946 Thread 0x0000026aa449ad40 42132       4       com.android.tools.r8.internal.H6::a (186 bytes)
Event: 14538.947 Thread 0x0000026aa449c7f0 42320       2       com.android.tools.r8.internal.DS::<init> (10 bytes)
Event: 14538.947 Thread 0x0000026aa449c7f0 nmethod 42320 0x0000026a8e975d10 code [0x0000026a8e975ea0, 0x0000026a8e975ff8]
Event: 14538.956 Thread 0x0000026aa449c7f0 42326       1       com.android.tools.r8.internal.V8::N (2 bytes)
Event: 14538.956 Thread 0x0000026aa449c7f0 nmethod 42326 0x0000026a95c4bc90 code [0x0000026a95c4be20, 0x0000026a95c4bef8]
Event: 14538.958 Thread 0x0000026aa449c7f0 42327       2       com.android.tools.r8.internal.pr::a (38 bytes)
Event: 14538.958 Thread 0x0000026aa449ad40 nmethod 42132 0x0000026a95c4bf90 code [0x0000026a95c4c220, 0x0000026a95c4cdd0]
Event: 14538.958 Thread 0x0000026aa449ad40 42191 %     4       com.android.tools.r8.internal.B8::<init> @ 77 (253 bytes)
Event: 14538.958 Thread 0x0000026aa449c7f0 nmethod 42327 0x0000026a8e975790 code [0x0000026a8e975940, 0x0000026a8e975be8]
Event: 14538.960 Thread 0x0000026aa449c7f0 42328       3       java.util.TimSort::gallopRight (335 bytes)
Event: 14538.961 Thread 0x0000026aa449c7f0 nmethod 42328 0x0000026a8e974690 code [0x0000026a8e9748c0, 0x0000026a8e9753d8]
Event: 14538.976 Thread 0x0000026aa449c7f0 42329       1       com.android.tools.r8.internal.Wr::E2 (4 bytes)
Event: 14538.976 Thread 0x0000026aa449c7f0 nmethod 42329 0x0000026a95c4da90 code [0x0000026a95c4dc20, 0x0000026a95c4dcf8]

GC Heap History (20 events):
Event: 11541.728 GC heap after
{Heap after GC invocations=104 (full 0):
 garbage-first heap   total 877568K, used 193887K [0x0000000080000000, 0x0000000100000000)
  region size 1024K, 6 young (6144K), 6 survivors (6144K)
 Metaspace       used 156838K, committed 158272K, reserved 1187840K
  class space    used 21075K, committed 21760K, reserved 1048576K
}
Event: 11545.776 GC heap before
{Heap before GC invocations=104 (full 0):
 garbage-first heap   total 877568K, used 394591K [0x0000000080000000, 0x0000000100000000)
  region size 1024K, 204 young (208896K), 6 survivors (6144K)
 Metaspace       used 156874K, committed 158272K, reserved 1187840K
  class space    used 21078K, committed 21760K, reserved 1048576K
}
Event: 11545.782 GC heap after
{Heap after GC invocations=105 (full 0):
 garbage-first heap   total 877568K, used 193984K [0x0000000080000000, 0x0000000100000000)
  region size 1024K, 7 young (7168K), 7 survivors (7168K)
 Metaspace       used 156874K, committed 158272K, reserved 1187840K
  class space    used 21078K, committed 21760K, reserved 1048576K
}
Event: 12182.512 GC heap before
{Heap before GC invocations=106 (full 0):
 garbage-first heap   total 877568K, used 829888K [0x0000000080000000, 0x0000000100000000)
  region size 1024K, 508 young (520192K), 7 survivors (7168K)
 Metaspace       used 158624K, committed 160576K, reserved 1187840K
  class space    used 21395K, committed 22336K, reserved 1048576K
}
Event: 12182.605 GC heap after
{Heap after GC invocations=107 (full 0):
 garbage-first heap   total 877568K, used 217795K [0x0000000080000000, 0x0000000100000000)
  region size 1024K, 30 young (30720K), 30 survivors (30720K)
 Metaspace       used 158624K, committed 160576K, reserved 1187840K
  class space    used 21395K, committed 22336K, reserved 1048576K
}
Event: 12182.672 GC heap before
{Heap before GC invocations=107 (full 0):
 garbage-first heap   total 877568K, used 230083K [0x0000000080000000, 0x0000000100000000)
  region size 1024K, 42 young (43008K), 30 survivors (30720K)
 Metaspace       used 158625K, committed 160576K, reserved 1187840K
  class space    used 21395K, committed 22336K, reserved 1048576K
}
Event: 12182.775 GC heap after
{Heap after GC invocations=108 (full 0):
 garbage-first heap   total 877568K, used 204954K [0x0000000080000000, 0x0000000100000000)
  region size 1024K, 6 young (6144K), 6 survivors (6144K)
 Metaspace       used 158625K, committed 160576K, reserved 1187840K
  class space    used 21395K, committed 22336K, reserved 1048576K
}
Event: 12186.490 GC heap before
{Heap before GC invocations=108 (full 0):
 garbage-first heap   total 877568K, used 379034K [0x0000000080000000, 0x0000000100000000)
  region size 1024K, 178 young (182272K), 6 survivors (6144K)
 Metaspace       used 158696K, committed 160576K, reserved 1187840K
  class space    used 21398K, committed 22336K, reserved 1048576K
}
Event: 12186.502 GC heap after
{Heap after GC invocations=109 (full 0):
 garbage-first heap   total 877568K, used 206287K [0x0000000080000000, 0x0000000100000000)
  region size 1024K, 7 young (7168K), 7 survivors (7168K)
 Metaspace       used 158696K, committed 160576K, reserved 1187840K
  class space    used 21398K, committed 22336K, reserved 1048576K
}
Event: 13349.186 GC heap before
{Heap before GC invocations=110 (full 0):
 garbage-first heap   total 877568K, used 784847K [0x0000000080000000, 0x0000000100000000)
  region size 1024K, 512 young (524288K), 7 survivors (7168K)
 Metaspace       used 158920K, committed 160896K, reserved 1187840K
  class space    used 21426K, committed 22400K, reserved 1048576K
}
Event: 13349.415 GC heap after
{Heap after GC invocations=111 (full 0):
 garbage-first heap   total 877568K, used 236084K [0x0000000080000000, 0x0000000100000000)
  region size 1024K, 37 young (37888K), 37 survivors (37888K)
 Metaspace       used 158920K, committed 160896K, reserved 1187840K
  class space    used 21426K, committed 22400K, reserved 1048576K
}
Event: 13349.460 GC heap before
{Heap before GC invocations=111 (full 0):
 garbage-first heap   total 877568K, used 241204K [0x0000000080000000, 0x0000000100000000)
  region size 1024K, 42 young (43008K), 37 survivors (37888K)
 Metaspace       used 158921K, committed 160896K, reserved 1187840K
  class space    used 21426K, committed 22400K, reserved 1048576K
}
Event: 13349.649 GC heap after
{Heap after GC invocations=112 (full 0):
 garbage-first heap   total 877568K, used 225229K [0x0000000080000000, 0x0000000100000000)
  region size 1024K, 3 young (3072K), 3 survivors (3072K)
 Metaspace       used 158921K, committed 160896K, reserved 1187840K
  class space    used 21426K, committed 22400K, reserved 1048576K
}
Event: 13351.503 GC heap before
{Heap before GC invocations=112 (full 0):
 garbage-first heap   total 877568K, used 698317K [0x0000000080000000, 0x0000000100000000)
  region size 1024K, 467 young (478208K), 3 survivors (3072K)
 Metaspace       used 158971K, committed 160896K, reserved 1187840K
  class space    used 21431K, committed 22400K, reserved 1048576K
}
Event: 13351.512 GC heap after
{Heap after GC invocations=113 (full 0):
 garbage-first heap   total 877568K, used 228058K [0x0000000080000000, 0x0000000100000000)
  region size 1024K, 6 young (6144K), 6 survivors (6144K)
 Metaspace       used 158971K, committed 160896K, reserved 1187840K
  class space    used 21431K, committed 22400K, reserved 1048576K
}
Event: 14533.267 GC heap before
{Heap before GC invocations=114 (full 0):
 garbage-first heap   total 877568K, used 839386K [0x0000000080000000, 0x0000000100000000)
  region size 1024K, 489 young (500736K), 6 survivors (6144K)
 Metaspace       used 159233K, committed 161280K, reserved 1187840K
  class space    used 21457K, committed 22464K, reserved 1048576K
}
Event: 14533.419 GC heap after
{Heap after GC invocations=115 (full 0):
 garbage-first heap   total 877568K, used 232483K [0x0000000080000000, 0x0000000100000000)
  region size 1024K, 17 young (17408K), 17 survivors (17408K)
 Metaspace       used 159233K, committed 161280K, reserved 1187840K
  class space    used 21457K, committed 22464K, reserved 1048576K
}
Event: 14533.809 GC heap before
{Heap before GC invocations=115 (full 0):
 garbage-first heap   total 877568K, used 257059K [0x0000000080000000, 0x0000000100000000)
  region size 1024K, 42 young (43008K), 17 survivors (17408K)
 Metaspace       used 159234K, committed 161280K, reserved 1187840K
  class space    used 21457K, committed 22464K, reserved 1048576K
}
Event: 14534.046 GC heap after
{Heap after GC invocations=116 (full 0):
 garbage-first heap   total 877568K, used 210238K [0x0000000080000000, 0x0000000100000000)
  region size 1024K, 6 young (6144K), 6 survivors (6144K)
 Metaspace       used 159234K, committed 161280K, reserved 1187840K
  class space    used 21457K, committed 22464K, reserved 1048576K
}
Event: 14538.980 GC heap before
{Heap before GC invocations=116 (full 0):
 garbage-first heap   total 877568K, used 727358K [0x0000000080000000, 0x0000000100000000)
  region size 1024K, 512 young (524288K), 6 survivors (6144K)
 Metaspace       used 159345K, committed 161344K, reserved 1187840K
  class space    used 21467K, committed 22464K, reserved 1048576K
}

Dll operation events (2 events):
Event: 0.019 Loaded shared library D:\Android\Android Studio\jbr\bin\java.dll
Event: 0.506 Loaded shared library D:\Android\Android Studio\jbr\bin\verify.dll

Deoptimization events (20 events):
Event: 14538.861 Thread 0x0000026ab0161480 DEOPT PACKING pc=0x0000026a8ea08a68 sp=0x000000bae1ffcf80
Event: 14538.861 Thread 0x0000026ab0161480 DEOPT UNPACKING pc=0x0000026a93b07143 sp=0x000000bae1ffc450 mode 0
Event: 14538.863 Thread 0x0000026ab0161480 DEOPT PACKING pc=0x0000026a8ea0cec5 sp=0x000000bae1ffcf20
Event: 14538.863 Thread 0x0000026ab0161480 DEOPT UNPACKING pc=0x0000026a93b07143 sp=0x000000bae1ffc438 mode 0
Event: 14538.868 Thread 0x0000026ab2501030 DEOPT PACKING pc=0x0000026a8ece974f sp=0x000000bae0afc3b0
Event: 14538.868 Thread 0x0000026ab2501030 DEOPT UNPACKING pc=0x0000026a93b07143 sp=0x000000bae0afba10 mode 0
Event: 14538.868 Thread 0x0000026ab2501500 DEOPT PACKING pc=0x0000026a8c875ada sp=0x000000badfefb450
Event: 14538.868 Thread 0x0000026ab0161950 DEOPT PACKING pc=0x0000026a8ec86fab sp=0x000000bae1cfbe30
Event: 14538.868 Thread 0x0000026ab2501500 DEOPT UNPACKING pc=0x0000026a93b07143 sp=0x000000badfefa990 mode 0
Event: 14538.868 Thread 0x0000026ab0161950 DEOPT UNPACKING pc=0x0000026a93b07143 sp=0x000000bae1cfb278 mode 0
Event: 14538.871 Thread 0x0000026ab0161480 DEOPT PACKING pc=0x0000026a8e9b47fe sp=0x000000bae1ffcd20
Event: 14538.872 Thread 0x0000026ab0161480 DEOPT UNPACKING pc=0x0000026a93b07143 sp=0x000000bae1ffc2a8 mode 0
Event: 14538.884 Thread 0x0000026ab0161950 DEOPT PACKING pc=0x0000026a8ece93df sp=0x000000bae1cfc1b0
Event: 14538.884 Thread 0x0000026ab0161950 DEOPT UNPACKING pc=0x0000026a93b07143 sp=0x000000bae1cfb810 mode 0
Event: 14538.942 Thread 0x0000026ab0161950 DEOPT PACKING pc=0x0000026a8ea08a68 sp=0x000000bae1cfc830
Event: 14538.942 Thread 0x0000026ab0161950 DEOPT UNPACKING pc=0x0000026a93b07143 sp=0x000000bae1cfbd00 mode 0
Event: 14538.942 Thread 0x0000026ab2501500 DEOPT PACKING pc=0x0000026a8ea0cea4 sp=0x000000badfefce90
Event: 14538.942 Thread 0x0000026ab2501500 DEOPT UNPACKING pc=0x0000026a93b07143 sp=0x000000badfefc3a8 mode 0
Event: 14538.948 Thread 0x0000026ab0161950 DEOPT PACKING pc=0x0000026a8ea45829 sp=0x000000bae1cfc620
Event: 14538.948 Thread 0x0000026ab0161950 DEOPT UNPACKING pc=0x0000026a93b07143 sp=0x000000bae1cfbab8 mode 0

Classes unloaded (20 events):
Event: 13351.809 Thread 0x0000026aa3b80960 Unloading class 0x00000001014e9000 'jdk/internal/reflect/GeneratedSerializationConstructorAccessor211'
Event: 13351.809 Thread 0x0000026aa3b80960 Unloading class 0x00000001014e8c00 'jdk/internal/reflect/GeneratedSerializationConstructorAccessor210'
Event: 13351.809 Thread 0x0000026aa3b80960 Unloading class 0x00000001014e8800 'jdk/internal/reflect/GeneratedSerializationConstructorAccessor209'
Event: 13351.809 Thread 0x0000026aa3b80960 Unloading class 0x00000001014e8400 'jdk/internal/reflect/GeneratedSerializationConstructorAccessor208'
Event: 13351.809 Thread 0x0000026aa3b80960 Unloading class 0x00000001014e8000 'jdk/internal/reflect/GeneratedSerializationConstructorAccessor207'
Event: 13351.809 Thread 0x0000026aa3b80960 Unloading class 0x00000001014e3c00 'jdk/internal/reflect/GeneratedSerializationConstructorAccessor206'
Event: 13351.809 Thread 0x0000026aa3b80960 Unloading class 0x00000001014e3800 'jdk/internal/reflect/GeneratedSerializationConstructorAccessor205'
Event: 13351.809 Thread 0x0000026aa3b80960 Unloading class 0x00000001014e3400 'jdk/internal/reflect/GeneratedSerializationConstructorAccessor204'
Event: 13351.809 Thread 0x0000026aa3b80960 Unloading class 0x00000001014e3000 'jdk/internal/reflect/GeneratedSerializationConstructorAccessor203'
Event: 13351.810 Thread 0x0000026aa3b80960 Unloading class 0x00000001014e2c00 'jdk/internal/reflect/GeneratedSerializationConstructorAccessor202'
Event: 13351.810 Thread 0x0000026aa3b80960 Unloading class 0x00000001014e2800 'jdk/internal/reflect/GeneratedSerializationConstructorAccessor201'
Event: 13351.810 Thread 0x0000026aa3b80960 Unloading class 0x00000001014e2400 'jdk/internal/reflect/GeneratedSerializationConstructorAccessor200'
Event: 13351.810 Thread 0x0000026aa3b80960 Unloading class 0x00000001014e2000 'jdk/internal/reflect/GeneratedSerializationConstructorAccessor199'
Event: 13351.810 Thread 0x0000026aa3b80960 Unloading class 0x00000001014e1c00 'jdk/internal/reflect/GeneratedSerializationConstructorAccessor198'
Event: 13351.810 Thread 0x0000026aa3b80960 Unloading class 0x00000001014e1800 'jdk/internal/reflect/GeneratedSerializationConstructorAccessor197'
Event: 13351.810 Thread 0x0000026aa3b80960 Unloading class 0x00000001014e1400 'jdk/internal/reflect/GeneratedSerializationConstructorAccessor196'
Event: 13351.810 Thread 0x0000026aa3b80960 Unloading class 0x00000001014e1000 'jdk/internal/reflect/GeneratedSerializationConstructorAccessor195'
Event: 13351.811 Thread 0x0000026aa3b80960 Unloading class 0x00000001014e0c00 'jdk/internal/reflect/GeneratedSerializationConstructorAccessor194'
Event: 13351.811 Thread 0x0000026aa3b80960 Unloading class 0x00000001014e0800 'jdk/internal/reflect/GeneratedSerializationConstructorAccessor193'
Event: 13351.811 Thread 0x0000026aa3b80960 Unloading class 0x00000001014e0400 'jdk/internal/reflect/GeneratedSerializationConstructorAccessor192'

Classes redefined (0 events):
No events

Internal exceptions (20 events):
Event: 14537.870 Thread 0x0000026aa92a22b0 Exception <a 'sun/nio/fs/WindowsException'{0x00000000b0394ab8}> (0x00000000b0394ab8) 
thrown [s\src\hotspot\share\prims\jni.cpp, line 517]
Event: 14537.882 Thread 0x0000026aa92a22b0 Implicit null exception at 0x0000026a959cf133 to 0x0000026a959d0ef0
Event: 14537.895 Thread 0x0000026aa92a22b0 Exception <a 'sun/nio/fs/WindowsException'{0x00000000b0171dd0}> (0x00000000b0171dd0) 
thrown [s\src\hotspot\share\prims\jni.cpp, line 517]
Event: 14537.895 Thread 0x0000026aa92a22b0 Exception <a 'sun/nio/fs/WindowsException'{0x00000000b0173108}> (0x00000000b0173108) 
thrown [s\src\hotspot\share\prims\jni.cpp, line 517]
Event: 14537.895 Thread 0x0000026aa92a22b0 Exception <a 'sun/nio/fs/WindowsException'{0x00000000b0174708}> (0x00000000b0174708) 
thrown [s\src\hotspot\share\prims\jni.cpp, line 517]
Event: 14537.896 Thread 0x0000026aa92a22b0 Exception <a 'sun/nio/fs/WindowsException'{0x00000000b01760f0}> (0x00000000b01760f0) 
thrown [s\src\hotspot\share\prims\jni.cpp, line 517]
Event: 14537.896 Thread 0x0000026aa92a22b0 Exception <a 'sun/nio/fs/WindowsException'{0x00000000b01774a0}> (0x00000000b01774a0) 
thrown [s\src\hotspot\share\prims\jni.cpp, line 517]
Event: 14537.896 Thread 0x0000026aa92a22b0 Exception <a 'sun/nio/fs/WindowsException'{0x00000000b0178858}> (0x00000000b0178858) 
thrown [s\src\hotspot\share\prims\jni.cpp, line 517]
Event: 14537.896 Thread 0x0000026aa92a22b0 Exception <a 'sun/nio/fs/WindowsException'{0x00000000b0179c08}> (0x00000000b0179c08) 
thrown [s\src\hotspot\share\prims\jni.cpp, line 517]
Event: 14537.897 Thread 0x0000026aa92a22b0 Exception <a 'sun/nio/fs/WindowsException'{0x00000000b017afc0}> (0x00000000b017afc0) 
thrown [s\src\hotspot\share\prims\jni.cpp, line 517]
Event: 14537.897 Thread 0x0000026aa92a22b0 Exception <a 'sun/nio/fs/WindowsException'{0x00000000b017c370}> (0x00000000b017c370) 
thrown [s\src\hotspot\share\prims\jni.cpp, line 517]
Event: 14537.897 Thread 0x0000026aa92a22b0 Exception <a 'sun/nio/fs/WindowsException'{0x00000000b017dce0}> (0x00000000b017dce0) 
thrown [s\src\hotspot\share\prims\jni.cpp, line 517]
Event: 14537.964 Thread 0x0000026ab2501030 Exception <a 'sun/nio/fs/WindowsException'{0x00000000ae411380}> (0x00000000ae411380) 
thrown [s\src\hotspot\share\prims\jni.cpp, line 517]
Event: 14537.964 Thread 0x0000026ab2501500 Exception <a 'sun/nio/fs/WindowsException'{0x00000000ae440fb8}> (0x00000000ae440fb8) 
thrown [s\src\hotspot\share\prims\jni.cpp, line 517]
Event: 14537.964 Thread 0x0000026ab01627c0 Exception <a 'sun/nio/fs/WindowsException'{0x00000000ae17a278}> (0x00000000ae17a278) 
thrown [s\src\hotspot\share\prims\jni.cpp, line 517]
Event: 14537.964 Thread 0x0000026ab0161950 Exception <a 'sun/nio/fs/WindowsException'{0x00000000ae022f00}> (0x00000000ae022f00) 
thrown [s\src\hotspot\share\prims\jni.cpp, line 517]
Event: 14537.966 Thread 0x0000026ab0160fb0 Exception <a 'sun/nio/fs/WindowsException'{0x00000000ae08ff78}> (0x00000000ae08ff78) 
thrown [s\src\hotspot\share\prims\jni.cpp, line 517]
Event: 14537.976 Thread 0x0000026ab0161480 Exception <a 'sun/nio/fs/WindowsException'{0x00000000adbc2738}> (0x00000000adbc2738) 
thrown [s\src\hotspot\share\prims\jni.cpp, line 517]
Event: 14537.980 Thread 0x0000026ab0161e20 Exception <a 'sun/nio/fs/WindowsException'{0x00000000ad991878}> (0x00000000ad991878) 
thrown [s\src\hotspot\share\prims\jni.cpp, line 517]
Event: 14538.014 Thread 0x0000026ab01622f0 Exception <a 'sun/nio/fs/WindowsException'{0x00000000ad9a77d0}> (0x00000000ad9a77d0) 
thrown [s\src\hotspot\share\prims\jni.cpp, line 517]

VM Operations (20 events):
Event: 13921.064 Executing VM operation: Cleanup done
Event: 14211.142 Executing VM operation: Cleanup
Event: 14211.142 Executing VM operation: Cleanup done
Event: 14224.149 Executing VM operation: Cleanup
Event: 14224.149 Executing VM operation: Cleanup done
Event: 14531.308 Executing VM operation: Cleanup
Event: 14531.308 Executing VM operation: Cleanup done
Event: 14532.308 Executing VM operation: Cleanup
Event: 14532.308 Executing VM operation: Cleanup done
Event: 14533.267 Executing VM operation: G1CollectForAllocation
Event: 14533.419 Executing VM operation: G1CollectForAllocation done
Event: 14533.809 Executing VM operation: G1CollectForAllocation
Event: 14534.047 Executing VM operation: G1CollectForAllocation done
Event: 14535.047 Executing VM operation: Cleanup
Event: 14535.047 Executing VM operation: Cleanup done
Event: 14537.047 Executing VM operation: Cleanup
Event: 14537.047 Executing VM operation: Cleanup done
Event: 14538.048 Executing VM operation: Cleanup
Event: 14538.048 Executing VM operation: Cleanup done
Event: 14538.979 Executing VM operation: G1CollectForAllocation

Events (20 events):
Event: 14537.770 Thread 0x0000026aa798c2c0 Thread added: 0x0000026aa798c2c0
Event: 14537.770 Thread 0x0000026aa798c790 Thread added: 0x0000026aa798c790
Event: 14537.770 Thread 0x0000026aa79892a0 Thread added: 0x0000026aa79892a0
Event: 14537.770 Thread 0x0000026aa798d130 Thread added: 0x0000026aa798d130
Event: 14537.770 Thread 0x0000026aa7989c40 Thread added: 0x0000026aa7989c40
Event: 14537.770 Thread 0x0000026aa798d600 Thread added: 0x0000026aa798d600
Event: 14537.900 Thread 0x0000026ab0161950 Thread added: 0x0000026ab0161950
Event: 14537.904 Thread 0x0000026ab01627c0 Thread added: 0x0000026ab01627c0
Event: 14537.906 Thread 0x0000026ab0160fb0 Thread added: 0x0000026ab0160fb0
Event: 14537.909 Thread 0x0000026ab0161480 Thread added: 0x0000026ab0161480
Event: 14537.911 Thread 0x0000026ab01622f0 Thread added: 0x0000026ab01622f0
Event: 14537.914 Thread 0x0000026ab0161e20 Thread added: 0x0000026ab0161e20
Event: 14537.918 Thread 0x0000026aafed3ea0 Thread added: 0x0000026aafed3ea0
Event: 14537.923 Thread 0x0000026ab5aa0540 Thread added: 0x0000026ab5aa0540
Event: 14537.933 Thread 0x0000026ab5aa0070 Thread added: 0x0000026ab5aa0070
Event: 14537.940 Thread 0x0000026ab5aa2220 Thread added: 0x0000026ab5aa2220
Event: 14537.944 Thread 0x0000026ab5aa0a10 Thread added: 0x0000026ab5aa0a10
Event: 14537.952 Thread 0x0000026aac4a3540 Thread added: 0x0000026aac4a3540
Event: 14537.956 Thread 0x0000026aac4a0ec0 Thread added: 0x0000026aac4a0ec0
Event: 14537.962 Thread 0x0000026aafed56b0 Thread added: 0x0000026aafed56b0


Dynamic libraries:
0x00007ff6a9930000 - 0x00007ff6a993a000 	D:\Android\Android Studio\jbr\bin\java.exe
0x00007ffe60990000 - 0x00007ffe60ba7000 	C:\WINDOWS\SYSTEM32\ntdll.dll
0x00007ffe5f890000 - 0x00007ffe5f954000 	C:\WINDOWS\System32\KERNEL32.DLL
0x00007ffe5dcd0000 - 0x00007ffe5e076000 	C:\WINDOWS\System32\KERNELBASE.dll
0x00007ffe5e080000 - 0x00007ffe5e191000 	C:\WINDOWS\System32\ucrtbase.dll
0x00007ffe01370000 - 0x00007ffe01387000 	D:\Android\Android Studio\jbr\bin\jli.dll
0x00007ffe607a0000 - 0x00007ffe6094e000 	C:\WINDOWS\System32\USER32.dll
0x00007ffe5e220000 - 0x00007ffe5e246000 	C:\WINDOWS\System32\win32u.dll
0x00007ffe5f9b0000 - 0x00007ffe5f9d9000 	C:\WINDOWS\System32\GDI32.dll
0x00007ffe5e3c0000 - 0x00007ffe5e4d8000 	C:\WINDOWS\System32\gdi32full.dll
0x00007ffe43910000 - 0x00007ffe43ba3000 	C:\WINDOWS\WinSxS\amd64_microsoft.windows.common-controls_6595b64144ccf1df_6.0.22621.2506_none_270c5ae97388e100\COMCTL32.dll
0x00007ffe5e610000 - 0x00007ffe5e6aa000 	C:\WINDOWS\System32\msvcp_win.dll
0x00007ffe5e740000 - 0x00007ffe5e7e7000 	C:\WINDOWS\System32\msvcrt.dll
0x00007ffe4c430000 - 0x00007ffe4c44b000 	D:\Android\Android Studio\jbr\bin\VCRUNTIME140.dll
0x00007ffe5f2b0000 - 0x00007ffe5f2e1000 	C:\WINDOWS\System32\IMM32.DLL
0x00007ffe4ae90000 - 0x00007ffe4ae9c000 	D:\Android\Android Studio\jbr\bin\vcruntime140_1.dll
0x00007ffe38110000 - 0x00007ffe3819d000 	D:\Android\Android Studio\jbr\bin\msvcp140.dll
0x00007ffdf5290000 - 0x00007ffdf5efe000 	D:\Android\Android Studio\jbr\bin\server\jvm.dll
0x00007ffe5f370000 - 0x00007ffe5f423000 	C:\WINDOWS\System32\ADVAPI32.dll
0x00007ffe60610000 - 0x00007ffe606b8000 	C:\WINDOWS\System32\sechost.dll
0x00007ffe5e6b0000 - 0x00007ffe5e6d8000 	C:\WINDOWS\System32\bcrypt.dll
0x00007ffe5ff40000 - 0x00007ffe60057000 	C:\WINDOWS\System32\RPCRT4.dll
0x00007ffe5af40000 - 0x00007ffe5af49000 	C:\WINDOWS\SYSTEM32\WSOCK32.dll
0x00007ffe578a0000 - 0x00007ffe578d4000 	C:\WINDOWS\SYSTEM32\WINMM.dll
0x00007ffe57410000 - 0x00007ffe5741a000 	C:\WINDOWS\SYSTEM32\VERSION.dll
0x00007ffe606c0000 - 0x00007ffe60731000 	C:\WINDOWS\System32\WS2_32.dll
0x00007ffe5cd10000 - 0x00007ffe5cd28000 	C:\WINDOWS\SYSTEM32\kernel.appcore.dll
0x00007ffe4d6e0000 - 0x00007ffe4d6ea000 	D:\Android\Android Studio\jbr\bin\jimage.dll
0x00007ffe56550000 - 0x00007ffe56783000 	C:\WINDOWS\SYSTEM32\DBGHELP.DLL
0x00007ffe5f430000 - 0x00007ffe5f7b9000 	C:\WINDOWS\System32\combase.dll
0x00007ffe5f1c0000 - 0x00007ffe5f297000 	C:\WINDOWS\System32\OLEAUT32.dll
0x00007ffe4d890000 - 0x00007ffe4d8c2000 	C:\WINDOWS\SYSTEM32\dbgcore.DLL
0x00007ffe5e1a0000 - 0x00007ffe5e21a000 	C:\WINDOWS\System32\bcryptPrimitives.dll
0x00007ffe06f60000 - 0x00007ffe06f85000 	D:\Android\Android Studio\jbr\bin\java.dll
0x00007ffe24430000 - 0x00007ffe24448000 	D:\Android\Android Studio\jbr\bin\zip.dll
0x00007ffe5e800000 - 0x00007ffe5f05b000 	C:\WINDOWS\System32\SHELL32.dll
0x00007ffe5bc30000 - 0x00007ffe5c526000 	C:\WINDOWS\SYSTEM32\windows.storage.dll
0x00007ffe5baf0000 - 0x00007ffe5bc2e000 	C:\WINDOWS\SYSTEM32\wintypes.dll
0x00007ffe60510000 - 0x00007ffe60603000 	C:\WINDOWS\System32\SHCORE.dll
0x00007ffe5fe50000 - 0x00007ffe5feae000 	C:\WINDOWS\System32\shlwapi.dll
0x00007ffe5dc00000 - 0x00007ffe5dc26000 	C:\WINDOWS\SYSTEM32\profapi.dll
0x00007ffe054d0000 - 0x00007ffe054e9000 	D:\Android\Android Studio\jbr\bin\net.dll
0x00007ffe58750000 - 0x00007ffe58887000 	C:\WINDOWS\SYSTEM32\WINHTTP.dll
0x00007ffe5d190000 - 0x00007ffe5d1f9000 	C:\WINDOWS\system32\mswsock.dll
0x00007ffe054b0000 - 0x00007ffe054c6000 	D:\Android\Android Studio\jbr\bin\nio.dll
0x00007ffe4aea0000 - 0x00007ffe4aeb0000 	D:\Android\Android Studio\jbr\bin\verify.dll
0x00007ffe4cb90000 - 0x00007ffe4cbb7000 	C:\Users\liubov\.gradle\native\68d5fa5c4cc2d200863cafc0d521ce42e7d3e7ee720ec0a83991735586a16f82\windows-amd64\native-platform.dll
0x00007ffe24cb0000 - 0x00007ffe24df4000 	C:\Users\liubov\.gradle\native\e376f236ea51e6404a007f0833ffe2c6e607c4080706a723a18a27aeea778392\windows-amd64\native-platform-file-events.dll
0x00007ffe4aab0000 - 0x00007ffe4aab9000 	D:\Android\Android Studio\jbr\bin\management.dll
0x00007ffe33010000 - 0x00007ffe3301b000 	D:\Android\Android Studio\jbr\bin\management_ext.dll
0x00007ffe5f2a0000 - 0x00007ffe5f2a8000 	C:\WINDOWS\System32\PSAPI.DLL
0x00007ffe5d3e0000 - 0x00007ffe5d3fb000 	C:\WINDOWS\SYSTEM32\CRYPTSP.dll
0x00007ffe5cc70000 - 0x00007ffe5cca5000 	C:\WINDOWS\system32\rsaenh.dll
0x00007ffe5d280000 - 0x00007ffe5d2ac000 	C:\WINDOWS\SYSTEM32\USERENV.dll
0x00007ffe5d400000 - 0x00007ffe5d40c000 	C:\WINDOWS\SYSTEM32\CRYPTBASE.dll
0x00007ffe5c790000 - 0x00007ffe5c7bd000 	C:\WINDOWS\SYSTEM32\IPHLPAPI.DLL
0x00007ffe5f9e0000 - 0x00007ffe5f9e9000 	C:\WINDOWS\System32\NSI.dll
0x00007ffe580b0000 - 0x00007ffe580c9000 	C:\WINDOWS\SYSTEM32\dhcpcsvc6.DLL
0x00007ffe58090000 - 0x00007ffe580af000 	C:\WINDOWS\SYSTEM32\dhcpcsvc.DLL
0x00007ffe5c800000 - 0x00007ffe5c8f9000 	C:\WINDOWS\SYSTEM32\DNSAPI.dll
0x00007ffe383d0000 - 0x00007ffe383d8000 	C:\WINDOWS\system32\wshunix.dll
0x00007ffe57590000 - 0x00007ffe5759a000 	C:\Windows\System32\rasadhlp.dll
0x00007ffe575a0000 - 0x00007ffe57623000 	C:\WINDOWS\System32\fwpuclnt.dll
0x00007ffe571b0000 - 0x00007ffe571c7000 	C:\WINDOWS\system32\napinsp.dll
0x00007ffe4cd50000 - 0x00007ffe4cd6b000 	C:\WINDOWS\system32\pnrpnsp.dll
0x00007ffe4cb70000 - 0x00007ffe4cb81000 	C:\WINDOWS\System32\winrnr.dll
0x00007ffe330a0000 - 0x00007ffe330b5000 	C:\WINDOWS\system32\wshbth.dll
0x00007ffe4bf20000 - 0x00007ffe4bf41000 	C:\WINDOWS\system32\nlansp_c.dll
0x00007ffe4ae70000 - 0x00007ffe4ae8e000 	C:\Users\liubov\AppData\Local\Temp\native-platform1980590387851685588dir\native-platform.dll
0x00007ffe588e0000 - 0x00007ffe588e7000 	D:\Android\Android Studio\jbr\bin\rmi.dll

dbghelp: loaded successfully - version: 4.0.5 - missing functions: none
symbol engine: initialized successfully - sym options: 0x614 - pdb path: .;D:\Android\Android Studio\jbr\bin;C:\WINDOWS\SYSTEM32;C:\WINDOWS\WinSxS\amd64_microsoft.windows.common-controls_6595b64144ccf1df_6.0.22621.2506_none_270c5ae97388e100;D:\Android\Android Studio\jbr\bin\server;C:\Users\liubov\.gradle\native\68d5fa5c4cc2d200863cafc0d521ce42e7d3e7ee720ec0a83991735586a16f82\windows-amd64;C:\Users\liubov\.gradle\native\e376f236ea51e6404a007f0833ffe2c6e607c4080706a723a18a27aeea778392\windows-amd64;C:\Users\liubov\AppData\Local\Temp\native-platform1980590387851685588dir

VM Arguments:
jvm_args: --add-opens=java.base/java.util=ALL-UNNAMED --add-opens=java.base/java.lang=ALL-UNNAMED --add-opens=java.base/java.lang.invoke=ALL-UNNAMED --add-opens=java.prefs/java.util.prefs=ALL-UNNAMED --add-opens=java.base/java.nio.charset=ALL-UNNAMED --add-opens=java.base/java.net=ALL-UNNAMED --add-opens=java.base/java.util.concurrent.atomic=ALL-UNNAMED -Xmx2048m -Dfile.encoding=UTF-8 -Duser.country=UA -Duser.language=uk -Duser.variant 
java_command: org.gradle.launcher.daemon.bootstrap.GradleDaemon 8.0
java_class_path (initial): C:\Users\liubov\.gradle\wrapper\dists\gradle-8.0-bin\ca5e32bp14vu59qr306oxotwh\gradle-8.0\lib\gradle-launcher-8.0.jar
Launcher Type: SUN_STANDARD

[Global flags]
     intx CICompilerCount                          = 12                                        {product} {ergonomic}
     uint ConcGCThreads                            = 3                                         {product} {ergonomic}
     uint G1ConcRefinementThreads                  = 13                                        {product} {ergonomic}
   size_t G1HeapRegionSize                         = 1048576                                   {product} {ergonomic}
    uintx GCDrainStackTargetSize                   = 64                                        {product} {ergonomic}
   size_t InitialHeapSize                          = 255852544                                 {product} {ergonomic}
   size_t MarkStackSize                            = 4194304                                   {product} {ergonomic}
   size_t MaxHeapSize                              = 2147483648                                {product} {command line}
   size_t MaxNewSize                               = 1287651328                                {product} {ergonomic}
   size_t MinHeapDeltaBytes                        = 1048576                                   {product} {ergonomic}
   size_t MinHeapSize                              = 8388608                                   {product} {ergonomic}
    uintx NonNMethodCodeHeapSize                   = 7602480                                {pd product} {ergonomic}
    uintx NonProfiledCodeHeapSize                  = 122027880                              {pd product} {ergonomic}
    uintx ProfiledCodeHeapSize                     = 122027880                              {pd product} {ergonomic}
    uintx ReservedCodeCacheSize                    = 251658240                              {pd product} {ergonomic}
     bool SegmentedCodeCache                       = true                                      {product} {ergonomic}
   size_t SoftMaxHeapSize                          = 2147483648                             {manageable} {ergonomic}
     bool UseCompressedClassPointers               = true                           {product lp64_product} {ergonomic}
     bool UseCompressedOops                        = true                           {product lp64_product} {ergonomic}
     bool UseG1GC                                  = true                                      {product} {ergonomic}
     bool UseLargePagesIndividualAllocation        = false                                  {pd product} {ergonomic}

Logging:
Log output configuration:
 #0: stdout all=warning uptime,level,tags
 #1: stderr all=off uptime,level,tags

Environment Variables:
PATH=C:\Program Files\Common Files\Oracle\Java\javapath;C:\WINDOWS\system32;C:\WINDOWS;C:\WINDOWS\System32\Wbem;C:\WINDOWS\System32\WindowsPowerShell\v1.0\;C:\WINDOWS\System32\OpenSSH\;C:\Program Files (x86)\NVIDIA Corporation\PhysX\Common;C:\Program Files\NVIDIA Corporation\NVIDIA NvDLISR;C:\Program Files\Git\cmd;C:\Program Files (x86)\Windows Kits\10\Windows Performance Toolkit\;D:\nodejs\;D:\Python\Python312\Scripts\;D:\Python\Python312\;C:\Users\liubov\AppData\Local\Programs\Python\Launcher\;C:\Users\liubov\AppData\Local\Microsoft\WindowsApps;D:\dev\flutter\bin;;D:\Microsoft\Microsoft VS Code\bin;C:\Users\liubov\AppData\Roaming\npm
USERNAME=liubov
OS=Windows_NT
PROCESSOR_IDENTIFIER=AMD64 Family 25 Model 68 Stepping 1, AuthenticAMD
TMP=C:\Users\liubov\AppData\Local\Temp
TEMP=C:\Users\liubov\AppData\Local\Temp


JNI global refs:
JNI global refs: 36, weak refs: 159

JNI global refs memory usage: 843, weak refs: 2105


---------------  S Y S T E M  ---------------

OS:
 Windows 11 , 64 bit Build 22621 (10.0.22621.3085)
OS uptime: 7 days 11:29 hours

CPU: total 16 (initial active 16) (16 cores per cpu, 2 threads per core) family 25 model 68 stepping 1 microcode 0x0, cx8, cmov, fxsr, ht, mmx, 3dnowpref, sse, sse2, sse3, ssse3, sse4a, sse4.1, sse4.2, popcnt, lzcnt, tsc, tscinvbit, avx, avx2, aes, erms, clmul, bmi1, bmi2, adx, sha, fma, vzeroupper, clflush, clflushopt

Memory: 4k page, system-wide physical 15557M (58M free)
TotalPageFile size 32097M (AvailPageFile size 150M)
current process WorkingSet (physical memory assigned to process): 944M, peak: 1016M
current process commit charge ("private bytes"): 1372M, peak: 1849M

vm_info: OpenJDK 64-Bit Server VM (17.0.6+0-b2043.56-10027231) for windows-amd64 JRE (17.0.6+0-b2043.56-10027231), built on Apr 28 2023 00:43:19 by "androidbuild" with MS VC++ 16.10 / 16.11 (VS2019)

END.
