#
# There is insufficient memory for the Java Runtime Environment to continue.
# Native memory allocation (mmap) failed to map 660602880 bytes for G1 virtual space
# Possible reasons:
#   The system is out of physical RAM or swap space
#   The process is running with CompressedOops enabled, and the Java Heap may be blocking the growth of the native heap
# Possible solutions:
#   Reduce memory load on the system
#   Increase physical memory or swap space
#   Check if swap backing store is full
#   Decrease Java heap size (-Xmx/-Xms)
#   Decrease number of Java threads
#   Decrease Java thread stack sizes (-Xss)
#   Set larger code cache with -XX:ReservedCodeCacheSize=
#   JVM is running with Unscaled Compressed Oops mode in which the Java heap is
#     placed in the first 4GB address space. The Java Heap base address is the
#     maximum limit for the native heap growth. Please use -XX:HeapBaseMinAddress
#     to set the Java Heap base and to place the Java Heap above 4GB virtual address.
# This output file may be truncated or incomplete.
#
#  Out of Memory Error (os_windows.cpp:3769), pid=99736, tid=68316
#
# JRE version: OpenJDK Runtime Environment (17.0.6) (build 17.0.6+0-b2043.56-10027231)
# Java VM: OpenJDK 64-Bit Server VM (17.0.6+0-b2043.56-10027231, mixed mode, tiered, compressed oops, compressed class ptrs, g1 gc, windows-amd64)
# No core dump will be written. Minidumps are not enabled by default on client versions of Windows
#

---------------  S U M M A R Y ------------

Command Line: --add-opens=java.base/java.util=ALL-UNNAMED --add-opens=java.base/java.lang=ALL-UNNAMED --add-opens=java.base/java.lang.invoke=ALL-UNNAMED --add-opens=java.prefs/java.util.prefs=ALL-UNNAMED --add-opens=java.base/java.nio.charset=ALL-UNNAMED --add-opens=java.base/java.net=ALL-UNNAMED --add-opens=java.base/java.util.concurrent.atomic=ALL-UNNAMED -Xmx2048m -Dfile.encoding=UTF-8 -Duser.country=UA -Duser.language=uk -Duser.variant org.gradle.launcher.daemon.bootstrap.GradleDaemon 8.0

Host: AMD Ryzen 7 6800H with Radeon Graphics         , 16 cores, 15G,  Windows 11 , 64 bit Build 22621 (10.0.22621.3527)
Time: Sun Jun  9 23:22:11 2024  Windows 11 , 64 bit Build 22621 (10.0.22621.3527) elapsed time: 1173.724191 seconds (0d 0h 19m 33s)

---------------  T H R E A D  ---------------

Current thread (0x000002818f961690):  VMThread "VM Thread" [stack: 0x0000008b99100000,0x0000008b99200000] [id=68316]

Stack: [0x0000008b99100000,0x0000008b99200000]
Native frames: (J=compiled Java code, j=interpreted, Vv=VM code, C=native code)
V  [jvm.dll+0x683c9a]
V  [jvm.dll+0x8427a4]
V  [jvm.dll+0x843f9e]
V  [jvm.dll+0x844603]
V  [jvm.dll+0x249b75]
V  [jvm.dll+0x680b69]
V  [jvm.dll+0x67505a]
V  [jvm.dll+0x309acb]
V  [jvm.dll+0x310f86]
V  [jvm.dll+0x3608ee]
V  [jvm.dll+0x360b1f]
V  [jvm.dll+0x2dfbf8]
V  [jvm.dll+0x2ddec4]
V  [jvm.dll+0x2dd4cc]
V  [jvm.dll+0x321f3b]
V  [jvm.dll+0x848ccb]
V  [jvm.dll+0x849a04]
V  [jvm.dll+0x849f1d]
V  [jvm.dll+0x84a2f4]
V  [jvm.dll+0x84a3c0]
V  [jvm.dll+0x7f274a]
V  [jvm.dll+0x682ad5]
C  [ucrtbase.dll+0x29333]
C  [KERNEL32.DLL+0x1257d]
C  [ntdll.dll+0x5aa48]

VM_Operation (0x0000008ba8df9ec0): G1CollectForAllocation, mode: safepoint, requested by thread 0x0000028197aefaf0


---------------  P R O C E S S  ---------------

Threads class SMR info:
_java_thread_list=0x0000028193a7d120, length=254, elements={
0x00000281f4fc0ef0, 0x000002819043e740, 0x0000028190440970, 0x0000028190498bb0,
0x0000028190499370, 0x000002819049a2d0, 0x0000028190487170, 0x00000281904b33a0,
0x00000281904b7e90, 0x00000281904ba4a0, 0x0000028190488e50, 0x0000028190487640,
0x00000281904867d0, 0x0000028190489cc0, 0x0000028190487b10, 0x0000028192f18590,
0x0000028192f163e0, 0x0000028192f17bf0, 0x0000028192f168b0, 0x0000028192f15a40,
0x0000028192f14700, 0x0000028192f16d80, 0x0000028192f17250, 0x0000028192f1a740,
0x0000028192f18f30, 0x0000028192f198d0, 0x0000028192f1ac10, 0x0000028192f150a0,
0x0000028199c5a4b0, 0x0000028199c58ca0, 0x0000028199c5cb30, 0x0000028199c5d4d0,
0x0000028199c5ae50, 0x0000028199c59170, 0x0000028199c59b10, 0x0000028199c58300,
0x0000028199c587d0, 0x0000028199c56150, 0x0000028199c56620, 0x0000028199c59640,
0x000002819add9470, 0x0000028197bc1330, 0x0000028199d7c0d0, 0x0000028199d7bc00,
0x0000028199d7c5a0, 0x0000028197bbfff0, 0x0000028197ac5930, 0x000002819ae8e460,
0x0000028198075890, 0x0000028199e9a2c0, 0x000002819371b460, 0x000002819a7889e0,
0x000002819b3da320, 0x00000281a1d12740, 0x000002819acd45a0, 0x00000281987b9ea0,
0x000002819accaba0, 0x00000281999f1c20, 0x000002819a78ab90, 0x000002819a788040,
0x000002819a788eb0, 0x000002819a0a0c70, 0x000002819a09d2b0, 0x000002819a789380,
0x000002819a789850, 0x000002819a789d20, 0x000002819accc880, 0x000002819a3172e0,
0x000002819a316940, 0x000002819a3177b0, 0x000002819a315fa0, 0x000002819a316470,
0x0000028199d2f480, 0x00000281999eff40, 0x00000281999f0410, 0x00000281999f20f0,
0x00000281999f1750, 0x00000281999f25c0, 0x00000281999f2f60, 0x000002819aca8ff0,
0x000002819aca94c0, 0x000002819aca8b20, 0x000002819aca6970, 0x000002819aca9990,
0x000002819aca7310, 0x000002819aca8650, 0x000002819aca64a0, 0x000002819aca5fd0,
0x000002819aca77e0, 0x000002819aca7cb0, 0x000002819aca8180, 0x000002819b1abc70,
0x000002819b1ac140, 0x000002819b1ab2d0, 0x000002819b1ac610, 0x000002819a09f930,
0x000002819a09f460, 0x000002819a09d780, 0x000002819a09eac0, 0x000002819a09e120,
0x000002819acc9390, 0x000002819acc7b80, 0x000002819acc8520, 0x000002819acccd50,
0x000002819accef00, 0x000002819accf8a0, 0x000002819accd220, 0x000002819acce090,
0x000002819b1ab7a0, 0x000002819b113ed0, 0x000002819b1143a0, 0x000002819b1156e0,
0x000002819b113530, 0x000002819b112b90, 0x000002819b114d40, 0x000002819b115bb0,
0x000002819b113060, 0x000002819b115210, 0x000002819b114870, 0x000002819b1126c0,
0x000002819b116080, 0x000002819b113a00, 0x00000281963f6c20, 0x00000281963f8900,
0x00000281a2de5860, 0x00000281a2de4ec0, 0x00000281a2de4050, 0x00000281a2de4520,
0x00000281a2de49f0, 0x00000281a2de5390, 0x000002819a093750, 0x000002819a0940f0,
0x000002819a0945c0, 0x000002819a094a90, 0x000002819a093280, 0x000002819a093c20,
0x00000281945aa8d0, 0x00000281945aada0, 0x00000281945ab270, 0x00000281945ab740,
0x00000281945abc10, 0x00000281945ac0e0, 0x000002819ee841c0, 0x000002819ee84b60,
0x000002819ee83350, 0x000002819ee83cf0, 0x000002819ee83820, 0x00000281981a6a10,
0x00000281981a6070, 0x00000281981a7880, 0x00000281981a6ee0, 0x00000281981a6540,
0x00000281981a73b0, 0x000002819ee84690, 0x000002819a09e5f0, 0x000002819a09ef90,
0x000002819a09fe00, 0x000002819a09dc50, 0x000002819a0a02d0, 0x00000281982f9420,
0x00000281982f98f0, 0x00000281982fa760, 0x00000281982f9dc0, 0x00000281945ae820,
0x00000281945b1d10, 0x00000281945af690, 0x00000281945b0030, 0x00000281945b1840,
0x00000281945b0ea0, 0x00000281945b0500, 0x00000281945b09d0, 0x00000281945b1370,
0x00000281945ae350, 0x00000281945aecf0, 0x00000281945af1c0, 0x00000281945afb60,
0x00000281933f8fa0, 0x00000281933f7c60, 0x00000281933f8130, 0x00000281933f6df0,
0x00000281933f7790, 0x00000281933f8600, 0x00000281933f5ab0, 0x00000281933f8ad0,
0x00000281933f55e0, 0x00000281933f72c0, 0x00000281933f5f80, 0x00000281933f6450,
0x00000281933f6920, 0x00000281932b4810, 0x00000281932b6e90, 0x00000281932b4ce0,
0x00000281932b4340, 0x00000281932b69c0, 0x000002819accdbc0, 0x000002819acc8050,
0x000002819acc89f0, 0x000002819accfd70, 0x000002819acd0240, 0x00000281932b64f0,
0x00000281932b7360, 0x00000281932b7830, 0x00000281932b3e70, 0x00000281932b51b0,
0x00000281932b5680, 0x00000281932b5b50, 0x00000281932b6020, 0x0000028195ef65d0,
0x0000028195ef6aa0, 0x0000028195ef6f70, 0x0000028195ef48f0, 0x0000028195ef7440,
0x0000028195ef4dc0, 0x0000028195ef5760, 0x0000028195ef5290, 0x0000028195ef5c30,
0x0000028195ef3f50, 0x0000028195ef4420, 0x0000028195ef3a80, 0x0000028195ef6100,
0x000002819439a3b0, 0x000002819439d3d0, 0x000002819439b6f0, 0x000002819439bbc0,
0x000002819439a880, 0x000002819439ca30, 0x000002819acd0710, 0x000002819acd0be0,
0x00000281907f68d0, 0x000002819f04c4a0, 0x0000028199c887e0, 0x0000028199d324a0,
0x0000028199d32970, 0x00000281999efa70, 0x0000028199d31b00, 0x0000028199d31fd0,
0x0000028199d307c0, 0x0000028199d30c90, 0x0000028199d2fe20, 0x0000028199d32e40,
0x0000028199d31160, 0x0000028199d31630, 0x0000028199d2f950, 0x0000028199d302f0,
0x0000028197af2170, 0x0000028197af1300, 0x00000281999f08e0, 0x0000028197aefaf0,
0x000002819ae8dac0, 0x000002819ae8e930, 0x00000281963f92a0, 0x00000281963f6750,
0x00000281963f70f0, 0x00000281987bc050
}

Java Threads: ( => current thread )
  0x00000281f4fc0ef0 JavaThread "main" [_thread_blocked, id=95560, stack(0x0000008b98b00000,0x0000008b98c00000)]
  0x000002819043e740 JavaThread "Reference Handler" daemon [_thread_blocked, id=84248, stack(0x0000008b99200000,0x0000008b99300000)]
  0x0000028190440970 JavaThread "Finalizer" daemon [_thread_blocked, id=96620, stack(0x0000008b99300000,0x0000008b99400000)]
  0x0000028190498bb0 JavaThread "Signal Dispatcher" daemon [_thread_blocked, id=90884, stack(0x0000008b99400000,0x0000008b99500000)]
  0x0000028190499370 JavaThread "Attach Listener" daemon [_thread_blocked, id=84236, stack(0x0000008b99500000,0x0000008b99600000)]
  0x000002819049a2d0 JavaThread "Service Thread" daemon [_thread_blocked, id=99348, stack(0x0000008b99600000,0x0000008b99700000)]
  0x0000028190487170 JavaThread "Monitor Deflation Thread" daemon [_thread_blocked, id=85144, stack(0x0000008b99700000,0x0000008b99800000)]
  0x00000281904b33a0 JavaThread "C2 CompilerThread0" daemon [_thread_blocked, id=97372, stack(0x0000008b99800000,0x0000008b99900000)]
  0x00000281904b7e90 JavaThread "C1 CompilerThread0" daemon [_thread_blocked, id=96536, stack(0x0000008b99900000,0x0000008b99a00000)]
  0x00000281904ba4a0 JavaThread "Sweeper thread" daemon [_thread_blocked, id=49820, stack(0x0000008b99a00000,0x0000008b99b00000)]
  0x0000028190488e50 JavaThread "Common-Cleaner" daemon [_thread_blocked, id=86244, stack(0x0000008b99c00000,0x0000008b99d00000)]
  0x0000028190487640 JavaThread "Notification Thread" daemon [_thread_blocked, id=99580, stack(0x0000008b99d00000,0x0000008b99e00000)]
  0x00000281904867d0 JavaThread "Daemon health stats" [_thread_blocked, id=100260, stack(0x0000008b9a700000,0x0000008b9a800000)]
  0x0000028190489cc0 JavaThread "Incoming local TCP Connector on port 51362" [_thread_in_native, id=97624, stack(0x0000008b9a000000,0x0000008b9a100000)]
  0x0000028190487b10 JavaThread "Daemon periodic checks" [_thread_blocked, id=89820, stack(0x0000008b9a800000,0x0000008b9a900000)]
  0x0000028192f18590 JavaThread "Cache worker for journal cache (C:\Users\liubov\.gradle\caches\journal-1)" [_thread_blocked, id=98776, stack(0x0000008b9ba00000,0x0000008b9bb00000)]
  0x0000028192f163e0 JavaThread "File lock request listener" [_thread_in_native, id=78552, stack(0x0000008b9bb00000,0x0000008b9bc00000)]
  0x0000028192f17bf0 JavaThread "Cache worker for file hash cache (C:\Users\liubov\.gradle\caches\8.0\fileHashes)" [_thread_blocked, id=93124, stack(0x0000008b9bc00000,0x0000008b9bd00000)]
  0x0000028192f168b0 JavaThread "File watcher server" daemon [_thread_blocked, id=97288, stack(0x0000008b9be00000,0x0000008b9bf00000)]
  0x0000028192f15a40 JavaThread "File watcher consumer" daemon [_thread_blocked, id=67800, stack(0x0000008b9bf00000,0x0000008b9c000000)]
  0x0000028192f14700 JavaThread "Cache worker for file content cache (C:\Users\liubov\.gradle\caches\8.0\fileContent)" [_thread_blocked, id=100292, stack(0x0000008b9c200000,0x0000008b9c300000)]
  0x0000028192f16d80 JavaThread "Cache worker for execution history cache (C:\Users\liubov\.gradle\caches\8.0\executionHistory)" [_thread_blocked, id=95808, stack(0x0000008b99f00000,0x0000008b9a000000)]
  0x0000028192f17250 JavaThread "jar transforms" [_thread_blocked, id=96944, stack(0x0000008b9c500000,0x0000008b9c600000)]
  0x0000028192f1a740 JavaThread "jar transforms Thread 2" [_thread_blocked, id=86176, stack(0x0000008b9c700000,0x0000008b9c800000)]
  0x0000028192f18f30 JavaThread "Cache worker for kotlin-dsl (C:\Users\liubov\.gradle\caches\8.0\kotlin-dsl)" [_thread_blocked, id=94804, stack(0x0000008b9c800000,0x0000008b9c900000)]
  0x0000028192f198d0 JavaThread "jar transforms Thread 3" [_thread_blocked, id=36796, stack(0x0000008b9c900000,0x0000008b9ca00000)]
  0x0000028192f1ac10 JavaThread "jar transforms Thread 4" [_thread_blocked, id=99828, stack(0x0000008b9ca00000,0x0000008b9cb00000)]
  0x0000028192f150a0 JavaThread "jar transforms Thread 5" [_thread_blocked, id=86880, stack(0x0000008b9cd00000,0x0000008b9ce00000)]
  0x0000028199c5a4b0 JavaThread "jar transforms Thread 6" [_thread_blocked, id=100452, stack(0x0000008ba6a00000,0x0000008ba6b00000)]
  0x0000028199c58ca0 JavaThread "jar transforms Thread 7" [_thread_blocked, id=100456, stack(0x0000008ba6b00000,0x0000008ba6c00000)]
  0x0000028199c5cb30 JavaThread "jar transforms Thread 8" [_thread_blocked, id=100460, stack(0x0000008ba6c00000,0x0000008ba6d00000)]
  0x0000028199c5d4d0 JavaThread "jar transforms Thread 9" [_thread_blocked, id=100464, stack(0x0000008ba6d00000,0x0000008ba6e00000)]
  0x0000028199c5ae50 JavaThread "jar transforms Thread 10" [_thread_blocked, id=100468, stack(0x0000008ba6e00000,0x0000008ba6f00000)]
  0x0000028199c59170 JavaThread "jar transforms Thread 11" [_thread_blocked, id=100472, stack(0x0000008ba6f00000,0x0000008ba7000000)]
  0x0000028199c59b10 JavaThread "jar transforms Thread 12" [_thread_blocked, id=100476, stack(0x0000008ba7000000,0x0000008ba7100000)]
  0x0000028199c58300 JavaThread "jar transforms Thread 13" [_thread_blocked, id=100480, stack(0x0000008ba7100000,0x0000008ba7200000)]
  0x0000028199c587d0 JavaThread "jar transforms Thread 14" [_thread_blocked, id=100484, stack(0x0000008ba7200000,0x0000008ba7300000)]
  0x0000028199c56150 JavaThread "jar transforms Thread 15" [_thread_blocked, id=100488, stack(0x0000008ba7300000,0x0000008ba7400000)]
  0x0000028199c56620 JavaThread "jar transforms Thread 16" [_thread_blocked, id=100492, stack(0x0000008ba7400000,0x0000008ba7500000)]
  0x0000028199c59640 JavaThread "Memory manager" [_thread_blocked, id=100560, stack(0x0000008ba7600000,0x0000008ba7700000)]
  0x000002819add9470 JavaThread "pool-3-thread-1" [_thread_blocked, id=100908, stack(0x0000008ba7900000,0x0000008ba7a00000)]
  0x0000028197bc1330 JavaThread "RMI Scheduler(0)" daemon [_thread_blocked, id=101336, stack(0x0000008ba9b00000,0x0000008ba9c00000)]
  0x0000028199d7c0d0 JavaThread "RMI GC Daemon" daemon [_thread_blocked, id=101344, stack(0x0000008ba9d00000,0x0000008ba9e00000)]
  0x0000028199d7bc00 JavaThread "RMI TCP Accept-0" daemon [_thread_in_native, id=101352, stack(0x0000008ba9e00000,0x0000008ba9f00000)]
  0x0000028199d7c5a0 JavaThread "RMI Reaper" [_thread_blocked, id=101356, stack(0x0000008ba9f00000,0x0000008baa000000)]
  0x0000028197bbfff0 JavaThread "Cache worker for Java compile cache (C:\Users\liubov\.gradle\caches\8.0\javaCompile)" [_thread_blocked, id=100740, stack(0x0000008baa500000,0x0000008baa600000)]
  0x0000028197ac5930 JavaThread "ForkJoinPool.commonPool-worker-1" daemon [_thread_blocked, id=98548, stack(0x0000008bac300000,0x0000008bac400000)]
  0x000002819ae8e460 JavaThread "ForkJoinPool.commonPool-worker-9" daemon [_thread_blocked, id=99556, stack(0x0000008bacb00000,0x0000008bacc00000)]
  0x0000028198075890 JavaThread "pool-7-thread-1" [_thread_blocked, id=100048, stack(0x0000008ba6900000,0x0000008ba6a00000)]
  0x0000028199e9a2c0 JavaThread "ForkJoinPool.commonPool-worker-16" daemon [_thread_blocked, id=88580, stack(0x0000008ba9000000,0x0000008ba9100000)]
  0x000002819371b460 JavaThread "pool-11-thread-1" [_thread_blocked, id=64552, stack(0x0000008ba6800000,0x0000008ba6900000)]
  0x000002819a7889e0 JavaThread "pool-15-thread-1" [_thread_blocked, id=97360, stack(0x0000008ba7700000,0x0000008ba7800000)]
  0x000002819b3da320 JavaThread "pool-19-thread-1" [_thread_blocked, id=99952, stack(0x0000008ba7500000,0x0000008ba7600000)]
  0x00000281a1d12740 JavaThread "ForkJoinPool.commonPool-worker-21" daemon [_thread_blocked, id=101736, stack(0x0000008ba9c00000,0x0000008ba9d00000)]
  0x000002819acd45a0 JavaThread "ForkJoinPool.commonPool-worker-22" daemon [_thread_blocked, id=101740, stack(0x0000008bada00000,0x0000008badb00000)]
  0x00000281987b9ea0 JavaThread "pool-23-thread-1" [_thread_blocked, id=102328, stack(0x0000008ba7a00000,0x0000008ba7b00000)]
  0x000002819accaba0 JavaThread "RMI TCP Connection(idle)" daemon [_thread_blocked, id=98660, stack(0x0000008b98800000,0x0000008b98900000)]
  0x00000281999f1c20 JavaThread "Daemon Thread 7" [_thread_blocked, id=97780, stack(0x0000008b98900000,0x0000008b98a00000)]
  0x000002819a78ab90 JavaThread "Handler for socket connection from /127.0.0.1:51362 to /127.0.0.1:56050" [_thread_in_native, id=68448, stack(0x0000008b98a00000,0x0000008b98b00000)]
  0x000002819a788040 JavaThread "Cancel handler" [_thread_blocked, id=96700, stack(0x0000008b99b00000,0x0000008b99c00000)]
  0x000002819a788eb0 JavaThread "Daemon worker Thread 7" [_thread_blocked, id=96152, stack(0x0000008b9a100000,0x0000008b9a200000)]
  0x000002819a0a0c70 JavaThread "Asynchronous log dispatcher for DefaultDaemonConnection: socket connection from /127.0.0.1:51362 to /127.0.0.1:56050" [_thread_blocked, id=103416, stack(0x0000008b9a600000,0x0000008b9a700000)]
  0x000002819a09d2b0 JavaThread "Stdin handler" [_thread_blocked, id=93720, stack(0x0000008b9a900000,0x0000008b9aa00000)]
  0x000002819a789380 JavaThread "Daemon client event forwarder" [_thread_blocked, id=103264, stack(0x0000008b9aa00000,0x0000008b9ab00000)]
  0x000002819a789850 JavaThread "Cache worker for checksums cache (D:\StudioProjects\placement_example\.gradle\8.0\checksums)" [_thread_blocked, id=101148, stack(0x0000008b9ab00000,0x0000008b9ac00000)]
  0x000002819a789d20 JavaThread "Cache worker for cache directory md-rule (C:\Users\liubov\.gradle\caches\8.0\md-rule)" [_thread_blocked, id=96396, stack(0x0000008b9ac00000,0x0000008b9ad00000)]
  0x000002819accc880 JavaThread "Cache worker for file hash cache (D:\StudioProjects\placement_example\.gradle\8.0\fileHashes)" [_thread_blocked, id=44192, stack(0x0000008b9ad00000,0x0000008b9ae00000)]
  0x000002819a3172e0 JavaThread "Cache worker for cache directory md-supplier (C:\Users\liubov\.gradle\caches\8.0\md-supplier)" [_thread_blocked, id=97208, stack(0x0000008b9ae00000,0x0000008b9af00000)]
  0x000002819a316940 JavaThread "Cache worker for dependencies-accessors (D:\StudioProjects\placement_example\.gradle\8.0\dependencies-accessors)" [_thread_blocked, id=98148, stack(0x0000008b9af00000,0x0000008b9b000000)]
  0x000002819a3177b0 JavaThread "Cache worker for Build Output Cleanup Cache (D:\StudioProjects\placement_example\.gradle\buildOutputCleanup)" [_thread_blocked, id=102816, stack(0x0000008b9bd00000,0x0000008b9be00000)]
  0x000002819a315fa0 JavaThread "Unconstrained build operations" [_thread_blocked, id=101216, stack(0x0000008b9c000000,0x0000008b9c100000)]
  0x000002819a316470 JavaThread "Unconstrained build operations Thread 2" [_thread_blocked, id=101828, stack(0x0000008b9c100000,0x0000008b9c200000)]
  0x0000028199d2f480 JavaThread "Unconstrained build operations Thread 3" [_thread_blocked, id=96488, stack(0x0000008b9c300000,0x0000008b9c400000)]
  0x00000281999eff40 JavaThread "Unconstrained build operations Thread 4" [_thread_blocked, id=100780, stack(0x0000008b9c400000,0x0000008b9c500000)]
  0x00000281999f0410 JavaThread "Unconstrained build operations Thread 5" [_thread_blocked, id=102588, stack(0x0000008b9cb00000,0x0000008b9cc00000)]
  0x00000281999f20f0 JavaThread "Unconstrained build operations Thread 6" [_thread_blocked, id=102928, stack(0x0000008b9cc00000,0x0000008b9cd00000)]
  0x00000281999f1750 JavaThread "Unconstrained build operations Thread 7" [_thread_blocked, id=96072, stack(0x0000008b9ce00000,0x0000008b9cf00000)]
  0x00000281999f25c0 JavaThread "Unconstrained build operations Thread 8" [_thread_blocked, id=102856, stack(0x0000008b9cf00000,0x0000008b9d000000)]
  0x00000281999f2f60 JavaThread "Unconstrained build operations Thread 9" [_thread_blocked, id=102492, stack(0x0000008b9d000000,0x0000008b9d100000)]
  0x000002819aca8ff0 JavaThread "Unconstrained build operations Thread 10" [_thread_blocked, id=68716, stack(0x0000008b9d100000,0x0000008b9d200000)]
  0x000002819aca94c0 JavaThread "Unconstrained build operations Thread 11" [_thread_blocked, id=91204, stack(0x0000008b9d200000,0x0000008b9d300000)]
  0x000002819aca8b20 JavaThread "Unconstrained build operations Thread 12" [_thread_blocked, id=85868, stack(0x0000008b9d300000,0x0000008b9d400000)]
  0x000002819aca6970 JavaThread "Unconstrained build operations Thread 13" [_thread_blocked, id=103276, stack(0x0000008b9d400000,0x0000008b9d500000)]
  0x000002819aca9990 JavaThread "Unconstrained build operations Thread 14" [_thread_blocked, id=102612, stack(0x0000008b9d500000,0x0000008b9d600000)]
  0x000002819aca7310 JavaThread "Unconstrained build operations Thread 15" [_thread_blocked, id=100148, stack(0x0000008b9d600000,0x0000008b9d700000)]
  0x000002819aca8650 JavaThread "Unconstrained build operations Thread 16" [_thread_blocked, id=98460, stack(0x0000008b9d700000,0x0000008b9d800000)]
  0x000002819aca64a0 JavaThread "Unconstrained build operations Thread 17" [_thread_blocked, id=97988, stack(0x0000008b9d800000,0x0000008b9d900000)]
  0x000002819aca5fd0 JavaThread "Unconstrained build operations Thread 18" [_thread_blocked, id=101872, stack(0x0000008b9d900000,0x0000008b9da00000)]
  0x000002819aca77e0 JavaThread "Unconstrained build operations Thread 19" [_thread_blocked, id=103344, stack(0x0000008b9da00000,0x0000008b9db00000)]
  0x000002819aca7cb0 JavaThread "Unconstrained build operations Thread 20" [_thread_blocked, id=103268, stack(0x0000008b9db00000,0x0000008b9dc00000)]
  0x000002819aca8180 JavaThread "Unconstrained build operations Thread 21" [_thread_blocked, id=102964, stack(0x0000008b9dc00000,0x0000008b9dd00000)]
  0x000002819b1abc70 JavaThread "Unconstrained build operations Thread 22" [_thread_blocked, id=90580, stack(0x0000008b9dd00000,0x0000008b9de00000)]
  0x000002819b1ac140 JavaThread "Unconstrained build operations Thread 23" [_thread_blocked, id=96268, stack(0x0000008b9de00000,0x0000008b9df00000)]
  0x000002819b1ab2d0 JavaThread "Unconstrained build operations Thread 24" [_thread_blocked, id=102880, stack(0x0000008b9df00000,0x0000008b9e000000)]
  0x000002819b1ac610 JavaThread "Unconstrained build operations Thread 25" [_thread_blocked, id=101388, stack(0x0000008b9e000000,0x0000008b9e100000)]
  0x000002819a09f930 JavaThread "Unconstrained build operations Thread 26" [_thread_blocked, id=101256, stack(0x0000008b9e100000,0x0000008b9e200000)]
  0x000002819a09f460 JavaThread "Unconstrained build operations Thread 27" [_thread_blocked, id=102636, stack(0x0000008b9e200000,0x0000008b9e300000)]
  0x000002819a09d780 JavaThread "Unconstrained build operations Thread 28" [_thread_blocked, id=102236, stack(0x0000008b9e300000,0x0000008b9e400000)]
  0x000002819a09eac0 JavaThread "Unconstrained build operations Thread 29" [_thread_blocked, id=86320, stack(0x0000008b9e400000,0x0000008b9e500000)]
  0x000002819a09e120 JavaThread "Unconstrained build operations Thread 30" [_thread_blocked, id=103044, stack(0x0000008b9e500000,0x0000008b9e600000)]
  0x000002819acc9390 JavaThread "Unconstrained build operations Thread 31" [_thread_blocked, id=99760, stack(0x0000008b9e600000,0x0000008b9e700000)]
  0x000002819acc7b80 JavaThread "Unconstrained build operations Thread 32" [_thread_blocked, id=101824, stack(0x0000008b9e700000,0x0000008b9e800000)]
  0x000002819acc8520 JavaThread "Unconstrained build operations Thread 33" [_thread_blocked, id=100372, stack(0x0000008b9e800000,0x0000008b9e900000)]
  0x000002819acccd50 JavaThread "Unconstrained build operations Thread 34" [_thread_blocked, id=100964, stack(0x0000008b9e900000,0x0000008b9ea00000)]
  0x000002819accef00 JavaThread "Unconstrained build operations Thread 35" [_thread_blocked, id=95720, stack(0x0000008b9ea00000,0x0000008b9eb00000)]
  0x000002819accf8a0 JavaThread "Unconstrained build operations Thread 36" [_thread_blocked, id=68460, stack(0x0000008b9eb00000,0x0000008b9ec00000)]
  0x000002819accd220 JavaThread "Unconstrained build operations Thread 37" [_thread_blocked, id=101032, stack(0x0000008b9ec00000,0x0000008b9ed00000)]
  0x000002819acce090 JavaThread "Unconstrained build operations Thread 38" [_thread_blocked, id=103232, stack(0x0000008b9ed00000,0x0000008b9ee00000)]
  0x000002819b1ab7a0 JavaThread "Unconstrained build operations Thread 39" [_thread_blocked, id=101680, stack(0x0000008b9ee00000,0x0000008b9ef00000)]
  0x000002819b113ed0 JavaThread "Unconstrained build operations Thread 40" [_thread_blocked, id=90224, stack(0x0000008b9ef00000,0x0000008b9f000000)]
  0x000002819b1143a0 JavaThread "Unconstrained build operations Thread 41" [_thread_blocked, id=83936, stack(0x0000008b9f000000,0x0000008b9f100000)]
  0x000002819b1156e0 JavaThread "Unconstrained build operations Thread 42" [_thread_blocked, id=13544, stack(0x0000008b9f100000,0x0000008b9f200000)]
  0x000002819b113530 JavaThread "Unconstrained build operations Thread 43" [_thread_blocked, id=94644, stack(0x0000008b9f200000,0x0000008b9f300000)]
  0x000002819b112b90 JavaThread "Unconstrained build operations Thread 44" [_thread_blocked, id=101220, stack(0x0000008b9f300000,0x0000008b9f400000)]
  0x000002819b114d40 JavaThread "Unconstrained build operations Thread 45" [_thread_blocked, id=55908, stack(0x0000008b9f400000,0x0000008b9f500000)]
  0x000002819b115bb0 JavaThread "Unconstrained build operations Thread 46" [_thread_blocked, id=86572, stack(0x0000008b9f500000,0x0000008b9f600000)]
  0x000002819b113060 JavaThread "Unconstrained build operations Thread 47" [_thread_blocked, id=99788, stack(0x0000008b9f600000,0x0000008b9f700000)]
  0x000002819b115210 JavaThread "Unconstrained build operations Thread 48" [_thread_blocked, id=99924, stack(0x0000008b9f700000,0x0000008b9f800000)]
  0x000002819b114870 JavaThread "Unconstrained build operations Thread 49" [_thread_blocked, id=101440, stack(0x0000008b9f800000,0x0000008b9f900000)]
  0x000002819b1126c0 JavaThread "Unconstrained build operations Thread 50" [_thread_blocked, id=89280, stack(0x0000008b9f900000,0x0000008b9fa00000)]
  0x000002819b116080 JavaThread "Unconstrained build operations Thread 51" [_thread_blocked, id=102340, stack(0x0000008b9fa00000,0x0000008b9fb00000)]
  0x000002819b113a00 JavaThread "Unconstrained build operations Thread 52" [_thread_blocked, id=42408, stack(0x0000008b9fb00000,0x0000008b9fc00000)]
  0x00000281963f6c20 JavaThread "Unconstrained build operations Thread 53" [_thread_blocked, id=101672, stack(0x0000008b9fc00000,0x0000008b9fd00000)]
  0x00000281963f8900 JavaThread "Unconstrained build operations Thread 54" [_thread_blocked, id=101768, stack(0x0000008b9fd00000,0x0000008b9fe00000)]
  0x00000281a2de5860 JavaThread "Unconstrained build operations Thread 55" [_thread_blocked, id=101896, stack(0x0000008b9fe00000,0x0000008b9ff00000)]
  0x00000281a2de4ec0 JavaThread "Unconstrained build operations Thread 56" [_thread_blocked, id=102160, stack(0x0000008b9ff00000,0x0000008ba0000000)]
  0x00000281a2de4050 JavaThread "Unconstrained build operations Thread 57" [_thread_blocked, id=94812, stack(0x0000008ba0000000,0x0000008ba0100000)]
  0x00000281a2de4520 JavaThread "Unconstrained build operations Thread 58" [_thread_blocked, id=71472, stack(0x0000008ba0100000,0x0000008ba0200000)]
  0x00000281a2de49f0 JavaThread "Unconstrained build operations Thread 59" [_thread_blocked, id=99060, stack(0x0000008ba0200000,0x0000008ba0300000)]
  0x00000281a2de5390 JavaThread "Unconstrained build operations Thread 60" [_thread_blocked, id=90904, stack(0x0000008ba0300000,0x0000008ba0400000)]
  0x000002819a093750 JavaThread "Unconstrained build operations Thread 61" [_thread_blocked, id=102868, stack(0x0000008ba0400000,0x0000008ba0500000)]
  0x000002819a0940f0 JavaThread "Unconstrained build operations Thread 62" [_thread_blocked, id=16824, stack(0x0000008ba0500000,0x0000008ba0600000)]
  0x000002819a0945c0 JavaThread "Unconstrained build operations Thread 63" [_thread_blocked, id=102616, stack(0x0000008ba0600000,0x0000008ba0700000)]
  0x000002819a094a90 JavaThread "Unconstrained build operations Thread 64" [_thread_blocked, id=102608, stack(0x0000008ba0700000,0x0000008ba0800000)]
  0x000002819a093280 JavaThread "Unconstrained build operations Thread 65" [_thread_blocked, id=94732, stack(0x0000008ba0800000,0x0000008ba0900000)]
  0x000002819a093c20 JavaThread "Unconstrained build operations Thread 66" [_thread_blocked, id=94188, stack(0x0000008ba0900000,0x0000008ba0a00000)]
  0x00000281945aa8d0 JavaThread "Unconstrained build operations Thread 67" [_thread_blocked, id=97264, stack(0x0000008ba0a00000,0x0000008ba0b00000)]
  0x00000281945aada0 JavaThread "Unconstrained build operations Thread 68" [_thread_blocked, id=61848, stack(0x0000008ba0b00000,0x0000008ba0c00000)]
  0x00000281945ab270 JavaThread "Unconstrained build operations Thread 69" [_thread_blocked, id=41368, stack(0x0000008ba0c00000,0x0000008ba0d00000)]
  0x00000281945ab740 JavaThread "Unconstrained build operations Thread 70" [_thread_blocked, id=99244, stack(0x0000008ba0d00000,0x0000008ba0e00000)]
  0x00000281945abc10 JavaThread "Unconstrained build operations Thread 71" [_thread_blocked, id=98896, stack(0x0000008ba0e00000,0x0000008ba0f00000)]
  0x00000281945ac0e0 JavaThread "Unconstrained build operations Thread 72" [_thread_blocked, id=97832, stack(0x0000008ba0f00000,0x0000008ba1000000)]
  0x000002819ee841c0 JavaThread "Unconstrained build operations Thread 73" [_thread_blocked, id=99040, stack(0x0000008ba1000000,0x0000008ba1100000)]
  0x000002819ee84b60 JavaThread "Unconstrained build operations Thread 74" [_thread_blocked, id=95776, stack(0x0000008ba1100000,0x0000008ba1200000)]
  0x000002819ee83350 JavaThread "Unconstrained build operations Thread 75" [_thread_blocked, id=96372, stack(0x0000008ba1200000,0x0000008ba1300000)]
  0x000002819ee83cf0 JavaThread "Unconstrained build operations Thread 76" [_thread_blocked, id=98260, stack(0x0000008ba1300000,0x0000008ba1400000)]
  0x000002819ee83820 JavaThread "Unconstrained build operations Thread 77" [_thread_blocked, id=97220, stack(0x0000008ba1400000,0x0000008ba1500000)]
  0x00000281981a6a10 JavaThread "Unconstrained build operations Thread 78" [_thread_blocked, id=102976, stack(0x0000008ba1500000,0x0000008ba1600000)]
  0x00000281981a6070 JavaThread "Unconstrained build operations Thread 79" [_thread_blocked, id=83876, stack(0x0000008ba1600000,0x0000008ba1700000)]
  0x00000281981a7880 JavaThread "Unconstrained build operations Thread 80" [_thread_blocked, id=99856, stack(0x0000008ba1700000,0x0000008ba1800000)]
  0x00000281981a6ee0 JavaThread "Unconstrained build operations Thread 81" [_thread_blocked, id=92360, stack(0x0000008ba1800000,0x0000008ba1900000)]
  0x00000281981a6540 JavaThread "Unconstrained build operations Thread 82" [_thread_blocked, id=80672, stack(0x0000008ba1900000,0x0000008ba1a00000)]
  0x00000281981a73b0 JavaThread "Unconstrained build operations Thread 83" [_thread_blocked, id=84680, stack(0x0000008ba1a00000,0x0000008ba1b00000)]
  0x000002819ee84690 JavaThread "Unconstrained build operations Thread 84" [_thread_blocked, id=102412, stack(0x0000008ba1b00000,0x0000008ba1c00000)]
  0x000002819a09e5f0 JavaThread "Unconstrained build operations Thread 85" [_thread_blocked, id=10660, stack(0x0000008ba1c00000,0x0000008ba1d00000)]
  0x000002819a09ef90 JavaThread "Unconstrained build operations Thread 86" [_thread_blocked, id=99808, stack(0x0000008ba1d00000,0x0000008ba1e00000)]
  0x000002819a09fe00 JavaThread "Unconstrained build operations Thread 87" [_thread_blocked, id=90184, stack(0x0000008ba1e00000,0x0000008ba1f00000)]
  0x000002819a09dc50 JavaThread "Unconstrained build operations Thread 88" [_thread_blocked, id=97032, stack(0x0000008ba1f00000,0x0000008ba2000000)]
  0x000002819a0a02d0 JavaThread "Unconstrained build operations Thread 89" [_thread_blocked, id=102024, stack(0x0000008ba2000000,0x0000008ba2100000)]
  0x00000281982f9420 JavaThread "Unconstrained build operations Thread 90" [_thread_blocked, id=101544, stack(0x0000008ba2100000,0x0000008ba2200000)]
  0x00000281982f98f0 JavaThread "Unconstrained build operations Thread 91" [_thread_blocked, id=93460, stack(0x0000008ba2200000,0x0000008ba2300000)]
  0x00000281982fa760 JavaThread "Unconstrained build operations Thread 92" [_thread_blocked, id=80708, stack(0x0000008ba2300000,0x0000008ba2400000)]
  0x00000281982f9dc0 JavaThread "Unconstrained build operations Thread 93" [_thread_blocked, id=103328, stack(0x0000008ba2400000,0x0000008ba2500000)]
  0x00000281945ae820 JavaThread "Unconstrained build operations Thread 94" [_thread_blocked, id=91272, stack(0x0000008ba2500000,0x0000008ba2600000)]
  0x00000281945b1d10 JavaThread "Unconstrained build operations Thread 95" [_thread_blocked, id=95704, stack(0x0000008ba2600000,0x0000008ba2700000)]
  0x00000281945af690 JavaThread "Unconstrained build operations Thread 96" [_thread_blocked, id=82504, stack(0x0000008ba2700000,0x0000008ba2800000)]
  0x00000281945b0030 JavaThread "Unconstrained build operations Thread 97" [_thread_blocked, id=102812, stack(0x0000008ba2800000,0x0000008ba2900000)]
  0x00000281945b1840 JavaThread "Unconstrained build operations Thread 98" [_thread_blocked, id=86276, stack(0x0000008ba2900000,0x0000008ba2a00000)]
  0x00000281945b0ea0 JavaThread "Unconstrained build operations Thread 99" [_thread_blocked, id=102744, stack(0x0000008ba2a00000,0x0000008ba2b00000)]
  0x00000281945b0500 JavaThread "Unconstrained build operations Thread 100" [_thread_blocked, id=100904, stack(0x0000008ba2b00000,0x0000008ba2c00000)]
  0x00000281945b09d0 JavaThread "Unconstrained build operations Thread 101" [_thread_blocked, id=93868, stack(0x0000008ba2c00000,0x0000008ba2d00000)]
  0x00000281945b1370 JavaThread "Unconstrained build operations Thread 102" [_thread_blocked, id=95792, stack(0x0000008ba2d00000,0x0000008ba2e00000)]
  0x00000281945ae350 JavaThread "Unconstrained build operations Thread 103" [_thread_blocked, id=101728, stack(0x0000008ba2e00000,0x0000008ba2f00000)]
  0x00000281945aecf0 JavaThread "Unconstrained build operations Thread 104" [_thread_blocked, id=90220, stack(0x0000008ba2f00000,0x0000008ba3000000)]
  0x00000281945af1c0 JavaThread "Unconstrained build operations Thread 105" [_thread_blocked, id=93244, stack(0x0000008ba3000000,0x0000008ba3100000)]
  0x00000281945afb60 JavaThread "Unconstrained build operations Thread 106" [_thread_blocked, id=87504, stack(0x0000008ba3100000,0x0000008ba3200000)]
  0x00000281933f8fa0 JavaThread "Unconstrained build operations Thread 107" [_thread_blocked, id=98900, stack(0x0000008ba3200000,0x0000008ba3300000)]
  0x00000281933f7c60 JavaThread "Unconstrained build operations Thread 108" [_thread_blocked, id=90828, stack(0x0000008ba3300000,0x0000008ba3400000)]
  0x00000281933f8130 JavaThread "Unconstrained build operations Thread 109" [_thread_blocked, id=94720, stack(0x0000008ba3400000,0x0000008ba3500000)]
  0x00000281933f6df0 JavaThread "Unconstrained build operations Thread 110" [_thread_blocked, id=102932, stack(0x0000008ba3500000,0x0000008ba3600000)]
  0x00000281933f7790 JavaThread "Unconstrained build operations Thread 111" [_thread_blocked, id=43288, stack(0x0000008ba3600000,0x0000008ba3700000)]
  0x00000281933f8600 JavaThread "Unconstrained build operations Thread 112" [_thread_blocked, id=80508, stack(0x0000008ba3700000,0x0000008ba3800000)]
  0x00000281933f5ab0 JavaThread "Unconstrained build operations Thread 113" [_thread_blocked, id=99728, stack(0x0000008ba3800000,0x0000008ba3900000)]
  0x00000281933f8ad0 JavaThread "Unconstrained build operations Thread 114" [_thread_blocked, id=102280, stack(0x0000008ba3900000,0x0000008ba3a00000)]
  0x00000281933f55e0 JavaThread "Unconstrained build operations Thread 115" [_thread_blocked, id=99904, stack(0x0000008ba3a00000,0x0000008ba3b00000)]
  0x00000281933f72c0 JavaThread "Unconstrained build operations Thread 116" [_thread_blocked, id=103096, stack(0x0000008ba3b00000,0x0000008ba3c00000)]
  0x00000281933f5f80 JavaThread "Unconstrained build operations Thread 117" [_thread_blocked, id=69260, stack(0x0000008ba3c00000,0x0000008ba3d00000)]
  0x00000281933f6450 JavaThread "Unconstrained build operations Thread 118" [_thread_blocked, id=84648, stack(0x0000008ba3d00000,0x0000008ba3e00000)]
  0x00000281933f6920 JavaThread "Unconstrained build operations Thread 119" [_thread_blocked, id=91212, stack(0x0000008ba3e00000,0x0000008ba3f00000)]
  0x00000281932b4810 JavaThread "Unconstrained build operations Thread 120" [_thread_blocked, id=95928, stack(0x0000008ba3f00000,0x0000008ba4000000)]
  0x00000281932b6e90 JavaThread "Unconstrained build operations Thread 121" [_thread_blocked, id=97240, stack(0x0000008ba4000000,0x0000008ba4100000)]
  0x00000281932b4ce0 JavaThread "Unconstrained build operations Thread 122" [_thread_blocked, id=102968, stack(0x0000008ba4100000,0x0000008ba4200000)]
  0x00000281932b4340 JavaThread "Unconstrained build operations Thread 123" [_thread_blocked, id=90472, stack(0x0000008ba4200000,0x0000008ba4300000)]
  0x00000281932b69c0 JavaThread "Unconstrained build operations Thread 124" [_thread_blocked, id=89012, stack(0x0000008ba4300000,0x0000008ba4400000)]
  0x000002819accdbc0 JavaThread "Unconstrained build operations Thread 125" [_thread_blocked, id=5264, stack(0x0000008ba4400000,0x0000008ba4500000)]
  0x000002819acc8050 JavaThread "Unconstrained build operations Thread 126" [_thread_blocked, id=103252, stack(0x0000008ba4500000,0x0000008ba4600000)]
  0x000002819acc89f0 JavaThread "Unconstrained build operations Thread 127" [_thread_blocked, id=43268, stack(0x0000008ba4600000,0x0000008ba4700000)]
  0x000002819accfd70 JavaThread "Unconstrained build operations Thread 128" [_thread_blocked, id=96304, stack(0x0000008ba4700000,0x0000008ba4800000)]
  0x000002819acd0240 JavaThread "Unconstrained build operations Thread 129" [_thread_blocked, id=66372, stack(0x0000008ba4800000,0x0000008ba4900000)]
  0x00000281932b64f0 JavaThread "Unconstrained build operations Thread 130" [_thread_blocked, id=101748, stack(0x0000008ba4900000,0x0000008ba4a00000)]
  0x00000281932b7360 JavaThread "Unconstrained build operations Thread 131" [_thread_blocked, id=76604, stack(0x0000008ba4a00000,0x0000008ba4b00000)]
  0x00000281932b7830 JavaThread "Unconstrained build operations Thread 132" [_thread_blocked, id=101232, stack(0x0000008ba4b00000,0x0000008ba4c00000)]
  0x00000281932b3e70 JavaThread "Unconstrained build operations Thread 133" [_thread_blocked, id=96528, stack(0x0000008ba4c00000,0x0000008ba4d00000)]
  0x00000281932b51b0 JavaThread "Unconstrained build operations Thread 134" [_thread_blocked, id=97056, stack(0x0000008ba4d00000,0x0000008ba4e00000)]
  0x00000281932b5680 JavaThread "Unconstrained build operations Thread 135" [_thread_blocked, id=84668, stack(0x0000008ba4e00000,0x0000008ba4f00000)]
  0x00000281932b5b50 JavaThread "Unconstrained build operations Thread 136" [_thread_blocked, id=94896, stack(0x0000008ba4f00000,0x0000008ba5000000)]
  0x00000281932b6020 JavaThread "Unconstrained build operations Thread 137" [_thread_blocked, id=98412, stack(0x0000008ba5000000,0x0000008ba5100000)]
  0x0000028195ef65d0 JavaThread "Unconstrained build operations Thread 138" [_thread_blocked, id=91128, stack(0x0000008ba5100000,0x0000008ba5200000)]
  0x0000028195ef6aa0 JavaThread "Unconstrained build operations Thread 139" [_thread_blocked, id=73104, stack(0x0000008ba5200000,0x0000008ba5300000)]
  0x0000028195ef6f70 JavaThread "Unconstrained build operations Thread 140" [_thread_blocked, id=102216, stack(0x0000008ba5300000,0x0000008ba5400000)]
  0x0000028195ef48f0 JavaThread "Unconstrained build operations Thread 141" [_thread_blocked, id=96144, stack(0x0000008ba5400000,0x0000008ba5500000)]
  0x0000028195ef7440 JavaThread "Unconstrained build operations Thread 142" [_thread_blocked, id=97216, stack(0x0000008ba5500000,0x0000008ba5600000)]
  0x0000028195ef4dc0 JavaThread "Unconstrained build operations Thread 143" [_thread_blocked, id=87556, stack(0x0000008ba5600000,0x0000008ba5700000)]
  0x0000028195ef5760 JavaThread "Unconstrained build operations Thread 144" [_thread_blocked, id=102432, stack(0x0000008ba5700000,0x0000008ba5800000)]
  0x0000028195ef5290 JavaThread "Unconstrained build operations Thread 145" [_thread_blocked, id=86856, stack(0x0000008ba5800000,0x0000008ba5900000)]
  0x0000028195ef5c30 JavaThread "Unconstrained build operations Thread 146" [_thread_blocked, id=92436, stack(0x0000008ba5900000,0x0000008ba5a00000)]
  0x0000028195ef3f50 JavaThread "Unconstrained build operations Thread 147" [_thread_blocked, id=102248, stack(0x0000008ba5a00000,0x0000008ba5b00000)]
  0x0000028195ef4420 JavaThread "Unconstrained build operations Thread 148" [_thread_blocked, id=91320, stack(0x0000008ba5b00000,0x0000008ba5c00000)]
  0x0000028195ef3a80 JavaThread "Unconstrained build operations Thread 149" [_thread_blocked, id=91080, stack(0x0000008ba5c00000,0x0000008ba5d00000)]
  0x0000028195ef6100 JavaThread "Unconstrained build operations Thread 150" [_thread_blocked, id=103136, stack(0x0000008ba5d00000,0x0000008ba5e00000)]
  0x000002819439a3b0 JavaThread "Unconstrained build operations Thread 151" [_thread_blocked, id=61504, stack(0x0000008ba5e00000,0x0000008ba5f00000)]
  0x000002819439d3d0 JavaThread "Unconstrained build operations Thread 152" [_thread_blocked, id=72816, stack(0x0000008ba5f00000,0x0000008ba6000000)]
  0x000002819439b6f0 JavaThread "Unconstrained build operations Thread 153" [_thread_blocked, id=86588, stack(0x0000008ba6000000,0x0000008ba6100000)]
  0x000002819439bbc0 JavaThread "Unconstrained build operations Thread 154" [_thread_blocked, id=103312, stack(0x0000008ba6100000,0x0000008ba6200000)]
  0x000002819439a880 JavaThread "Unconstrained build operations Thread 155" [_thread_blocked, id=101164, stack(0x0000008ba6200000,0x0000008ba6300000)]
  0x000002819439ca30 JavaThread "Unconstrained build operations Thread 156" [_thread_blocked, id=102336, stack(0x0000008ba6300000,0x0000008ba6400000)]
  0x000002819acd0710 JavaThread "build event listener" [_thread_blocked, id=96180, stack(0x0000008ba6400000,0x0000008ba6500000)]
  0x000002819acd0be0 JavaThread "build event listener" [_thread_blocked, id=98196, stack(0x0000008ba6500000,0x0000008ba6600000)]
  0x00000281907f68d0 JavaThread "build event listener" [_thread_blocked, id=29120, stack(0x0000008ba6600000,0x0000008ba6700000)]
  0x000002819f04c4a0 JavaThread "C1 CompilerThread1" daemon [_thread_blocked, id=101144, stack(0x0000008ba6700000,0x0000008ba6800000)]
  0x0000028199c887e0 JavaThread "C1 CompilerThread2" daemon [_thread_blocked, id=88248, stack(0x0000008ba7800000,0x0000008ba7900000)]
  0x0000028199d324a0 JavaThread "pool-26-thread-1" [_thread_blocked, id=100688, stack(0x0000008ba7b00000,0x0000008ba7c00000)]
  0x0000028199d32970 JavaThread "build event listener" [_thread_blocked, id=102736, stack(0x0000008ba7c00000,0x0000008ba7d00000)]
  0x00000281999efa70 JavaThread "included builds" [_thread_blocked, id=84256, stack(0x0000008ba7d00000,0x0000008ba7e00000)]
  0x0000028199d31b00 JavaThread "Execution worker" [_thread_blocked, id=97792, stack(0x0000008ba7e00000,0x0000008ba7f00000)]
  0x0000028199d31fd0 JavaThread "Execution worker Thread 2" [_thread_blocked, id=91428, stack(0x0000008ba7f00000,0x0000008ba8000000)]
  0x0000028199d307c0 JavaThread "Execution worker Thread 3" [_thread_blocked, id=98324, stack(0x0000008ba8000000,0x0000008ba8100000)]
  0x0000028199d30c90 JavaThread "Execution worker Thread 4" [_thread_blocked, id=100008, stack(0x0000008ba8100000,0x0000008ba8200000)]
  0x0000028199d2fe20 JavaThread "Execution worker Thread 5" [_thread_blocked, id=71004, stack(0x0000008ba8200000,0x0000008ba8300000)]
  0x0000028199d32e40 JavaThread "Execution worker Thread 6" [_thread_blocked, id=95964, stack(0x0000008ba8300000,0x0000008ba8400000)]
  0x0000028199d31160 JavaThread "Execution worker Thread 7" [_thread_blocked, id=96456, stack(0x0000008ba8400000,0x0000008ba8500000)]
  0x0000028199d31630 JavaThread "Execution worker Thread 8" [_thread_blocked, id=101832, stack(0x0000008ba8500000,0x0000008ba8600000)]
  0x0000028199d2f950 JavaThread "Execution worker Thread 9" [_thread_blocked, id=103036, stack(0x0000008ba8600000,0x0000008ba8700000)]
  0x0000028199d302f0 JavaThread "Execution worker Thread 10" [_thread_blocked, id=98880, stack(0x0000008ba8700000,0x0000008ba8800000)]
  0x0000028197af2170 JavaThread "Execution worker Thread 11" [_thread_blocked, id=74936, stack(0x0000008ba8a00000,0x0000008ba8b00000)]
  0x0000028197af1300 JavaThread "Execution worker Thread 12" [_thread_blocked, id=87760, stack(0x0000008ba8b00000,0x0000008ba8c00000)]
  0x00000281999f08e0 JavaThread "Cache worker for execution history cache (D:\StudioProjects\placement_example\.gradle\8.0\executionHistory)" [_thread_blocked, id=102500, stack(0x0000008ba8c00000,0x0000008ba8d00000)]
  0x0000028197aefaf0 JavaThread "Execution worker Thread 13" [_thread_blocked, id=99240, stack(0x0000008ba8d00000,0x0000008ba8e00000)]
  0x000002819ae8dac0 JavaThread "Execution worker Thread 14" [_thread_blocked, id=101608, stack(0x0000008ba8e00000,0x0000008ba8f00000)]
  0x000002819ae8e930 JavaThread "Execution worker Thread 15" [_thread_blocked, id=103372, stack(0x0000008ba8f00000,0x0000008ba9000000)]
  0x00000281963f92a0 JavaThread "Unconstrained build operations Thread 157" [_thread_blocked, id=82360, stack(0x0000008ba9100000,0x0000008ba9200000)]
  0x00000281963f6750 JavaThread "Unconstrained build operations Thread 158" [_thread_blocked, id=95252, stack(0x0000008ba9a00000,0x0000008ba9b00000)]
  0x00000281963f70f0 JavaThread "Unconstrained build operations Thread 159" [_thread_blocked, id=94912, stack(0x0000008baa200000,0x0000008baa300000)]
  0x00000281987bc050 JavaThread "Unconstrained build operations Thread 160" [_thread_blocked, id=89228, stack(0x0000008baa300000,0x0000008baa400000)]

Other Threads:
=>0x000002818f961690 VMThread "VM Thread" [stack: 0x0000008b99100000,0x0000008b99200000] [id=68316]
  0x000002818f947e80 WatcherThread [stack: 0x0000008b99e00000,0x0000008b99f00000] [id=99184]
  0x00000281f501df90 GCTaskThread "GC Thread#0" [stack: 0x0000008b98c00000,0x0000008b98d00000] [id=92708]
  0x00000281918c0760 GCTaskThread "GC Thread#1" [stack: 0x0000008b9a200000,0x0000008b9a300000] [id=98804]
  0x00000281918c0a10 GCTaskThread "GC Thread#2" [stack: 0x0000008b9a300000,0x0000008b9a400000] [id=91784]
  0x00000281918c0cc0 GCTaskThread "GC Thread#3" [stack: 0x0000008b9a400000,0x0000008b9a500000] [id=94712]
  0x00000281915b08d0 GCTaskThread "GC Thread#4" [stack: 0x0000008b9a500000,0x0000008b9a600000] [id=99812]
  0x0000028193690c30 GCTaskThread "GC Thread#5" [stack: 0x0000008b9b000000,0x0000008b9b100000] [id=91160]
  0x00000281937d0c90 GCTaskThread "GC Thread#6" [stack: 0x0000008b9b100000,0x0000008b9b200000] [id=96924]
  0x000002819318c130 GCTaskThread "GC Thread#7" [stack: 0x0000008b9b200000,0x0000008b9b300000] [id=100132]
  0x000002819318c3e0 GCTaskThread "GC Thread#8" [stack: 0x0000008b9b300000,0x0000008b9b400000] [id=100156]
  0x000002819318be80 GCTaskThread "GC Thread#9" [stack: 0x0000008b9b400000,0x0000008b9b500000] [id=100080]
  0x000002819318bbd0 GCTaskThread "GC Thread#10" [stack: 0x0000008b9b500000,0x0000008b9b600000] [id=97496]
  0x000002819318ae60 GCTaskThread "GC Thread#11" [stack: 0x0000008b9b600000,0x0000008b9b700000] [id=100012]
  0x000002819318abb0 GCTaskThread "GC Thread#12" [stack: 0x0000008b9b700000,0x0000008b9b800000] [id=98064]
  0x00000281f502fee0 ConcurrentGCThread "G1 Main Marker" [stack: 0x0000008b98d00000,0x0000008b98e00000] [id=99544]
  0x00000281f5031090 ConcurrentGCThread "G1 Conc#0" [stack: 0x0000008b98e00000,0x0000008b98f00000] [id=85824]
  0x000002819318b110 ConcurrentGCThread "G1 Conc#1" [stack: 0x0000008b9b800000,0x0000008b9b900000] [id=83148]
  0x000002819318b3c0 ConcurrentGCThread "G1 Conc#2" [stack: 0x0000008b9b900000,0x0000008b9ba00000] [id=87688]
  0x00000281f507e580 ConcurrentGCThread "G1 Refine#0" [stack: 0x0000008b98f00000,0x0000008b99000000] [id=92344]
  0x000002819adef4f0 ConcurrentGCThread "G1 Refine#1" [stack: 0x0000008b9c600000,0x0000008b9c700000] [id=100900]
  0x000002819aded270 ConcurrentGCThread "G1 Refine#2" [stack: 0x0000008ba9200000,0x0000008ba9300000] [id=101192]
  0x000002819adf0350 ConcurrentGCThread "G1 Refine#3" [stack: 0x0000008ba9300000,0x0000008ba9400000] [id=101196]
  0x000002819adeec50 ConcurrentGCThread "G1 Refine#4" [stack: 0x0000008ba9400000,0x0000008ba9500000] [id=101304]
  0x000002819adecf90 ConcurrentGCThread "G1 Refine#5" [stack: 0x0000008ba9500000,0x0000008ba9600000] [id=101308]
  0x000002819adec6f0 ConcurrentGCThread "G1 Refine#6" [stack: 0x0000008ba9600000,0x0000008ba9700000] [id=101312]
  0x0000028192fe10a0 ConcurrentGCThread "G1 Refine#7" [stack: 0x0000008ba9700000,0x0000008ba9800000] [id=101316]
  0x0000028192fe0520 ConcurrentGCThread "G1 Refine#8" [stack: 0x0000008ba9800000,0x0000008ba9900000] [id=101320]
  0x000002819a7e2ee0 ConcurrentGCThread "G1 Refine#9" [stack: 0x0000008ba9900000,0x0000008ba9a00000] [id=101324]
  0x000002819a7e34a0 ConcurrentGCThread "G1 Refine#10" [stack: 0x0000008baa000000,0x0000008baa100000] [id=101360]
  0x000002819a7e31c0 ConcurrentGCThread "G1 Refine#11" [stack: 0x0000008baa100000,0x0000008baa200000] [id=101364]
  0x00000281f507ebb0 ConcurrentGCThread "G1 Service" [stack: 0x0000008b99000000,0x0000008b99100000] [id=92644]

Threads with active compile tasks:
C2 CompilerThread0  1173772 30617       4       org.gradle.api.internal.artifacts.ivyservice.resolveengine.graph.builder.ResolveState::getRevision (34 bytes)

VM state: at safepoint (normal execution)

VM Mutex/Monitor currently owned by a thread:  ([mutex/lock_event])
[0x00000281f4fbc930] Threads_lock - owner thread: 0x000002818f961690
[0x00000281f4fbc4b0] Heap_lock - owner thread: 0x0000028197aefaf0

Heap address: 0x0000000080000000, size: 2048 MB, Compressed Oops mode: 32-bit

CDS archive(s) not mapped
Compressed class space mapped at: 0x0000000100000000-0x0000000140000000, reserved size: 1073741824
Narrow klass base: 0x0000000000000000, Narrow klass shift: 3, Narrow klass range: 0x140000000

GC Precious Log:
 CPUs: 16 total, 16 available
 Memory: 15557M
 Large Page Support: Disabled
 NUMA Support: Disabled
 Compressed Oops: Enabled (32-bit)
 Heap Region Size: 1M
 Heap Min Capacity: 8M
 Heap Initial Capacity: 244M
 Heap Max Capacity: 2G
 Pre-touch: Disabled
 Parallel Workers: 13
 Concurrent Workers: 3
 Concurrent Refinement Workers: 13
 Periodic GC: Disabled

Heap:
 garbage-first heap   total 485376K, used 231697K [0x0000000080000000, 0x0000000100000000)
  region size 1024K, 24 young (24576K), 24 survivors (24576K)
 Metaspace       used 142870K, committed 144256K, reserved 1179648K
  class space    used 19443K, committed 20096K, reserved 1048576K

Heap Regions: E=young(eden), S=young(survivor), O=old, HS=humongous(starts), HC=humongous(continues), CS=collection set, F=free, OA=open archive, CA=closed archive, TAMS=top-at-mark-start (previous, next)
|   0|0x0000000080000000, 0x0000000080100000, 0x0000000080100000|100%|HS|  |TAMS 0x0000000080100000, 0x0000000080100000| Complete 
|   1|0x0000000080100000, 0x0000000080200000, 0x0000000080200000|100%|HC|  |TAMS 0x0000000080200000, 0x0000000080200000| Complete 
|   2|0x0000000080200000, 0x0000000080300000, 0x0000000080300000|100%|HC|  |TAMS 0x0000000080300000, 0x0000000080300000| Complete 
|   3|0x0000000080300000, 0x0000000080400000, 0x0000000080400000|100%|HC|  |TAMS 0x0000000080400000, 0x0000000080400000| Complete 
|   4|0x0000000080400000, 0x0000000080500000, 0x0000000080500000|100%| O|  |TAMS 0x0000000080500000, 0x0000000080500000| Untracked 
|   5|0x0000000080500000, 0x0000000080600000, 0x0000000080600000|100%| O|  |TAMS 0x0000000080600000, 0x0000000080600000| Untracked 
|   6|0x0000000080600000, 0x0000000080700000, 0x0000000080700000|100%| O|  |TAMS 0x0000000080700000, 0x0000000080700000| Untracked 
|   7|0x0000000080700000, 0x0000000080800000, 0x0000000080800000|100%| O|  |TAMS 0x0000000080800000, 0x0000000080800000| Untracked 
|   8|0x0000000080800000, 0x0000000080900000, 0x0000000080900000|100%| O|  |TAMS 0x0000000080900000, 0x0000000080900000| Untracked 
|   9|0x0000000080900000, 0x0000000080a00000, 0x0000000080a00000|100%| O|  |TAMS 0x0000000080a00000, 0x0000000080a00000| Untracked 
|  10|0x0000000080a00000, 0x0000000080b00000, 0x0000000080b00000|100%| O|  |TAMS 0x0000000080b00000, 0x0000000080b00000| Untracked 
|  11|0x0000000080b00000, 0x0000000080c00000, 0x0000000080c00000|100%| O|  |TAMS 0x0000000080c00000, 0x0000000080c00000| Untracked 
|  12|0x0000000080c00000, 0x0000000080d00000, 0x0000000080d00000|100%| O|  |TAMS 0x0000000080d00000, 0x0000000080d00000| Untracked 
|  13|0x0000000080d00000, 0x0000000080e00000, 0x0000000080e00000|100%| O|  |TAMS 0x0000000080e00000, 0x0000000080e00000| Untracked 
|  14|0x0000000080e00000, 0x0000000080f00000, 0x0000000080f00000|100%| O|  |TAMS 0x0000000080f00000, 0x0000000080f00000| Untracked 
|  15|0x0000000080f00000, 0x0000000081000000, 0x0000000081000000|100%| O|  |TAMS 0x0000000081000000, 0x0000000081000000| Untracked 
|  16|0x0000000081000000, 0x0000000081100000, 0x0000000081100000|100%| O|  |TAMS 0x0000000081100000, 0x0000000081100000| Untracked 
|  17|0x0000000081100000, 0x0000000081200000, 0x0000000081200000|100%| O|  |TAMS 0x0000000081200000, 0x0000000081200000| Untracked 
|  18|0x0000000081200000, 0x0000000081300000, 0x0000000081300000|100%| O|  |TAMS 0x0000000081300000, 0x0000000081300000| Untracked 
|  19|0x0000000081300000, 0x0000000081400000, 0x0000000081400000|100%| O|  |TAMS 0x0000000081400000, 0x0000000081400000| Untracked 
|  20|0x0000000081400000, 0x0000000081500000, 0x0000000081500000|100%| O|  |TAMS 0x0000000081500000, 0x0000000081500000| Untracked 
|  21|0x0000000081500000, 0x0000000081600000, 0x0000000081600000|100%| O|  |TAMS 0x0000000081600000, 0x0000000081600000| Untracked 
|  22|0x0000000081600000, 0x0000000081700000, 0x0000000081700000|100%| O|  |TAMS 0x0000000081700000, 0x0000000081700000| Untracked 
|  23|0x0000000081700000, 0x0000000081800000, 0x0000000081800000|100%| O|  |TAMS 0x0000000081800000, 0x0000000081800000| Untracked 
|  24|0x0000000081800000, 0x0000000081900000, 0x0000000081900000|100%| O|  |TAMS 0x0000000081900000, 0x0000000081900000| Untracked 
|  25|0x0000000081900000, 0x0000000081a00000, 0x0000000081a00000|100%| O|  |TAMS 0x0000000081a00000, 0x0000000081a00000| Untracked 
|  26|0x0000000081a00000, 0x0000000081b00000, 0x0000000081b00000|100%| O|  |TAMS 0x0000000081b00000, 0x0000000081b00000| Untracked 
|  27|0x0000000081b00000, 0x0000000081c00000, 0x0000000081c00000|100%| O|  |TAMS 0x0000000081c00000, 0x0000000081c00000| Untracked 
|  28|0x0000000081c00000, 0x0000000081d00000, 0x0000000081d00000|100%| O|  |TAMS 0x0000000081d00000, 0x0000000081d00000| Untracked 
|  29|0x0000000081d00000, 0x0000000081e00000, 0x0000000081e00000|100%| O|  |TAMS 0x0000000081e00000, 0x0000000081e00000| Untracked 
|  30|0x0000000081e00000, 0x0000000081f00000, 0x0000000081f00000|100%| O|  |TAMS 0x0000000081f00000, 0x0000000081f00000| Untracked 
|  31|0x0000000081f00000, 0x0000000082000000, 0x0000000082000000|100%| O|  |TAMS 0x0000000082000000, 0x0000000082000000| Untracked 
|  32|0x0000000082000000, 0x0000000082100000, 0x0000000082100000|100%| O|  |TAMS 0x0000000082100000, 0x0000000082100000| Untracked 
|  33|0x0000000082100000, 0x0000000082200000, 0x0000000082200000|100%| O|  |TAMS 0x0000000082100000, 0x0000000082100000| Untracked 
|  34|0x0000000082200000, 0x0000000082300000, 0x0000000082300000|100%| O|  |TAMS 0x0000000082300000, 0x0000000082300000| Untracked 
|  35|0x0000000082300000, 0x0000000082400000, 0x0000000082400000|100%| O|  |TAMS 0x0000000082400000, 0x0000000082400000| Untracked 
|  36|0x0000000082400000, 0x0000000082500000, 0x0000000082500000|100%| O|  |TAMS 0x0000000082500000, 0x0000000082500000| Untracked 
|  37|0x0000000082500000, 0x0000000082600000, 0x0000000082600000|100%|HS|  |TAMS 0x0000000082600000, 0x0000000082600000| Complete 
|  38|0x0000000082600000, 0x0000000082700000, 0x0000000082700000|100%|HS|  |TAMS 0x0000000082700000, 0x0000000082700000| Complete 
|  39|0x0000000082700000, 0x0000000082800000, 0x0000000082800000|100%|HS|  |TAMS 0x0000000082800000, 0x0000000082800000| Complete 
|  40|0x0000000082800000, 0x0000000082900000, 0x0000000082900000|100%|HS|  |TAMS 0x0000000082900000, 0x0000000082900000| Complete 
|  41|0x0000000082900000, 0x0000000082a00000, 0x0000000082a00000|100%|HC|  |TAMS 0x0000000082a00000, 0x0000000082a00000| Complete 
|  42|0x0000000082a00000, 0x0000000082b00000, 0x0000000082b00000|100%|HS|  |TAMS 0x0000000082b00000, 0x0000000082b00000| Complete 
|  43|0x0000000082b00000, 0x0000000082c00000, 0x0000000082c00000|100%|HC|  |TAMS 0x0000000082c00000, 0x0000000082c00000| Complete 
|  44|0x0000000082c00000, 0x0000000082d00000, 0x0000000082d00000|100%|HC|  |TAMS 0x0000000082d00000, 0x0000000082d00000| Complete 
|  45|0x0000000082d00000, 0x0000000082e00000, 0x0000000082e00000|100%|HC|  |TAMS 0x0000000082e00000, 0x0000000082e00000| Complete 
|  46|0x0000000082e00000, 0x0000000082f00000, 0x0000000082f00000|100%| O|  |TAMS 0x0000000082f00000, 0x0000000082f00000| Untracked 
|  47|0x0000000082f00000, 0x0000000083000000, 0x0000000083000000|100%| O|  |TAMS 0x0000000083000000, 0x0000000083000000| Untracked 
|  48|0x0000000083000000, 0x0000000083100000, 0x0000000083100000|100%| O|  |TAMS 0x0000000083100000, 0x0000000083100000| Untracked 
|  49|0x0000000083100000, 0x0000000083200000, 0x0000000083200000|100%| O|  |TAMS 0x0000000083200000, 0x0000000083200000| Untracked 
|  50|0x0000000083200000, 0x0000000083300000, 0x0000000083300000|100%| O|  |TAMS 0x0000000083300000, 0x0000000083300000| Untracked 
|  51|0x0000000083300000, 0x0000000083400000, 0x0000000083400000|100%| O|  |TAMS 0x0000000083400000, 0x0000000083400000| Untracked 
|  52|0x0000000083400000, 0x0000000083500000, 0x0000000083500000|100%| O|  |TAMS 0x0000000083500000, 0x0000000083500000| Untracked 
|  53|0x0000000083500000, 0x0000000083600000, 0x0000000083600000|100%| O|  |TAMS 0x0000000083600000, 0x0000000083600000| Untracked 
|  54|0x0000000083600000, 0x0000000083700000, 0x0000000083700000|100%| O|  |TAMS 0x0000000083700000, 0x0000000083700000| Untracked 
|  55|0x0000000083700000, 0x0000000083800000, 0x0000000083800000|100%| O|  |TAMS 0x0000000083800000, 0x0000000083800000| Untracked 
|  56|0x0000000083800000, 0x0000000083900000, 0x0000000083900000|100%| O|  |TAMS 0x0000000083900000, 0x0000000083900000| Untracked 
|  57|0x0000000083900000, 0x0000000083a00000, 0x0000000083a00000|100%| O|  |TAMS 0x0000000083a00000, 0x0000000083a00000| Untracked 
|  58|0x0000000083a00000, 0x0000000083b00000, 0x0000000083b00000|100%| O|  |TAMS 0x0000000083b00000, 0x0000000083b00000| Untracked 
|  59|0x0000000083b00000, 0x0000000083c00000, 0x0000000083c00000|100%| O|  |TAMS 0x0000000083c00000, 0x0000000083c00000| Untracked 
|  60|0x0000000083c00000, 0x0000000083d00000, 0x0000000083d00000|100%| O|  |TAMS 0x0000000083d00000, 0x0000000083d00000| Untracked 
|  61|0x0000000083d00000, 0x0000000083e00000, 0x0000000083e00000|100%| O|  |TAMS 0x0000000083e00000, 0x0000000083e00000| Untracked 
|  62|0x0000000083e00000, 0x0000000083f00000, 0x0000000083f00000|100%| O|  |TAMS 0x0000000083f00000, 0x0000000083f00000| Untracked 
|  63|0x0000000083f00000, 0x0000000084000000, 0x0000000084000000|100%| O|  |TAMS 0x0000000084000000, 0x0000000084000000| Untracked 
|  64|0x0000000084000000, 0x0000000084100000, 0x0000000084100000|100%| O|  |TAMS 0x0000000084100000, 0x0000000084100000| Untracked 
|  65|0x0000000084100000, 0x0000000084200000, 0x0000000084200000|100%| O|  |TAMS 0x0000000084200000, 0x0000000084200000| Untracked 
|  66|0x0000000084200000, 0x0000000084300000, 0x0000000084300000|100%| O|  |TAMS 0x0000000084300000, 0x0000000084300000| Untracked 
|  67|0x0000000084300000, 0x0000000084400000, 0x0000000084400000|100%| O|  |TAMS 0x0000000084400000, 0x0000000084400000| Untracked 
|  68|0x0000000084400000, 0x0000000084500000, 0x0000000084500000|100%| O|  |TAMS 0x0000000084500000, 0x0000000084500000| Untracked 
|  69|0x0000000084500000, 0x0000000084600000, 0x0000000084600000|100%| O|  |TAMS 0x0000000084600000, 0x0000000084600000| Untracked 
|  70|0x0000000084600000, 0x0000000084700000, 0x0000000084700000|100%| O|  |TAMS 0x0000000084700000, 0x0000000084700000| Untracked 
|  71|0x0000000084700000, 0x0000000084800000, 0x0000000084800000|100%| O|  |TAMS 0x0000000084800000, 0x0000000084800000| Untracked 
|  72|0x0000000084800000, 0x0000000084900000, 0x0000000084900000|100%| O|  |TAMS 0x0000000084800000, 0x0000000084800000| Untracked 
|  73|0x0000000084900000, 0x0000000084a00000, 0x0000000084a00000|100%| O|  |TAMS 0x0000000084a00000, 0x0000000084a00000| Untracked 
|  74|0x0000000084a00000, 0x0000000084b00000, 0x0000000084b00000|100%| O|  |TAMS 0x0000000084b00000, 0x0000000084b00000| Untracked 
|  75|0x0000000084b00000, 0x0000000084c00000, 0x0000000084c00000|100%| O|  |TAMS 0x0000000084c00000, 0x0000000084c00000| Untracked 
|  76|0x0000000084c00000, 0x0000000084d00000, 0x0000000084d00000|100%| O|  |TAMS 0x0000000084d00000, 0x0000000084d00000| Untracked 
|  77|0x0000000084d00000, 0x0000000084e00000, 0x0000000084e00000|100%| O|  |TAMS 0x0000000084d00000, 0x0000000084e00000| Untracked 
|  78|0x0000000084e00000, 0x0000000084f00000, 0x0000000084f00000|100%| O|  |TAMS 0x0000000084f00000, 0x0000000084f00000| Untracked 
|  79|0x0000000084f00000, 0x0000000085000000, 0x0000000085000000|100%| O|  |TAMS 0x0000000085000000, 0x0000000085000000| Untracked 
|  80|0x0000000085000000, 0x0000000085100000, 0x0000000085100000|100%| O|  |TAMS 0x0000000085100000, 0x0000000085100000| Untracked 
|  81|0x0000000085100000, 0x0000000085200000, 0x0000000085200000|100%| O|  |TAMS 0x0000000085200000, 0x0000000085200000| Untracked 
|  82|0x0000000085200000, 0x0000000085300000, 0x0000000085300000|100%| O|  |TAMS 0x0000000085300000, 0x0000000085300000| Untracked 
|  83|0x0000000085300000, 0x0000000085400000, 0x0000000085400000|100%| O|  |TAMS 0x0000000085400000, 0x0000000085400000| Untracked 
|  84|0x0000000085400000, 0x0000000085500000, 0x0000000085500000|100%| O|  |TAMS 0x0000000085500000, 0x0000000085500000| Untracked 
|  85|0x0000000085500000, 0x0000000085600000, 0x0000000085600000|100%| O|  |TAMS 0x0000000085600000, 0x0000000085600000| Untracked 
|  86|0x0000000085600000, 0x0000000085700000, 0x0000000085700000|100%| O|  |TAMS 0x0000000085700000, 0x0000000085700000| Untracked 
|  87|0x0000000085700000, 0x0000000085800000, 0x0000000085800000|100%| O|  |TAMS 0x0000000085800000, 0x0000000085800000| Untracked 
|  88|0x0000000085800000, 0x0000000085900000, 0x0000000085900000|100%| O|  |TAMS 0x0000000085900000, 0x0000000085900000| Untracked 
|  89|0x0000000085900000, 0x0000000085a00000, 0x0000000085a00000|100%| O|  |TAMS 0x0000000085a00000, 0x0000000085a00000| Untracked 
|  90|0x0000000085a00000, 0x0000000085b00000, 0x0000000085b00000|100%| O|  |TAMS 0x0000000085b00000, 0x0000000085b00000| Untracked 
|  91|0x0000000085b00000, 0x0000000085c00000, 0x0000000085c00000|100%| O|  |TAMS 0x0000000085c00000, 0x0000000085c00000| Untracked 
|  92|0x0000000085c00000, 0x0000000085d00000, 0x0000000085d00000|100%| O|  |TAMS 0x0000000085d00000, 0x0000000085d00000| Untracked 
|  93|0x0000000085d00000, 0x0000000085e00000, 0x0000000085e00000|100%| O|  |TAMS 0x0000000085e00000, 0x0000000085e00000| Untracked 
|  94|0x0000000085e00000, 0x0000000085f00000, 0x0000000085f00000|100%| O|  |TAMS 0x0000000085e00000, 0x0000000085f00000| Untracked 
|  95|0x0000000085f00000, 0x0000000086000000, 0x0000000086000000|100%| O|  |TAMS 0x0000000085f00000, 0x0000000085f00000| Untracked 
|  96|0x0000000086000000, 0x0000000086100000, 0x0000000086100000|100%| O|  |TAMS 0x0000000086100000, 0x0000000086100000| Untracked 
|  97|0x0000000086100000, 0x0000000086200000, 0x0000000086200000|100%| O|  |TAMS 0x0000000086200000, 0x0000000086200000| Untracked 
|  98|0x0000000086200000, 0x0000000086300000, 0x0000000086300000|100%| O|  |TAMS 0x0000000086200000, 0x0000000086300000| Untracked 
|  99|0x0000000086300000, 0x0000000086400000, 0x0000000086400000|100%| O|  |TAMS 0x0000000086400000, 0x0000000086400000| Untracked 
| 100|0x0000000086400000, 0x0000000086444400, 0x0000000086500000| 26%| O|  |TAMS 0x0000000086400000, 0x0000000086400000| Untracked 
| 101|0x0000000086500000, 0x0000000086500000, 0x0000000086600000|  0%| F|  |TAMS 0x0000000086500000, 0x0000000086500000| Untracked 
| 102|0x0000000086600000, 0x0000000086700000, 0x0000000086700000|100%| O|  |TAMS 0x0000000086700000, 0x0000000086700000| Untracked 
| 103|0x0000000086700000, 0x0000000086800000, 0x0000000086800000|100%| O|  |TAMS 0x0000000086800000, 0x0000000086800000| Untracked 
| 104|0x0000000086800000, 0x0000000086900000, 0x0000000086900000|100%| O|  |TAMS 0x0000000086900000, 0x0000000086900000| Untracked 
| 105|0x0000000086900000, 0x0000000086a00000, 0x0000000086a00000|100%| O|  |TAMS 0x0000000086a00000, 0x0000000086a00000| Untracked 
| 106|0x0000000086a00000, 0x0000000086a00000, 0x0000000086b00000|  0%| F|  |TAMS 0x0000000086a00000, 0x0000000086a00000| Untracked 
| 107|0x0000000086b00000, 0x0000000086c00000, 0x0000000086c00000|100%| O|  |TAMS 0x0000000086c00000, 0x0000000086c00000| Untracked 
| 108|0x0000000086c00000, 0x0000000086d00000, 0x0000000086d00000|100%| O|  |TAMS 0x0000000086d00000, 0x0000000086d00000| Untracked 
| 109|0x0000000086d00000, 0x0000000086e00000, 0x0000000086e00000|100%| O|  |TAMS 0x0000000086e00000, 0x0000000086e00000| Untracked 
| 110|0x0000000086e00000, 0x0000000086f00000, 0x0000000086f00000|100%| O|  |TAMS 0x0000000086f00000, 0x0000000086f00000| Untracked 
| 111|0x0000000086f00000, 0x0000000087000000, 0x0000000087000000|100%| O|  |TAMS 0x0000000087000000, 0x0000000087000000| Untracked 
| 112|0x0000000087000000, 0x0000000087100000, 0x0000000087100000|100%| O|  |TAMS 0x0000000087100000, 0x0000000087100000| Untracked 
| 113|0x0000000087100000, 0x0000000087200000, 0x0000000087200000|100%| O|  |TAMS 0x0000000087200000, 0x0000000087200000| Untracked 
| 114|0x0000000087200000, 0x0000000087200000, 0x0000000087300000|  0%| F|  |TAMS 0x0000000087200000, 0x0000000087200000| Untracked 
| 115|0x0000000087300000, 0x0000000087400000, 0x0000000087400000|100%| O|  |TAMS 0x0000000087400000, 0x0000000087400000| Untracked 
| 116|0x0000000087400000, 0x0000000087500000, 0x0000000087500000|100%| O|  |TAMS 0x0000000087500000, 0x0000000087500000| Untracked 
| 117|0x0000000087500000, 0x0000000087600000, 0x0000000087600000|100%| O|  |TAMS 0x0000000087600000, 0x0000000087600000| Untracked 
| 118|0x0000000087600000, 0x0000000087700000, 0x0000000087700000|100%| O|  |TAMS 0x0000000087700000, 0x0000000087700000| Untracked 
| 119|0x0000000087700000, 0x0000000087800000, 0x0000000087800000|100%| O|  |TAMS 0x0000000087800000, 0x0000000087800000| Untracked 
| 120|0x0000000087800000, 0x0000000087800000, 0x0000000087900000|  0%| F|  |TAMS 0x0000000087800000, 0x0000000087800000| Untracked 
| 121|0x0000000087900000, 0x0000000087a00000, 0x0000000087a00000|100%| O|  |TAMS 0x0000000087a00000, 0x0000000087a00000| Untracked 
| 122|0x0000000087a00000, 0x0000000087b00000, 0x0000000087b00000|100%| O|  |TAMS 0x0000000087b00000, 0x0000000087b00000| Untracked 
| 123|0x0000000087b00000, 0x0000000087c00000, 0x0000000087c00000|100%| O|  |TAMS 0x0000000087c00000, 0x0000000087c00000| Untracked 
| 124|0x0000000087c00000, 0x0000000087d00000, 0x0000000087d00000|100%| O|  |TAMS 0x0000000087d00000, 0x0000000087d00000| Untracked 
| 125|0x0000000087d00000, 0x0000000087e00000, 0x0000000087e00000|100%| O|  |TAMS 0x0000000087e00000, 0x0000000087e00000| Untracked 
| 126|0x0000000087e00000, 0x0000000087f00000, 0x0000000087f00000|100%| O|  |TAMS 0x0000000087f00000, 0x0000000087f00000| Untracked 
| 127|0x0000000087f00000, 0x0000000088000000, 0x0000000088000000|100%| O|  |TAMS 0x0000000087f00000, 0x0000000088000000| Untracked 
| 128|0x0000000088000000, 0x0000000088100000, 0x0000000088100000|100%| O|  |TAMS 0x0000000088000000, 0x0000000088100000| Untracked 
| 129|0x0000000088100000, 0x0000000088200000, 0x0000000088200000|100%| O|  |TAMS 0x0000000088100000, 0x0000000088200000| Untracked 
| 130|0x0000000088200000, 0x0000000088300000, 0x0000000088300000|100%| O|  |TAMS 0x0000000088200000, 0x0000000088300000| Untracked 
| 131|0x0000000088300000, 0x0000000088300000, 0x0000000088400000|  0%| F|  |TAMS 0x0000000088300000, 0x0000000088300000| Untracked 
| 132|0x0000000088400000, 0x0000000088400000, 0x0000000088500000|  0%| F|  |TAMS 0x0000000088400000, 0x0000000088400000| Untracked 
| 133|0x0000000088500000, 0x0000000088500000, 0x0000000088600000|  0%| F|  |TAMS 0x0000000088500000, 0x0000000088500000| Untracked 
| 134|0x0000000088600000, 0x0000000088700000, 0x0000000088700000|100%| O|  |TAMS 0x0000000088600000, 0x0000000088700000| Untracked 
| 135|0x0000000088700000, 0x0000000088800000, 0x0000000088800000|100%| O|  |TAMS 0x0000000088700000, 0x0000000088800000| Untracked 
| 136|0x0000000088800000, 0x0000000088900000, 0x0000000088900000|100%| O|  |TAMS 0x0000000088800000, 0x0000000088900000| Untracked 
| 137|0x0000000088900000, 0x0000000088a00000, 0x0000000088a00000|100%| O|  |TAMS 0x0000000088900000, 0x0000000088a00000| Untracked 
| 138|0x0000000088a00000, 0x0000000088b00000, 0x0000000088b00000|100%| O|  |TAMS 0x0000000088a00000, 0x0000000088b00000| Untracked 
| 139|0x0000000088b00000, 0x0000000088c00000, 0x0000000088c00000|100%| O|  |TAMS 0x0000000088b00000, 0x0000000088c00000| Untracked 
| 140|0x0000000088c00000, 0x0000000088d00000, 0x0000000088d00000|100%| O|  |TAMS 0x0000000088c00000, 0x0000000088d00000| Untracked 
| 141|0x0000000088d00000, 0x0000000088e00000, 0x0000000088e00000|100%| O|  |TAMS 0x0000000088d00000, 0x0000000088e00000| Untracked 
| 142|0x0000000088e00000, 0x0000000088f00000, 0x0000000088f00000|100%| O|  |TAMS 0x0000000088e00000, 0x0000000088f00000| Untracked 
| 143|0x0000000088f00000, 0x0000000089000000, 0x0000000089000000|100%| O|  |TAMS 0x0000000088f00000, 0x0000000089000000| Untracked 
| 144|0x0000000089000000, 0x0000000089100000, 0x0000000089100000|100%| O|  |TAMS 0x0000000089000000, 0x0000000089100000| Untracked 
| 145|0x0000000089100000, 0x0000000089200000, 0x0000000089200000|100%| O|  |TAMS 0x0000000089100000, 0x0000000089200000| Untracked 
| 146|0x0000000089200000, 0x0000000089300000, 0x0000000089300000|100%| O|  |TAMS 0x0000000089200000, 0x0000000089300000| Untracked 
| 147|0x0000000089300000, 0x0000000089400000, 0x0000000089400000|100%| O|  |TAMS 0x0000000089300000, 0x0000000089400000| Untracked 
| 148|0x0000000089400000, 0x0000000089500000, 0x0000000089500000|100%| O|  |TAMS 0x0000000089500000, 0x0000000089500000| Untracked 
| 149|0x0000000089500000, 0x0000000089600000, 0x0000000089600000|100%| O|  |TAMS 0x0000000089600000, 0x0000000089600000| Untracked 
| 150|0x0000000089600000, 0x0000000089700000, 0x0000000089700000|100%| O|  |TAMS 0x0000000089700000, 0x0000000089700000| Untracked 
| 151|0x0000000089700000, 0x0000000089700000, 0x0000000089800000|  0%| F|  |TAMS 0x0000000089700000, 0x0000000089700000| Untracked 
| 152|0x0000000089800000, 0x0000000089900000, 0x0000000089900000|100%| O|  |TAMS 0x0000000089900000, 0x0000000089900000| Untracked 
| 153|0x0000000089900000, 0x0000000089a00000, 0x0000000089a00000|100%| O|  |TAMS 0x0000000089a00000, 0x0000000089a00000| Untracked 
| 154|0x0000000089a00000, 0x0000000089b00000, 0x0000000089b00000|100%| O|  |TAMS 0x0000000089b00000, 0x0000000089b00000| Untracked 
| 155|0x0000000089b00000, 0x0000000089c00000, 0x0000000089c00000|100%| O|  |TAMS 0x0000000089c00000, 0x0000000089c00000| Untracked 
| 156|0x0000000089c00000, 0x0000000089d00000, 0x0000000089d00000|100%| O|  |TAMS 0x0000000089d00000, 0x0000000089d00000| Untracked 
| 157|0x0000000089d00000, 0x0000000089e00000, 0x0000000089e00000|100%| O|  |TAMS 0x0000000089e00000, 0x0000000089e00000| Untracked 
| 158|0x0000000089e00000, 0x0000000089f00000, 0x0000000089f00000|100%| O|  |TAMS 0x0000000089f00000, 0x0000000089f00000| Untracked 
| 159|0x0000000089f00000, 0x000000008a000000, 0x000000008a000000|100%| O|  |TAMS 0x000000008a000000, 0x000000008a000000| Untracked 
| 160|0x000000008a000000, 0x000000008a100000, 0x000000008a100000|100%| O|  |TAMS 0x000000008a100000, 0x000000008a100000| Untracked 
| 161|0x000000008a100000, 0x000000008a200000, 0x000000008a200000|100%| O|  |TAMS 0x000000008a200000, 0x000000008a200000| Untracked 
| 162|0x000000008a200000, 0x000000008a200000, 0x000000008a300000|  0%| F|  |TAMS 0x000000008a200000, 0x000000008a200000| Untracked 
| 163|0x000000008a300000, 0x000000008a300000, 0x000000008a400000|  0%| F|  |TAMS 0x000000008a300000, 0x000000008a300000| Untracked 
| 164|0x000000008a400000, 0x000000008a500000, 0x000000008a500000|100%| O|  |TAMS 0x000000008a500000, 0x000000008a500000| Untracked 
| 165|0x000000008a500000, 0x000000008a500000, 0x000000008a600000|  0%| F|  |TAMS 0x000000008a500000, 0x000000008a500000| Untracked 
| 166|0x000000008a600000, 0x000000008a700000, 0x000000008a700000|100%| O|  |TAMS 0x000000008a700000, 0x000000008a700000| Untracked 
| 167|0x000000008a700000, 0x000000008a800000, 0x000000008a800000|100%| O|  |TAMS 0x000000008a800000, 0x000000008a800000| Untracked 
| 168|0x000000008a800000, 0x000000008a900000, 0x000000008a900000|100%| O|  |TAMS 0x000000008a900000, 0x000000008a900000| Untracked 
| 169|0x000000008a900000, 0x000000008aa00000, 0x000000008aa00000|100%| O|  |TAMS 0x000000008aa00000, 0x000000008aa00000| Untracked 
| 170|0x000000008aa00000, 0x000000008ab00000, 0x000000008ab00000|100%| O|  |TAMS 0x000000008ab00000, 0x000000008ab00000| Untracked 
| 171|0x000000008ab00000, 0x000000008ac00000, 0x000000008ac00000|100%| O|  |TAMS 0x000000008ac00000, 0x000000008ac00000| Untracked 
| 172|0x000000008ac00000, 0x000000008ad00000, 0x000000008ad00000|100%| O|  |TAMS 0x000000008ad00000, 0x000000008ad00000| Untracked 
| 173|0x000000008ad00000, 0x000000008ae00000, 0x000000008ae00000|100%| O|  |TAMS 0x000000008ae00000, 0x000000008ae00000| Untracked 
| 174|0x000000008ae00000, 0x000000008af00000, 0x000000008af00000|100%| O|  |TAMS 0x000000008af00000, 0x000000008af00000| Untracked 
| 175|0x000000008af00000, 0x000000008b000000, 0x000000008b000000|100%| O|  |TAMS 0x000000008b000000, 0x000000008b000000| Untracked 
| 176|0x000000008b000000, 0x000000008b100000, 0x000000008b100000|100%| O|  |TAMS 0x000000008b100000, 0x000000008b100000| Untracked 
| 177|0x000000008b100000, 0x000000008b200000, 0x000000008b200000|100%| O|  |TAMS 0x000000008b200000, 0x000000008b200000| Untracked 
| 178|0x000000008b200000, 0x000000008b300000, 0x000000008b300000|100%| O|  |TAMS 0x000000008b300000, 0x000000008b300000| Untracked 
| 179|0x000000008b300000, 0x000000008b400000, 0x000000008b400000|100%| O|  |TAMS 0x000000008b400000, 0x000000008b400000| Untracked 
| 180|0x000000008b400000, 0x000000008b500000, 0x000000008b500000|100%| O|  |TAMS 0x000000008b400000, 0x000000008b500000| Untracked 
| 181|0x000000008b500000, 0x000000008b600000, 0x000000008b600000|100%| O|  |TAMS 0x000000008b500000, 0x000000008b600000| Untracked 
| 182|0x000000008b600000, 0x000000008b600000, 0x000000008b700000|  0%| F|  |TAMS 0x000000008b600000, 0x000000008b600000| Untracked 
| 183|0x000000008b700000, 0x000000008b800000, 0x000000008b800000|100%| O|  |TAMS 0x000000008b800000, 0x000000008b800000| Untracked 
| 184|0x000000008b800000, 0x000000008b800000, 0x000000008b900000|  0%| F|  |TAMS 0x000000008b800000, 0x000000008b800000| Untracked 
| 185|0x000000008b900000, 0x000000008ba00000, 0x000000008ba00000|100%| O|  |TAMS 0x000000008ba00000, 0x000000008ba00000| Untracked 
| 186|0x000000008ba00000, 0x000000008bb00000, 0x000000008bb00000|100%| O|  |TAMS 0x000000008bb00000, 0x000000008bb00000| Untracked 
| 187|0x000000008bb00000, 0x000000008bc00000, 0x000000008bc00000|100%| O|  |TAMS 0x000000008bc00000, 0x000000008bc00000| Untracked 
| 188|0x000000008bc00000, 0x000000008bd00000, 0x000000008bd00000|100%| O|  |TAMS 0x000000008bd00000, 0x000000008bd00000| Untracked 
| 189|0x000000008bd00000, 0x000000008be00000, 0x000000008be00000|100%| O|  |TAMS 0x000000008be00000, 0x000000008be00000| Untracked 
| 190|0x000000008be00000, 0x000000008bf00000, 0x000000008bf00000|100%| O|  |TAMS 0x000000008bf00000, 0x000000008bf00000| Untracked 
| 191|0x000000008bf00000, 0x000000008c000000, 0x000000008c000000|100%| O|  |TAMS 0x000000008c000000, 0x000000008c000000| Untracked 
| 192|0x000000008c000000, 0x000000008c100000, 0x000000008c100000|100%| O|  |TAMS 0x000000008c100000, 0x000000008c100000| Untracked 
| 193|0x000000008c100000, 0x000000008c200000, 0x000000008c200000|100%| O|  |TAMS 0x000000008c200000, 0x000000008c200000| Untracked 
| 194|0x000000008c200000, 0x000000008c300000, 0x000000008c300000|100%| O|  |TAMS 0x000000008c300000, 0x000000008c300000| Untracked 
| 195|0x000000008c300000, 0x000000008c400000, 0x000000008c400000|100%| O|  |TAMS 0x000000008c400000, 0x000000008c400000| Untracked 
| 196|0x000000008c400000, 0x000000008c500000, 0x000000008c500000|100%| O|  |TAMS 0x000000008c500000, 0x000000008c500000| Untracked 
| 197|0x000000008c500000, 0x000000008c600000, 0x000000008c600000|100%| O|  |TAMS 0x000000008c600000, 0x000000008c600000| Untracked 
| 198|0x000000008c600000, 0x000000008c700000, 0x000000008c700000|100%| O|  |TAMS 0x000000008c700000, 0x000000008c700000| Untracked 
| 199|0x000000008c700000, 0x000000008c800000, 0x000000008c800000|100%| O|  |TAMS 0x000000008c800000, 0x000000008c800000| Untracked 
| 200|0x000000008c800000, 0x000000008c900000, 0x000000008c900000|100%| O|  |TAMS 0x000000008c900000, 0x000000008c900000| Untracked 
| 201|0x000000008c900000, 0x000000008ca00000, 0x000000008ca00000|100%| O|  |TAMS 0x000000008ca00000, 0x000000008ca00000| Untracked 
| 202|0x000000008ca00000, 0x000000008ca00000, 0x000000008cb00000|  0%| F|  |TAMS 0x000000008ca00000, 0x000000008ca00000| Untracked 
| 203|0x000000008cb00000, 0x000000008cc00000, 0x000000008cc00000|100%| O|  |TAMS 0x000000008cba4200, 0x000000008cc00000| Untracked 
| 204|0x000000008cc00000, 0x000000008cd00000, 0x000000008cd00000|100%| O|  |TAMS 0x000000008cc00000, 0x000000008cc24200| Untracked 
| 205|0x000000008cd00000, 0x000000008cd00000, 0x000000008ce00000|  0%| F|  |TAMS 0x000000008cd00000, 0x000000008cd00000| Untracked 
| 206|0x000000008ce00000, 0x000000008ce00000, 0x000000008cf00000|  0%| F|  |TAMS 0x000000008ce00000, 0x000000008ce00000| Untracked 
| 207|0x000000008cf00000, 0x000000008cf00000, 0x000000008d000000|  0%| F|  |TAMS 0x000000008cf00000, 0x000000008cf00000| Untracked 
| 208|0x000000008d000000, 0x000000008d000000, 0x000000008d100000|  0%| F|  |TAMS 0x000000008d000000, 0x000000008d000000| Untracked 
| 209|0x000000008d100000, 0x000000008d100000, 0x000000008d200000|  0%| F|  |TAMS 0x000000008d100000, 0x000000008d100000| Untracked 
| 210|0x000000008d200000, 0x000000008d200000, 0x000000008d300000|  0%| F|  |TAMS 0x000000008d200000, 0x000000008d200000| Untracked 
| 211|0x000000008d300000, 0x000000008d300000, 0x000000008d400000|  0%| F|  |TAMS 0x000000008d300000, 0x000000008d300000| Untracked 
| 212|0x000000008d400000, 0x000000008d400000, 0x000000008d500000|  0%| F|  |TAMS 0x000000008d400000, 0x000000008d400000| Untracked 
| 213|0x000000008d500000, 0x000000008d500000, 0x000000008d600000|  0%| F|  |TAMS 0x000000008d500000, 0x000000008d500000| Untracked 
| 214|0x000000008d600000, 0x000000008d600000, 0x000000008d700000|  0%| F|  |TAMS 0x000000008d600000, 0x000000008d600000| Untracked 
| 215|0x000000008d700000, 0x000000008d700000, 0x000000008d800000|  0%| F|  |TAMS 0x000000008d700000, 0x000000008d700000| Untracked 
| 216|0x000000008d800000, 0x000000008d800000, 0x000000008d900000|  0%| F|  |TAMS 0x000000008d800000, 0x000000008d800000| Untracked 
| 217|0x000000008d900000, 0x000000008d900000, 0x000000008da00000|  0%| F|  |TAMS 0x000000008d900000, 0x000000008d900000| Untracked 
| 218|0x000000008da00000, 0x000000008da00000, 0x000000008db00000|  0%| F|  |TAMS 0x000000008da00000, 0x000000008da00000| Untracked 
| 219|0x000000008db00000, 0x000000008db00000, 0x000000008dc00000|  0%| F|  |TAMS 0x000000008db00000, 0x000000008db00000| Untracked 
| 220|0x000000008dc00000, 0x000000008dc00000, 0x000000008dd00000|  0%| F|  |TAMS 0x000000008dc00000, 0x000000008dc00000| Untracked 
| 221|0x000000008dd00000, 0x000000008dd00000, 0x000000008de00000|  0%| F|  |TAMS 0x000000008dd00000, 0x000000008dd00000| Untracked 
| 222|0x000000008de00000, 0x000000008de00000, 0x000000008df00000|  0%| F|  |TAMS 0x000000008de00000, 0x000000008de00000| Untracked 
| 223|0x000000008df00000, 0x000000008df00000, 0x000000008e000000|  0%| F|  |TAMS 0x000000008df00000, 0x000000008df00000| Untracked 
| 224|0x000000008e000000, 0x000000008e000000, 0x000000008e100000|  0%| F|  |TAMS 0x000000008e000000, 0x000000008e000000| Untracked 
| 225|0x000000008e100000, 0x000000008e100000, 0x000000008e200000|  0%| F|  |TAMS 0x000000008e100000, 0x000000008e100000| Untracked 
| 226|0x000000008e200000, 0x000000008e200000, 0x000000008e300000|  0%| F|  |TAMS 0x000000008e200000, 0x000000008e200000| Untracked 
| 227|0x000000008e300000, 0x000000008e300000, 0x000000008e400000|  0%| F|  |TAMS 0x000000008e300000, 0x000000008e300000| Untracked 
| 228|0x000000008e400000, 0x000000008e400000, 0x000000008e500000|  0%| F|  |TAMS 0x000000008e400000, 0x000000008e400000| Untracked 
| 229|0x000000008e500000, 0x000000008e500000, 0x000000008e600000|  0%| F|  |TAMS 0x000000008e500000, 0x000000008e500000| Untracked 
| 230|0x000000008e600000, 0x000000008e600000, 0x000000008e700000|  0%| F|  |TAMS 0x000000008e600000, 0x000000008e600000| Untracked 
| 231|0x000000008e700000, 0x000000008e700000, 0x000000008e800000|  0%| F|  |TAMS 0x000000008e700000, 0x000000008e700000| Untracked 
| 232|0x000000008e800000, 0x000000008e800000, 0x000000008e900000|  0%| F|  |TAMS 0x000000008e800000, 0x000000008e800000| Untracked 
| 233|0x000000008e900000, 0x000000008e900000, 0x000000008ea00000|  0%| F|  |TAMS 0x000000008e900000, 0x000000008e900000| Untracked 
| 234|0x000000008ea00000, 0x000000008ea00000, 0x000000008eb00000|  0%| F|  |TAMS 0x000000008ea00000, 0x000000008ea00000| Untracked 
| 235|0x000000008eb00000, 0x000000008eb00000, 0x000000008ec00000|  0%| F|  |TAMS 0x000000008eb00000, 0x000000008eb00000| Untracked 
| 236|0x000000008ec00000, 0x000000008ec00000, 0x000000008ed00000|  0%| F|  |TAMS 0x000000008ec00000, 0x000000008ec00000| Untracked 
| 237|0x000000008ed00000, 0x000000008ed00000, 0x000000008ee00000|  0%| F|  |TAMS 0x000000008ed00000, 0x000000008ed00000| Untracked 
| 238|0x000000008ee00000, 0x000000008ee00000, 0x000000008ef00000|  0%| F|  |TAMS 0x000000008ee00000, 0x000000008ee00000| Untracked 
| 239|0x000000008ef00000, 0x000000008ef00000, 0x000000008f000000|  0%| F|  |TAMS 0x000000008ef00000, 0x000000008ef00000| Untracked 
| 240|0x000000008f000000, 0x000000008f000000, 0x000000008f100000|  0%| F|  |TAMS 0x000000008f000000, 0x000000008f000000| Untracked 
| 241|0x000000008f100000, 0x000000008f100000, 0x000000008f200000|  0%| F|  |TAMS 0x000000008f100000, 0x000000008f100000| Untracked 
| 242|0x000000008f200000, 0x000000008f200000, 0x000000008f300000|  0%| F|  |TAMS 0x000000008f200000, 0x000000008f200000| Untracked 
| 243|0x000000008f300000, 0x000000008f300000, 0x000000008f400000|  0%| F|  |TAMS 0x000000008f300000, 0x000000008f300000| Untracked 
| 244|0x000000008f400000, 0x000000008f500000, 0x000000008f500000|100%| O|  |TAMS 0x000000008f500000, 0x000000008f500000| Untracked 
| 245|0x000000008f500000, 0x000000008f500000, 0x000000008f600000|  0%| F|  |TAMS 0x000000008f500000, 0x000000008f500000| Untracked 
| 246|0x000000008f600000, 0x000000008f600000, 0x000000008f700000|  0%| F|  |TAMS 0x000000008f600000, 0x000000008f600000| Untracked 
| 247|0x000000008f700000, 0x000000008f700000, 0x000000008f800000|  0%| F|  |TAMS 0x000000008f700000, 0x000000008f700000| Untracked 
| 248|0x000000008f800000, 0x000000008f800000, 0x000000008f900000|  0%| F|  |TAMS 0x000000008f800000, 0x000000008f800000| Untracked 
| 249|0x000000008f900000, 0x000000008f900000, 0x000000008fa00000|  0%| F|  |TAMS 0x000000008f900000, 0x000000008f900000| Untracked 
| 250|0x000000008fa00000, 0x000000008fa00000, 0x000000008fb00000|  0%| F|  |TAMS 0x000000008fa00000, 0x000000008fa00000| Untracked 
| 251|0x000000008fb00000, 0x000000008fb00000, 0x000000008fc00000|  0%| F|  |TAMS 0x000000008fb00000, 0x000000008fb00000| Untracked 
| 252|0x000000008fc00000, 0x000000008fc00000, 0x000000008fd00000|  0%| F|  |TAMS 0x000000008fc00000, 0x000000008fc00000| Untracked 
| 253|0x000000008fd00000, 0x000000008fd00000, 0x000000008fe00000|  0%| F|  |TAMS 0x000000008fd00000, 0x000000008fd00000| Untracked 
| 254|0x000000008fe00000, 0x000000008ff00000, 0x000000008ff00000|100%| S|CS|TAMS 0x000000008fe00000, 0x000000008fe00000| Complete 
| 255|0x000000008ff00000, 0x0000000090000000, 0x0000000090000000|100%| S|CS|TAMS 0x000000008ff00000, 0x000000008ff00000| Complete 
| 256|0x0000000090000000, 0x0000000090100000, 0x0000000090100000|100%| S|CS|TAMS 0x0000000090000000, 0x0000000090000000| Complete 
| 257|0x0000000090100000, 0x0000000090200000, 0x0000000090200000|100%| O|  |TAMS 0x0000000090200000, 0x0000000090200000| Untracked 
| 258|0x0000000090200000, 0x0000000090300000, 0x0000000090300000|100%| O|  |TAMS 0x0000000090300000, 0x0000000090300000| Untracked 
| 259|0x0000000090300000, 0x0000000090400000, 0x0000000090400000|100%| O|  |TAMS 0x0000000090400000, 0x0000000090400000| Untracked 
| 260|0x0000000090400000, 0x0000000090500000, 0x0000000090500000|100%| O|  |TAMS 0x0000000090500000, 0x0000000090500000| Untracked 
| 261|0x0000000090500000, 0x0000000090600000, 0x0000000090600000|100%| O|  |TAMS 0x0000000090600000, 0x0000000090600000| Untracked 
| 262|0x0000000090600000, 0x0000000090700000, 0x0000000090700000|100%| O|  |TAMS 0x0000000090700000, 0x0000000090700000| Untracked 
| 263|0x0000000090700000, 0x0000000090800000, 0x0000000090800000|100%| O|  |TAMS 0x0000000090800000, 0x0000000090800000| Untracked 
| 264|0x0000000090800000, 0x0000000090900000, 0x0000000090900000|100%| O|  |TAMS 0x0000000090900000, 0x0000000090900000| Untracked 
| 265|0x0000000090900000, 0x0000000090a00000, 0x0000000090a00000|100%| O|  |TAMS 0x0000000090a00000, 0x0000000090a00000| Untracked 
| 266|0x0000000090a00000, 0x0000000090b00000, 0x0000000090b00000|100%| O|  |TAMS 0x0000000090b00000, 0x0000000090b00000| Untracked 
| 267|0x0000000090b00000, 0x0000000090c00000, 0x0000000090c00000|100%| S|CS|TAMS 0x0000000090b00000, 0x0000000090b00000| Complete 
| 268|0x0000000090c00000, 0x0000000090d00000, 0x0000000090d00000|100%| S|CS|TAMS 0x0000000090c00000, 0x0000000090c00000| Complete 
| 269|0x0000000090d00000, 0x0000000090e00000, 0x0000000090e00000|100%| S|CS|TAMS 0x0000000090d00000, 0x0000000090d00000| Complete 
| 270|0x0000000090e00000, 0x0000000090f00000, 0x0000000090f00000|100%| S|CS|TAMS 0x0000000090e00000, 0x0000000090e00000| Complete 
| 271|0x0000000090f00000, 0x0000000091000000, 0x0000000091000000|100%| S|CS|TAMS 0x0000000090f00000, 0x0000000090f00000| Complete 
| 272|0x0000000091000000, 0x0000000091100000, 0x0000000091100000|100%| S|CS|TAMS 0x0000000091000000, 0x0000000091000000| Complete 
| 273|0x0000000091100000, 0x0000000091200000, 0x0000000091200000|100%| S|CS|TAMS 0x0000000091100000, 0x0000000091100000| Complete 
| 274|0x0000000091200000, 0x0000000091300000, 0x0000000091300000|100%| O|  |TAMS 0x0000000091300000, 0x0000000091300000| Untracked 
| 275|0x0000000091300000, 0x0000000091400000, 0x0000000091400000|100%| S|CS|TAMS 0x0000000091300000, 0x0000000091300000| Complete 
| 276|0x0000000091400000, 0x0000000091500000, 0x0000000091500000|100%| S|CS|TAMS 0x0000000091400000, 0x0000000091400000| Complete 
| 277|0x0000000091500000, 0x0000000091600000, 0x0000000091600000|100%| S|CS|TAMS 0x0000000091500000, 0x0000000091500000| Complete 
| 278|0x0000000091600000, 0x0000000091700000, 0x0000000091700000|100%| S|CS|TAMS 0x0000000091600000, 0x0000000091600000| Complete 
| 279|0x0000000091700000, 0x0000000091800000, 0x0000000091800000|100%| S|CS|TAMS 0x0000000091700000, 0x0000000091700000| Complete 
| 280|0x0000000091800000, 0x0000000091900000, 0x0000000091900000|100%| S|CS|TAMS 0x0000000091800000, 0x0000000091800000| Complete 
| 281|0x0000000091900000, 0x0000000091a00000, 0x0000000091a00000|100%| S|CS|TAMS 0x0000000091900000, 0x0000000091900000| Complete 
| 282|0x0000000091a00000, 0x0000000091b00000, 0x0000000091b00000|100%| S|CS|TAMS 0x0000000091a00000, 0x0000000091a00000| Complete 
| 283|0x0000000091b00000, 0x0000000091c00000, 0x0000000091c00000|100%| S|CS|TAMS 0x0000000091b00000, 0x0000000091b00000| Complete 
| 284|0x0000000091c00000, 0x0000000091d00000, 0x0000000091d00000|100%| S|CS|TAMS 0x0000000091c00000, 0x0000000091c00000| Complete 
| 285|0x0000000091d00000, 0x0000000091e00000, 0x0000000091e00000|100%| S|CS|TAMS 0x0000000091d00000, 0x0000000091d00000| Complete 
| 286|0x0000000091e00000, 0x0000000091f00000, 0x0000000091f00000|100%| S|CS|TAMS 0x0000000091e00000, 0x0000000091e00000| Complete 
| 287|0x0000000091f00000, 0x0000000092000000, 0x0000000092000000|100%| S|CS|TAMS 0x0000000091f00000, 0x0000000091f00000| Complete 
| 288|0x0000000092000000, 0x0000000092100000, 0x0000000092100000|100%| S|CS|TAMS 0x0000000092000000, 0x0000000092000000| Complete 
| 289|0x0000000092100000, 0x0000000092100000, 0x0000000092200000|  0%| F|  |TAMS 0x0000000092100000, 0x0000000092100000| Untracked 
| 290|0x0000000092200000, 0x0000000092200000, 0x0000000092300000|  0%| F|  |TAMS 0x0000000092200000, 0x0000000092200000| Untracked 
| 291|0x0000000092300000, 0x0000000092300000, 0x0000000092400000|  0%| F|  |TAMS 0x0000000092300000, 0x0000000092300000| Untracked 
| 292|0x0000000092400000, 0x0000000092400000, 0x0000000092500000|  0%| F|  |TAMS 0x0000000092400000, 0x0000000092400000| Untracked 
| 293|0x0000000092500000, 0x0000000092500000, 0x0000000092600000|  0%| F|  |TAMS 0x0000000092500000, 0x0000000092500000| Untracked 
| 294|0x0000000092600000, 0x0000000092600000, 0x0000000092700000|  0%| F|  |TAMS 0x0000000092600000, 0x0000000092600000| Untracked 
| 295|0x0000000092700000, 0x0000000092700000, 0x0000000092800000|  0%| F|  |TAMS 0x0000000092700000, 0x0000000092700000| Untracked 
| 296|0x0000000092800000, 0x0000000092800000, 0x0000000092900000|  0%| F|  |TAMS 0x0000000092800000, 0x0000000092800000| Untracked 
| 297|0x0000000092900000, 0x0000000092900000, 0x0000000092a00000|  0%| F|  |TAMS 0x0000000092900000, 0x0000000092900000| Untracked 
| 298|0x0000000092a00000, 0x0000000092a00000, 0x0000000092b00000|  0%| F|  |TAMS 0x0000000092a00000, 0x0000000092a00000| Untracked 
| 299|0x0000000092b00000, 0x0000000092b00000, 0x0000000092c00000|  0%| F|  |TAMS 0x0000000092b00000, 0x0000000092b00000| Untracked 
| 300|0x0000000092c00000, 0x0000000092c00000, 0x0000000092d00000|  0%| F|  |TAMS 0x0000000092c00000, 0x0000000092c00000| Untracked 
| 301|0x0000000092d00000, 0x0000000092d00000, 0x0000000092e00000|  0%| F|  |TAMS 0x0000000092d00000, 0x0000000092d00000| Untracked 
| 302|0x0000000092e00000, 0x0000000092e00000, 0x0000000092f00000|  0%| F|  |TAMS 0x0000000092e00000, 0x0000000092e00000| Untracked 
| 303|0x0000000092f00000, 0x0000000092f00000, 0x0000000093000000|  0%| F|  |TAMS 0x0000000092f00000, 0x0000000092f00000| Untracked 
| 304|0x0000000093000000, 0x0000000093000000, 0x0000000093100000|  0%| F|  |TAMS 0x0000000093000000, 0x0000000093000000| Untracked 
| 305|0x0000000093100000, 0x0000000093100000, 0x0000000093200000|  0%| F|  |TAMS 0x0000000093100000, 0x0000000093100000| Untracked 
| 306|0x0000000093200000, 0x0000000093200000, 0x0000000093300000|  0%| F|  |TAMS 0x0000000093200000, 0x0000000093200000| Untracked 
| 307|0x0000000093300000, 0x0000000093300000, 0x0000000093400000|  0%| F|  |TAMS 0x0000000093300000, 0x0000000093300000| Untracked 
| 308|0x0000000093400000, 0x0000000093400000, 0x0000000093500000|  0%| F|  |TAMS 0x0000000093400000, 0x0000000093400000| Untracked 
| 309|0x0000000093500000, 0x0000000093500000, 0x0000000093600000|  0%| F|  |TAMS 0x0000000093500000, 0x0000000093500000| Untracked 
| 310|0x0000000093600000, 0x0000000093600000, 0x0000000093700000|  0%| F|  |TAMS 0x0000000093600000, 0x0000000093600000| Untracked 
| 311|0x0000000093700000, 0x0000000093700000, 0x0000000093800000|  0%| F|  |TAMS 0x0000000093700000, 0x0000000093700000| Untracked 
| 312|0x0000000093800000, 0x0000000093800000, 0x0000000093900000|  0%| F|  |TAMS 0x0000000093800000, 0x0000000093800000| Untracked 
| 313|0x0000000093900000, 0x0000000093900000, 0x0000000093a00000|  0%| F|  |TAMS 0x0000000093900000, 0x0000000093900000| Untracked 
| 314|0x0000000093a00000, 0x0000000093a00000, 0x0000000093b00000|  0%| F|  |TAMS 0x0000000093a00000, 0x0000000093a00000| Untracked 
| 315|0x0000000093b00000, 0x0000000093b00000, 0x0000000093c00000|  0%| F|  |TAMS 0x0000000093b00000, 0x0000000093b00000| Untracked 
| 316|0x0000000093c00000, 0x0000000093c00000, 0x0000000093d00000|  0%| F|  |TAMS 0x0000000093c00000, 0x0000000093c00000| Untracked 
| 317|0x0000000093d00000, 0x0000000093d00000, 0x0000000093e00000|  0%| F|  |TAMS 0x0000000093d00000, 0x0000000093d00000| Untracked 
| 318|0x0000000093e00000, 0x0000000093e00000, 0x0000000093f00000|  0%| F|  |TAMS 0x0000000093e00000, 0x0000000093e00000| Untracked 
| 319|0x0000000093f00000, 0x0000000093f00000, 0x0000000094000000|  0%| F|  |TAMS 0x0000000093f00000, 0x0000000093f00000| Untracked 
| 320|0x0000000094000000, 0x0000000094000000, 0x0000000094100000|  0%| F|  |TAMS 0x0000000094000000, 0x0000000094000000| Untracked 
| 321|0x0000000094100000, 0x0000000094100000, 0x0000000094200000|  0%| F|  |TAMS 0x0000000094100000, 0x0000000094100000| Untracked 
| 322|0x0000000094200000, 0x0000000094200000, 0x0000000094300000|  0%| F|  |TAMS 0x0000000094200000, 0x0000000094200000| Untracked 
| 323|0x0000000094300000, 0x0000000094300000, 0x0000000094400000|  0%| F|  |TAMS 0x0000000094300000, 0x0000000094300000| Untracked 
| 324|0x0000000094400000, 0x0000000094400000, 0x0000000094500000|  0%| F|  |TAMS 0x0000000094400000, 0x0000000094400000| Untracked 
| 325|0x0000000094500000, 0x0000000094500000, 0x0000000094600000|  0%| F|  |TAMS 0x0000000094500000, 0x0000000094500000| Untracked 
| 326|0x0000000094600000, 0x0000000094600000, 0x0000000094700000|  0%| F|  |TAMS 0x0000000094600000, 0x0000000094600000| Untracked 
| 327|0x0000000094700000, 0x0000000094700000, 0x0000000094800000|  0%| F|  |TAMS 0x0000000094700000, 0x0000000094700000| Untracked 
| 328|0x0000000094800000, 0x0000000094800000, 0x0000000094900000|  0%| F|  |TAMS 0x0000000094800000, 0x0000000094800000| Untracked 
| 329|0x0000000094900000, 0x0000000094900000, 0x0000000094a00000|  0%| F|  |TAMS 0x0000000094900000, 0x0000000094900000| Untracked 
| 330|0x0000000094a00000, 0x0000000094a00000, 0x0000000094b00000|  0%| F|  |TAMS 0x0000000094a00000, 0x0000000094a00000| Untracked 
| 331|0x0000000094b00000, 0x0000000094b00000, 0x0000000094c00000|  0%| F|  |TAMS 0x0000000094b00000, 0x0000000094b00000| Untracked 
| 332|0x0000000094c00000, 0x0000000094c00000, 0x0000000094d00000|  0%| F|  |TAMS 0x0000000094c00000, 0x0000000094c00000| Untracked 
| 333|0x0000000094d00000, 0x0000000094d00000, 0x0000000094e00000|  0%| F|  |TAMS 0x0000000094d00000, 0x0000000094d00000| Untracked 
| 334|0x0000000094e00000, 0x0000000094e00000, 0x0000000094f00000|  0%| F|  |TAMS 0x0000000094e00000, 0x0000000094e00000| Untracked 
| 335|0x0000000094f00000, 0x0000000094f00000, 0x0000000095000000|  0%| F|  |TAMS 0x0000000094f00000, 0x0000000094f00000| Untracked 
| 336|0x0000000095000000, 0x0000000095000000, 0x0000000095100000|  0%| F|  |TAMS 0x0000000095000000, 0x0000000095000000| Untracked 
| 337|0x0000000095100000, 0x0000000095100000, 0x0000000095200000|  0%| F|  |TAMS 0x0000000095100000, 0x0000000095100000| Untracked 
| 338|0x0000000095200000, 0x0000000095200000, 0x0000000095300000|  0%| F|  |TAMS 0x0000000095200000, 0x0000000095200000| Untracked 
| 339|0x0000000095300000, 0x0000000095300000, 0x0000000095400000|  0%| F|  |TAMS 0x0000000095300000, 0x0000000095300000| Untracked 
| 340|0x0000000095400000, 0x0000000095400000, 0x0000000095500000|  0%| F|  |TAMS 0x0000000095400000, 0x0000000095400000| Untracked 
| 341|0x0000000095500000, 0x0000000095500000, 0x0000000095600000|  0%| F|  |TAMS 0x0000000095500000, 0x0000000095500000| Untracked 
| 342|0x0000000095600000, 0x0000000095600000, 0x0000000095700000|  0%| F|  |TAMS 0x0000000095600000, 0x0000000095600000| Untracked 
| 343|0x0000000095700000, 0x0000000095700000, 0x0000000095800000|  0%| F|  |TAMS 0x0000000095700000, 0x0000000095700000| Untracked 
| 344|0x0000000095800000, 0x0000000095800000, 0x0000000095900000|  0%| F|  |TAMS 0x0000000095800000, 0x0000000095800000| Untracked 
| 345|0x0000000095900000, 0x0000000095900000, 0x0000000095a00000|  0%| F|  |TAMS 0x0000000095900000, 0x0000000095900000| Untracked 
| 346|0x0000000095a00000, 0x0000000095a00000, 0x0000000095b00000|  0%| F|  |TAMS 0x0000000095a00000, 0x0000000095a00000| Untracked 
| 347|0x0000000095b00000, 0x0000000095b00000, 0x0000000095c00000|  0%| F|  |TAMS 0x0000000095b00000, 0x0000000095b00000| Untracked 
| 348|0x0000000095c00000, 0x0000000095c00000, 0x0000000095d00000|  0%| F|  |TAMS 0x0000000095c00000, 0x0000000095c00000| Untracked 
| 349|0x0000000095d00000, 0x0000000095d00000, 0x0000000095e00000|  0%| F|  |TAMS 0x0000000095d00000, 0x0000000095d00000| Untracked 
| 350|0x0000000095e00000, 0x0000000095e00000, 0x0000000095f00000|  0%| F|  |TAMS 0x0000000095e00000, 0x0000000095e00000| Untracked 
| 351|0x0000000095f00000, 0x0000000095f00000, 0x0000000096000000|  0%| F|  |TAMS 0x0000000095f00000, 0x0000000095f00000| Untracked 
| 352|0x0000000096000000, 0x0000000096000000, 0x0000000096100000|  0%| F|  |TAMS 0x0000000096000000, 0x0000000096000000| Untracked 
| 353|0x0000000096100000, 0x0000000096100000, 0x0000000096200000|  0%| F|  |TAMS 0x0000000096100000, 0x0000000096100000| Untracked 
| 354|0x0000000096200000, 0x0000000096200000, 0x0000000096300000|  0%| F|  |TAMS 0x0000000096200000, 0x0000000096200000| Untracked 
| 355|0x0000000096300000, 0x0000000096300000, 0x0000000096400000|  0%| F|  |TAMS 0x0000000096300000, 0x0000000096300000| Untracked 
| 356|0x0000000096400000, 0x0000000096400000, 0x0000000096500000|  0%| F|  |TAMS 0x0000000096400000, 0x0000000096400000| Untracked 
| 357|0x0000000096500000, 0x0000000096500000, 0x0000000096600000|  0%| F|  |TAMS 0x0000000096500000, 0x0000000096500000| Untracked 
| 358|0x0000000096600000, 0x0000000096600000, 0x0000000096700000|  0%| F|  |TAMS 0x0000000096600000, 0x0000000096600000| Untracked 
| 359|0x0000000096700000, 0x0000000096700000, 0x0000000096800000|  0%| F|  |TAMS 0x0000000096700000, 0x0000000096700000| Untracked 
| 360|0x0000000096800000, 0x0000000096800000, 0x0000000096900000|  0%| F|  |TAMS 0x0000000096800000, 0x0000000096800000| Untracked 
| 361|0x0000000096900000, 0x0000000096900000, 0x0000000096a00000|  0%| F|  |TAMS 0x0000000096900000, 0x0000000096900000| Untracked 
| 362|0x0000000096a00000, 0x0000000096a00000, 0x0000000096b00000|  0%| F|  |TAMS 0x0000000096a00000, 0x0000000096a00000| Untracked 
| 363|0x0000000096b00000, 0x0000000096b00000, 0x0000000096c00000|  0%| F|  |TAMS 0x0000000096b00000, 0x0000000096b00000| Untracked 
| 364|0x0000000096c00000, 0x0000000096c00000, 0x0000000096d00000|  0%| F|  |TAMS 0x0000000096c00000, 0x0000000096c00000| Untracked 
| 365|0x0000000096d00000, 0x0000000096d00000, 0x0000000096e00000|  0%| F|  |TAMS 0x0000000096d00000, 0x0000000096d00000| Untracked 
| 366|0x0000000096e00000, 0x0000000096e00000, 0x0000000096f00000|  0%| F|  |TAMS 0x0000000096e00000, 0x0000000096e00000| Untracked 
| 367|0x0000000096f00000, 0x0000000096f00000, 0x0000000097000000|  0%| F|  |TAMS 0x0000000096f00000, 0x0000000096f00000| Untracked 
| 368|0x0000000097000000, 0x0000000097000000, 0x0000000097100000|  0%| F|  |TAMS 0x0000000097000000, 0x0000000097000000| Untracked 
| 369|0x0000000097100000, 0x0000000097100000, 0x0000000097200000|  0%| F|  |TAMS 0x0000000097100000, 0x0000000097100000| Untracked 
| 370|0x0000000097200000, 0x0000000097200000, 0x0000000097300000|  0%| F|  |TAMS 0x0000000097200000, 0x0000000097200000| Untracked 
| 371|0x0000000097300000, 0x0000000097300000, 0x0000000097400000|  0%| F|  |TAMS 0x0000000097300000, 0x0000000097300000| Untracked 
| 372|0x0000000097400000, 0x0000000097400000, 0x0000000097500000|  0%| F|  |TAMS 0x0000000097400000, 0x0000000097400000| Untracked 
| 373|0x0000000097500000, 0x0000000097500000, 0x0000000097600000|  0%| F|  |TAMS 0x0000000097500000, 0x0000000097500000| Untracked 
| 374|0x0000000097600000, 0x0000000097600000, 0x0000000097700000|  0%| F|  |TAMS 0x0000000097600000, 0x0000000097600000| Untracked 
| 375|0x0000000097700000, 0x0000000097700000, 0x0000000097800000|  0%| F|  |TAMS 0x0000000097700000, 0x0000000097700000| Untracked 
| 376|0x0000000097800000, 0x0000000097800000, 0x0000000097900000|  0%| F|  |TAMS 0x0000000097800000, 0x0000000097800000| Untracked 
| 377|0x0000000097900000, 0x0000000097900000, 0x0000000097a00000|  0%| F|  |TAMS 0x0000000097900000, 0x0000000097900000| Untracked 
| 378|0x0000000097a00000, 0x0000000097a00000, 0x0000000097b00000|  0%| F|  |TAMS 0x0000000097a00000, 0x0000000097a00000| Untracked 
| 379|0x0000000097b00000, 0x0000000097b00000, 0x0000000097c00000|  0%| F|  |TAMS 0x0000000097b00000, 0x0000000097b00000| Untracked 
| 380|0x0000000097c00000, 0x0000000097c00000, 0x0000000097d00000|  0%| F|  |TAMS 0x0000000097c00000, 0x0000000097c00000| Untracked 
| 381|0x0000000097d00000, 0x0000000097d00000, 0x0000000097e00000|  0%| F|  |TAMS 0x0000000097d00000, 0x0000000097d00000| Untracked 
| 382|0x0000000097e00000, 0x0000000097e00000, 0x0000000097f00000|  0%| F|  |TAMS 0x0000000097e00000, 0x0000000097e00000| Untracked 
| 383|0x0000000097f00000, 0x0000000097f00000, 0x0000000098000000|  0%| F|  |TAMS 0x0000000097f00000, 0x0000000097f00000| Untracked 
| 384|0x0000000098000000, 0x0000000098000000, 0x0000000098100000|  0%| F|  |TAMS 0x0000000098000000, 0x0000000098000000| Untracked 
| 385|0x0000000098100000, 0x0000000098100000, 0x0000000098200000|  0%| F|  |TAMS 0x0000000098100000, 0x0000000098100000| Untracked 
| 386|0x0000000098200000, 0x0000000098200000, 0x0000000098300000|  0%| F|  |TAMS 0x0000000098200000, 0x0000000098200000| Untracked 
| 387|0x0000000098300000, 0x0000000098300000, 0x0000000098400000|  0%| F|  |TAMS 0x0000000098300000, 0x0000000098300000| Untracked 
| 388|0x0000000098400000, 0x0000000098400000, 0x0000000098500000|  0%| F|  |TAMS 0x0000000098400000, 0x0000000098400000| Untracked 
| 389|0x0000000098500000, 0x0000000098500000, 0x0000000098600000|  0%| F|  |TAMS 0x0000000098500000, 0x0000000098500000| Untracked 
| 390|0x0000000098600000, 0x0000000098600000, 0x0000000098700000|  0%| F|  |TAMS 0x0000000098600000, 0x0000000098600000| Untracked 
| 391|0x0000000098700000, 0x0000000098700000, 0x0000000098800000|  0%| F|  |TAMS 0x0000000098700000, 0x0000000098700000| Untracked 
| 392|0x0000000098800000, 0x0000000098800000, 0x0000000098900000|  0%| F|  |TAMS 0x0000000098800000, 0x0000000098800000| Untracked 
| 393|0x0000000098900000, 0x0000000098900000, 0x0000000098a00000|  0%| F|  |TAMS 0x0000000098900000, 0x0000000098900000| Untracked 
| 394|0x0000000098a00000, 0x0000000098a00000, 0x0000000098b00000|  0%| F|  |TAMS 0x0000000098a00000, 0x0000000098a00000| Untracked 
| 395|0x0000000098b00000, 0x0000000098b00000, 0x0000000098c00000|  0%| F|  |TAMS 0x0000000098b00000, 0x0000000098b00000| Untracked 
| 396|0x0000000098c00000, 0x0000000098c00000, 0x0000000098d00000|  0%| F|  |TAMS 0x0000000098c00000, 0x0000000098c00000| Untracked 
| 397|0x0000000098d00000, 0x0000000098d00000, 0x0000000098e00000|  0%| F|  |TAMS 0x0000000098d00000, 0x0000000098d00000| Untracked 
| 398|0x0000000098e00000, 0x0000000098e00000, 0x0000000098f00000|  0%| F|  |TAMS 0x0000000098e00000, 0x0000000098e00000| Untracked 
| 399|0x0000000098f00000, 0x0000000098f00000, 0x0000000099000000|  0%| F|  |TAMS 0x0000000098f00000, 0x0000000098f00000| Untracked 
| 400|0x0000000099000000, 0x0000000099000000, 0x0000000099100000|  0%| F|  |TAMS 0x0000000099000000, 0x0000000099000000| Untracked 
| 401|0x0000000099100000, 0x0000000099100000, 0x0000000099200000|  0%| F|  |TAMS 0x0000000099100000, 0x0000000099100000| Untracked 
| 402|0x0000000099200000, 0x0000000099200000, 0x0000000099300000|  0%| F|  |TAMS 0x0000000099200000, 0x0000000099200000| Untracked 
| 403|0x0000000099300000, 0x0000000099300000, 0x0000000099400000|  0%| F|  |TAMS 0x0000000099300000, 0x0000000099300000| Untracked 
| 404|0x0000000099400000, 0x0000000099400000, 0x0000000099500000|  0%| F|  |TAMS 0x0000000099400000, 0x0000000099400000| Untracked 
| 405|0x0000000099500000, 0x0000000099500000, 0x0000000099600000|  0%| F|  |TAMS 0x0000000099500000, 0x0000000099500000| Untracked 
| 406|0x0000000099600000, 0x0000000099600000, 0x0000000099700000|  0%| F|  |TAMS 0x0000000099600000, 0x0000000099600000| Untracked 
| 407|0x0000000099700000, 0x0000000099700000, 0x0000000099800000|  0%| F|  |TAMS 0x0000000099700000, 0x0000000099700000| Untracked 
| 408|0x0000000099800000, 0x0000000099800000, 0x0000000099900000|  0%| F|  |TAMS 0x0000000099800000, 0x0000000099800000| Untracked 
| 409|0x0000000099900000, 0x0000000099900000, 0x0000000099a00000|  0%| F|  |TAMS 0x0000000099900000, 0x0000000099900000| Untracked 
| 410|0x0000000099a00000, 0x0000000099a00000, 0x0000000099b00000|  0%| F|  |TAMS 0x0000000099a00000, 0x0000000099a00000| Untracked 
| 411|0x0000000099b00000, 0x0000000099b00000, 0x0000000099c00000|  0%| F|  |TAMS 0x0000000099b00000, 0x0000000099b00000| Untracked 
| 412|0x0000000099c00000, 0x0000000099c00000, 0x0000000099d00000|  0%| F|  |TAMS 0x0000000099c00000, 0x0000000099c00000| Untracked 
| 413|0x0000000099d00000, 0x0000000099d00000, 0x0000000099e00000|  0%| F|  |TAMS 0x0000000099d00000, 0x0000000099d00000| Untracked 
| 414|0x0000000099e00000, 0x0000000099e00000, 0x0000000099f00000|  0%| F|  |TAMS 0x0000000099e00000, 0x0000000099e00000| Untracked 
| 415|0x0000000099f00000, 0x0000000099f00000, 0x000000009a000000|  0%| F|  |TAMS 0x0000000099f00000, 0x0000000099f00000| Untracked 
| 416|0x000000009a000000, 0x000000009a000000, 0x000000009a100000|  0%| F|  |TAMS 0x000000009a000000, 0x000000009a000000| Untracked 
| 417|0x000000009a100000, 0x000000009a100000, 0x000000009a200000|  0%| F|  |TAMS 0x000000009a100000, 0x000000009a100000| Untracked 
| 418|0x000000009a200000, 0x000000009a200000, 0x000000009a300000|  0%| F|  |TAMS 0x000000009a200000, 0x000000009a200000| Untracked 
| 419|0x000000009a300000, 0x000000009a300000, 0x000000009a400000|  0%| F|  |TAMS 0x000000009a300000, 0x000000009a300000| Untracked 
| 420|0x000000009a400000, 0x000000009a400000, 0x000000009a500000|  0%| F|  |TAMS 0x000000009a400000, 0x000000009a400000| Untracked 
| 421|0x000000009a500000, 0x000000009a500000, 0x000000009a600000|  0%| F|  |TAMS 0x000000009a500000, 0x000000009a500000| Untracked 
| 422|0x000000009a600000, 0x000000009a600000, 0x000000009a700000|  0%| F|  |TAMS 0x000000009a600000, 0x000000009a600000| Untracked 
| 423|0x000000009a700000, 0x000000009a700000, 0x000000009a800000|  0%| F|  |TAMS 0x000000009a700000, 0x000000009a700000| Untracked 
| 424|0x000000009a800000, 0x000000009a800000, 0x000000009a900000|  0%| F|  |TAMS 0x000000009a800000, 0x000000009a800000| Untracked 
| 425|0x000000009a900000, 0x000000009a900000, 0x000000009aa00000|  0%| F|  |TAMS 0x000000009a900000, 0x000000009a900000| Untracked 
| 426|0x000000009aa00000, 0x000000009aa00000, 0x000000009ab00000|  0%| F|  |TAMS 0x000000009aa00000, 0x000000009aa00000| Untracked 
| 427|0x000000009ab00000, 0x000000009ab00000, 0x000000009ac00000|  0%| F|  |TAMS 0x000000009ab00000, 0x000000009ab00000| Untracked 
| 428|0x000000009ac00000, 0x000000009ac00000, 0x000000009ad00000|  0%| F|  |TAMS 0x000000009ac00000, 0x000000009ac00000| Untracked 
| 429|0x000000009ad00000, 0x000000009ad00000, 0x000000009ae00000|  0%| F|  |TAMS 0x000000009ad00000, 0x000000009ad00000| Untracked 
| 430|0x000000009ae00000, 0x000000009ae00000, 0x000000009af00000|  0%| F|  |TAMS 0x000000009ae00000, 0x000000009ae00000| Untracked 
| 431|0x000000009af00000, 0x000000009af00000, 0x000000009b000000|  0%| F|  |TAMS 0x000000009af00000, 0x000000009af00000| Untracked 
| 432|0x000000009b000000, 0x000000009b000000, 0x000000009b100000|  0%| F|  |TAMS 0x000000009b000000, 0x000000009b000000| Untracked 
| 433|0x000000009b100000, 0x000000009b100000, 0x000000009b200000|  0%| F|  |TAMS 0x000000009b100000, 0x000000009b100000| Untracked 
| 434|0x000000009b200000, 0x000000009b200000, 0x000000009b300000|  0%| F|  |TAMS 0x000000009b200000, 0x000000009b200000| Untracked 
| 435|0x000000009b300000, 0x000000009b300000, 0x000000009b400000|  0%| F|  |TAMS 0x000000009b300000, 0x000000009b300000| Untracked 
| 436|0x000000009b400000, 0x000000009b400000, 0x000000009b500000|  0%| F|  |TAMS 0x000000009b400000, 0x000000009b400000| Untracked 
| 437|0x000000009b500000, 0x000000009b500000, 0x000000009b600000|  0%| F|  |TAMS 0x000000009b500000, 0x000000009b500000| Untracked 
| 438|0x000000009b600000, 0x000000009b600000, 0x000000009b700000|  0%| F|  |TAMS 0x000000009b600000, 0x000000009b600000| Untracked 
| 439|0x000000009b700000, 0x000000009b700000, 0x000000009b800000|  0%| F|  |TAMS 0x000000009b700000, 0x000000009b700000| Untracked 
| 440|0x000000009b800000, 0x000000009b800000, 0x000000009b900000|  0%| F|  |TAMS 0x000000009b800000, 0x000000009b800000| Untracked 
| 441|0x000000009b900000, 0x000000009b900000, 0x000000009ba00000|  0%| F|  |TAMS 0x000000009b900000, 0x000000009b900000| Untracked 
| 442|0x000000009ba00000, 0x000000009ba00000, 0x000000009bb00000|  0%| F|  |TAMS 0x000000009ba00000, 0x000000009ba00000| Untracked 
| 443|0x000000009bb00000, 0x000000009bb00000, 0x000000009bc00000|  0%| F|  |TAMS 0x000000009bb00000, 0x000000009bb00000| Untracked 
| 444|0x000000009bc00000, 0x000000009bc00000, 0x000000009bd00000|  0%| F|  |TAMS 0x000000009bc00000, 0x000000009bc00000| Untracked 
| 445|0x000000009bd00000, 0x000000009bd00000, 0x000000009be00000|  0%| F|  |TAMS 0x000000009bd00000, 0x000000009bd00000| Untracked 
| 446|0x000000009be00000, 0x000000009be00000, 0x000000009bf00000|  0%| F|  |TAMS 0x000000009be00000, 0x000000009be00000| Untracked 
| 447|0x000000009bf00000, 0x000000009bf00000, 0x000000009c000000|  0%| F|  |TAMS 0x000000009bf00000, 0x000000009bf00000| Untracked 
| 448|0x000000009c000000, 0x000000009c000000, 0x000000009c100000|  0%| F|  |TAMS 0x000000009c000000, 0x000000009c000000| Untracked 
| 449|0x000000009c100000, 0x000000009c100000, 0x000000009c200000|  0%| F|  |TAMS 0x000000009c100000, 0x000000009c100000| Untracked 
| 450|0x000000009c200000, 0x000000009c200000, 0x000000009c300000|  0%| F|  |TAMS 0x000000009c200000, 0x000000009c200000| Untracked 
| 451|0x000000009c300000, 0x000000009c300000, 0x000000009c400000|  0%| F|  |TAMS 0x000000009c300000, 0x000000009c300000| Untracked 
| 452|0x000000009c400000, 0x000000009c400000, 0x000000009c500000|  0%| F|  |TAMS 0x000000009c400000, 0x000000009c400000| Untracked 
| 453|0x000000009c500000, 0x000000009c500000, 0x000000009c600000|  0%| F|  |TAMS 0x000000009c500000, 0x000000009c500000| Untracked 
| 454|0x000000009c600000, 0x000000009c600000, 0x000000009c700000|  0%| F|  |TAMS 0x000000009c600000, 0x000000009c600000| Untracked 
| 455|0x000000009c700000, 0x000000009c700000, 0x000000009c800000|  0%| F|  |TAMS 0x000000009c700000, 0x000000009c700000| Untracked 
| 456|0x000000009c800000, 0x000000009c800000, 0x000000009c900000|  0%| F|  |TAMS 0x000000009c800000, 0x000000009c800000| Untracked 
| 457|0x000000009c900000, 0x000000009c900000, 0x000000009ca00000|  0%| F|  |TAMS 0x000000009c900000, 0x000000009c900000| Untracked 
| 458|0x000000009ca00000, 0x000000009ca00000, 0x000000009cb00000|  0%| F|  |TAMS 0x000000009ca00000, 0x000000009ca00000| Untracked 
| 459|0x000000009cb00000, 0x000000009cb00000, 0x000000009cc00000|  0%| F|  |TAMS 0x000000009cb00000, 0x000000009cb00000| Untracked 
| 460|0x000000009cc00000, 0x000000009cc00000, 0x000000009cd00000|  0%| F|  |TAMS 0x000000009cc00000, 0x000000009cc00000| Untracked 
| 461|0x000000009cd00000, 0x000000009cd00000, 0x000000009ce00000|  0%| F|  |TAMS 0x000000009cd00000, 0x000000009cd00000| Untracked 
| 462|0x000000009ce00000, 0x000000009ce00000, 0x000000009cf00000|  0%| F|  |TAMS 0x000000009ce00000, 0x000000009ce00000| Untracked 
| 463|0x000000009cf00000, 0x000000009cf00000, 0x000000009d000000|  0%| F|  |TAMS 0x000000009cf00000, 0x000000009cf00000| Untracked 
| 464|0x000000009d000000, 0x000000009d000000, 0x000000009d100000|  0%| F|  |TAMS 0x000000009d000000, 0x000000009d000000| Untracked 
| 465|0x000000009d100000, 0x000000009d100000, 0x000000009d200000|  0%| F|  |TAMS 0x000000009d100000, 0x000000009d100000| Untracked 
| 466|0x000000009d200000, 0x000000009d200000, 0x000000009d300000|  0%| F|  |TAMS 0x000000009d200000, 0x000000009d200000| Untracked 
| 467|0x000000009d300000, 0x000000009d300000, 0x000000009d400000|  0%| F|  |TAMS 0x000000009d300000, 0x000000009d300000| Untracked 
| 468|0x000000009d400000, 0x000000009d400000, 0x000000009d500000|  0%| F|  |TAMS 0x000000009d400000, 0x000000009d400000| Untracked 
| 469|0x000000009d500000, 0x000000009d500000, 0x000000009d600000|  0%| F|  |TAMS 0x000000009d500000, 0x000000009d500000| Untracked 
|2044|0x00000000ffc00000, 0x00000000ffc00000, 0x00000000ffd00000|  0%| F|  |TAMS 0x00000000ffc00000, 0x00000000ffc00000| Untracked 
|2045|0x00000000ffd00000, 0x00000000ffd00000, 0x00000000ffe00000|  0%| F|  |TAMS 0x00000000ffd00000, 0x00000000ffd00000| Untracked 
|2046|0x00000000ffe00000, 0x00000000ffe00000, 0x00000000fff00000|  0%| F|  |TAMS 0x00000000ffe00000, 0x00000000ffe00000| Untracked 
|2047|0x00000000fff00000, 0x00000000fff00000, 0x0000000100000000|  0%| F|  |TAMS 0x00000000fff00000, 0x00000000fff00000| Untracked 

Card table byte_map: [0x00000281f9110000,0x00000281f9510000] _byte_map_base: 0x00000281f8d10000

Marking Bits (Prev, Next): (CMBitMap*) 0x00000281f501e5e0, (CMBitMap*) 0x00000281f501e5a0
 Prev Bits: [0x00000281fb910000, 0x00000281fd910000)
 Next Bits: [0x00000281f9910000, 0x00000281fb910000)

Polling page: 0x00000281f2f20000

Metaspace:

Usage:
  Non-class:    120.53 MB used.
      Class:     18.99 MB used.
       Both:    139.52 MB used.

Virtual space:
  Non-class space:      128.00 MB reserved,     121.25 MB ( 95%) committed,  16 nodes.
      Class space:        1.00 GB reserved,      19.62 MB (  2%) committed,  1 nodes.
             Both:        1.12 GB reserved,     140.88 MB ( 12%) committed. 

Chunk freelists:
   Non-Class:  1.92 MB
       Class:  344.00 KB
        Both:  2.26 MB

MaxMetaspaceSize: unlimited
CompressedClassSpaceSize: 1.00 GB
Initial GC threshold: 21.00 MB
Current GC threshold: 233.75 MB
CDS: off
MetaspaceReclaimPolicy: balanced
 - commit_granule_bytes: 65536.
 - commit_granule_words: 8192.
 - virtual_space_node_default_size: 1048576.
 - enlarge_chunks_in_place: 1.
 - new_chunks_are_fully_committed: 0.
 - uncommit_free_chunks: 1.
 - use_allocation_guard: 0.
 - handle_deallocations: 1.


Internal statistics:

num_allocs_failed_limit: 59.
num_arena_births: 2608.
num_arena_deaths: 144.
num_vsnodes_births: 17.
num_vsnodes_deaths: 0.
num_space_committed: 2252.
num_space_uncommitted: 0.
num_chunks_returned_to_freelist: 276.
num_chunks_taken_from_freelist: 8678.
num_chunk_merges: 141.
num_chunk_splits: 5410.
num_chunks_enlarged: 3174.
num_purges: 6.
num_inconsistent_stats: 0.

CodeHeap 'non-profiled nmethods': size=119168Kb used=15887Kb max_used=15887Kb free=103280Kb
 bounds [0x0000028187ba0000, 0x0000028188b30000, 0x000002818f000000]
CodeHeap 'profiled nmethods': size=119104Kb used=46006Kb max_used=47274Kb free=73097Kb
 bounds [0x0000028180000000, 0x0000028182e30000, 0x0000028187450000]
CodeHeap 'non-nmethods': size=7488Kb used=3600Kb max_used=4216Kb free=3887Kb
 bounds [0x0000028187450000, 0x0000028187890000, 0x0000028187ba0000]
 total_blobs=24545 nmethods=23525 adapters=927
 compilation: enabled
              stopped_count=0, restarted_count=0
 full_count=0

Compilation events (20 events):
Event: 1173.654 Thread 0x00000281904b33a0 nmethod 30697 0x0000028188b1fe90 code [0x0000028188b20020, 0x0000028188b200e8]
Event: 1173.654 Thread 0x00000281904b33a0 30684       4       java.util.LinkedList::removeFirst (23 bytes)
Event: 1173.657 Thread 0x00000281904b33a0 nmethod 30684 0x0000028188b20210 code [0x0000028188b20380, 0x0000028188b20658]
Event: 1173.657 Thread 0x00000281904b33a0 30637       4       java.io.File::exists (34 bytes)
Event: 1173.660 Thread 0x00000281904b33a0 nmethod 30637 0x0000028188b20710 code [0x0000028188b208a0, 0x0000028188b20bc8]
Event: 1173.660 Thread 0x00000281904b33a0 30667       4       org.gradle.api.internal.artifacts.dependencies.DefaultMutableVersionConstraint::updateVersions (34 bytes)
Event: 1173.665 Thread 0x00000281904b33a0 nmethod 30667 0x0000028188b20e90 code [0x0000028188b21020, 0x0000028188b21458]
Event: 1173.665 Thread 0x00000281904b33a0 30655       4       org.gradle.internal.Describables$FixedDescribable::getDisplayName (41 bytes)
Event: 1173.668 Thread 0x00000281904b33a0 nmethod 30655 0x0000028188b21590 code [0x0000028188b21740, 0x0000028188b219d8]
Event: 1173.669 Thread 0x00000281904b33a0 30679       4       org.gradle.internal.component.external.model.DefaultModuleComponentArtifactMetadata::<init> (15 bytes)
Event: 1173.672 Thread 0x00000281904b33a0 nmethod 30679 0x0000028188b21b90 code [0x0000028188b21d20, 0x0000028188b22078]
Event: 1173.672 Thread 0x00000281904b33a0 30651       4       java.util.stream.Collectors$CollectorImpl::<init> (13 bytes)
Event: 1173.677 Thread 0x00000281904b33a0 nmethod 30651 0x0000028188b22210 code [0x0000028188b22380, 0x0000028188b22858]
Event: 1173.677 Thread 0x00000281904b33a0 30662       4       org.gradle.api.internal.artifacts.ivyservice.resolveengine.artifact.DefaultResolvedArtifactsBuilder::collectArtifacts (52 bytes)
Event: 1173.684 Thread 0x00000281904b33a0 nmethod 30662 0x0000028188b22910 code [0x0000028188b22aa0, 0x0000028188b23298]
Event: 1173.684 Thread 0x00000281904b33a0 30685       4       org.gradle.internal.Describables$FixedDescribable::hashCode (15 bytes)
Event: 1173.685 Thread 0x00000281904b33a0 nmethod 30685 0x0000028188b23590 code [0x0000028188b23700, 0x0000028188b237f8]
Event: 1173.685 Thread 0x00000281904b33a0 30658       4       org.gradle.internal.component.external.model.ImmutableCapability::defaultCapabilityForComponent (26 bytes)
Event: 1173.687 Thread 0x00000281904b33a0 nmethod 30658 0x0000028188b23910 code [0x0000028188b23aa0, 0x0000028188b23be8]
Event: 1173.687 Thread 0x00000281904b33a0 30617       4       org.gradle.api.internal.artifacts.ivyservice.resolveengine.graph.builder.ResolveState::getRevision (34 bytes)

GC Heap History (20 events):
Event: 357.896 GC heap after
{Heap after GC invocations=78 (full 0):
 garbage-first heap   total 485376K, used 215614K [0x0000000080000000, 0x0000000100000000)
  region size 1024K, 3 young (3072K), 3 survivors (3072K)
 Metaspace       used 140718K, committed 141952K, reserved 1171456K
  class space    used 19311K, committed 19904K, reserved 1048576K
}
Event: 362.473 GC heap before
{Heap before GC invocations=78 (full 0):
 garbage-first heap   total 485376K, used 384574K [0x0000000080000000, 0x0000000100000000)
  region size 1024K, 169 young (173056K), 3 survivors (3072K)
 Metaspace       used 141342K, committed 142720K, reserved 1171456K
  class space    used 19419K, committed 20096K, reserved 1048576K
}
Event: 362.486 GC heap after
{Heap after GC invocations=79 (full 0):
 garbage-first heap   total 485376K, used 227610K [0x0000000080000000, 0x0000000100000000)
  region size 1024K, 15 young (15360K), 15 survivors (15360K)
 Metaspace       used 141342K, committed 142720K, reserved 1171456K
  class space    used 19419K, committed 20096K, reserved 1048576K
}
Event: 530.651 GC heap before
{Heap before GC invocations=80 (full 0):
 garbage-first heap   total 485376K, used 449818K [0x0000000080000000, 0x0000000100000000)
  region size 1024K, 162 young (165888K), 15 survivors (15360K)
 Metaspace       used 141685K, committed 143104K, reserved 1179648K
  class space    used 19423K, committed 20096K, reserved 1048576K
}
Event: 530.671 GC heap after
{Heap after GC invocations=81 (full 0):
 garbage-first heap   total 485376K, used 222710K [0x0000000080000000, 0x0000000100000000)
  region size 1024K, 4 young (4096K), 4 survivors (4096K)
 Metaspace       used 141685K, committed 143104K, reserved 1179648K
  class space    used 19423K, committed 20096K, reserved 1048576K
}
Event: 530.826 GC heap before
{Heap before GC invocations=81 (full 0):
 garbage-first heap   total 485376K, used 241142K [0x0000000080000000, 0x0000000100000000)
  region size 1024K, 23 young (23552K), 4 survivors (4096K)
 Metaspace       used 141689K, committed 143104K, reserved 1179648K
  class space    used 19423K, committed 20096K, reserved 1048576K
}
Event: 530.832 GC heap after
{Heap after GC invocations=82 (full 0):
 garbage-first heap   total 485376K, used 213132K [0x0000000080000000, 0x0000000100000000)
  region size 1024K, 2 young (2048K), 2 survivors (2048K)
 Metaspace       used 141689K, committed 143104K, reserved 1179648K
  class space    used 19423K, committed 20096K, reserved 1048576K
}
Event: 532.362 GC heap before
{Heap before GC invocations=82 (full 0):
 garbage-first heap   total 485376K, used 388236K [0x0000000080000000, 0x0000000100000000)
  region size 1024K, 174 young (178176K), 2 survivors (2048K)
 Metaspace       used 141984K, committed 143424K, reserved 1179648K
  class space    used 19427K, committed 20096K, reserved 1048576K
}
Event: 532.385 GC heap after
{Heap after GC invocations=83 (full 0):
 garbage-first heap   total 485376K, used 227696K [0x0000000080000000, 0x0000000100000000)
  region size 1024K, 17 young (17408K), 17 survivors (17408K)
 Metaspace       used 141984K, committed 143424K, reserved 1179648K
  class space    used 19427K, committed 20096K, reserved 1048576K
}
Event: 538.092 GC heap before
{Heap before GC invocations=84 (full 0):
 garbage-first heap   total 485376K, used 379248K [0x0000000080000000, 0x0000000100000000)
  region size 1024K, 180 young (184320K), 17 survivors (17408K)
 Metaspace       used 142164K, committed 143552K, reserved 1179648K
  class space    used 19428K, committed 20096K, reserved 1048576K
}
Event: 538.125 GC heap after
{Heap after GC invocations=85 (full 0):
 garbage-first heap   total 485376K, used 217954K [0x0000000080000000, 0x0000000100000000)
  region size 1024K, 6 young (6144K), 6 survivors (6144K)
 Metaspace       used 142164K, committed 143552K, reserved 1179648K
  class space    used 19428K, committed 20096K, reserved 1048576K
}
Event: 538.194 GC heap before
{Heap before GC invocations=85 (full 0):
 garbage-first heap   total 485376K, used 235362K [0x0000000080000000, 0x0000000100000000)
  region size 1024K, 23 young (23552K), 6 survivors (6144K)
 Metaspace       used 142168K, committed 143552K, reserved 1179648K
  class space    used 19428K, committed 20096K, reserved 1048576K
}
Event: 538.209 GC heap after
{Heap after GC invocations=86 (full 0):
 garbage-first heap   total 485376K, used 189841K [0x0000000080000000, 0x0000000100000000)
  region size 1024K, 1 young (1024K), 1 survivors (1024K)
 Metaspace       used 142168K, committed 143552K, reserved 1179648K
  class space    used 19428K, committed 20096K, reserved 1048576K
}
Event: 538.556 GC heap before
{Heap before GC invocations=86 (full 0):
 garbage-first heap   total 485376K, used 231825K [0x0000000080000000, 0x0000000100000000)
  region size 1024K, 44 young (45056K), 1 survivors (1024K)
 Metaspace       used 142227K, committed 143616K, reserved 1179648K
  class space    used 19428K, committed 20096K, reserved 1048576K
}
Event: 538.560 GC heap after
{Heap after GC invocations=87 (full 0):
 garbage-first heap   total 485376K, used 190927K [0x0000000080000000, 0x0000000100000000)
  region size 1024K, 2 young (2048K), 2 survivors (2048K)
 Metaspace       used 142227K, committed 143616K, reserved 1179648K
  class space    used 19428K, committed 20096K, reserved 1048576K
}
Event: 1050.474 GC heap before
{Heap before GC invocations=88 (full 0):
 garbage-first heap   total 485376K, used 461263K [0x0000000080000000, 0x0000000100000000)
  region size 1024K, 191 young (195584K), 2 survivors (2048K)
 Metaspace       used 142655K, committed 144064K, reserved 1179648K
  class space    used 19441K, committed 20096K, reserved 1048576K
}
Event: 1050.502 GC heap after
{Heap after GC invocations=89 (full 0):
 garbage-first heap   total 485376K, used 207759K [0x0000000080000000, 0x0000000100000000)
  region size 1024K, 19 young (19456K), 19 survivors (19456K)
 Metaspace       used 142655K, committed 144064K, reserved 1179648K
  class space    used 19441K, committed 20096K, reserved 1048576K
}
Event: 1050.511 GC heap before
{Heap before GC invocations=89 (full 0):
 garbage-first heap   total 485376K, used 211855K [0x0000000080000000, 0x0000000100000000)
  region size 1024K, 23 young (23552K), 19 survivors (19456K)
 Metaspace       used 142657K, committed 144064K, reserved 1179648K
  class space    used 19441K, committed 20096K, reserved 1048576K
}
Event: 1050.550 GC heap after
{Heap after GC invocations=90 (full 0):
 garbage-first heap   total 485376K, used 205595K [0x0000000080000000, 0x0000000100000000)
  region size 1024K, 3 young (3072K), 3 survivors (3072K)
 Metaspace       used 142657K, committed 144064K, reserved 1179648K
  class space    used 19441K, committed 20096K, reserved 1048576K
}
Event: 1173.694 GC heap before
{Heap before GC invocations=90 (full 0):
 garbage-first heap   total 485376K, used 390939K [0x0000000080000000, 0x0000000100000000)
  region size 1024K, 185 young (189440K), 3 survivors (3072K)
 Metaspace       used 142870K, committed 144256K, reserved 1179648K
  class space    used 19443K, committed 20096K, reserved 1048576K
}

Dll operation events (2 events):
Event: 0.009 Loaded shared library D:\Android\Android Studio\jbr\bin\java.dll
Event: 0.528 Loaded shared library D:\Android\Android Studio\jbr\bin\verify.dll

Deoptimization events (20 events):
Event: 1049.500 Thread 0x000002819a316470 DEOPT PACKING pc=0x0000028181454e08 sp=0x0000008b99bf86f0
Event: 1049.500 Thread 0x000002819a316470 DEOPT UNPACKING pc=0x00000281874a7143 sp=0x0000008b99bf7bb0 mode 0
Event: 1049.510 Thread 0x000002819a316470 DEOPT PACKING pc=0x0000028181454e08 sp=0x0000008b99bf8640
Event: 1049.510 Thread 0x000002819a316470 DEOPT UNPACKING pc=0x00000281874a7143 sp=0x0000008b99bf7b00 mode 0
Event: 1049.511 Thread 0x000002819a316470 DEOPT PACKING pc=0x0000028181454e08 sp=0x0000008b99bf8640
Event: 1049.511 Thread 0x000002819a316470 DEOPT UNPACKING pc=0x00000281874a7143 sp=0x0000008b99bf7b00 mode 0
Event: 1049.543 Thread 0x000002819a316470 DEOPT PACKING pc=0x0000028182718098 sp=0x0000008b99bf9ef0
Event: 1049.543 Thread 0x000002819a316470 DEOPT UNPACKING pc=0x00000281874a7143 sp=0x0000008b99bf93a8 mode 0
Event: 1050.433 Thread 0x00000281a1d10a60 DEOPT PACKING pc=0x000002818227e470 sp=0x0000008ba83fc130
Event: 1050.433 Thread 0x00000281a1d10a60 DEOPT UNPACKING pc=0x00000281874a7143 sp=0x0000008ba83fb5d0 mode 0
Event: 1050.561 Thread 0x00000281a1d11400 DEOPT PACKING pc=0x0000028181723aa2 sp=0x0000008ba8bfcb80
Event: 1050.561 Thread 0x00000281a1d11400 DEOPT UNPACKING pc=0x00000281874a7143 sp=0x0000008ba8bfc0a0 mode 0
Event: 1172.614 Thread 0x000002819a788eb0 Uncommon trap: trap_request=0xffffff45 fr.pc=0x0000028188165a08 relative=0x00000000000015e8
Event: 1172.614 Thread 0x000002819a788eb0 Uncommon trap: reason=unstable_if action=reinterpret pc=0x0000028188165a08 method=com.google.common.collect.MapMakerInternalMap$Segment.put(Ljava/lang/Object;ILjava/lang/Object;Z)Ljava/lang/Object; @ 92 c2
Event: 1172.614 Thread 0x000002819a788eb0 DEOPT PACKING pc=0x0000028188165a08 sp=0x0000008b9a1f9390
Event: 1172.614 Thread 0x000002819a788eb0 DEOPT UNPACKING pc=0x00000281874a69a3 sp=0x0000008b9a1f9240 mode 2
Event: 1173.197 Thread 0x0000028199d32e40 DEOPT PACKING pc=0x0000028180dc6235 sp=0x0000008ba83fb830
Event: 1173.197 Thread 0x0000028199d32e40 DEOPT UNPACKING pc=0x00000281874a7143 sp=0x0000008ba83fadb8 mode 0
Event: 1173.596 Thread 0x0000028197aefaf0 DEOPT PACKING pc=0x000002818277d676 sp=0x0000008ba8df8aa0
Event: 1173.597 Thread 0x0000028197aefaf0 DEOPT UNPACKING pc=0x00000281874a7143 sp=0x0000008ba8df7f38 mode 0

Classes unloaded (20 events):
Event: 27.268 Thread 0x000002818f961690 Unloading class 0x0000000101018800 'java/lang/invoke/LambdaForm$DMH+0x0000000101018800'
Event: 27.268 Thread 0x000002818f961690 Unloading class 0x0000000100fc4c00 'java/lang/invoke/LambdaForm$DMH+0x0000000100fc4c00'
Event: 27.268 Thread 0x000002818f961690 Unloading class 0x0000000100fc5000 'java/lang/invoke/LambdaForm$DMH+0x0000000100fc5000'
Event: 27.268 Thread 0x000002818f961690 Unloading class 0x0000000100fc5800 'java/lang/invoke/LambdaForm$DMH+0x0000000100fc5800'
Event: 27.268 Thread 0x000002818f961690 Unloading class 0x0000000100fc5400 'java/lang/invoke/LambdaForm$DMH+0x0000000100fc5400'
Event: 27.268 Thread 0x000002818f961690 Unloading class 0x0000000100fc4400 'java/lang/invoke/LambdaForm$DMH+0x0000000100fc4400'
Event: 27.268 Thread 0x000002818f961690 Unloading class 0x0000000100fc4800 'java/lang/invoke/LambdaForm$DMH+0x0000000100fc4800'
Event: 27.268 Thread 0x000002818f961690 Unloading class 0x0000000100fb1000 'java/lang/invoke/LambdaForm$DMH+0x0000000100fb1000'
Event: 27.268 Thread 0x000002818f961690 Unloading class 0x0000000100fb1400 'java/lang/invoke/LambdaForm$DMH+0x0000000100fb1400'
Event: 27.268 Thread 0x000002818f961690 Unloading class 0x0000000100fb0c00 'java/lang/invoke/LambdaForm$DMH+0x0000000100fb0c00'
Event: 27.268 Thread 0x000002818f961690 Unloading class 0x0000000100fb0800 'java/lang/invoke/LambdaForm$DMH+0x0000000100fb0800'
Event: 27.268 Thread 0x000002818f961690 Unloading class 0x0000000100fb0400 'java/lang/invoke/LambdaForm$DMH+0x0000000100fb0400'
Event: 27.268 Thread 0x000002818f961690 Unloading class 0x0000000100f22c00 'jdk/internal/reflect/GeneratedSerializationConstructorAccessor159'
Event: 27.268 Thread 0x000002818f961690 Unloading class 0x0000000100f22800 'jdk/internal/reflect/GeneratedSerializationConstructorAccessor155'
Event: 27.268 Thread 0x000002818f961690 Unloading class 0x0000000100f22400 'jdk/internal/reflect/GeneratedSerializationConstructorAccessor157'
Event: 27.268 Thread 0x000002818f961690 Unloading class 0x0000000100f22000 'jdk/internal/reflect/GeneratedSerializationConstructorAccessor160'
Event: 27.268 Thread 0x000002818f961690 Unloading class 0x0000000100f21000 'jdk/internal/reflect/GeneratedSerializationConstructorAccessor162'
Event: 27.268 Thread 0x000002818f961690 Unloading class 0x0000000100f21400 'jdk/internal/reflect/GeneratedSerializationConstructorAccessor156'
Event: 27.268 Thread 0x000002818f961690 Unloading class 0x0000000100f21c00 'jdk/internal/reflect/GeneratedSerializationConstructorAccessor158'
Event: 152.982 Thread 0x000002818f961690 Unloading class 0x0000000101224400 'java/lang/invoke/LambdaForm$DMH+0x0000000101224400'

Classes redefined (0 events):
No events

Internal exceptions (20 events):
Event: 1049.489 Thread 0x000002819a316470 Exception <a 'sun/nio/fs/WindowsException'{0x0000000097fc3b18}> (0x0000000097fc3b18) 
thrown [s\src\hotspot\share\prims\jni.cpp, line 517]
Event: 1049.506 Thread 0x000002819a316470 Exception <a 'sun/nio/fs/WindowsException'{0x0000000097e66618}> (0x0000000097e66618) 
thrown [s\src\hotspot\share\prims\jni.cpp, line 517]
Event: 1049.506 Thread 0x000002819a316470 Exception <a 'sun/nio/fs/WindowsException'{0x0000000097e67c48}> (0x0000000097e67c48) 
thrown [s\src\hotspot\share\prims\jni.cpp, line 517]
Event: 1049.507 Thread 0x000002819a316470 Exception <a 'sun/nio/fs/WindowsException'{0x0000000097e692c8}> (0x0000000097e692c8) 
thrown [s\src\hotspot\share\prims\jni.cpp, line 517]
Event: 1049.507 Thread 0x000002819a316470 Exception <a 'sun/nio/fs/WindowsException'{0x0000000097e6abc8}> (0x0000000097e6abc8) 
thrown [s\src\hotspot\share\prims\jni.cpp, line 517]
Event: 1049.576 Thread 0x000002819a316470 Exception <a 'sun/nio/fs/WindowsException'{0x00000000979162f8}> (0x00000000979162f8) 
thrown [s\src\hotspot\share\prims\jni.cpp, line 517]
Event: 1049.598 Thread 0x00000281907f68d0 Exception <a 'sun/nio/fs/WindowsException'{0x00000000979b39f0}> (0x00000000979b39f0) 
thrown [s\src\hotspot\share\prims\jni.cpp, line 517]
Event: 1050.383 Thread 0x00000281a1d10a60 Exception <a 'sun/nio/fs/WindowsException'{0x00000000978bdd28}> (0x00000000978bdd28) 
thrown [s\src\hotspot\share\prims\jni.cpp, line 517]
Event: 1050.590 Thread 0x000002819a316470 Exception <a 'sun/nio/fs/WindowsException'{0x000000009cdf25c0}> (0x000000009cdf25c0) 
thrown [s\src\hotspot\share\prims\jni.cpp, line 517]
Event: 1050.590 Thread 0x000002819a316470 Exception <a 'sun/nio/fs/WindowsException'{0x000000009cdf2950}> (0x000000009cdf2950) 
thrown [s\src\hotspot\share\prims\jni.cpp, line 517]
Event: 1050.590 Thread 0x000002819a316470 Exception <a 'sun/nio/fs/WindowsException'{0x000000009cdf4790}> (0x000000009cdf4790) 
thrown [s\src\hotspot\share\prims\jni.cpp, line 517]
Event: 1050.594 Thread 0x000002819ae8e930 Exception <a 'sun/nio/fs/WindowsException'{0x000000009cc87738}> (0x000000009cc87738) 
thrown [s\src\hotspot\share\prims\jni.cpp, line 517]
Event: 1172.573 Thread 0x000002819a788eb0 Exception <a 'sun/nio/fs/WindowsException'{0x000000009974e300}> (0x000000009974e300) 
thrown [s\src\hotspot\share\prims\jni.cpp, line 517]
Event: 1172.708 Thread 0x000002819a788eb0 Exception <a 'sun/nio/fs/WindowsException'{0x00000000983bcdd0}> (0x00000000983bcdd0) 
thrown [s\src\hotspot\share\prims\jni.cpp, line 517]
Event: 1172.719 Thread 0x000002819a788eb0 Exception <a 'sun/nio/fs/WindowsException'{0x0000000098260010}> (0x0000000098260010) 
thrown [s\src\hotspot\share\prims\jni.cpp, line 517]
Event: 1172.719 Thread 0x000002819a788eb0 Exception <a 'sun/nio/fs/WindowsException'{0x0000000098261640}> (0x0000000098261640) 
thrown [s\src\hotspot\share\prims\jni.cpp, line 517]
Event: 1172.719 Thread 0x000002819a788eb0 Exception <a 'sun/nio/fs/WindowsException'{0x0000000098262cc0}> (0x0000000098262cc0) 
thrown [s\src\hotspot\share\prims\jni.cpp, line 517]
Event: 1172.719 Thread 0x000002819a788eb0 Exception <a 'sun/nio/fs/WindowsException'{0x0000000098264648}> (0x0000000098264648) 
thrown [s\src\hotspot\share\prims\jni.cpp, line 517]
Event: 1172.765 Thread 0x000002819a788eb0 Exception <a 'sun/nio/fs/WindowsException'{0x0000000097d0f680}> (0x0000000097d0f680) 
thrown [s\src\hotspot\share\prims\jni.cpp, line 517]
Event: 1172.782 Thread 0x0000028199d32e40 Exception <a 'sun/nio/fs/WindowsException'{0x0000000097dc7910}> (0x0000000097dc7910) 
thrown [s\src\hotspot\share\prims\jni.cpp, line 517]

VM Operations (20 events):
Event: 1049.766 Executing VM operation: HandshakeAllThreads done
Event: 1050.126 Executing VM operation: HandshakeAllThreads
Event: 1050.127 Executing VM operation: HandshakeAllThreads done
Event: 1050.140 Executing VM operation: ICBufferFull
Event: 1050.141 Executing VM operation: ICBufferFull done
Event: 1050.474 Executing VM operation: G1CollectForAllocation
Event: 1050.502 Executing VM operation: G1CollectForAllocation done
Event: 1050.510 Executing VM operation: G1CollectForAllocation
Event: 1050.550 Executing VM operation: G1CollectForAllocation done
Event: 1051.550 Executing VM operation: Cleanup
Event: 1051.602 Executing VM operation: Cleanup done
Event: 1082.618 Executing VM operation: Cleanup
Event: 1082.618 Executing VM operation: Cleanup done
Event: 1098.626 Executing VM operation: Cleanup
Event: 1098.626 Executing VM operation: Cleanup done
Event: 1112.634 Executing VM operation: Cleanup
Event: 1112.634 Executing VM operation: Cleanup done
Event: 1172.699 Executing VM operation: Cleanup
Event: 1172.699 Executing VM operation: Cleanup done
Event: 1173.694 Executing VM operation: G1CollectForAllocation

Events (20 events):
Event: 1172.771 Thread 0x0000028199d31b00 Thread added: 0x0000028199d31b00
Event: 1172.771 Thread 0x0000028199d31fd0 Thread added: 0x0000028199d31fd0
Event: 1172.771 Thread 0x0000028199d307c0 Thread added: 0x0000028199d307c0
Event: 1172.772 Thread 0x0000028199d30c90 Thread added: 0x0000028199d30c90
Event: 1172.772 Thread 0x0000028199d2fe20 Thread added: 0x0000028199d2fe20
Event: 1172.772 Thread 0x0000028199d32e40 Thread added: 0x0000028199d32e40
Event: 1172.772 Thread 0x0000028199d31160 Thread added: 0x0000028199d31160
Event: 1172.772 Thread 0x0000028199d31630 Thread added: 0x0000028199d31630
Event: 1172.772 Thread 0x0000028199d2f950 Thread added: 0x0000028199d2f950
Event: 1172.772 Thread 0x0000028199d302f0 Thread added: 0x0000028199d302f0
Event: 1172.772 Thread 0x0000028197af2170 Thread added: 0x0000028197af2170
Event: 1172.772 Thread 0x0000028197af1300 Thread added: 0x0000028197af1300
Event: 1172.772 Thread 0x00000281999f08e0 Thread added: 0x00000281999f08e0
Event: 1172.772 Thread 0x0000028197aefaf0 Thread added: 0x0000028197aefaf0
Event: 1172.772 Thread 0x000002819ae8dac0 Thread added: 0x000002819ae8dac0
Event: 1172.773 Thread 0x000002819ae8e930 Thread added: 0x000002819ae8e930
Event: 1173.218 Thread 0x00000281963f92a0 Thread added: 0x00000281963f92a0
Event: 1173.218 Thread 0x00000281963f6750 Thread added: 0x00000281963f6750
Event: 1173.218 Thread 0x00000281963f70f0 Thread added: 0x00000281963f70f0
Event: 1173.218 Thread 0x00000281987bc050 Thread added: 0x00000281987bc050


Dynamic libraries:
0x00007ff6381b0000 - 0x00007ff6381ba000 	D:\Android\Android Studio\jbr\bin\java.exe
0x00007ffa51450000 - 0x00007ffa51667000 	C:\WINDOWS\SYSTEM32\ntdll.dll
0x00007ffa4f760000 - 0x00007ffa4f824000 	C:\WINDOWS\System32\KERNEL32.DLL
0x00007ffa4ea70000 - 0x00007ffa4ee17000 	C:\WINDOWS\System32\KERNELBASE.dll
0x00007ffa4f030000 - 0x00007ffa4f141000 	C:\WINDOWS\System32\ucrtbase.dll
0x00007ffa1dc00000 - 0x00007ffa1dc1b000 	D:\Android\Android Studio\jbr\bin\VCRUNTIME140.dll
0x00007ffa31bc0000 - 0x00007ffa31bd7000 	D:\Android\Android Studio\jbr\bin\jli.dll
0x00007ffa50010000 - 0x00007ffa501be000 	C:\WINDOWS\System32\USER32.dll
0x00007ffa4e9d0000 - 0x00007ffa4e9f6000 	C:\WINDOWS\System32\win32u.dll
0x00007ffa3d2f0000 - 0x00007ffa3d583000 	C:\WINDOWS\WinSxS\amd64_microsoft.windows.common-controls_6595b64144ccf1df_6.0.22621.3527_none_270e469b73872a76\COMCTL32.dll
0x00007ffa4ffe0000 - 0x00007ffa50009000 	C:\WINDOWS\System32\GDI32.dll
0x00007ffa4f480000 - 0x00007ffa4f527000 	C:\WINDOWS\System32\msvcrt.dll
0x00007ffa4e770000 - 0x00007ffa4e889000 	C:\WINDOWS\System32\gdi32full.dll
0x00007ffa4ee20000 - 0x00007ffa4eeba000 	C:\WINDOWS\System32\msvcp_win.dll
0x00007ffa4f720000 - 0x00007ffa4f751000 	C:\WINDOWS\System32\IMM32.DLL
0x00007ffa2e330000 - 0x00007ffa2e33c000 	D:\Android\Android Studio\jbr\bin\vcruntime140_1.dll
0x00007ff9fdd60000 - 0x00007ff9fdded000 	D:\Android\Android Studio\jbr\bin\msvcp140.dll
0x00007ff9a7e40000 - 0x00007ff9a8aae000 	D:\Android\Android Studio\jbr\bin\server\jvm.dll
0x00007ffa50e40000 - 0x00007ffa50ef2000 	C:\WINDOWS\System32\ADVAPI32.dll
0x00007ffa4fb60000 - 0x00007ffa4fc08000 	C:\WINDOWS\System32\sechost.dll
0x00007ffa4f150000 - 0x00007ffa4f178000 	C:\WINDOWS\System32\bcrypt.dll
0x00007ffa4f970000 - 0x00007ffa4fa85000 	C:\WINDOWS\System32\RPCRT4.dll
0x00007ffa49d20000 - 0x00007ffa49d29000 	C:\WINDOWS\SYSTEM32\WSOCK32.dll
0x00007ffa47be0000 - 0x00007ffa47c14000 	C:\WINDOWS\SYSTEM32\WINMM.dll
0x00007ffa47320000 - 0x00007ffa4732a000 	C:\WINDOWS\SYSTEM32\VERSION.dll
0x00007ffa4ff60000 - 0x00007ffa4ffd1000 	C:\WINDOWS\System32\WS2_32.dll
0x00007ffa4d790000 - 0x00007ffa4d7a8000 	C:\WINDOWS\SYSTEM32\kernel.appcore.dll
0x00007ffa49cb0000 - 0x00007ffa49cba000 	D:\Android\Android Studio\jbr\bin\jimage.dll
0x00007ffa464b0000 - 0x00007ffa466e2000 	C:\WINDOWS\SYSTEM32\DBGHELP.DLL
0x00007ffa50250000 - 0x00007ffa505d8000 	C:\WINDOWS\System32\combase.dll
0x00007ffa4f890000 - 0x00007ffa4f967000 	C:\WINDOWS\System32\OLEAUT32.dll
0x00007ffa3af90000 - 0x00007ffa3afc2000 	C:\WINDOWS\SYSTEM32\dbgcore.DLL
0x00007ffa4e890000 - 0x00007ffa4e909000 	C:\WINDOWS\System32\bcryptPrimitives.dll
0x00007ffa18c70000 - 0x00007ffa18c95000 	D:\Android\Android Studio\jbr\bin\java.dll
0x00007ffa3af70000 - 0x00007ffa3af88000 	D:\Android\Android Studio\jbr\bin\zip.dll
0x00007ffa505e0000 - 0x00007ffa50e3c000 	C:\WINDOWS\System32\SHELL32.dll
0x00007ffa4c6b0000 - 0x00007ffa4cfa6000 	C:\WINDOWS\SYSTEM32\windows.storage.dll
0x00007ffa4c570000 - 0x00007ffa4c6ae000 	C:\WINDOWS\SYSTEM32\wintypes.dll
0x00007ffa4f180000 - 0x00007ffa4f275000 	C:\WINDOWS\System32\SHCORE.dll
0x00007ffa4fb00000 - 0x00007ffa4fb5e000 	C:\WINDOWS\System32\shlwapi.dll
0x00007ffa4e6a0000 - 0x00007ffa4e6c1000 	C:\WINDOWS\SYSTEM32\profapi.dll
0x00007ffa3adf0000 - 0x00007ffa3ae09000 	D:\Android\Android Studio\jbr\bin\net.dll
0x00007ffa48f20000 - 0x00007ffa49056000 	C:\WINDOWS\SYSTEM32\WINHTTP.dll
0x00007ffa4dc00000 - 0x00007ffa4dc69000 	C:\WINDOWS\system32\mswsock.dll
0x00007ffa379a0000 - 0x00007ffa379b6000 	D:\Android\Android Studio\jbr\bin\nio.dll
0x00007ffa491c0000 - 0x00007ffa491d0000 	D:\Android\Android Studio\jbr\bin\verify.dll
0x00007ffa16070000 - 0x00007ffa16097000 	C:\Users\liubov\.gradle\native\68d5fa5c4cc2d200863cafc0d521ce42e7d3e7ee720ec0a83991735586a16f82\windows-amd64\native-platform.dll
0x00007ffa04520000 - 0x00007ffa04664000 	C:\Users\liubov\.gradle\native\e376f236ea51e6404a007f0833ffe2c6e607c4080706a723a18a27aeea778392\windows-amd64\native-platform-file-events.dll
0x00007ffa3e2d0000 - 0x00007ffa3e2d9000 	D:\Android\Android Studio\jbr\bin\management.dll
0x00007ffa3d9b0000 - 0x00007ffa3d9bb000 	D:\Android\Android Studio\jbr\bin\management_ext.dll
0x00007ffa50f80000 - 0x00007ffa50f88000 	C:\WINDOWS\System32\PSAPI.DLL
0x00007ffa4de60000 - 0x00007ffa4de7b000 	C:\WINDOWS\SYSTEM32\CRYPTSP.dll
0x00007ffa4d6f0000 - 0x00007ffa4d725000 	C:\WINDOWS\system32\rsaenh.dll
0x00007ffa4dd00000 - 0x00007ffa4dd28000 	C:\WINDOWS\SYSTEM32\USERENV.dll
0x00007ffa4de80000 - 0x00007ffa4de8c000 	C:\WINDOWS\SYSTEM32\CRYPTBASE.dll
0x00007ffa4d210000 - 0x00007ffa4d23d000 	C:\WINDOWS\SYSTEM32\IPHLPAPI.DLL
0x00007ffa4fd90000 - 0x00007ffa4fd99000 	C:\WINDOWS\System32\NSI.dll
0x00007ffa489a0000 - 0x00007ffa489b9000 	C:\WINDOWS\SYSTEM32\dhcpcsvc6.DLL
0x00007ffa48590000 - 0x00007ffa485af000 	C:\WINDOWS\SYSTEM32\dhcpcsvc.DLL
0x00007ffa4d240000 - 0x00007ffa4d338000 	C:\WINDOWS\SYSTEM32\DNSAPI.dll
0x00007ffa381d0000 - 0x00007ffa381d8000 	C:\WINDOWS\system32\wshunix.dll
0x00007ffa49c80000 - 0x00007ffa49c97000 	C:\WINDOWS\system32\napinsp.dll
0x00007ffa49b70000 - 0x00007ffa49b8b000 	C:\WINDOWS\system32\pnrpnsp.dll
0x00007ffa47c30000 - 0x00007ffa47c41000 	C:\WINDOWS\System32\winrnr.dll
0x00007ffa2f830000 - 0x00007ffa2f845000 	C:\WINDOWS\system32\wshbth.dll
0x00007ffa3d970000 - 0x00007ffa3d997000 	C:\WINDOWS\system32\nlansp_c.dll
0x00007ffa47740000 - 0x00007ffa4774a000 	C:\Windows\System32\rasadhlp.dll
0x00007ffa47880000 - 0x00007ffa47903000 	C:\WINDOWS\System32\fwpuclnt.dll
0x00007ffa31df0000 - 0x00007ffa31df7000 	D:\Android\Android Studio\jbr\bin\rmi.dll

dbghelp: loaded successfully - version: 4.0.5 - missing functions: none
symbol engine: initialized successfully - sym options: 0x614 - pdb path: .;D:\Android\Android Studio\jbr\bin;C:\WINDOWS\SYSTEM32;C:\WINDOWS\WinSxS\amd64_microsoft.windows.common-controls_6595b64144ccf1df_6.0.22621.3527_none_270e469b73872a76;D:\Android\Android Studio\jbr\bin\server;C:\Users\liubov\.gradle\native\68d5fa5c4cc2d200863cafc0d521ce42e7d3e7ee720ec0a83991735586a16f82\windows-amd64;C:\Users\liubov\.gradle\native\e376f236ea51e6404a007f0833ffe2c6e607c4080706a723a18a27aeea778392\windows-amd64

VM Arguments:
jvm_args: --add-opens=java.base/java.util=ALL-UNNAMED --add-opens=java.base/java.lang=ALL-UNNAMED --add-opens=java.base/java.lang.invoke=ALL-UNNAMED --add-opens=java.prefs/java.util.prefs=ALL-UNNAMED --add-opens=java.base/java.nio.charset=ALL-UNNAMED --add-opens=java.base/java.net=ALL-UNNAMED --add-opens=java.base/java.util.concurrent.atomic=ALL-UNNAMED -Xmx2048m -Dfile.encoding=UTF-8 -Duser.country=UA -Duser.language=uk -Duser.variant 
java_command: org.gradle.launcher.daemon.bootstrap.GradleDaemon 8.0
java_class_path (initial): C:\Users\liubov\.gradle\wrapper\dists\gradle-8.0-bin\ca5e32bp14vu59qr306oxotwh\gradle-8.0\lib\gradle-launcher-8.0.jar
Launcher Type: SUN_STANDARD

[Global flags]
     intx CICompilerCount                          = 12                                        {product} {ergonomic}
     uint ConcGCThreads                            = 3                                         {product} {ergonomic}
     uint G1ConcRefinementThreads                  = 13                                        {product} {ergonomic}
   size_t G1HeapRegionSize                         = 1048576                                   {product} {ergonomic}
    uintx GCDrainStackTargetSize                   = 64                                        {product} {ergonomic}
   size_t InitialHeapSize                          = 255852544                                 {product} {ergonomic}
   size_t MarkStackSize                            = 4194304                                   {product} {ergonomic}
   size_t MaxHeapSize                              = 2147483648                                {product} {command line}
   size_t MaxNewSize                               = 1287651328                                {product} {ergonomic}
   size_t MinHeapDeltaBytes                        = 1048576                                   {product} {ergonomic}
   size_t MinHeapSize                              = 8388608                                   {product} {ergonomic}
    uintx NonNMethodCodeHeapSize                   = 7602480                                {pd product} {ergonomic}
    uintx NonProfiledCodeHeapSize                  = 122027880                              {pd product} {ergonomic}
    uintx ProfiledCodeHeapSize                     = 122027880                              {pd product} {ergonomic}
    uintx ReservedCodeCacheSize                    = 251658240                              {pd product} {ergonomic}
     bool SegmentedCodeCache                       = true                                      {product} {ergonomic}
   size_t SoftMaxHeapSize                          = 2147483648                             {manageable} {ergonomic}
     bool UseCompressedClassPointers               = true                           {product lp64_product} {ergonomic}
     bool UseCompressedOops                        = true                           {product lp64_product} {ergonomic}
     bool UseG1GC                                  = true                                      {product} {ergonomic}
     bool UseLargePagesIndividualAllocation        = false                                  {pd product} {ergonomic}

Logging:
Log output configuration:
 #0: stdout all=warning uptime,level,tags
 #1: stderr all=off uptime,level,tags

Environment Variables:
PATH=D:\VMware\bin\;C:\Program Files\NVIDIA GPU Computing Toolkit\CUDA\v12.4\bin;C:\Program Files\NVIDIA GPU Computing Toolkit\CUDA\v12.4\libnvvp;C:\Program Files\Common Files\Oracle\Java\javapath;C:\WINDOWS\system32;C:\WINDOWS;C:\WINDOWS\System32\Wbem;C:\WINDOWS\System32\WindowsPowerShell\v1.0\;C:\WINDOWS\System32\OpenSSH\;C:\Program Files (x86)\NVIDIA Corporation\PhysX\Common;C:\Program Files\NVIDIA Corporation\NVIDIA NvDLISR;C:\Program Files\Git\cmd;C:\Program Files (x86)\Windows Kits\10\Windows Performance Toolkit\;D:\nodejs\;D:\opencv\opencv\build\x64\vc16\bin\;C:\Program Files\Amazon\AWSCLIV2\;C:\Program Files\NVIDIA Corporation\Nsight Compute 2024.1.0\;C:\Program Files\NVIDIA GPU Computing Toolkit\CUDA\v12.4\bin\\..\extras\CUPTI\lib64;C:\Program Files\Microsoft SDKs\Azure\CLI2\wbin;C:\Program Files\NVIDIA GPU Computing Toolkit\CUDA\v12.4\bin;C:\Program Files\NVIDIA GPU Computing Toolkit\CUDA\v12.4\libnvvp;C:\Program Files\Common Files\Oracle\Java\javapath;C:\WINDOWS\system32;C:\WINDOWS;C:\WINDOWS\System32\Wbem;C:\WINDOWS\System32\WindowsPowerShell\v1.0\;C:\WINDOWS\System32\OpenSSH\;C:\Program Files (x86)\NVIDIA Corporation\PhysX\Common;C:\Program Files\NVIDIA Corporation\NVIDIA NvDLISR;C:\Program Files\Git\cmd;C:\Program Files (x86)\Windows Kits\10\Windows Performance Toolkit\;D:\nodejs\;D:\opencv\opencv\build\x64\vc16\bin\;C:\Program Files\Amazon\AWSCLIV2\;C:\Program Files\NVIDIA Corporation\Nsight Compute 2024.1.0\;C:\Program Files\NVIDIA GPU Computing Toolkit\CUDA\v12.4\bin\\..\extras\CUPTI\lib64;C:\Program Files\NVIDIA GPU Computing Toolkit\CUDA\v12.4\bin;C:\Program Files\NVIDIA GPU Computing Toolkit\CUDA\v12.4\libnvvp;C:\Program Files\Common Files\Orac;D:\Microsoft\Microsoft VS Code\bin
USERNAME=liubov
OS=Windows_NT
PROCESSOR_IDENTIFIER=AMD64 Family 25 Model 68 Stepping 1, AuthenticAMD
TMP=C:\Users\liubov\AppData\Local\Temp
TEMP=C:\Users\liubov\AppData\Local\Temp


JNI global refs:
JNI global refs: 37, weak refs: 1

JNI global refs memory usage: 843, weak refs: 841


---------------  S Y S T E M  ---------------

OS:
 Windows 11 , 64 bit Build 22621 (10.0.22621.3527)
OS uptime: 3 days 13:20 hours

CPU: total 16 (initial active 16) (16 cores per cpu, 2 threads per core) family 25 model 68 stepping 1 microcode 0x0, cx8, cmov, fxsr, ht, mmx, 3dnowpref, sse, sse2, sse3, ssse3, sse4a, sse4.1, sse4.2, popcnt, lzcnt, tsc, tscinvbit, avx, avx2, aes, erms, clmul, bmi1, bmi2, adx, sha, fma, vzeroupper, clflush, clflushopt

Memory: 4k page, system-wide physical 15557M (381M free)
TotalPageFile size 32097M (AvailPageFile size 564M)
current process WorkingSet (physical memory assigned to process): 622M, peak: 848M
current process commit charge ("private bytes"): 928M, peak: 1558M

vm_info: OpenJDK 64-Bit Server VM (17.0.6+0-b2043.56-10027231) for windows-amd64 JRE (17.0.6+0-b2043.56-10027231), built on Apr 28 2023 00:43:19 by "androidbuild" with MS VC++ 16.10 / 16.11 (VS2019)

END.
