#
# There is insufficient memory for the Java Runtime Environment to continue.
# Native memory allocation (mmap) failed to map 602931200 bytes for G1 virtual space
# Possible reasons:
#   The system is out of physical RAM or swap space
#   The process is running with CompressedOops enabled, and the Java Heap may be blocking the growth of the native heap
# Possible solutions:
#   Reduce memory load on the system
#   Increase physical memory or swap space
#   Check if swap backing store is full
#   Decrease Java heap size (-Xmx/-Xms)
#   Decrease number of Java threads
#   Decrease Java thread stack sizes (-Xss)
#   Set larger code cache with -XX:ReservedCodeCacheSize=
#   JVM is running with Unscaled Compressed Oops mode in which the Java heap is
#     placed in the first 4GB address space. The Java Heap base address is the
#     maximum limit for the native heap growth. Please use -XX:HeapBaseMinAddress
#     to set the Java Heap base and to place the Java Heap above 4GB virtual address.
# This output file may be truncated or incomplete.
#
#  Out of Memory Error (os_windows.cpp:3769), pid=43748, tid=126504
#
# JRE version: OpenJDK Runtime Environment (17.0.6) (build 17.0.6+0-b2043.56-10027231)
# Java VM: OpenJDK 64-Bit Server VM (17.0.6+0-b2043.56-10027231, mixed mode, tiered, compressed oops, compressed class ptrs, g1 gc, windows-amd64)
# No core dump will be written. Minidumps are not enabled by default on client versions of Windows
#

---------------  S U M M A R Y ------------

Command Line: --add-opens=java.base/java.util=ALL-UNNAMED --add-opens=java.base/java.lang=ALL-UNNAMED --add-opens=java.base/java.lang.invoke=ALL-UNNAMED --add-opens=java.prefs/java.util.prefs=ALL-UNNAMED --add-opens=java.base/java.nio.charset=ALL-UNNAMED --add-opens=java.base/java.net=ALL-UNNAMED --add-opens=java.base/java.util.concurrent.atomic=ALL-UNNAMED -Xmx2048m -Dfile.encoding=UTF-8 -Duser.country=UA -Duser.language=uk -Duser.variant org.gradle.launcher.daemon.bootstrap.GradleDaemon 8.0

Host: AMD Ryzen 7 6800H with Radeon Graphics         , 16 cores, 15G,  Windows 11 , 64 bit Build 22621 (10.0.22621.3527)
Time: Tue Jun 11 18:23:53 2024  Windows 11 , 64 bit Build 22621 (10.0.22621.3527) elapsed time: 4932.713477 seconds (0d 1h 22m 12s)

---------------  T H R E A D  ---------------

Current thread (0x000001a462b61bd0):  VMThread "VM Thread" [stack: 0x0000007929300000,0x0000007929400000] [id=126504]

Stack: [0x0000007929300000,0x0000007929400000]
Native frames: (J=compiled Java code, j=interpreted, Vv=VM code, C=native code)
V  [jvm.dll+0x683c9a]
V  [jvm.dll+0x8427a4]
V  [jvm.dll+0x843f9e]
V  [jvm.dll+0x844603]
V  [jvm.dll+0x249b75]
V  [jvm.dll+0x680b69]
V  [jvm.dll+0x67505a]
V  [jvm.dll+0x309acb]
V  [jvm.dll+0x310f86]
V  [jvm.dll+0x3608ee]
V  [jvm.dll+0x360b1f]
V  [jvm.dll+0x2dfbf8]
V  [jvm.dll+0x2ddec4]
V  [jvm.dll+0x2dd4cc]
V  [jvm.dll+0x321f3b]
V  [jvm.dll+0x848ccb]
V  [jvm.dll+0x849a04]
V  [jvm.dll+0x849f1d]
V  [jvm.dll+0x84a2f4]
V  [jvm.dll+0x84a3c0]
V  [jvm.dll+0x7f274a]
V  [jvm.dll+0x682ad5]
C  [ucrtbase.dll+0x29333]
C  [KERNEL32.DLL+0x1257d]
C  [ntdll.dll+0x5aa48]

VM_Operation (0x000000793b7fc210): G1CollectForAllocation, mode: safepoint, requested by thread 0x000001a471267000


---------------  P R O C E S S  ---------------

Threads class SMR info:
_java_thread_list=0x000001a463ea4420, length=281, elements={
0x000001a4481a37a0, 0x000001a46345f470, 0x000001a463461a90, 0x000001a4634a04f0,
0x000001a4634a10a0, 0x000001a4634a1c50, 0x000001a4634a4db0, 0x000001a4634a62e0,
0x000001a4634a7cc0, 0x000001a4634b6680, 0x000001a46363f360, 0x000001a463642060,
0x000001a4660e9cc0, 0x000001a465fe8120, 0x000001a465fd28b0, 0x000001a4660ad700,
0x000001a4660ac890, 0x000001a4660ac3c0, 0x000001a4660adbd0, 0x000001a4660ae0a0,
0x000001a4660acd60, 0x000001a46842d720, 0x000001a46842abd0, 0x000001a468430c10,
0x000001a468429890, 0x000001a468430270, 0x000001a4684293c0, 0x000001a468430740,
0x000001a46818d080, 0x000001a46818c210, 0x000001a46818b870, 0x000001a46818d550,
0x000001a46818da20, 0x000001a46818c6e0, 0x000001a46818a060, 0x000001a46818aa00,
0x000001a46818b3a0, 0x000001a46818bd40, 0x000001a468717e70, 0x000001a468716b30,
0x000001a4687174d0, 0x000001a46b562a30, 0x000001a46b55cec0, 0x000001a46b561bc0,
0x000001a4714b43e0, 0x000001a47141f720, 0x000001a46443e9b0, 0x000001a472ef5550,
0x000001a475f895f0, 0x000001a475f88780, 0x000001a475f88c50, 0x000001a475f89f90,
0x000001a475f89ac0, 0x000001a475f8a460, 0x000001a475f8a930, 0x000001a475f8b2d0,
0x000001a475f8c140, 0x000001a475f8b7a0, 0x000001a470cb03d0, 0x000001a470cafa30,
0x000001a470cb1710, 0x000001a470caff00, 0x000001a470cb08a0, 0x000001a470cb1240,
0x000001a470caf090, 0x000001a470cb0d70, 0x000001a470caf560, 0x000001a470cae6f0,
0x000001a470caebc0, 0x000001a470cb1be0, 0x000001a46dc82550, 0x000001a46dc81210,
0x000001a46dc7fa00, 0x000001a46dc82080, 0x000001a46dc7eb90, 0x000001a46dc80870,
0x000001a46dc80d40, 0x000001a46dc7f060, 0x000001a46dc816e0, 0x000001a46dc7fed0,
0x000001a46dc7f530, 0x000001a46b55dd30, 0x000001a46b55e6d0, 0x000001a46b564710,
0x000001a46b561220, 0x000001a46b55e200, 0x000001a46b55fee0, 0x000001a46c1d8450,
0x000001a46c1d7f80, 0x000001a46c1d8920, 0x000001a46c1d9c60, 0x000001a46c1da600,
0x000001a46c1d8df0, 0x000001a46c1dafa0, 0x000001a46c1db940, 0x000001a46c1d92c0,
0x000001a46c1daad0, 0x000001a46c1db470, 0x000001a463a1a070, 0x000001a47253b360,
0x000001a47253bd00, 0x000001a472539680, 0x000001a47253a020, 0x000001a472538ce0,
0x000001a47108fcd0, 0x000001a47108db20, 0x000001a47108ee60, 0x000001a47108f330,
0x000001a471091010, 0x000001a47108f800, 0x000001a47108dff0, 0x000001a47108e990,
0x000001a47515d840, 0x000001a47515d370, 0x000001a47515c9d0, 0x000001a47515c030,
0x000001a47515c500, 0x000001a463f680a0, 0x000001a463f68f10, 0x000001a463f693e0,
0x000001a463f68570, 0x000001a463f67bd0, 0x000001a463f663c0, 0x000001a463f68a40,
0x000001a463f67700, 0x000001a463f66890, 0x000001a463f66d60, 0x000001a463f67230,
0x000001a463f698b0, 0x000001a463f69d80, 0x000001a472218430, 0x000001a4722170f0,
0x000001a4722192a0, 0x000001a472217a90, 0x000001a472215db0, 0x000001a472216280,
0x000001a472216750, 0x000001a472216c20, 0x000001a472219770, 0x000001a4722175c0,
0x000001a472218900, 0x000001a472217f60, 0x000001a470cd0e80, 0x000001a470cd2690,
0x000001a463c54930, 0x000001a4680fcb90, 0x000001a46dc803a0, 0x000001a4748e0ce0,
0x000001a4748e0340, 0x000001a4748e1b50, 0x000001a4748e1680, 0x000001a4748de660,
0x000001a4748df9a0, 0x000001a4748de190, 0x000001a470e31dd0, 0x000001a468eaf890,
0x000001a468eae550, 0x000001a468eaf3c0, 0x000001a468eaea20, 0x000001a46d3f6770,
0x000001a46d3f45c0, 0x000001a46d3f6c40, 0x000001a46d3f5900, 0x000001a46d3f7110,
0x000001a46d3f5dd0, 0x000001a46d3f75e0, 0x000001a46d3f7f80, 0x000001a46d3f7ab0,
0x000001a46d3f4a90, 0x000001a46d3f62a0, 0x000001a46d3f4f60, 0x000001a46d3f5430,
0x000001a470cd0010, 0x000001a470cd1350, 0x000001a470cd2b60, 0x000001a470cd3030,
0x000001a470cd1820, 0x000001a470cd04e0, 0x000001a4748df000, 0x000001a4748e11b0,
0x000001a4748deb30, 0x000001a4748df4d0, 0x000001a4748dfe70, 0x000001a4748e0810,
0x000001a46dc81bb0, 0x000001a472eec2b0, 0x000001a472eec780, 0x000001a472eecc50,
0x000001a472eeb910, 0x000001a472eed5f0, 0x000001a472eedac0, 0x000001a472eeb440,
0x000001a472eeaf70, 0x000001a472eedf90, 0x000001a472eee460, 0x000001a472eee930,
0x000001a472eebde0, 0x000001a472eed120, 0x000001a4669f5c20, 0x000001a4669f4410,
0x000001a4669f60f0, 0x000001a4669f5750, 0x000001a4669f35a0, 0x000001a4669f6a90,
0x000001a4669f3a70, 0x000001a4669f5280, 0x000001a4669f65c0, 0x000001a4669f4db0,
0x000001a4669f48e0, 0x000001a4669f6f60, 0x000001a4669f3f40, 0x000001a4754d6490,
0x000001a4754d6960, 0x000001a4754d5150, 0x000001a4754d47b0, 0x000001a4754d5fc0,
0x000001a4754d77d0, 0x000001a47253b830, 0x000001a47253c1d0, 0x000001a47253a4f0,
0x000001a4725391b0, 0x000001a472539b50, 0x000001a47253a9c0, 0x000001a47253c6a0,
0x000001a47253ae90, 0x000001a4724b08e0, 0x000001a4724b25c0, 0x000001a4724b20f0,
0x000001a4724b2a90, 0x000001a4724b1280, 0x000001a4724b3dd0, 0x000001a4724b0db0,
0x000001a46b562090, 0x000001a46b55eba0, 0x000001a46b560d50, 0x000001a46b55d390,
0x000001a46b55f070, 0x000001a46443e4e0, 0x000001a470c01250, 0x000001a4680fd060,
0x000001a4680faeb0, 0x000001a4680fa9e0, 0x000001a46d00c670, 0x000001a470e32770,
0x000001a470e30f60, 0x000001a470c01720, 0x000001a46b562560, 0x000001a470e31430,
0x000001a470a856d0, 0x000001a46b55f540, 0x000001a46b55fa10, 0x000001a470c90ca0,
0x000001a470c91170, 0x000001a470c90300, 0x000001a470c91640, 0x000001a470c91fe0,
0x000001a470c8f490, 0x000001a470c91b10, 0x000001a470c8f960, 0x000001a470c92980,
0x000001a470c92e50, 0x000001a470c907d0, 0x000001a470c8fe30, 0x000001a46b8e5250,
0x000001a46b8e43e0, 0x000001a471267000, 0x000001a4712674d0, 0x000001a471266b30,
0x000001a471266660, 0x000001a471265cc0, 0x000001a470cd1cf0, 0x000001a470cd21c0,
0x000001a470cd3500, 0x000001a470cd39d0, 0x000001a472218dd0, 0x000001a4724f02e0,
0x000001a4724f1af0, 0x000001a4724f1fc0, 0x000001a4724f0c80, 0x000001a4724f2490,
0x000001a470a87f50
}

Java Threads: ( => current thread )
  0x000001a4481a37a0 JavaThread "main" [_thread_blocked, id=139680, stack(0x0000007928d00000,0x0000007928e00000)]
  0x000001a46345f470 JavaThread "Reference Handler" daemon [_thread_blocked, id=146700, stack(0x0000007929400000,0x0000007929500000)]
  0x000001a463461a90 JavaThread "Finalizer" daemon [_thread_blocked, id=157884, stack(0x0000007929500000,0x0000007929600000)]
  0x000001a4634a04f0 JavaThread "Signal Dispatcher" daemon [_thread_blocked, id=152088, stack(0x0000007929600000,0x0000007929700000)]
  0x000001a4634a10a0 JavaThread "Attach Listener" daemon [_thread_blocked, id=151404, stack(0x0000007929700000,0x0000007929800000)]
  0x000001a4634a1c50 JavaThread "Service Thread" daemon [_thread_blocked, id=152280, stack(0x0000007929800000,0x0000007929900000)]
  0x000001a4634a4db0 JavaThread "Monitor Deflation Thread" daemon [_thread_blocked, id=158248, stack(0x0000007929900000,0x0000007929a00000)]
  0x000001a4634a62e0 JavaThread "C2 CompilerThread0" daemon [_thread_blocked, id=146156, stack(0x0000007929a00000,0x0000007929b00000)]
  0x000001a4634a7cc0 JavaThread "C1 CompilerThread0" daemon [_thread_blocked, id=154480, stack(0x0000007929b00000,0x0000007929c00000)]
  0x000001a4634b6680 JavaThread "Sweeper thread" daemon [_thread_blocked, id=18960, stack(0x0000007929c00000,0x0000007929d00000)]
  0x000001a46363f360 JavaThread "Common-Cleaner" daemon [_thread_blocked, id=148672, stack(0x0000007929f00000,0x000000792a000000)]
  0x000001a463642060 JavaThread "Notification Thread" daemon [_thread_blocked, id=116388, stack(0x000000792a000000,0x000000792a100000)]
  0x000001a4660e9cc0 JavaThread "Daemon health stats" [_thread_blocked, id=150300, stack(0x000000792a800000,0x000000792a900000)]
  0x000001a465fe8120 JavaThread "Incoming local TCP Connector on port 57222" [_thread_in_native, id=158676, stack(0x000000792a900000,0x000000792aa00000)]
  0x000001a465fd28b0 JavaThread "Daemon periodic checks" [_thread_blocked, id=64880, stack(0x000000792aa00000,0x000000792ab00000)]
  0x000001a4660ad700 JavaThread "Cache worker for journal cache (C:\Users\liubov\.gradle\caches\journal-1)" [_thread_blocked, id=140568, stack(0x000000792bc00000,0x000000792bd00000)]
  0x000001a4660ac890 JavaThread "File lock request listener" [_thread_in_native, id=135128, stack(0x000000792bd00000,0x000000792be00000)]
  0x000001a4660ac3c0 JavaThread "Cache worker for file hash cache (C:\Users\liubov\.gradle\caches\8.0\fileHashes)" [_thread_blocked, id=67968, stack(0x000000792be00000,0x000000792bf00000)]
  0x000001a4660adbd0 JavaThread "File watcher server" daemon [_thread_blocked, id=150036, stack(0x000000792bf00000,0x000000792c000000)]
  0x000001a4660ae0a0 JavaThread "File watcher consumer" daemon [_thread_blocked, id=109188, stack(0x000000792c000000,0x000000792c100000)]
  0x000001a4660acd60 JavaThread "Cache worker for file content cache (C:\Users\liubov\.gradle\caches\8.0\fileContent)" [_thread_blocked, id=150248, stack(0x000000792c300000,0x000000792c400000)]
  0x000001a46842d720 JavaThread "Cache worker for execution history cache (C:\Users\liubov\.gradle\caches\8.0\executionHistory)" [_thread_blocked, id=64960, stack(0x000000792c600000,0x000000792c700000)]
  0x000001a46842abd0 JavaThread "jar transforms" [_thread_blocked, id=136156, stack(0x000000792c700000,0x000000792c800000)]
  0x000001a468430c10 JavaThread "jar transforms Thread 2" [_thread_blocked, id=56968, stack(0x000000792c800000,0x000000792c900000)]
  0x000001a468429890 JavaThread "Cache worker for kotlin-dsl (C:\Users\liubov\.gradle\caches\8.0\kotlin-dsl)" [_thread_blocked, id=118312, stack(0x000000792c900000,0x000000792ca00000)]
  0x000001a468430270 JavaThread "jar transforms Thread 3" [_thread_blocked, id=135164, stack(0x000000792ca00000,0x000000792cb00000)]
  0x000001a4684293c0 JavaThread "jar transforms Thread 4" [_thread_blocked, id=157620, stack(0x000000792cb00000,0x000000792cc00000)]
  0x000001a468430740 JavaThread "jar transforms Thread 5" [_thread_blocked, id=145784, stack(0x000000792ce00000,0x000000792cf00000)]
  0x000001a46818d080 JavaThread "jar transforms Thread 6" [_thread_blocked, id=158284, stack(0x0000007936b00000,0x0000007936c00000)]
  0x000001a46818c210 JavaThread "jar transforms Thread 7" [_thread_blocked, id=158232, stack(0x0000007936c00000,0x0000007936d00000)]
  0x000001a46818b870 JavaThread "jar transforms Thread 8" [_thread_blocked, id=157160, stack(0x0000007936d00000,0x0000007936e00000)]
  0x000001a46818d550 JavaThread "jar transforms Thread 9" [_thread_blocked, id=152120, stack(0x0000007936e00000,0x0000007936f00000)]
  0x000001a46818da20 JavaThread "jar transforms Thread 10" [_thread_blocked, id=154280, stack(0x0000007936f00000,0x0000007937000000)]
  0x000001a46818c6e0 JavaThread "jar transforms Thread 11" [_thread_blocked, id=151980, stack(0x0000007937000000,0x0000007937100000)]
  0x000001a46818a060 JavaThread "jar transforms Thread 12" [_thread_blocked, id=65496, stack(0x0000007937100000,0x0000007937200000)]
  0x000001a46818aa00 JavaThread "jar transforms Thread 13" [_thread_blocked, id=8564, stack(0x0000007937200000,0x0000007937300000)]
  0x000001a46818b3a0 JavaThread "jar transforms Thread 14" [_thread_blocked, id=157648, stack(0x0000007937300000,0x0000007937400000)]
  0x000001a46818bd40 JavaThread "jar transforms Thread 15" [_thread_blocked, id=146596, stack(0x0000007937400000,0x0000007937500000)]
  0x000001a468717e70 JavaThread "jar transforms Thread 16" [_thread_blocked, id=155312, stack(0x0000007937500000,0x0000007937600000)]
  0x000001a468716b30 JavaThread "Memory manager" [_thread_blocked, id=158484, stack(0x0000007937700000,0x0000007937800000)]
  0x000001a4687174d0 JavaThread "pool-3-thread-1" [_thread_blocked, id=27848, stack(0x0000007937a00000,0x0000007937b00000)]
  0x000001a46b562a30 JavaThread "RMI Scheduler(0)" daemon [_thread_blocked, id=156812, stack(0x000000792a200000,0x000000792a300000)]
  0x000001a46b55cec0 JavaThread "RMI TCP Accept-0" daemon [_thread_in_native, id=153356, stack(0x000000793a000000,0x000000793a100000)]
  0x000001a46b561bc0 JavaThread "Cache worker for Java compile cache (C:\Users\liubov\.gradle\caches\8.0\javaCompile)" [_thread_blocked, id=145420, stack(0x0000007929e00000,0x0000007929f00000)]
  0x000001a4714b43e0 JavaThread "pool-7-thread-1" [_thread_blocked, id=154820, stack(0x0000007928a00000,0x0000007928b00000)]
  0x000001a47141f720 JavaThread "pool-11-thread-1" [_thread_blocked, id=73056, stack(0x0000007937900000,0x0000007937a00000)]
  0x000001a46443e9b0 JavaThread "pool-15-thread-1" [_thread_blocked, id=148220, stack(0x0000007937d00000,0x0000007937e00000)]
  0x000001a472ef5550 JavaThread "Daemon Thread 5" [_thread_blocked, id=155884, stack(0x0000007928b00000,0x0000007928c00000)]
  0x000001a475f895f0 JavaThread "Handler for socket connection from /127.0.0.1:57222 to /127.0.0.1:61240" [_thread_in_native, id=161448, stack(0x0000007928c00000,0x0000007928d00000)]
  0x000001a475f88780 JavaThread "Cancel handler" [_thread_blocked, id=154512, stack(0x0000007929d00000,0x0000007929e00000)]
  0x000001a475f88c50 JavaThread "Daemon worker Thread 5" [_thread_blocked, id=107224, stack(0x000000792a700000,0x000000792a800000)]
  0x000001a475f89f90 JavaThread "Asynchronous log dispatcher for DefaultDaemonConnection: socket connection from /127.0.0.1:57222 to /127.0.0.1:61240" [_thread_blocked, id=159944, stack(0x000000792ab00000,0x000000792ac00000)]
  0x000001a475f89ac0 JavaThread "Stdin handler" [_thread_blocked, id=154432, stack(0x000000792ac00000,0x000000792ad00000)]
  0x000001a475f8a460 JavaThread "Daemon client event forwarder" [_thread_blocked, id=125252, stack(0x000000792ad00000,0x000000792ae00000)]
  0x000001a475f8a930 JavaThread "Cache worker for checksums cache (D:\StudioProjects\placement_example\.gradle\8.0\checksums)" [_thread_blocked, id=159092, stack(0x000000792ae00000,0x000000792af00000)]
  0x000001a475f8b2d0 JavaThread "Cache worker for cache directory md-rule (C:\Users\liubov\.gradle\caches\8.0\md-rule)" [_thread_blocked, id=156164, stack(0x000000792af00000,0x000000792b000000)]
  0x000001a475f8c140 JavaThread "Cache worker for file hash cache (D:\StudioProjects\placement_example\.gradle\8.0\fileHashes)" [_thread_blocked, id=159872, stack(0x000000792b000000,0x000000792b100000)]
  0x000001a475f8b7a0 JavaThread "Cache worker for cache directory md-supplier (C:\Users\liubov\.gradle\caches\8.0\md-supplier)" [_thread_blocked, id=161736, stack(0x000000792b100000,0x000000792b200000)]
  0x000001a470cb03d0 JavaThread "Cache worker for dependencies-accessors (D:\StudioProjects\placement_example\.gradle\8.0\dependencies-accessors)" [_thread_blocked, id=160688, stack(0x000000792c100000,0x000000792c200000)]
  0x000001a470cafa30 JavaThread "Cache worker for Build Output Cleanup Cache (D:\StudioProjects\placement_example\.gradle\buildOutputCleanup)" [_thread_blocked, id=126064, stack(0x000000792c200000,0x000000792c300000)]
  0x000001a470cb1710 JavaThread "Unconstrained build operations" [_thread_blocked, id=161376, stack(0x000000792cc00000,0x000000792cd00000)]
  0x000001a470caff00 JavaThread "Unconstrained build operations Thread 2" [_thread_blocked, id=158928, stack(0x000000792cd00000,0x000000792ce00000)]
  0x000001a470cb08a0 JavaThread "Unconstrained build operations Thread 3" [_thread_blocked, id=158936, stack(0x000000792cf00000,0x000000792d000000)]
  0x000001a470cb1240 JavaThread "Unconstrained build operations Thread 4" [_thread_blocked, id=151176, stack(0x000000792d000000,0x000000792d100000)]
  0x000001a470caf090 JavaThread "Unconstrained build operations Thread 5" [_thread_blocked, id=45696, stack(0x000000792d100000,0x000000792d200000)]
  0x000001a470cb0d70 JavaThread "Unconstrained build operations Thread 6" [_thread_blocked, id=158532, stack(0x000000792d200000,0x000000792d300000)]
  0x000001a470caf560 JavaThread "Unconstrained build operations Thread 7" [_thread_blocked, id=148908, stack(0x000000792d300000,0x000000792d400000)]
  0x000001a470cae6f0 JavaThread "Unconstrained build operations Thread 8" [_thread_blocked, id=161704, stack(0x000000792d400000,0x000000792d500000)]
  0x000001a470caebc0 JavaThread "Unconstrained build operations Thread 9" [_thread_blocked, id=130792, stack(0x000000792d500000,0x000000792d600000)]
  0x000001a470cb1be0 JavaThread "Unconstrained build operations Thread 10" [_thread_blocked, id=161000, stack(0x000000792d600000,0x000000792d700000)]
  0x000001a46dc82550 JavaThread "Unconstrained build operations Thread 11" [_thread_blocked, id=93728, stack(0x000000792d700000,0x000000792d800000)]
  0x000001a46dc81210 JavaThread "Unconstrained build operations Thread 12" [_thread_blocked, id=161796, stack(0x000000792d800000,0x000000792d900000)]
  0x000001a46dc7fa00 JavaThread "Unconstrained build operations Thread 13" [_thread_blocked, id=161800, stack(0x000000792d900000,0x000000792da00000)]
  0x000001a46dc82080 JavaThread "Unconstrained build operations Thread 14" [_thread_blocked, id=161804, stack(0x000000792da00000,0x000000792db00000)]
  0x000001a46dc7eb90 JavaThread "Unconstrained build operations Thread 15" [_thread_blocked, id=161808, stack(0x000000792db00000,0x000000792dc00000)]
  0x000001a46dc80870 JavaThread "Unconstrained build operations Thread 16" [_thread_blocked, id=161812, stack(0x000000792dc00000,0x000000792dd00000)]
  0x000001a46dc80d40 JavaThread "Unconstrained build operations Thread 17" [_thread_blocked, id=161816, stack(0x000000792dd00000,0x000000792de00000)]
  0x000001a46dc7f060 JavaThread "Unconstrained build operations Thread 18" [_thread_blocked, id=161820, stack(0x000000792de00000,0x000000792df00000)]
  0x000001a46dc816e0 JavaThread "Unconstrained build operations Thread 19" [_thread_blocked, id=161824, stack(0x000000792df00000,0x000000792e000000)]
  0x000001a46dc7fed0 JavaThread "Unconstrained build operations Thread 20" [_thread_blocked, id=161828, stack(0x000000792e000000,0x000000792e100000)]
  0x000001a46dc7f530 JavaThread "Unconstrained build operations Thread 21" [_thread_blocked, id=161832, stack(0x000000792e100000,0x000000792e200000)]
  0x000001a46b55dd30 JavaThread "Unconstrained build operations Thread 22" [_thread_blocked, id=161836, stack(0x000000792e200000,0x000000792e300000)]
  0x000001a46b55e6d0 JavaThread "Unconstrained build operations Thread 23" [_thread_blocked, id=161840, stack(0x000000792e300000,0x000000792e400000)]
  0x000001a46b564710 JavaThread "Unconstrained build operations Thread 24" [_thread_blocked, id=161844, stack(0x000000792e400000,0x000000792e500000)]
  0x000001a46b561220 JavaThread "Unconstrained build operations Thread 25" [_thread_blocked, id=161848, stack(0x000000792e500000,0x000000792e600000)]
  0x000001a46b55e200 JavaThread "Unconstrained build operations Thread 26" [_thread_blocked, id=161852, stack(0x000000792e600000,0x000000792e700000)]
  0x000001a46b55fee0 JavaThread "Unconstrained build operations Thread 27" [_thread_blocked, id=161856, stack(0x000000792e700000,0x000000792e800000)]
  0x000001a46c1d8450 JavaThread "Unconstrained build operations Thread 28" [_thread_blocked, id=161860, stack(0x000000792e800000,0x000000792e900000)]
  0x000001a46c1d7f80 JavaThread "Unconstrained build operations Thread 29" [_thread_blocked, id=161868, stack(0x000000792ea00000,0x000000792eb00000)]
  0x000001a46c1d8920 JavaThread "Unconstrained build operations Thread 30" [_thread_blocked, id=161872, stack(0x000000792eb00000,0x000000792ec00000)]
  0x000001a46c1d9c60 JavaThread "Unconstrained build operations Thread 31" [_thread_blocked, id=161876, stack(0x000000792ec00000,0x000000792ed00000)]
  0x000001a46c1da600 JavaThread "Unconstrained build operations Thread 32" [_thread_blocked, id=161880, stack(0x000000792ed00000,0x000000792ee00000)]
  0x000001a46c1d8df0 JavaThread "Unconstrained build operations Thread 33" [_thread_blocked, id=161884, stack(0x000000792ee00000,0x000000792ef00000)]
  0x000001a46c1dafa0 JavaThread "Unconstrained build operations Thread 34" [_thread_blocked, id=161888, stack(0x000000792ef00000,0x000000792f000000)]
  0x000001a46c1db940 JavaThread "Unconstrained build operations Thread 35" [_thread_blocked, id=161892, stack(0x000000792f000000,0x000000792f100000)]
  0x000001a46c1d92c0 JavaThread "Unconstrained build operations Thread 36" [_thread_blocked, id=161896, stack(0x000000792f100000,0x000000792f200000)]
  0x000001a46c1daad0 JavaThread "Unconstrained build operations Thread 37" [_thread_blocked, id=161900, stack(0x000000792f200000,0x000000792f300000)]
  0x000001a46c1db470 JavaThread "Unconstrained build operations Thread 38" [_thread_blocked, id=161904, stack(0x000000792f300000,0x000000792f400000)]
  0x000001a463a1a070 JavaThread "Unconstrained build operations Thread 39" [_thread_blocked, id=161908, stack(0x000000792f400000,0x000000792f500000)]
  0x000001a47253b360 JavaThread "Unconstrained build operations Thread 40" [_thread_blocked, id=161912, stack(0x000000792f500000,0x000000792f600000)]
  0x000001a47253bd00 JavaThread "Unconstrained build operations Thread 41" [_thread_blocked, id=161916, stack(0x000000792f600000,0x000000792f700000)]
  0x000001a472539680 JavaThread "Unconstrained build operations Thread 42" [_thread_blocked, id=161920, stack(0x000000792f700000,0x000000792f800000)]
  0x000001a47253a020 JavaThread "Unconstrained build operations Thread 43" [_thread_blocked, id=161924, stack(0x000000792f800000,0x000000792f900000)]
  0x000001a472538ce0 JavaThread "Unconstrained build operations Thread 44" [_thread_blocked, id=161928, stack(0x000000792f900000,0x000000792fa00000)]
  0x000001a47108fcd0 JavaThread "Unconstrained build operations Thread 45" [_thread_blocked, id=161932, stack(0x000000792fa00000,0x000000792fb00000)]
  0x000001a47108db20 JavaThread "Unconstrained build operations Thread 46" [_thread_blocked, id=161936, stack(0x000000792fb00000,0x000000792fc00000)]
  0x000001a47108ee60 JavaThread "Unconstrained build operations Thread 47" [_thread_blocked, id=161940, stack(0x000000792fc00000,0x000000792fd00000)]
  0x000001a47108f330 JavaThread "Unconstrained build operations Thread 48" [_thread_blocked, id=161944, stack(0x000000792fd00000,0x000000792fe00000)]
  0x000001a471091010 JavaThread "Unconstrained build operations Thread 49" [_thread_blocked, id=161948, stack(0x000000792fe00000,0x000000792ff00000)]
  0x000001a47108f800 JavaThread "Unconstrained build operations Thread 50" [_thread_blocked, id=161952, stack(0x000000792ff00000,0x0000007930000000)]
  0x000001a47108dff0 JavaThread "Unconstrained build operations Thread 51" [_thread_blocked, id=161956, stack(0x0000007930000000,0x0000007930100000)]
  0x000001a47108e990 JavaThread "Unconstrained build operations Thread 52" [_thread_blocked, id=161960, stack(0x0000007930100000,0x0000007930200000)]
  0x000001a47515d840 JavaThread "Unconstrained build operations Thread 53" [_thread_blocked, id=161964, stack(0x0000007930200000,0x0000007930300000)]
  0x000001a47515d370 JavaThread "Unconstrained build operations Thread 54" [_thread_blocked, id=161968, stack(0x0000007930300000,0x0000007930400000)]
  0x000001a47515c9d0 JavaThread "Unconstrained build operations Thread 55" [_thread_blocked, id=161972, stack(0x0000007930400000,0x0000007930500000)]
  0x000001a47515c030 JavaThread "Unconstrained build operations Thread 56" [_thread_blocked, id=161976, stack(0x0000007930500000,0x0000007930600000)]
  0x000001a47515c500 JavaThread "Unconstrained build operations Thread 57" [_thread_blocked, id=161980, stack(0x0000007930600000,0x0000007930700000)]
  0x000001a463f680a0 JavaThread "Unconstrained build operations Thread 58" [_thread_blocked, id=161984, stack(0x0000007930700000,0x0000007930800000)]
  0x000001a463f68f10 JavaThread "Unconstrained build operations Thread 59" [_thread_blocked, id=161988, stack(0x0000007930800000,0x0000007930900000)]
  0x000001a463f693e0 JavaThread "Unconstrained build operations Thread 60" [_thread_blocked, id=161992, stack(0x0000007930900000,0x0000007930a00000)]
  0x000001a463f68570 JavaThread "Unconstrained build operations Thread 61" [_thread_blocked, id=161996, stack(0x0000007930a00000,0x0000007930b00000)]
  0x000001a463f67bd0 JavaThread "Unconstrained build operations Thread 62" [_thread_blocked, id=162000, stack(0x0000007930b00000,0x0000007930c00000)]
  0x000001a463f663c0 JavaThread "Unconstrained build operations Thread 63" [_thread_blocked, id=162004, stack(0x0000007930c00000,0x0000007930d00000)]
  0x000001a463f68a40 JavaThread "Unconstrained build operations Thread 64" [_thread_blocked, id=162008, stack(0x0000007930d00000,0x0000007930e00000)]
  0x000001a463f67700 JavaThread "Unconstrained build operations Thread 65" [_thread_blocked, id=162012, stack(0x0000007930e00000,0x0000007930f00000)]
  0x000001a463f66890 JavaThread "Unconstrained build operations Thread 66" [_thread_blocked, id=162016, stack(0x0000007930f00000,0x0000007931000000)]
  0x000001a463f66d60 JavaThread "Unconstrained build operations Thread 67" [_thread_blocked, id=162020, stack(0x0000007931000000,0x0000007931100000)]
  0x000001a463f67230 JavaThread "Unconstrained build operations Thread 68" [_thread_blocked, id=162024, stack(0x0000007931100000,0x0000007931200000)]
  0x000001a463f698b0 JavaThread "Unconstrained build operations Thread 69" [_thread_blocked, id=162028, stack(0x0000007931200000,0x0000007931300000)]
  0x000001a463f69d80 JavaThread "Unconstrained build operations Thread 70" [_thread_blocked, id=162032, stack(0x0000007931300000,0x0000007931400000)]
  0x000001a472218430 JavaThread "Unconstrained build operations Thread 71" [_thread_blocked, id=162036, stack(0x0000007931400000,0x0000007931500000)]
  0x000001a4722170f0 JavaThread "Unconstrained build operations Thread 72" [_thread_blocked, id=162040, stack(0x0000007931500000,0x0000007931600000)]
  0x000001a4722192a0 JavaThread "Unconstrained build operations Thread 73" [_thread_blocked, id=162044, stack(0x0000007931600000,0x0000007931700000)]
  0x000001a472217a90 JavaThread "Unconstrained build operations Thread 74" [_thread_blocked, id=162048, stack(0x0000007931700000,0x0000007931800000)]
  0x000001a472215db0 JavaThread "Unconstrained build operations Thread 75" [_thread_blocked, id=162052, stack(0x0000007931800000,0x0000007931900000)]
  0x000001a472216280 JavaThread "Unconstrained build operations Thread 76" [_thread_blocked, id=162056, stack(0x0000007931900000,0x0000007931a00000)]
  0x000001a472216750 JavaThread "Unconstrained build operations Thread 77" [_thread_blocked, id=162060, stack(0x0000007931a00000,0x0000007931b00000)]
  0x000001a472216c20 JavaThread "Unconstrained build operations Thread 78" [_thread_blocked, id=162064, stack(0x0000007931b00000,0x0000007931c00000)]
  0x000001a472219770 JavaThread "Unconstrained build operations Thread 79" [_thread_blocked, id=162068, stack(0x0000007931c00000,0x0000007931d00000)]
  0x000001a4722175c0 JavaThread "Unconstrained build operations Thread 80" [_thread_blocked, id=162072, stack(0x0000007931d00000,0x0000007931e00000)]
  0x000001a472218900 JavaThread "Unconstrained build operations Thread 81" [_thread_blocked, id=162076, stack(0x0000007931e00000,0x0000007931f00000)]
  0x000001a472217f60 JavaThread "Unconstrained build operations Thread 82" [_thread_blocked, id=162080, stack(0x0000007931f00000,0x0000007932000000)]
  0x000001a470cd0e80 JavaThread "Unconstrained build operations Thread 83" [_thread_blocked, id=162084, stack(0x0000007932000000,0x0000007932100000)]
  0x000001a470cd2690 JavaThread "Unconstrained build operations Thread 84" [_thread_blocked, id=162088, stack(0x0000007932100000,0x0000007932200000)]
  0x000001a463c54930 JavaThread "Unconstrained build operations Thread 85" [_thread_blocked, id=162092, stack(0x0000007932200000,0x0000007932300000)]
  0x000001a4680fcb90 JavaThread "Unconstrained build operations Thread 86" [_thread_blocked, id=162096, stack(0x0000007932300000,0x0000007932400000)]
  0x000001a46dc803a0 JavaThread "Unconstrained build operations Thread 87" [_thread_blocked, id=162100, stack(0x0000007932400000,0x0000007932500000)]
  0x000001a4748e0ce0 JavaThread "Unconstrained build operations Thread 88" [_thread_blocked, id=162104, stack(0x0000007932500000,0x0000007932600000)]
  0x000001a4748e0340 JavaThread "Unconstrained build operations Thread 89" [_thread_blocked, id=162108, stack(0x0000007932600000,0x0000007932700000)]
  0x000001a4748e1b50 JavaThread "Unconstrained build operations Thread 90" [_thread_blocked, id=162112, stack(0x0000007932700000,0x0000007932800000)]
  0x000001a4748e1680 JavaThread "Unconstrained build operations Thread 91" [_thread_blocked, id=162116, stack(0x0000007932800000,0x0000007932900000)]
  0x000001a4748de660 JavaThread "Unconstrained build operations Thread 92" [_thread_blocked, id=162120, stack(0x0000007932900000,0x0000007932a00000)]
  0x000001a4748df9a0 JavaThread "Unconstrained build operations Thread 93" [_thread_blocked, id=162124, stack(0x0000007932a00000,0x0000007932b00000)]
  0x000001a4748de190 JavaThread "Unconstrained build operations Thread 94" [_thread_blocked, id=162128, stack(0x0000007932b00000,0x0000007932c00000)]
  0x000001a470e31dd0 JavaThread "Unconstrained build operations Thread 95" [_thread_blocked, id=162132, stack(0x0000007932c00000,0x0000007932d00000)]
  0x000001a468eaf890 JavaThread "Unconstrained build operations Thread 96" [_thread_blocked, id=162136, stack(0x0000007932d00000,0x0000007932e00000)]
  0x000001a468eae550 JavaThread "Unconstrained build operations Thread 97" [_thread_blocked, id=162140, stack(0x0000007932e00000,0x0000007932f00000)]
  0x000001a468eaf3c0 JavaThread "Unconstrained build operations Thread 98" [_thread_blocked, id=162144, stack(0x0000007932f00000,0x0000007933000000)]
  0x000001a468eaea20 JavaThread "Unconstrained build operations Thread 99" [_thread_blocked, id=162148, stack(0x0000007933000000,0x0000007933100000)]
  0x000001a46d3f6770 JavaThread "Unconstrained build operations Thread 100" [_thread_blocked, id=162152, stack(0x0000007933100000,0x0000007933200000)]
  0x000001a46d3f45c0 JavaThread "Unconstrained build operations Thread 101" [_thread_blocked, id=162156, stack(0x0000007933200000,0x0000007933300000)]
  0x000001a46d3f6c40 JavaThread "Unconstrained build operations Thread 102" [_thread_blocked, id=162160, stack(0x0000007933300000,0x0000007933400000)]
  0x000001a46d3f5900 JavaThread "Unconstrained build operations Thread 103" [_thread_blocked, id=162164, stack(0x0000007933400000,0x0000007933500000)]
  0x000001a46d3f7110 JavaThread "Unconstrained build operations Thread 104" [_thread_blocked, id=162168, stack(0x0000007933500000,0x0000007933600000)]
  0x000001a46d3f5dd0 JavaThread "Unconstrained build operations Thread 105" [_thread_blocked, id=162172, stack(0x0000007933600000,0x0000007933700000)]
  0x000001a46d3f75e0 JavaThread "Unconstrained build operations Thread 106" [_thread_blocked, id=162176, stack(0x0000007933700000,0x0000007933800000)]
  0x000001a46d3f7f80 JavaThread "Unconstrained build operations Thread 107" [_thread_blocked, id=162180, stack(0x0000007933800000,0x0000007933900000)]
  0x000001a46d3f7ab0 JavaThread "Unconstrained build operations Thread 108" [_thread_blocked, id=162184, stack(0x0000007933900000,0x0000007933a00000)]
  0x000001a46d3f4a90 JavaThread "Unconstrained build operations Thread 109" [_thread_blocked, id=162188, stack(0x0000007933a00000,0x0000007933b00000)]
  0x000001a46d3f62a0 JavaThread "Unconstrained build operations Thread 110" [_thread_blocked, id=162192, stack(0x0000007933b00000,0x0000007933c00000)]
  0x000001a46d3f4f60 JavaThread "Unconstrained build operations Thread 111" [_thread_blocked, id=162196, stack(0x0000007933c00000,0x0000007933d00000)]
  0x000001a46d3f5430 JavaThread "Unconstrained build operations Thread 112" [_thread_blocked, id=162200, stack(0x0000007933d00000,0x0000007933e00000)]
  0x000001a470cd0010 JavaThread "Unconstrained build operations Thread 113" [_thread_blocked, id=162204, stack(0x0000007933e00000,0x0000007933f00000)]
  0x000001a470cd1350 JavaThread "Unconstrained build operations Thread 114" [_thread_blocked, id=162208, stack(0x0000007933f00000,0x0000007934000000)]
  0x000001a470cd2b60 JavaThread "Unconstrained build operations Thread 115" [_thread_blocked, id=162212, stack(0x0000007934000000,0x0000007934100000)]
  0x000001a470cd3030 JavaThread "Unconstrained build operations Thread 116" [_thread_blocked, id=162216, stack(0x0000007934100000,0x0000007934200000)]
  0x000001a470cd1820 JavaThread "Unconstrained build operations Thread 117" [_thread_blocked, id=162220, stack(0x0000007934200000,0x0000007934300000)]
  0x000001a470cd04e0 JavaThread "Unconstrained build operations Thread 118" [_thread_blocked, id=162224, stack(0x0000007934300000,0x0000007934400000)]
  0x000001a4748df000 JavaThread "Unconstrained build operations Thread 119" [_thread_blocked, id=162228, stack(0x0000007934400000,0x0000007934500000)]
  0x000001a4748e11b0 JavaThread "Unconstrained build operations Thread 120" [_thread_blocked, id=162232, stack(0x0000007934500000,0x0000007934600000)]
  0x000001a4748deb30 JavaThread "Unconstrained build operations Thread 121" [_thread_blocked, id=162236, stack(0x0000007934600000,0x0000007934700000)]
  0x000001a4748df4d0 JavaThread "Unconstrained build operations Thread 122" [_thread_blocked, id=162240, stack(0x0000007934700000,0x0000007934800000)]
  0x000001a4748dfe70 JavaThread "Unconstrained build operations Thread 123" [_thread_blocked, id=162244, stack(0x0000007934800000,0x0000007934900000)]
  0x000001a4748e0810 JavaThread "Unconstrained build operations Thread 124" [_thread_blocked, id=162248, stack(0x0000007934900000,0x0000007934a00000)]
  0x000001a46dc81bb0 JavaThread "Unconstrained build operations Thread 125" [_thread_blocked, id=162252, stack(0x0000007934a00000,0x0000007934b00000)]
  0x000001a472eec2b0 JavaThread "Unconstrained build operations Thread 126" [_thread_blocked, id=162256, stack(0x0000007934b00000,0x0000007934c00000)]
  0x000001a472eec780 JavaThread "Unconstrained build operations Thread 127" [_thread_blocked, id=162260, stack(0x0000007934c00000,0x0000007934d00000)]
  0x000001a472eecc50 JavaThread "Unconstrained build operations Thread 128" [_thread_blocked, id=162264, stack(0x0000007934d00000,0x0000007934e00000)]
  0x000001a472eeb910 JavaThread "Unconstrained build operations Thread 129" [_thread_blocked, id=162268, stack(0x0000007934e00000,0x0000007934f00000)]
  0x000001a472eed5f0 JavaThread "Unconstrained build operations Thread 130" [_thread_blocked, id=162272, stack(0x0000007934f00000,0x0000007935000000)]
  0x000001a472eedac0 JavaThread "Unconstrained build operations Thread 131" [_thread_blocked, id=162276, stack(0x0000007935000000,0x0000007935100000)]
  0x000001a472eeb440 JavaThread "Unconstrained build operations Thread 132" [_thread_blocked, id=162280, stack(0x0000007935100000,0x0000007935200000)]
  0x000001a472eeaf70 JavaThread "Unconstrained build operations Thread 133" [_thread_blocked, id=162284, stack(0x0000007935200000,0x0000007935300000)]
  0x000001a472eedf90 JavaThread "Unconstrained build operations Thread 134" [_thread_blocked, id=162288, stack(0x0000007935300000,0x0000007935400000)]
  0x000001a472eee460 JavaThread "Unconstrained build operations Thread 135" [_thread_blocked, id=162292, stack(0x0000007935400000,0x0000007935500000)]
  0x000001a472eee930 JavaThread "Unconstrained build operations Thread 136" [_thread_blocked, id=162296, stack(0x0000007935500000,0x0000007935600000)]
  0x000001a472eebde0 JavaThread "Unconstrained build operations Thread 137" [_thread_blocked, id=162300, stack(0x0000007935600000,0x0000007935700000)]
  0x000001a472eed120 JavaThread "Unconstrained build operations Thread 138" [_thread_blocked, id=162304, stack(0x0000007935700000,0x0000007935800000)]
  0x000001a4669f5c20 JavaThread "Unconstrained build operations Thread 139" [_thread_blocked, id=162308, stack(0x0000007935800000,0x0000007935900000)]
  0x000001a4669f4410 JavaThread "Unconstrained build operations Thread 140" [_thread_blocked, id=162312, stack(0x0000007935900000,0x0000007935a00000)]
  0x000001a4669f60f0 JavaThread "Unconstrained build operations Thread 141" [_thread_blocked, id=162316, stack(0x0000007935a00000,0x0000007935b00000)]
  0x000001a4669f5750 JavaThread "Unconstrained build operations Thread 142" [_thread_blocked, id=162320, stack(0x0000007935b00000,0x0000007935c00000)]
  0x000001a4669f35a0 JavaThread "Unconstrained build operations Thread 143" [_thread_blocked, id=162324, stack(0x0000007935c00000,0x0000007935d00000)]
  0x000001a4669f6a90 JavaThread "Unconstrained build operations Thread 144" [_thread_blocked, id=162328, stack(0x0000007935d00000,0x0000007935e00000)]
  0x000001a4669f3a70 JavaThread "Unconstrained build operations Thread 145" [_thread_blocked, id=162332, stack(0x0000007935e00000,0x0000007935f00000)]
  0x000001a4669f5280 JavaThread "Unconstrained build operations Thread 146" [_thread_blocked, id=162336, stack(0x0000007935f00000,0x0000007936000000)]
  0x000001a4669f65c0 JavaThread "Unconstrained build operations Thread 147" [_thread_blocked, id=162340, stack(0x0000007936000000,0x0000007936100000)]
  0x000001a4669f4db0 JavaThread "Unconstrained build operations Thread 148" [_thread_blocked, id=162344, stack(0x0000007936100000,0x0000007936200000)]
  0x000001a4669f48e0 JavaThread "Unconstrained build operations Thread 149" [_thread_blocked, id=162348, stack(0x0000007936200000,0x0000007936300000)]
  0x000001a4669f6f60 JavaThread "Unconstrained build operations Thread 150" [_thread_blocked, id=162352, stack(0x0000007936300000,0x0000007936400000)]
  0x000001a4669f3f40 JavaThread "Unconstrained build operations Thread 151" [_thread_blocked, id=162356, stack(0x0000007936400000,0x0000007936500000)]
  0x000001a4754d6490 JavaThread "Unconstrained build operations Thread 152" [_thread_blocked, id=162360, stack(0x0000007936500000,0x0000007936600000)]
  0x000001a4754d6960 JavaThread "Unconstrained build operations Thread 153" [_thread_blocked, id=162364, stack(0x0000007936600000,0x0000007936700000)]
  0x000001a4754d5150 JavaThread "Unconstrained build operations Thread 154" [_thread_blocked, id=162368, stack(0x0000007936700000,0x0000007936800000)]
  0x000001a4754d47b0 JavaThread "Unconstrained build operations Thread 155" [_thread_blocked, id=162372, stack(0x0000007936800000,0x0000007936900000)]
  0x000001a4754d5fc0 JavaThread "Unconstrained build operations Thread 156" [_thread_blocked, id=162376, stack(0x0000007936900000,0x0000007936a00000)]
  0x000001a4754d77d0 JavaThread "build event listener" [_thread_blocked, id=162388, stack(0x0000007936a00000,0x0000007936b00000)]
  0x000001a47253b830 JavaThread "build event listener" [_thread_blocked, id=162396, stack(0x0000007937600000,0x0000007937700000)]
  0x000001a47253c1d0 JavaThread "build event listener" [_thread_blocked, id=162400, stack(0x0000007937800000,0x0000007937900000)]
  0x000001a47253a4f0 JavaThread "pool-18-thread-1" [_thread_blocked, id=162416, stack(0x0000007937b00000,0x0000007937c00000)]
  0x000001a4725391b0 JavaThread "build event listener" [_thread_blocked, id=162420, stack(0x0000007937c00000,0x0000007937d00000)]
  0x000001a472539b50 JavaThread "included builds" [_thread_blocked, id=162424, stack(0x0000007937e00000,0x0000007937f00000)]
  0x000001a47253a9c0 JavaThread "Execution worker" [_thread_blocked, id=162428, stack(0x0000007937f00000,0x0000007938000000)]
  0x000001a47253c6a0 JavaThread "Execution worker Thread 2" [_thread_blocked, id=162432, stack(0x0000007938000000,0x0000007938100000)]
  0x000001a47253ae90 JavaThread "Execution worker Thread 3" [_thread_blocked, id=162436, stack(0x0000007938100000,0x0000007938200000)]
  0x000001a4724b08e0 JavaThread "Execution worker Thread 4" [_thread_blocked, id=162440, stack(0x0000007938200000,0x0000007938300000)]
  0x000001a4724b25c0 JavaThread "Execution worker Thread 5" [_thread_blocked, id=162444, stack(0x0000007938300000,0x0000007938400000)]
  0x000001a4724b20f0 JavaThread "Execution worker Thread 6" [_thread_blocked, id=162448, stack(0x0000007938400000,0x0000007938500000)]
  0x000001a4724b2a90 JavaThread "Execution worker Thread 7" [_thread_blocked, id=162452, stack(0x0000007938500000,0x0000007938600000)]
  0x000001a4724b1280 JavaThread "Execution worker Thread 8" [_thread_blocked, id=162456, stack(0x0000007938600000,0x0000007938700000)]
  0x000001a4724b3dd0 JavaThread "Execution worker Thread 9" [_thread_blocked, id=162460, stack(0x0000007938700000,0x0000007938800000)]
  0x000001a4724b0db0 JavaThread "Execution worker Thread 10" [_thread_blocked, id=162464, stack(0x0000007938800000,0x0000007938900000)]
  0x000001a46b562090 JavaThread "Execution worker Thread 11" [_thread_blocked, id=162468, stack(0x0000007938900000,0x0000007938a00000)]
  0x000001a46b55eba0 JavaThread "Execution worker Thread 12" [_thread_blocked, id=162472, stack(0x0000007938c00000,0x0000007938d00000)]
  0x000001a46b560d50 JavaThread "Execution worker Thread 13" [_thread_blocked, id=162476, stack(0x0000007938d00000,0x0000007938e00000)]
  0x000001a46b55d390 JavaThread "Execution worker Thread 14" [_thread_blocked, id=162480, stack(0x0000007938e00000,0x0000007938f00000)]
  0x000001a46b55f070 JavaThread "Execution worker Thread 15" [_thread_blocked, id=162484, stack(0x0000007938f00000,0x0000007939000000)]
  0x000001a46443e4e0 JavaThread "Cache worker for execution history cache (D:\StudioProjects\placement_example\.gradle\8.0\executionHistory)" [_thread_blocked, id=162488, stack(0x0000007939000000,0x0000007939100000)]
  0x000001a470c01250 JavaThread "Unconstrained build operations Thread 157" [_thread_blocked, id=162640, stack(0x0000007939100000,0x0000007939200000)]
  0x000001a4680fd060 JavaThread "Unconstrained build operations Thread 158" [_thread_blocked, id=162644, stack(0x0000007939200000,0x0000007939300000)]
  0x000001a4680faeb0 JavaThread "Unconstrained build operations Thread 159" [_thread_blocked, id=162648, stack(0x0000007939e00000,0x0000007939f00000)]
  0x000001a4680fa9e0 JavaThread "Unconstrained build operations Thread 160" [_thread_blocked, id=162652, stack(0x000000793a200000,0x000000793a300000)]
  0x000001a46d00c670 JavaThread "WorkerExecutor Queue" [_thread_blocked, id=162724, stack(0x000000792e900000,0x000000792ea00000)]
  0x000001a470e32770 JavaThread "RMI GC Daemon" daemon [_thread_blocked, id=162736, stack(0x000000793a100000,0x000000793a200000)]
  0x000001a470e30f60 JavaThread "RMI Reaper" [_thread_blocked, id=162744, stack(0x000000793a300000,0x000000793a400000)]
  0x000001a470c01720 JavaThread "RMI TCP Connection(51)-127.0.0.1" daemon [_thread_in_native, id=162752, stack(0x000000793a400000,0x000000793a500000)]
  0x000001a46b562560 JavaThread "WorkerExecutor Queue Thread 2" [_thread_blocked, id=162784, stack(0x000000793a500000,0x000000793a600000)]
  0x000001a470e31430 JavaThread "RMI TCP Connection(52)-127.0.0.1" daemon [_thread_in_native, id=162800, stack(0x000000793a700000,0x000000793a800000)]
  0x000001a470a856d0 JavaThread "C1 CompilerThread1" daemon [_thread_blocked, id=158872, stack(0x000000792c400000,0x000000792c500000)]
  0x000001a46b55f540 JavaThread "Build operations" [_thread_blocked, id=136320, stack(0x000000792c500000,0x000000792c600000)]
  0x000001a46b55fa10 JavaThread "Build operations Thread 2" [_thread_blocked, id=159876, stack(0x000000793a800000,0x000000793a900000)]
  0x000001a470c90ca0 JavaThread "Build operations Thread 3" [_thread_blocked, id=136180, stack(0x000000793a900000,0x000000793aa00000)]
  0x000001a470c91170 JavaThread "Build operations Thread 4" [_thread_blocked, id=150560, stack(0x000000793aa00000,0x000000793ab00000)]
  0x000001a470c90300 JavaThread "Build operations Thread 5" [_thread_blocked, id=157104, stack(0x000000793ab00000,0x000000793ac00000)]
  0x000001a470c91640 JavaThread "Build operations Thread 6" [_thread_blocked, id=158972, stack(0x000000793ac00000,0x000000793ad00000)]
  0x000001a470c91fe0 JavaThread "Build operations Thread 7" [_thread_blocked, id=158868, stack(0x000000793ad00000,0x000000793ae00000)]
  0x000001a470c8f490 JavaThread "Build operations Thread 8" [_thread_blocked, id=158912, stack(0x000000793ae00000,0x000000793af00000)]
  0x000001a470c91b10 JavaThread "Build operations Thread 9" [_thread_blocked, id=160236, stack(0x000000793af00000,0x000000793b000000)]
  0x000001a470c8f960 JavaThread "Build operations Thread 10" [_thread_blocked, id=162760, stack(0x000000793b000000,0x000000793b100000)]
  0x000001a470c92980 JavaThread "Build operations Thread 11" [_thread_blocked, id=160792, stack(0x000000793b100000,0x000000793b200000)]
  0x000001a470c92e50 JavaThread "Build operations Thread 12" [_thread_blocked, id=155012, stack(0x000000793b200000,0x000000793b300000)]
  0x000001a470c907d0 JavaThread "Build operations Thread 13" [_thread_blocked, id=160940, stack(0x000000793b300000,0x000000793b400000)]
  0x000001a470c8fe30 JavaThread "Build operations Thread 14" [_thread_blocked, id=160536, stack(0x000000793b400000,0x000000793b500000)]
  0x000001a46b8e5250 JavaThread "Build operations Thread 15" [_thread_blocked, id=145644, stack(0x000000793b500000,0x000000793b600000)]
  0x000001a46b8e43e0 JavaThread "Build operations Thread 16" [_thread_blocked, id=162780, stack(0x000000793b600000,0x000000793b700000)]
  0x000001a471267000 JavaThread "WorkerExecutor Queue Thread 3" [_thread_blocked, id=160976, stack(0x000000793b700000,0x000000793b800000)]
  0x000001a4712674d0 JavaThread "WorkerExecutor Queue Thread 4" [_thread_blocked, id=147460, stack(0x000000793b800000,0x000000793b900000)]
  0x000001a471266b30 JavaThread "WorkerExecutor Queue Thread 5" [_thread_blocked, id=154640, stack(0x000000793b900000,0x000000793ba00000)]
  0x000001a471266660 JavaThread "WorkerExecutor Queue Thread 6" [_thread_blocked, id=121600, stack(0x000000793ba00000,0x000000793bb00000)]
  0x000001a471265cc0 JavaThread "WorkerExecutor Queue Thread 7" [_thread_blocked, id=160968, stack(0x000000793bb00000,0x000000793bc00000)]
  0x000001a470cd1cf0 JavaThread "WorkerExecutor Queue Thread 8" [_thread_blocked, id=157368, stack(0x000000793bc00000,0x000000793bd00000)]
  0x000001a470cd21c0 JavaThread "WorkerExecutor Queue Thread 9" [_thread_blocked, id=149932, stack(0x000000793bd00000,0x000000793be00000)]
  0x000001a470cd3500 JavaThread "WorkerExecutor Queue Thread 10" [_thread_blocked, id=159192, stack(0x000000793be00000,0x000000793bf00000)]
  0x000001a470cd39d0 JavaThread "WorkerExecutor Queue Thread 11" [_thread_blocked, id=145708, stack(0x000000793bf00000,0x000000793c000000)]
  0x000001a472218dd0 JavaThread "WorkerExecutor Queue Thread 12" [_thread_blocked, id=160504, stack(0x000000793c000000,0x000000793c100000)]
  0x000001a4724f02e0 JavaThread "WorkerExecutor Queue Thread 13" [_thread_blocked, id=159112, stack(0x000000793c100000,0x000000793c200000)]
  0x000001a4724f1af0 JavaThread "WorkerExecutor Queue Thread 14" [_thread_blocked, id=67616, stack(0x000000793c200000,0x000000793c300000)]
  0x000001a4724f1fc0 JavaThread "WorkerExecutor Queue Thread 15" [_thread_blocked, id=156404, stack(0x000000793c300000,0x000000793c400000)]
  0x000001a4724f0c80 JavaThread "WorkerExecutor Queue Thread 16" [_thread_blocked, id=75072, stack(0x000000793c400000,0x000000793c500000)]
  0x000001a4724f2490 JavaThread "WorkerExecutor Queue Thread 17" [_thread_blocked, id=152252, stack(0x000000793c500000,0x000000793c600000)]
  0x000001a470a87f50 JavaThread "C1 CompilerThread2" daemon [_thread_blocked, id=113908, stack(0x000000793c600000,0x000000793c700000)]

Other Threads:
=>0x000001a462b61bd0 VMThread "VM Thread" [stack: 0x0000007929300000,0x0000007929400000] [id=126504]
  0x000001a463644bf0 WatcherThread [stack: 0x000000792a100000,0x000000792a200000] [id=155076]
  0x000001a4481ff730 GCTaskThread "GC Thread#0" [stack: 0x0000007928e00000,0x0000007928f00000] [id=151584]
  0x000001a4643ab450 GCTaskThread "GC Thread#1" [stack: 0x000000792a300000,0x000000792a400000] [id=145028]
  0x000001a4643ab700 GCTaskThread "GC Thread#2" [stack: 0x000000792a400000,0x000000792a500000] [id=121864]
  0x000001a4643abdc0 GCTaskThread "GC Thread#3" [stack: 0x000000792a500000,0x000000792a600000] [id=152952]
  0x000001a463bc1ff0 GCTaskThread "GC Thread#4" [stack: 0x000000792a600000,0x000000792a700000] [id=39792]
  0x000001a464b10e90 GCTaskThread "GC Thread#5" [stack: 0x000000792b200000,0x000000792b300000] [id=134984]
  0x000001a4667b2040 GCTaskThread "GC Thread#6" [stack: 0x000000792b300000,0x000000792b400000] [id=150012]
  0x000001a4667b22f0 GCTaskThread "GC Thread#7" [stack: 0x000000792b400000,0x000000792b500000] [id=146084]
  0x000001a4667b25a0 GCTaskThread "GC Thread#8" [stack: 0x000000792b500000,0x000000792b600000] [id=149416]
  0x000001a4667b2850 GCTaskThread "GC Thread#9" [stack: 0x000000792b600000,0x000000792b700000] [id=150108]
  0x000001a466301900 GCTaskThread "GC Thread#10" [stack: 0x000000792b700000,0x000000792b800000] [id=150748]
  0x000001a466301e60 GCTaskThread "GC Thread#11" [stack: 0x000000792b800000,0x000000792b900000] [id=152564]
  0x000001a466302670 GCTaskThread "GC Thread#12" [stack: 0x000000792b900000,0x000000792ba00000] [id=158660]
  0x000001a448210670 ConcurrentGCThread "G1 Main Marker" [stack: 0x0000007928f00000,0x0000007929000000] [id=93484]
  0x000001a448211820 ConcurrentGCThread "G1 Conc#0" [stack: 0x0000007929000000,0x0000007929100000] [id=151588]
  0x000001a4663023c0 ConcurrentGCThread "G1 Conc#1" [stack: 0x000000792ba00000,0x000000792bb00000] [id=154968]
  0x000001a466302110 ConcurrentGCThread "G1 Conc#2" [stack: 0x000000792bb00000,0x000000792bc00000] [id=94260]
  0x000001a44825de60 ConcurrentGCThread "G1 Refine#0" [stack: 0x0000007929100000,0x0000007929200000] [id=137984]
  0x000001a46d9038f0 ConcurrentGCThread "G1 Refine#1" [stack: 0x0000007939300000,0x0000007939400000] [id=100468]
  0x000001a46c3cacf0 ConcurrentGCThread "G1 Refine#2" [stack: 0x0000007939400000,0x0000007939500000] [id=147320]
  0x000001a4648d7bb0 ConcurrentGCThread "G1 Refine#3" [stack: 0x0000007939500000,0x0000007939600000] [id=151028]
  0x000001a4648d78d0 ConcurrentGCThread "G1 Refine#4" [stack: 0x0000007939600000,0x0000007939700000] [id=150684]
  0x000001a46ce9bf00 ConcurrentGCThread "G1 Refine#5" [stack: 0x0000007939700000,0x0000007939800000] [id=148768]
  0x000001a46daf6d20 ConcurrentGCThread "G1 Refine#6" [stack: 0x0000007939800000,0x0000007939900000] [id=46132]
  0x000001a46c346c80 ConcurrentGCThread "G1 Refine#7" [stack: 0x0000007939900000,0x0000007939a00000] [id=157788]
  0x000001a463caeca0 ConcurrentGCThread "G1 Refine#8" [stack: 0x0000007939a00000,0x0000007939b00000] [id=147316]
  0x000001a46d902600 ConcurrentGCThread "G1 Refine#9" [stack: 0x0000007939b00000,0x0000007939c00000] [id=92596]
  0x000001a46b7042c0 ConcurrentGCThread "G1 Refine#10" [stack: 0x0000007939c00000,0x0000007939d00000] [id=151796]
  0x000001a46b477ba0 ConcurrentGCThread "G1 Refine#11" [stack: 0x0000007939d00000,0x0000007939e00000] [id=158624]
  0x000001a44825e880 ConcurrentGCThread "G1 Service" [stack: 0x0000007929200000,0x0000007929300000] [id=153784]

Threads with active compile tasks:
C2 CompilerThread0  4932746 28639       4       com.android.tools.r8.internal.B8::b (169 bytes)
C1 CompilerThread2  4932746 28951 %     3       com.android.tools.r8.ir.regalloc.c::d @ 97 (184 bytes)

VM state: at safepoint (normal execution)

VM Mutex/Monitor currently owned by a thread:  ([mutex/lock_event])
[0x000001a44819e090] Threads_lock - owner thread: 0x000001a462b61bd0
[0x000001a44819e750] Heap_lock - owner thread: 0x000001a471267000

Heap address: 0x0000000080000000, size: 2048 MB, Compressed Oops mode: 32-bit

CDS archive(s) not mapped
Compressed class space mapped at: 0x0000000100000000-0x0000000140000000, reserved size: 1073741824
Narrow klass base: 0x0000000000000000, Narrow klass shift: 3, Narrow klass range: 0x140000000

GC Precious Log:
 CPUs: 16 total, 16 available
 Memory: 15557M
 Large Page Support: Disabled
 NUMA Support: Disabled
 Compressed Oops: Enabled (32-bit)
 Heap Region Size: 1M
 Heap Min Capacity: 8M
 Heap Initial Capacity: 244M
 Heap Max Capacity: 2G
 Pre-touch: Disabled
 Parallel Workers: 13
 Concurrent Workers: 3
 Concurrent Refinement Workers: 13
 Periodic GC: Disabled

Heap:
 garbage-first heap   total 626688K, used 221859K [0x0000000080000000, 0x0000000100000000)
  region size 1024K, 9 young (9216K), 9 survivors (9216K)
 Metaspace       used 143051K, committed 144128K, reserved 1179648K
  class space    used 19628K, committed 20160K, reserved 1048576K

Heap Regions: E=young(eden), S=young(survivor), O=old, HS=humongous(starts), HC=humongous(continues), CS=collection set, F=free, OA=open archive, CA=closed archive, TAMS=top-at-mark-start (previous, next)
|   0|0x0000000080000000, 0x0000000080100000, 0x0000000080100000|100%|HS|  |TAMS 0x0000000080100000, 0x0000000080100000| Complete 
|   1|0x0000000080100000, 0x0000000080200000, 0x0000000080200000|100%|HC|  |TAMS 0x0000000080200000, 0x0000000080200000| Complete 
|   2|0x0000000080200000, 0x0000000080300000, 0x0000000080300000|100%|HC|  |TAMS 0x0000000080300000, 0x0000000080300000| Complete 
|   3|0x0000000080300000, 0x0000000080400000, 0x0000000080400000|100%|HC|  |TAMS 0x0000000080400000, 0x0000000080400000| Complete 
|   4|0x0000000080400000, 0x0000000080500000, 0x0000000080500000|100%| O|  |TAMS 0x0000000080500000, 0x0000000080500000| Untracked 
|   5|0x0000000080500000, 0x0000000080600000, 0x0000000080600000|100%| O|  |TAMS 0x0000000080600000, 0x0000000080600000| Untracked 
|   6|0x0000000080600000, 0x0000000080700000, 0x0000000080700000|100%| O|  |TAMS 0x0000000080700000, 0x0000000080700000| Untracked 
|   7|0x0000000080700000, 0x0000000080800000, 0x0000000080800000|100%| O|  |TAMS 0x0000000080800000, 0x0000000080800000| Untracked 
|   8|0x0000000080800000, 0x0000000080900000, 0x0000000080900000|100%| O|  |TAMS 0x0000000080900000, 0x0000000080900000| Untracked 
|   9|0x0000000080900000, 0x0000000080a00000, 0x0000000080a00000|100%| O|  |TAMS 0x0000000080a00000, 0x0000000080a00000| Untracked 
|  10|0x0000000080a00000, 0x0000000080af9c00, 0x0000000080b00000| 97%| O|  |TAMS 0x0000000080af9c00, 0x0000000080af9c00| Untracked 
|  11|0x0000000080b00000, 0x0000000080c00000, 0x0000000080c00000|100%| O|  |TAMS 0x0000000080c00000, 0x0000000080c00000| Untracked 
|  12|0x0000000080c00000, 0x0000000080d00000, 0x0000000080d00000|100%| O|  |TAMS 0x0000000080d00000, 0x0000000080d00000| Untracked 
|  13|0x0000000080d00000, 0x0000000080e00000, 0x0000000080e00000|100%| O|  |TAMS 0x0000000080e00000, 0x0000000080e00000| Untracked 
|  14|0x0000000080e00000, 0x0000000080f00000, 0x0000000080f00000|100%| O|  |TAMS 0x0000000080f00000, 0x0000000080f00000| Untracked 
|  15|0x0000000080f00000, 0x0000000081000000, 0x0000000081000000|100%| O|  |TAMS 0x0000000081000000, 0x0000000081000000| Untracked 
|  16|0x0000000081000000, 0x0000000081100000, 0x0000000081100000|100%| O|  |TAMS 0x0000000081100000, 0x0000000081100000| Untracked 
|  17|0x0000000081100000, 0x0000000081200000, 0x0000000081200000|100%| O|  |TAMS 0x0000000081200000, 0x0000000081200000| Untracked 
|  18|0x0000000081200000, 0x0000000081300000, 0x0000000081300000|100%| O|  |TAMS 0x0000000081300000, 0x0000000081300000| Untracked 
|  19|0x0000000081300000, 0x0000000081400000, 0x0000000081400000|100%| O|  |TAMS 0x0000000081400000, 0x0000000081400000| Untracked 
|  20|0x0000000081400000, 0x0000000081500000, 0x0000000081500000|100%| O|  |TAMS 0x0000000081500000, 0x0000000081500000| Untracked 
|  21|0x0000000081500000, 0x0000000081600000, 0x0000000081600000|100%| O|  |TAMS 0x0000000081600000, 0x0000000081600000| Untracked 
|  22|0x0000000081600000, 0x0000000081700000, 0x0000000081700000|100%| O|  |TAMS 0x0000000081700000, 0x0000000081700000| Untracked 
|  23|0x0000000081700000, 0x0000000081800000, 0x0000000081800000|100%| O|  |TAMS 0x0000000081800000, 0x0000000081800000| Untracked 
|  24|0x0000000081800000, 0x0000000081900000, 0x0000000081900000|100%| O|  |TAMS 0x0000000081900000, 0x0000000081900000| Untracked 
|  25|0x0000000081900000, 0x0000000081a00000, 0x0000000081a00000|100%| O|  |TAMS 0x0000000081a00000, 0x0000000081a00000| Untracked 
|  26|0x0000000081a00000, 0x0000000081b00000, 0x0000000081b00000|100%| O|  |TAMS 0x0000000081b00000, 0x0000000081b00000| Untracked 
|  27|0x0000000081b00000, 0x0000000081c00000, 0x0000000081c00000|100%| O|  |TAMS 0x0000000081c00000, 0x0000000081c00000| Untracked 
|  28|0x0000000081c00000, 0x0000000081d00000, 0x0000000081d00000|100%| O|  |TAMS 0x0000000081d00000, 0x0000000081d00000| Untracked 
|  29|0x0000000081d00000, 0x0000000081e00000, 0x0000000081e00000|100%| O|  |TAMS 0x0000000081e00000, 0x0000000081e00000| Untracked 
|  30|0x0000000081e00000, 0x0000000081f00000, 0x0000000081f00000|100%| O|  |TAMS 0x0000000081f00000, 0x0000000081f00000| Untracked 
|  31|0x0000000081f00000, 0x0000000081f00000, 0x0000000082000000|  0%| F|  |TAMS 0x0000000081f00000, 0x0000000081f00000| Untracked 
|  32|0x0000000082000000, 0x0000000082100000, 0x0000000082100000|100%| O|  |TAMS 0x0000000082100000, 0x0000000082100000| Untracked 
|  33|0x0000000082100000, 0x0000000082200000, 0x0000000082200000|100%| O|  |TAMS 0x0000000082200000, 0x0000000082200000| Untracked 
|  34|0x0000000082200000, 0x0000000082300000, 0x0000000082300000|100%| O|  |TAMS 0x0000000082300000, 0x0000000082300000| Untracked 
|  35|0x0000000082300000, 0x0000000082400000, 0x0000000082400000|100%| O|  |TAMS 0x0000000082400000, 0x0000000082400000| Untracked 
|  36|0x0000000082400000, 0x0000000082400000, 0x0000000082500000|  0%| F|  |TAMS 0x0000000082400000, 0x0000000082400000| Untracked 
|  37|0x0000000082500000, 0x0000000082600000, 0x0000000082600000|100%|HS|  |TAMS 0x0000000082600000, 0x0000000082600000| Complete 
|  38|0x0000000082600000, 0x0000000082700000, 0x0000000082700000|100%|HS|  |TAMS 0x0000000082700000, 0x0000000082700000| Complete 
|  39|0x0000000082700000, 0x0000000082800000, 0x0000000082800000|100%| O|  |TAMS 0x0000000082800000, 0x0000000082800000| Untracked 
|  40|0x0000000082800000, 0x0000000082900000, 0x0000000082900000|100%| O|  |TAMS 0x0000000082800000, 0x0000000082900000| Untracked 
|  41|0x0000000082900000, 0x0000000082a00000, 0x0000000082a00000|100%|HS|  |TAMS 0x0000000082a00000, 0x0000000082a00000| Complete 
|  42|0x0000000082a00000, 0x0000000082b00000, 0x0000000082b00000|100%| O|  |TAMS 0x0000000082b00000, 0x0000000082b00000| Untracked 
|  43|0x0000000082b00000, 0x0000000082c00000, 0x0000000082c00000|100%|HS|  |TAMS 0x0000000082c00000, 0x0000000082c00000| Complete 
|  44|0x0000000082c00000, 0x0000000082d00000, 0x0000000082d00000|100%|HC|  |TAMS 0x0000000082d00000, 0x0000000082d00000| Complete 
|  45|0x0000000082d00000, 0x0000000082e00000, 0x0000000082e00000|100%| O|  |TAMS 0x0000000082e00000, 0x0000000082e00000| Untracked 
|  46|0x0000000082e00000, 0x0000000082f00000, 0x0000000082f00000|100%|HS|  |TAMS 0x0000000082f00000, 0x0000000082f00000| Complete 
|  47|0x0000000082f00000, 0x0000000083000000, 0x0000000083000000|100%|HC|  |TAMS 0x0000000083000000, 0x0000000083000000| Complete 
|  48|0x0000000083000000, 0x0000000083100000, 0x0000000083100000|100%|HC|  |TAMS 0x0000000083100000, 0x0000000083100000| Complete 
|  49|0x0000000083100000, 0x0000000083200000, 0x0000000083200000|100%|HC|  |TAMS 0x0000000083200000, 0x0000000083200000| Complete 
|  50|0x0000000083200000, 0x0000000083300000, 0x0000000083300000|100%| O|  |TAMS 0x0000000083300000, 0x0000000083300000| Untracked 
|  51|0x0000000083300000, 0x0000000083400000, 0x0000000083400000|100%| O|  |TAMS 0x0000000083400000, 0x0000000083400000| Untracked 
|  52|0x0000000083400000, 0x0000000083500000, 0x0000000083500000|100%| O|  |TAMS 0x0000000083500000, 0x0000000083500000| Untracked 
|  53|0x0000000083500000, 0x0000000083600000, 0x0000000083600000|100%| O|  |TAMS 0x0000000083600000, 0x0000000083600000| Untracked 
|  54|0x0000000083600000, 0x0000000083700000, 0x0000000083700000|100%| O|  |TAMS 0x0000000083700000, 0x0000000083700000| Untracked 
|  55|0x0000000083700000, 0x0000000083800000, 0x0000000083800000|100%| O|  |TAMS 0x0000000083800000, 0x0000000083800000| Untracked 
|  56|0x0000000083800000, 0x0000000083900000, 0x0000000083900000|100%| O|  |TAMS 0x0000000083900000, 0x0000000083900000| Untracked 
|  57|0x0000000083900000, 0x0000000083a00000, 0x0000000083a00000|100%| O|  |TAMS 0x0000000083a00000, 0x0000000083a00000| Untracked 
|  58|0x0000000083a00000, 0x0000000083b00000, 0x0000000083b00000|100%| O|  |TAMS 0x0000000083b00000, 0x0000000083b00000| Untracked 
|  59|0x0000000083b00000, 0x0000000083b00000, 0x0000000083c00000|  0%| F|  |TAMS 0x0000000083b00000, 0x0000000083b00000| Untracked 
|  60|0x0000000083c00000, 0x0000000083d00000, 0x0000000083d00000|100%| O|  |TAMS 0x0000000083d00000, 0x0000000083d00000| Untracked 
|  61|0x0000000083d00000, 0x0000000083e00000, 0x0000000083e00000|100%| O|  |TAMS 0x0000000083e00000, 0x0000000083e00000| Untracked 
|  62|0x0000000083e00000, 0x0000000083e00000, 0x0000000083f00000|  0%| F|  |TAMS 0x0000000083e00000, 0x0000000083e00000| Untracked 
|  63|0x0000000083f00000, 0x0000000083f00000, 0x0000000084000000|  0%| F|  |TAMS 0x0000000083f00000, 0x0000000083f00000| Untracked 
|  64|0x0000000084000000, 0x0000000084000000, 0x0000000084100000|  0%| F|  |TAMS 0x0000000084000000, 0x0000000084000000| Untracked 
|  65|0x0000000084100000, 0x0000000084200000, 0x0000000084200000|100%| O|  |TAMS 0x0000000084200000, 0x0000000084200000| Untracked 
|  66|0x0000000084200000, 0x0000000084300000, 0x0000000084300000|100%| O|  |TAMS 0x0000000084300000, 0x0000000084300000| Untracked 
|  67|0x0000000084300000, 0x0000000084300000, 0x0000000084400000|  0%| F|  |TAMS 0x0000000084300000, 0x0000000084300000| Untracked 
|  68|0x0000000084400000, 0x0000000084500000, 0x0000000084500000|100%| O|  |TAMS 0x0000000084400000, 0x0000000084500000| Untracked 
|  69|0x0000000084500000, 0x0000000084600000, 0x0000000084600000|100%| O|  |TAMS 0x0000000084600000, 0x0000000084600000| Untracked 
|  70|0x0000000084600000, 0x0000000084700000, 0x0000000084700000|100%| O|  |TAMS 0x0000000084700000, 0x0000000084700000| Untracked 
|  71|0x0000000084700000, 0x0000000084700000, 0x0000000084800000|  0%| F|  |TAMS 0x0000000084700000, 0x0000000084700000| Untracked 
|  72|0x0000000084800000, 0x0000000084900000, 0x0000000084900000|100%| O|  |TAMS 0x0000000084900000, 0x0000000084900000| Untracked 
|  73|0x0000000084900000, 0x0000000084a00000, 0x0000000084a00000|100%| O|  |TAMS 0x0000000084900000, 0x0000000084a00000| Untracked 
|  74|0x0000000084a00000, 0x0000000084b00000, 0x0000000084b00000|100%| O|  |TAMS 0x0000000084a00000, 0x0000000084b00000| Untracked 
|  75|0x0000000084b00000, 0x0000000084c00000, 0x0000000084c00000|100%| O|  |TAMS 0x0000000084b00000, 0x0000000084c00000| Untracked 
|  76|0x0000000084c00000, 0x0000000084d00000, 0x0000000084d00000|100%| O|  |TAMS 0x0000000084d00000, 0x0000000084d00000| Untracked 
|  77|0x0000000084d00000, 0x0000000084d00000, 0x0000000084e00000|  0%| F|  |TAMS 0x0000000084d00000, 0x0000000084d00000| Untracked 
|  78|0x0000000084e00000, 0x0000000084f00000, 0x0000000084f00000|100%| O|  |TAMS 0x0000000084e00000, 0x0000000084f00000| Untracked 
|  79|0x0000000084f00000, 0x0000000085000000, 0x0000000085000000|100%| O|  |TAMS 0x0000000084f00000, 0x0000000085000000| Untracked 
|  80|0x0000000085000000, 0x0000000085100000, 0x0000000085100000|100%| O|  |TAMS 0x0000000085000000, 0x0000000085100000| Untracked 
|  81|0x0000000085100000, 0x0000000085200000, 0x0000000085200000|100%| O|  |TAMS 0x0000000085100000, 0x0000000085200000| Untracked 
|  82|0x0000000085200000, 0x0000000085300000, 0x0000000085300000|100%| O|  |TAMS 0x0000000085200000, 0x0000000085300000| Untracked 
|  83|0x0000000085300000, 0x0000000085400000, 0x0000000085400000|100%| O|  |TAMS 0x0000000085400000, 0x0000000085400000| Untracked 
|  84|0x0000000085400000, 0x0000000085500000, 0x0000000085500000|100%| O|  |TAMS 0x0000000085500000, 0x0000000085500000| Untracked 
|  85|0x0000000085500000, 0x0000000085500000, 0x0000000085600000|  0%| F|  |TAMS 0x0000000085500000, 0x0000000085500000| Untracked 
|  86|0x0000000085600000, 0x0000000085700000, 0x0000000085700000|100%| O|  |TAMS 0x0000000085600000, 0x0000000085700000| Untracked 
|  87|0x0000000085700000, 0x0000000085800000, 0x0000000085800000|100%| O|  |TAMS 0x0000000085700000, 0x0000000085800000| Untracked 
|  88|0x0000000085800000, 0x0000000085900000, 0x0000000085900000|100%| O|  |TAMS 0x0000000085900000, 0x0000000085900000| Untracked 
|  89|0x0000000085900000, 0x0000000085a00000, 0x0000000085a00000|100%| O|  |TAMS 0x0000000085a00000, 0x0000000085a00000| Untracked 
|  90|0x0000000085a00000, 0x0000000085b00000, 0x0000000085b00000|100%| O|  |TAMS 0x0000000085b00000, 0x0000000085b00000| Untracked 
|  91|0x0000000085b00000, 0x0000000085c00000, 0x0000000085c00000|100%| O|  |TAMS 0x0000000085c00000, 0x0000000085c00000| Untracked 
|  92|0x0000000085c00000, 0x0000000085d00000, 0x0000000085d00000|100%| O|  |TAMS 0x0000000085d00000, 0x0000000085d00000| Untracked 
|  93|0x0000000085d00000, 0x0000000085e00000, 0x0000000085e00000|100%| O|  |TAMS 0x0000000085d00000, 0x0000000085e00000| Untracked 
|  94|0x0000000085e00000, 0x0000000085f00000, 0x0000000085f00000|100%| O|  |TAMS 0x0000000085f00000, 0x0000000085f00000| Untracked 
|  95|0x0000000085f00000, 0x0000000086000000, 0x0000000086000000|100%| O|  |TAMS 0x0000000086000000, 0x0000000086000000| Untracked 
|  96|0x0000000086000000, 0x0000000086100000, 0x0000000086100000|100%| O|  |TAMS 0x0000000086100000, 0x0000000086100000| Untracked 
|  97|0x0000000086100000, 0x0000000086200000, 0x0000000086200000|100%| O|  |TAMS 0x0000000086200000, 0x0000000086200000| Untracked 
|  98|0x0000000086200000, 0x0000000086300000, 0x0000000086300000|100%| O|  |TAMS 0x0000000086300000, 0x0000000086300000| Untracked 
|  99|0x0000000086300000, 0x0000000086400000, 0x0000000086400000|100%| O|  |TAMS 0x0000000086400000, 0x0000000086400000| Untracked 
| 100|0x0000000086400000, 0x0000000086500000, 0x0000000086500000|100%| O|  |TAMS 0x0000000086500000, 0x0000000086500000| Untracked 
| 101|0x0000000086500000, 0x0000000086600000, 0x0000000086600000|100%| O|  |TAMS 0x0000000086600000, 0x0000000086600000| Untracked 
| 102|0x0000000086600000, 0x0000000086700000, 0x0000000086700000|100%| O|  |TAMS 0x0000000086700000, 0x0000000086700000| Untracked 
| 103|0x0000000086700000, 0x0000000086800000, 0x0000000086800000|100%| O|  |TAMS 0x0000000086800000, 0x0000000086800000| Untracked 
| 104|0x0000000086800000, 0x0000000086900000, 0x0000000086900000|100%| O|  |TAMS 0x0000000086900000, 0x0000000086900000| Untracked 
| 105|0x0000000086900000, 0x0000000086a00000, 0x0000000086a00000|100%| O|  |TAMS 0x0000000086a00000, 0x0000000086a00000| Untracked 
| 106|0x0000000086a00000, 0x0000000086a00000, 0x0000000086b00000|  0%| F|  |TAMS 0x0000000086a00000, 0x0000000086a00000| Untracked 
| 107|0x0000000086b00000, 0x0000000086c00000, 0x0000000086c00000|100%| O|  |TAMS 0x0000000086c00000, 0x0000000086c00000| Untracked 
| 108|0x0000000086c00000, 0x0000000086d00000, 0x0000000086d00000|100%| O|  |TAMS 0x0000000086c00000, 0x0000000086d00000| Untracked 
| 109|0x0000000086d00000, 0x0000000086e00000, 0x0000000086e00000|100%| O|  |TAMS 0x0000000086e00000, 0x0000000086e00000| Untracked 
| 110|0x0000000086e00000, 0x0000000086f00000, 0x0000000086f00000|100%| O|  |TAMS 0x0000000086f00000, 0x0000000086f00000| Untracked 
| 111|0x0000000086f00000, 0x0000000087000000, 0x0000000087000000|100%| O|  |TAMS 0x0000000087000000, 0x0000000087000000| Untracked 
| 112|0x0000000087000000, 0x0000000087100000, 0x0000000087100000|100%| O|  |TAMS 0x0000000087000000, 0x0000000087100000| Untracked 
| 113|0x0000000087100000, 0x0000000087200000, 0x0000000087200000|100%| O|  |TAMS 0x0000000087200000, 0x0000000087200000| Untracked 
| 114|0x0000000087200000, 0x0000000087300000, 0x0000000087300000|100%| O|  |TAMS 0x0000000087300000, 0x0000000087300000| Untracked 
| 115|0x0000000087300000, 0x0000000087400000, 0x0000000087400000|100%| O|  |TAMS 0x0000000087400000, 0x0000000087400000| Untracked 
| 116|0x0000000087400000, 0x0000000087500000, 0x0000000087500000|100%| O|  |TAMS 0x0000000087500000, 0x0000000087500000| Untracked 
| 117|0x0000000087500000, 0x0000000087600000, 0x0000000087600000|100%| O|  |TAMS 0x0000000087600000, 0x0000000087600000| Untracked 
| 118|0x0000000087600000, 0x0000000087700000, 0x0000000087700000|100%| O|  |TAMS 0x0000000087700000, 0x0000000087700000| Untracked 
| 119|0x0000000087700000, 0x0000000087800000, 0x0000000087800000|100%| O|  |TAMS 0x0000000087800000, 0x0000000087800000| Untracked 
| 120|0x0000000087800000, 0x0000000087900000, 0x0000000087900000|100%| O|  |TAMS 0x0000000087900000, 0x0000000087900000| Untracked 
| 121|0x0000000087900000, 0x0000000087a00000, 0x0000000087a00000|100%| O|  |TAMS 0x0000000087a00000, 0x0000000087a00000| Untracked 
| 122|0x0000000087a00000, 0x0000000087b00000, 0x0000000087b00000|100%| O|  |TAMS 0x0000000087b00000, 0x0000000087b00000| Untracked 
| 123|0x0000000087b00000, 0x0000000087c00000, 0x0000000087c00000|100%| O|  |TAMS 0x0000000087c00000, 0x0000000087c00000| Untracked 
| 124|0x0000000087c00000, 0x0000000087d00000, 0x0000000087d00000|100%| O|  |TAMS 0x0000000087d00000, 0x0000000087d00000| Untracked 
| 125|0x0000000087d00000, 0x0000000087e00000, 0x0000000087e00000|100%| O|  |TAMS 0x0000000087e00000, 0x0000000087e00000| Untracked 
| 126|0x0000000087e00000, 0x0000000087f00000, 0x0000000087f00000|100%| O|  |TAMS 0x0000000087f00000, 0x0000000087f00000| Untracked 
| 127|0x0000000087f00000, 0x0000000088000000, 0x0000000088000000|100%| O|  |TAMS 0x0000000088000000, 0x0000000088000000| Untracked 
| 128|0x0000000088000000, 0x0000000088100000, 0x0000000088100000|100%| O|  |TAMS 0x0000000088100000, 0x0000000088100000| Untracked 
| 129|0x0000000088100000, 0x0000000088200000, 0x0000000088200000|100%| O|  |TAMS 0x0000000088200000, 0x0000000088200000| Untracked 
| 130|0x0000000088200000, 0x0000000088300000, 0x0000000088300000|100%| O|  |TAMS 0x0000000088300000, 0x0000000088300000| Untracked 
| 131|0x0000000088300000, 0x0000000088400000, 0x0000000088400000|100%| O|  |TAMS 0x0000000088400000, 0x0000000088400000| Untracked 
| 132|0x0000000088400000, 0x0000000088400000, 0x0000000088500000|  0%| F|  |TAMS 0x0000000088400000, 0x0000000088400000| Untracked 
| 133|0x0000000088500000, 0x0000000088600000, 0x0000000088600000|100%| O|  |TAMS 0x0000000088600000, 0x0000000088600000| Untracked 
| 134|0x0000000088600000, 0x0000000088700000, 0x0000000088700000|100%| O|  |TAMS 0x0000000088600000, 0x0000000088700000| Untracked 
| 135|0x0000000088700000, 0x0000000088800000, 0x0000000088800000|100%| O|  |TAMS 0x0000000088700000, 0x0000000088800000| Untracked 
| 136|0x0000000088800000, 0x0000000088900000, 0x0000000088900000|100%| O|  |TAMS 0x0000000088900000, 0x0000000088900000| Untracked 
| 137|0x0000000088900000, 0x0000000088a00000, 0x0000000088a00000|100%| O|  |TAMS 0x0000000088a00000, 0x0000000088a00000| Untracked 
| 138|0x0000000088a00000, 0x0000000088b00000, 0x0000000088b00000|100%| O|  |TAMS 0x0000000088b00000, 0x0000000088b00000| Untracked 
| 139|0x0000000088b00000, 0x0000000088c00000, 0x0000000088c00000|100%| O|  |TAMS 0x0000000088b00000, 0x0000000088c00000| Untracked 
| 140|0x0000000088c00000, 0x0000000088d00000, 0x0000000088d00000|100%| O|  |TAMS 0x0000000088d00000, 0x0000000088d00000| Untracked 
| 141|0x0000000088d00000, 0x0000000088e00000, 0x0000000088e00000|100%| O|  |TAMS 0x0000000088e00000, 0x0000000088e00000| Untracked 
| 142|0x0000000088e00000, 0x0000000088f00000, 0x0000000088f00000|100%| O|  |TAMS 0x0000000088f00000, 0x0000000088f00000| Untracked 
| 143|0x0000000088f00000, 0x0000000089000000, 0x0000000089000000|100%| O|  |TAMS 0x0000000089000000, 0x0000000089000000| Untracked 
| 144|0x0000000089000000, 0x0000000089100000, 0x0000000089100000|100%| O|  |TAMS 0x0000000089100000, 0x0000000089100000| Untracked 
| 145|0x0000000089100000, 0x0000000089200000, 0x0000000089200000|100%| O|  |TAMS 0x0000000089200000, 0x0000000089200000| Untracked 
| 146|0x0000000089200000, 0x0000000089300000, 0x0000000089300000|100%| O|  |TAMS 0x0000000089300000, 0x0000000089300000| Untracked 
| 147|0x0000000089300000, 0x0000000089400000, 0x0000000089400000|100%| O|  |TAMS 0x0000000089400000, 0x0000000089400000| Untracked 
| 148|0x0000000089400000, 0x0000000089500000, 0x0000000089500000|100%| O|  |TAMS 0x0000000089500000, 0x0000000089500000| Untracked 
| 149|0x0000000089500000, 0x0000000089600000, 0x0000000089600000|100%| O|  |TAMS 0x0000000089600000, 0x0000000089600000| Untracked 
| 150|0x0000000089600000, 0x0000000089700000, 0x0000000089700000|100%| O|  |TAMS 0x0000000089700000, 0x0000000089700000| Untracked 
| 151|0x0000000089700000, 0x0000000089800000, 0x0000000089800000|100%| O|  |TAMS 0x0000000089800000, 0x0000000089800000| Untracked 
| 152|0x0000000089800000, 0x0000000089900000, 0x0000000089900000|100%| O|  |TAMS 0x0000000089900000, 0x0000000089900000| Untracked 
| 153|0x0000000089900000, 0x0000000089a00000, 0x0000000089a00000|100%| O|  |TAMS 0x0000000089a00000, 0x0000000089a00000| Untracked 
| 154|0x0000000089a00000, 0x0000000089b00000, 0x0000000089b00000|100%| O|  |TAMS 0x0000000089b00000, 0x0000000089b00000| Untracked 
| 155|0x0000000089b00000, 0x0000000089c00000, 0x0000000089c00000|100%| O|  |TAMS 0x0000000089c00000, 0x0000000089c00000| Untracked 
| 156|0x0000000089c00000, 0x0000000089d00000, 0x0000000089d00000|100%| O|  |TAMS 0x0000000089d00000, 0x0000000089d00000| Untracked 
| 157|0x0000000089d00000, 0x0000000089e00000, 0x0000000089e00000|100%| O|  |TAMS 0x0000000089e00000, 0x0000000089e00000| Untracked 
| 158|0x0000000089e00000, 0x0000000089f00000, 0x0000000089f00000|100%| O|  |TAMS 0x0000000089f00000, 0x0000000089f00000| Untracked 
| 159|0x0000000089f00000, 0x000000008a000000, 0x000000008a000000|100%| O|  |TAMS 0x000000008a000000, 0x000000008a000000| Untracked 
| 160|0x000000008a000000, 0x000000008a100000, 0x000000008a100000|100%| O|  |TAMS 0x000000008a100000, 0x000000008a100000| Untracked 
| 161|0x000000008a100000, 0x000000008a200000, 0x000000008a200000|100%| O|  |TAMS 0x000000008a200000, 0x000000008a200000| Untracked 
| 162|0x000000008a200000, 0x000000008a300000, 0x000000008a300000|100%| O|  |TAMS 0x000000008a300000, 0x000000008a300000| Untracked 
| 163|0x000000008a300000, 0x000000008a400000, 0x000000008a400000|100%| O|  |TAMS 0x000000008a400000, 0x000000008a400000| Untracked 
| 164|0x000000008a400000, 0x000000008a500000, 0x000000008a500000|100%| O|  |TAMS 0x000000008a500000, 0x000000008a500000| Untracked 
| 165|0x000000008a500000, 0x000000008a600000, 0x000000008a600000|100%| O|  |TAMS 0x000000008a600000, 0x000000008a600000| Untracked 
| 166|0x000000008a600000, 0x000000008a700000, 0x000000008a700000|100%| O|  |TAMS 0x000000008a700000, 0x000000008a700000| Untracked 
| 167|0x000000008a700000, 0x000000008a800000, 0x000000008a800000|100%| O|  |TAMS 0x000000008a800000, 0x000000008a800000| Untracked 
| 168|0x000000008a800000, 0x000000008a900000, 0x000000008a900000|100%| O|  |TAMS 0x000000008a900000, 0x000000008a900000| Untracked 
| 169|0x000000008a900000, 0x000000008aa00000, 0x000000008aa00000|100%| O|  |TAMS 0x000000008aa00000, 0x000000008aa00000| Untracked 
| 170|0x000000008aa00000, 0x000000008ab00000, 0x000000008ab00000|100%| O|  |TAMS 0x000000008ab00000, 0x000000008ab00000| Untracked 
| 171|0x000000008ab00000, 0x000000008ac00000, 0x000000008ac00000|100%| O|  |TAMS 0x000000008ac00000, 0x000000008ac00000| Untracked 
| 172|0x000000008ac00000, 0x000000008ad00000, 0x000000008ad00000|100%| O|  |TAMS 0x000000008ac00000, 0x000000008ad00000| Untracked 
| 173|0x000000008ad00000, 0x000000008ae00000, 0x000000008ae00000|100%| O|  |TAMS 0x000000008ae00000, 0x000000008ae00000| Untracked 
| 174|0x000000008ae00000, 0x000000008af00000, 0x000000008af00000|100%| O|  |TAMS 0x000000008af00000, 0x000000008af00000| Untracked 
| 175|0x000000008af00000, 0x000000008b000000, 0x000000008b000000|100%| O|  |TAMS 0x000000008b000000, 0x000000008b000000| Untracked 
| 176|0x000000008b000000, 0x000000008b100000, 0x000000008b100000|100%| O|  |TAMS 0x000000008b100000, 0x000000008b100000| Untracked 
| 177|0x000000008b100000, 0x000000008b200000, 0x000000008b200000|100%| O|  |TAMS 0x000000008b200000, 0x000000008b200000| Untracked 
| 178|0x000000008b200000, 0x000000008b300000, 0x000000008b300000|100%| O|  |TAMS 0x000000008b300000, 0x000000008b300000| Untracked 
| 179|0x000000008b300000, 0x000000008b400000, 0x000000008b400000|100%| O|  |TAMS 0x000000008b400000, 0x000000008b400000| Untracked 
| 180|0x000000008b400000, 0x000000008b500000, 0x000000008b500000|100%| O|  |TAMS 0x000000008b500000, 0x000000008b500000| Untracked 
| 181|0x000000008b500000, 0x000000008b600000, 0x000000008b600000|100%| O|  |TAMS 0x000000008b600000, 0x000000008b600000| Untracked 
| 182|0x000000008b600000, 0x000000008b700000, 0x000000008b700000|100%| O|  |TAMS 0x000000008b700000, 0x000000008b700000| Untracked 
| 183|0x000000008b700000, 0x000000008b800000, 0x000000008b800000|100%| O|  |TAMS 0x000000008b800000, 0x000000008b800000| Untracked 
| 184|0x000000008b800000, 0x000000008b900000, 0x000000008b900000|100%| O|  |TAMS 0x000000008b900000, 0x000000008b900000| Untracked 
| 185|0x000000008b900000, 0x000000008ba00000, 0x000000008ba00000|100%| O|  |TAMS 0x000000008ba00000, 0x000000008ba00000| Untracked 
| 186|0x000000008ba00000, 0x000000008bb00000, 0x000000008bb00000|100%| O|  |TAMS 0x000000008bb00000, 0x000000008bb00000| Untracked 
| 187|0x000000008bb00000, 0x000000008bc00000, 0x000000008bc00000|100%| O|  |TAMS 0x000000008bb00000, 0x000000008bc00000| Untracked 
| 188|0x000000008bc00000, 0x000000008bd00000, 0x000000008bd00000|100%| O|  |TAMS 0x000000008bc00000, 0x000000008bd00000| Untracked 
| 189|0x000000008bd00000, 0x000000008be00000, 0x000000008be00000|100%| O|  |TAMS 0x000000008bd00000, 0x000000008be00000| Untracked 
| 190|0x000000008be00000, 0x000000008bf00000, 0x000000008bf00000|100%| O|  |TAMS 0x000000008bf00000, 0x000000008bf00000| Untracked 
| 191|0x000000008bf00000, 0x000000008c000000, 0x000000008c000000|100%| O|  |TAMS 0x000000008c000000, 0x000000008c000000| Untracked 
| 192|0x000000008c000000, 0x000000008c100000, 0x000000008c100000|100%| O|  |TAMS 0x000000008c100000, 0x000000008c100000| Untracked 
| 193|0x000000008c100000, 0x000000008c200000, 0x000000008c200000|100%| O|  |TAMS 0x000000008c200000, 0x000000008c200000| Untracked 
| 194|0x000000008c200000, 0x000000008c300000, 0x000000008c300000|100%| O|  |TAMS 0x000000008c300000, 0x000000008c300000| Untracked 
| 195|0x000000008c300000, 0x000000008c400000, 0x000000008c400000|100%| O|  |TAMS 0x000000008c400000, 0x000000008c400000| Untracked 
| 196|0x000000008c400000, 0x000000008c500000, 0x000000008c500000|100%| O|  |TAMS 0x000000008c500000, 0x000000008c500000| Untracked 
| 197|0x000000008c500000, 0x000000008c600000, 0x000000008c600000|100%| O|  |TAMS 0x000000008c600000, 0x000000008c600000| Untracked 
| 198|0x000000008c600000, 0x000000008c700000, 0x000000008c700000|100%| O|  |TAMS 0x000000008c700000, 0x000000008c700000| Untracked 
| 199|0x000000008c700000, 0x000000008c800000, 0x000000008c800000|100%| O|  |TAMS 0x000000008c800000, 0x000000008c800000| Untracked 
| 200|0x000000008c800000, 0x000000008c900000, 0x000000008c900000|100%| O|  |TAMS 0x000000008c800000, 0x000000008c900000| Untracked 
| 201|0x000000008c900000, 0x000000008ca00000, 0x000000008ca00000|100%| O|  |TAMS 0x000000008c900000, 0x000000008ca00000| Untracked 
| 202|0x000000008ca00000, 0x000000008cb00000, 0x000000008cb00000|100%| O|  |TAMS 0x000000008cb00000, 0x000000008cb00000| Untracked 
| 203|0x000000008cb00000, 0x000000008cc00000, 0x000000008cc00000|100%| O|  |TAMS 0x000000008cc00000, 0x000000008cc00000| Untracked 
| 204|0x000000008cc00000, 0x000000008cd00000, 0x000000008cd00000|100%| O|  |TAMS 0x000000008cd00000, 0x000000008cd00000| Untracked 
| 205|0x000000008cd00000, 0x000000008ce00000, 0x000000008ce00000|100%| O|  |TAMS 0x000000008ce00000, 0x000000008ce00000| Untracked 
| 206|0x000000008ce00000, 0x000000008cf00000, 0x000000008cf00000|100%| O|  |TAMS 0x000000008ce00000, 0x000000008cf00000| Untracked 
| 207|0x000000008cf00000, 0x000000008cf00000, 0x000000008d000000|  0%| F|  |TAMS 0x000000008cf00000, 0x000000008cf00000| Untracked 
| 208|0x000000008d000000, 0x000000008d000000, 0x000000008d100000|  0%| F|  |TAMS 0x000000008d000000, 0x000000008d000000| Untracked 
| 209|0x000000008d100000, 0x000000008d200000, 0x000000008d200000|100%| O|  |TAMS 0x000000008d1f2a00, 0x000000008d200000| Untracked 
| 210|0x000000008d200000, 0x000000008d300000, 0x000000008d300000|100%| O|  |TAMS 0x000000008d200000, 0x000000008d300000| Untracked 
| 211|0x000000008d300000, 0x000000008d400000, 0x000000008d400000|100%| O|  |TAMS 0x000000008d300000, 0x000000008d400000| Untracked 
| 212|0x000000008d400000, 0x000000008d500000, 0x000000008d500000|100%| O|  |TAMS 0x000000008d400000, 0x000000008d500000| Untracked 
| 213|0x000000008d500000, 0x000000008d600000, 0x000000008d600000|100%| O|  |TAMS 0x000000008d500000, 0x000000008d600000| Untracked 
| 214|0x000000008d600000, 0x000000008d700000, 0x000000008d700000|100%| O|  |TAMS 0x000000008d700000, 0x000000008d700000| Untracked 
| 215|0x000000008d700000, 0x000000008d800000, 0x000000008d800000|100%| O|  |TAMS 0x000000008d700000, 0x000000008d800000| Untracked 
| 216|0x000000008d800000, 0x000000008d900000, 0x000000008d900000|100%| O|  |TAMS 0x000000008d900000, 0x000000008d900000| Untracked 
| 217|0x000000008d900000, 0x000000008da00000, 0x000000008da00000|100%| O|  |TAMS 0x000000008da00000, 0x000000008da00000| Untracked 
| 218|0x000000008da00000, 0x000000008db00000, 0x000000008db00000|100%| O|  |TAMS 0x000000008db00000, 0x000000008db00000| Untracked 
| 219|0x000000008db00000, 0x000000008dc00000, 0x000000008dc00000|100%| O|  |TAMS 0x000000008dc00000, 0x000000008dc00000| Untracked 
| 220|0x000000008dc00000, 0x000000008dd00000, 0x000000008dd00000|100%| O|  |TAMS 0x000000008dd00000, 0x000000008dd00000| Untracked 
| 221|0x000000008dd00000, 0x000000008de00000, 0x000000008de00000|100%| O|  |TAMS 0x000000008dd00000, 0x000000008de00000| Untracked 
| 222|0x000000008de00000, 0x000000008de00000, 0x000000008df00000|  0%| F|  |TAMS 0x000000008de00000, 0x000000008de00000| Untracked 
| 223|0x000000008df00000, 0x000000008df00000, 0x000000008e000000|  0%| F|  |TAMS 0x000000008df00000, 0x000000008df00000| Untracked 
| 224|0x000000008e000000, 0x000000008e000000, 0x000000008e100000|  0%| F|  |TAMS 0x000000008e000000, 0x000000008e000000| Untracked 
| 225|0x000000008e100000, 0x000000008e100000, 0x000000008e200000|  0%| F|  |TAMS 0x000000008e100000, 0x000000008e100000| Untracked 
| 226|0x000000008e200000, 0x000000008e200000, 0x000000008e300000|  0%| F|  |TAMS 0x000000008e200000, 0x000000008e200000| Untracked 
| 227|0x000000008e300000, 0x000000008e300000, 0x000000008e400000|  0%| F|  |TAMS 0x000000008e300000, 0x000000008e300000| Untracked 
| 228|0x000000008e400000, 0x000000008e400000, 0x000000008e500000|  0%| F|  |TAMS 0x000000008e400000, 0x000000008e400000| Untracked 
| 229|0x000000008e500000, 0x000000008e500000, 0x000000008e600000|  0%| F|  |TAMS 0x000000008e500000, 0x000000008e500000| Untracked 
| 230|0x000000008e600000, 0x000000008e600000, 0x000000008e700000|  0%| F|  |TAMS 0x000000008e600000, 0x000000008e600000| Untracked 
| 231|0x000000008e700000, 0x000000008e700000, 0x000000008e800000|  0%| F|  |TAMS 0x000000008e700000, 0x000000008e700000| Untracked 
| 232|0x000000008e800000, 0x000000008e800000, 0x000000008e900000|  0%| F|  |TAMS 0x000000008e800000, 0x000000008e800000| Untracked 
| 233|0x000000008e900000, 0x000000008e900000, 0x000000008ea00000|  0%| F|  |TAMS 0x000000008e900000, 0x000000008e900000| Untracked 
| 234|0x000000008ea00000, 0x000000008ea00000, 0x000000008eb00000|  0%| F|  |TAMS 0x000000008ea00000, 0x000000008ea00000| Untracked 
| 235|0x000000008eb00000, 0x000000008eb00000, 0x000000008ec00000|  0%| F|  |TAMS 0x000000008eb00000, 0x000000008eb00000| Untracked 
| 236|0x000000008ec00000, 0x000000008ec00000, 0x000000008ed00000|  0%| F|  |TAMS 0x000000008ec00000, 0x000000008ec00000| Untracked 
| 237|0x000000008ed00000, 0x000000008ed00000, 0x000000008ee00000|  0%| F|  |TAMS 0x000000008ed00000, 0x000000008ed00000| Untracked 
| 238|0x000000008ee00000, 0x000000008ee00000, 0x000000008ef00000|  0%| F|  |TAMS 0x000000008ee00000, 0x000000008ee00000| Untracked 
| 239|0x000000008ef00000, 0x000000008ef00000, 0x000000008f000000|  0%| F|  |TAMS 0x000000008ef00000, 0x000000008ef00000| Untracked 
| 240|0x000000008f000000, 0x000000008f000000, 0x000000008f100000|  0%| F|  |TAMS 0x000000008f000000, 0x000000008f000000| Untracked 
| 241|0x000000008f100000, 0x000000008f100000, 0x000000008f200000|  0%| F|  |TAMS 0x000000008f100000, 0x000000008f100000| Untracked 
| 242|0x000000008f200000, 0x000000008f200000, 0x000000008f300000|  0%| F|  |TAMS 0x000000008f200000, 0x000000008f200000| Untracked 
| 243|0x000000008f300000, 0x000000008f300000, 0x000000008f400000|  0%| F|  |TAMS 0x000000008f300000, 0x000000008f300000| Untracked 
| 244|0x000000008f400000, 0x000000008f400000, 0x000000008f500000|  0%| F|  |TAMS 0x000000008f400000, 0x000000008f400000| Untracked 
| 245|0x000000008f500000, 0x000000008f500000, 0x000000008f600000|  0%| F|  |TAMS 0x000000008f500000, 0x000000008f500000| Untracked 
| 246|0x000000008f600000, 0x000000008f600000, 0x000000008f700000|  0%| F|  |TAMS 0x000000008f600000, 0x000000008f600000| Untracked 
| 247|0x000000008f700000, 0x000000008f700000, 0x000000008f800000|  0%| F|  |TAMS 0x000000008f700000, 0x000000008f700000| Untracked 
| 248|0x000000008f800000, 0x000000008f800000, 0x000000008f900000|  0%| F|  |TAMS 0x000000008f800000, 0x000000008f800000| Untracked 
| 249|0x000000008f900000, 0x000000008f900000, 0x000000008fa00000|  0%| F|  |TAMS 0x000000008f900000, 0x000000008f900000| Untracked 
| 250|0x000000008fa00000, 0x000000008fa00000, 0x000000008fb00000|  0%| F|  |TAMS 0x000000008fa00000, 0x000000008fa00000| Untracked 
| 251|0x000000008fb00000, 0x000000008fb00000, 0x000000008fc00000|  0%| F|  |TAMS 0x000000008fb00000, 0x000000008fb00000| Untracked 
| 252|0x000000008fc00000, 0x000000008fc00000, 0x000000008fd00000|  0%| F|  |TAMS 0x000000008fc00000, 0x000000008fc00000| Untracked 
| 253|0x000000008fd00000, 0x000000008fd00000, 0x000000008fe00000|  0%| F|  |TAMS 0x000000008fd00000, 0x000000008fd00000| Untracked 
| 254|0x000000008fe00000, 0x000000008fe00000, 0x000000008ff00000|  0%| F|  |TAMS 0x000000008fe00000, 0x000000008fe00000| Untracked 
| 255|0x000000008ff00000, 0x000000008ff00000, 0x0000000090000000|  0%| F|  |TAMS 0x000000008ff00000, 0x000000008ff00000| Untracked 
| 256|0x0000000090000000, 0x0000000090000000, 0x0000000090100000|  0%| F|  |TAMS 0x0000000090000000, 0x0000000090000000| Untracked 
| 257|0x0000000090100000, 0x0000000090100000, 0x0000000090200000|  0%| F|  |TAMS 0x0000000090100000, 0x0000000090100000| Untracked 
| 258|0x0000000090200000, 0x0000000090200000, 0x0000000090300000|  0%| F|  |TAMS 0x0000000090200000, 0x0000000090200000| Untracked 
| 259|0x0000000090300000, 0x0000000090300000, 0x0000000090400000|  0%| F|  |TAMS 0x0000000090300000, 0x0000000090300000| Untracked 
| 260|0x0000000090400000, 0x0000000090400000, 0x0000000090500000|  0%| F|  |TAMS 0x0000000090400000, 0x0000000090400000| Untracked 
| 261|0x0000000090500000, 0x0000000090500000, 0x0000000090600000|  0%| F|  |TAMS 0x0000000090500000, 0x0000000090500000| Untracked 
| 262|0x0000000090600000, 0x0000000090600000, 0x0000000090700000|  0%| F|  |TAMS 0x0000000090600000, 0x0000000090600000| Untracked 
| 263|0x0000000090700000, 0x0000000090700000, 0x0000000090800000|  0%| F|  |TAMS 0x0000000090700000, 0x0000000090700000| Untracked 
| 264|0x0000000090800000, 0x0000000090800000, 0x0000000090900000|  0%| F|  |TAMS 0x0000000090800000, 0x0000000090800000| Untracked 
| 265|0x0000000090900000, 0x0000000090900000, 0x0000000090a00000|  0%| F|  |TAMS 0x0000000090900000, 0x0000000090900000| Untracked 
| 266|0x0000000090a00000, 0x0000000090a00000, 0x0000000090b00000|  0%| F|  |TAMS 0x0000000090a00000, 0x0000000090a00000| Untracked 
| 267|0x0000000090b00000, 0x0000000090b00000, 0x0000000090c00000|  0%| F|  |TAMS 0x0000000090b00000, 0x0000000090b00000| Untracked 
| 268|0x0000000090c00000, 0x0000000090c00000, 0x0000000090d00000|  0%| F|  |TAMS 0x0000000090c00000, 0x0000000090c00000| Untracked 
| 269|0x0000000090d00000, 0x0000000090d00000, 0x0000000090e00000|  0%| F|  |TAMS 0x0000000090d00000, 0x0000000090d00000| Untracked 
| 270|0x0000000090e00000, 0x0000000090e00000, 0x0000000090f00000|  0%| F|  |TAMS 0x0000000090e00000, 0x0000000090e00000| Untracked 
| 271|0x0000000090f00000, 0x0000000090f00000, 0x0000000091000000|  0%| F|  |TAMS 0x0000000090f00000, 0x0000000090f00000| Untracked 
| 272|0x0000000091000000, 0x0000000091000000, 0x0000000091100000|  0%| F|  |TAMS 0x0000000091000000, 0x0000000091000000| Untracked 
| 273|0x0000000091100000, 0x0000000091100000, 0x0000000091200000|  0%| F|  |TAMS 0x0000000091100000, 0x0000000091100000| Untracked 
| 274|0x0000000091200000, 0x0000000091200000, 0x0000000091300000|  0%| F|  |TAMS 0x0000000091200000, 0x0000000091200000| Untracked 
| 275|0x0000000091300000, 0x0000000091300000, 0x0000000091400000|  0%| F|  |TAMS 0x0000000091300000, 0x0000000091300000| Untracked 
| 276|0x0000000091400000, 0x0000000091400000, 0x0000000091500000|  0%| F|  |TAMS 0x0000000091400000, 0x0000000091400000| Untracked 
| 277|0x0000000091500000, 0x0000000091500000, 0x0000000091600000|  0%| F|  |TAMS 0x0000000091500000, 0x0000000091500000| Untracked 
| 278|0x0000000091600000, 0x0000000091600000, 0x0000000091700000|  0%| F|  |TAMS 0x0000000091600000, 0x0000000091600000| Untracked 
| 279|0x0000000091700000, 0x0000000091700000, 0x0000000091800000|  0%| F|  |TAMS 0x0000000091700000, 0x0000000091700000| Untracked 
| 280|0x0000000091800000, 0x0000000091800000, 0x0000000091900000|  0%| F|  |TAMS 0x0000000091800000, 0x0000000091800000| Untracked 
| 281|0x0000000091900000, 0x0000000091900000, 0x0000000091a00000|  0%| F|  |TAMS 0x0000000091900000, 0x0000000091900000| Untracked 
| 282|0x0000000091a00000, 0x0000000091a00000, 0x0000000091b00000|  0%| F|  |TAMS 0x0000000091a00000, 0x0000000091a00000| Untracked 
| 283|0x0000000091b00000, 0x0000000091b00000, 0x0000000091c00000|  0%| F|  |TAMS 0x0000000091b00000, 0x0000000091b00000| Untracked 
| 284|0x0000000091c00000, 0x0000000091c00000, 0x0000000091d00000|  0%| F|  |TAMS 0x0000000091c00000, 0x0000000091c00000| Untracked 
| 285|0x0000000091d00000, 0x0000000091d00000, 0x0000000091e00000|  0%| F|  |TAMS 0x0000000091d00000, 0x0000000091d00000| Untracked 
| 286|0x0000000091e00000, 0x0000000091e00000, 0x0000000091f00000|  0%| F|  |TAMS 0x0000000091e00000, 0x0000000091e00000| Untracked 
| 287|0x0000000091f00000, 0x0000000091f00000, 0x0000000092000000|  0%| F|  |TAMS 0x0000000091f00000, 0x0000000091f00000| Untracked 
| 288|0x0000000092000000, 0x0000000092000000, 0x0000000092100000|  0%| F|  |TAMS 0x0000000092000000, 0x0000000092000000| Untracked 
| 289|0x0000000092100000, 0x0000000092100000, 0x0000000092200000|  0%| F|  |TAMS 0x0000000092100000, 0x0000000092100000| Untracked 
| 290|0x0000000092200000, 0x0000000092200000, 0x0000000092300000|  0%| F|  |TAMS 0x0000000092200000, 0x0000000092200000| Untracked 
| 291|0x0000000092300000, 0x0000000092300000, 0x0000000092400000|  0%| F|  |TAMS 0x0000000092300000, 0x0000000092300000| Untracked 
| 292|0x0000000092400000, 0x0000000092400000, 0x0000000092500000|  0%| F|  |TAMS 0x0000000092400000, 0x0000000092400000| Untracked 
| 293|0x0000000092500000, 0x0000000092500000, 0x0000000092600000|  0%| F|  |TAMS 0x0000000092500000, 0x0000000092500000| Untracked 
| 294|0x0000000092600000, 0x0000000092600000, 0x0000000092700000|  0%| F|  |TAMS 0x0000000092600000, 0x0000000092600000| Untracked 
| 295|0x0000000092700000, 0x0000000092700000, 0x0000000092800000|  0%| F|  |TAMS 0x0000000092700000, 0x0000000092700000| Untracked 
| 296|0x0000000092800000, 0x0000000092800000, 0x0000000092900000|  0%| F|  |TAMS 0x0000000092800000, 0x0000000092800000| Untracked 
| 297|0x0000000092900000, 0x0000000092900000, 0x0000000092a00000|  0%| F|  |TAMS 0x0000000092900000, 0x0000000092900000| Untracked 
| 298|0x0000000092a00000, 0x0000000092a00000, 0x0000000092b00000|  0%| F|  |TAMS 0x0000000092a00000, 0x0000000092a00000| Untracked 
| 299|0x0000000092b00000, 0x0000000092b00000, 0x0000000092c00000|  0%| F|  |TAMS 0x0000000092b00000, 0x0000000092b00000| Untracked 
| 300|0x0000000092c00000, 0x0000000092c00000, 0x0000000092d00000|  0%| F|  |TAMS 0x0000000092c00000, 0x0000000092c00000| Untracked 
| 301|0x0000000092d00000, 0x0000000092d00000, 0x0000000092e00000|  0%| F|  |TAMS 0x0000000092d00000, 0x0000000092d00000| Untracked 
| 302|0x0000000092e00000, 0x0000000092e00000, 0x0000000092f00000|  0%| F|  |TAMS 0x0000000092e00000, 0x0000000092e00000| Untracked 
| 303|0x0000000092f00000, 0x0000000092f00000, 0x0000000093000000|  0%| F|  |TAMS 0x0000000092f00000, 0x0000000092f00000| Untracked 
| 304|0x0000000093000000, 0x0000000093000000, 0x0000000093100000|  0%| F|  |TAMS 0x0000000093000000, 0x0000000093000000| Untracked 
| 305|0x0000000093100000, 0x0000000093100000, 0x0000000093200000|  0%| F|  |TAMS 0x0000000093100000, 0x0000000093100000| Untracked 
| 306|0x0000000093200000, 0x0000000093200000, 0x0000000093300000|  0%| F|  |TAMS 0x0000000093200000, 0x0000000093200000| Untracked 
| 307|0x0000000093300000, 0x0000000093300000, 0x0000000093400000|  0%| F|  |TAMS 0x0000000093300000, 0x0000000093300000| Untracked 
| 308|0x0000000093400000, 0x0000000093400000, 0x0000000093500000|  0%| F|  |TAMS 0x0000000093400000, 0x0000000093400000| Untracked 
| 309|0x0000000093500000, 0x0000000093500000, 0x0000000093600000|  0%| F|  |TAMS 0x0000000093500000, 0x0000000093500000| Untracked 
| 310|0x0000000093600000, 0x0000000093600000, 0x0000000093700000|  0%| F|  |TAMS 0x0000000093600000, 0x0000000093600000| Untracked 
| 311|0x0000000093700000, 0x0000000093700000, 0x0000000093800000|  0%| F|  |TAMS 0x0000000093700000, 0x0000000093700000| Untracked 
| 312|0x0000000093800000, 0x0000000093800000, 0x0000000093900000|  0%| F|  |TAMS 0x0000000093800000, 0x0000000093800000| Untracked 
| 313|0x0000000093900000, 0x0000000093900000, 0x0000000093a00000|  0%| F|  |TAMS 0x0000000093900000, 0x0000000093900000| Untracked 
| 314|0x0000000093a00000, 0x0000000093a00000, 0x0000000093b00000|  0%| F|  |TAMS 0x0000000093a00000, 0x0000000093a00000| Untracked 
| 315|0x0000000093b00000, 0x0000000093b00000, 0x0000000093c00000|  0%| F|  |TAMS 0x0000000093b00000, 0x0000000093b00000| Untracked 
| 316|0x0000000093c00000, 0x0000000093c00000, 0x0000000093d00000|  0%| F|  |TAMS 0x0000000093c00000, 0x0000000093c00000| Untracked 
| 317|0x0000000093d00000, 0x0000000093d00000, 0x0000000093e00000|  0%| F|  |TAMS 0x0000000093d00000, 0x0000000093d00000| Untracked 
| 318|0x0000000093e00000, 0x0000000093e00000, 0x0000000093f00000|  0%| F|  |TAMS 0x0000000093e00000, 0x0000000093e00000| Untracked 
| 319|0x0000000093f00000, 0x0000000093faf050, 0x0000000094000000| 68%| S|CS|TAMS 0x0000000093f00000, 0x0000000093f00000| Complete 
| 320|0x0000000094000000, 0x0000000094100000, 0x0000000094100000|100%| S|CS|TAMS 0x0000000094000000, 0x0000000094000000| Complete 
| 321|0x0000000094100000, 0x0000000094200000, 0x0000000094200000|100%| S|CS|TAMS 0x0000000094100000, 0x0000000094100000| Complete 
| 322|0x0000000094200000, 0x0000000094300000, 0x0000000094300000|100%| S|CS|TAMS 0x0000000094200000, 0x0000000094200000| Complete 
| 323|0x0000000094300000, 0x0000000094400000, 0x0000000094400000|100%| S|CS|TAMS 0x0000000094300000, 0x0000000094300000| Complete 
| 324|0x0000000094400000, 0x0000000094500000, 0x0000000094500000|100%| S|CS|TAMS 0x0000000094400000, 0x0000000094400000| Complete 
| 325|0x0000000094500000, 0x0000000094600000, 0x0000000094600000|100%| S|CS|TAMS 0x0000000094500000, 0x0000000094500000| Complete 
| 326|0x0000000094600000, 0x0000000094700000, 0x0000000094700000|100%| S|CS|TAMS 0x0000000094600000, 0x0000000094600000| Complete 
| 327|0x0000000094700000, 0x0000000094800000, 0x0000000094800000|100%| S|CS|TAMS 0x0000000094700000, 0x0000000094700000| Complete 
| 328|0x0000000094800000, 0x0000000094800000, 0x0000000094900000|  0%| F|  |TAMS 0x0000000094800000, 0x0000000094800000| Untracked 
| 329|0x0000000094900000, 0x0000000094900000, 0x0000000094a00000|  0%| F|  |TAMS 0x0000000094900000, 0x0000000094900000| Untracked 
| 330|0x0000000094a00000, 0x0000000094a00000, 0x0000000094b00000|  0%| F|  |TAMS 0x0000000094a00000, 0x0000000094a00000| Untracked 
| 331|0x0000000094b00000, 0x0000000094b00000, 0x0000000094c00000|  0%| F|  |TAMS 0x0000000094b00000, 0x0000000094b00000| Untracked 
| 332|0x0000000094c00000, 0x0000000094c00000, 0x0000000094d00000|  0%| F|  |TAMS 0x0000000094c00000, 0x0000000094c00000| Untracked 
| 333|0x0000000094d00000, 0x0000000094d00000, 0x0000000094e00000|  0%| F|  |TAMS 0x0000000094d00000, 0x0000000094d00000| Untracked 
| 334|0x0000000094e00000, 0x0000000094e00000, 0x0000000094f00000|  0%| F|  |TAMS 0x0000000094e00000, 0x0000000094e00000| Untracked 
| 335|0x0000000094f00000, 0x0000000094f00000, 0x0000000095000000|  0%| F|  |TAMS 0x0000000094f00000, 0x0000000094f00000| Untracked 
| 336|0x0000000095000000, 0x0000000095000000, 0x0000000095100000|  0%| F|  |TAMS 0x0000000095000000, 0x0000000095000000| Untracked 
| 337|0x0000000095100000, 0x0000000095100000, 0x0000000095200000|  0%| F|  |TAMS 0x0000000095100000, 0x0000000095100000| Untracked 
| 338|0x0000000095200000, 0x0000000095200000, 0x0000000095300000|  0%| F|  |TAMS 0x0000000095200000, 0x0000000095200000| Untracked 
| 339|0x0000000095300000, 0x0000000095300000, 0x0000000095400000|  0%| F|  |TAMS 0x0000000095300000, 0x0000000095300000| Untracked 
| 340|0x0000000095400000, 0x0000000095400000, 0x0000000095500000|  0%| F|  |TAMS 0x0000000095400000, 0x0000000095400000| Untracked 
| 341|0x0000000095500000, 0x0000000095500000, 0x0000000095600000|  0%| F|  |TAMS 0x0000000095500000, 0x0000000095500000| Untracked 
| 342|0x0000000095600000, 0x0000000095600000, 0x0000000095700000|  0%| F|  |TAMS 0x0000000095600000, 0x0000000095600000| Untracked 
| 343|0x0000000095700000, 0x0000000095700000, 0x0000000095800000|  0%| F|  |TAMS 0x0000000095700000, 0x0000000095700000| Untracked 
| 344|0x0000000095800000, 0x0000000095800000, 0x0000000095900000|  0%| F|  |TAMS 0x0000000095800000, 0x0000000095800000| Untracked 
| 345|0x0000000095900000, 0x0000000095900000, 0x0000000095a00000|  0%| F|  |TAMS 0x0000000095900000, 0x0000000095900000| Untracked 
| 346|0x0000000095a00000, 0x0000000095a00000, 0x0000000095b00000|  0%| F|  |TAMS 0x0000000095a00000, 0x0000000095a00000| Untracked 
| 347|0x0000000095b00000, 0x0000000095b00000, 0x0000000095c00000|  0%| F|  |TAMS 0x0000000095b00000, 0x0000000095b00000| Untracked 
| 348|0x0000000095c00000, 0x0000000095c00000, 0x0000000095d00000|  0%| F|  |TAMS 0x0000000095c00000, 0x0000000095c00000| Untracked 
| 349|0x0000000095d00000, 0x0000000095d00000, 0x0000000095e00000|  0%| F|  |TAMS 0x0000000095d00000, 0x0000000095d00000| Untracked 
| 350|0x0000000095e00000, 0x0000000095e00000, 0x0000000095f00000|  0%| F|  |TAMS 0x0000000095e00000, 0x0000000095e00000| Untracked 
| 351|0x0000000095f00000, 0x0000000095f00000, 0x0000000096000000|  0%| F|  |TAMS 0x0000000095f00000, 0x0000000095f00000| Untracked 
| 352|0x0000000096000000, 0x0000000096000000, 0x0000000096100000|  0%| F|  |TAMS 0x0000000096000000, 0x0000000096000000| Untracked 
| 353|0x0000000096100000, 0x0000000096100000, 0x0000000096200000|  0%| F|  |TAMS 0x0000000096100000, 0x0000000096100000| Untracked 
| 354|0x0000000096200000, 0x0000000096200000, 0x0000000096300000|  0%| F|  |TAMS 0x0000000096200000, 0x0000000096200000| Untracked 
| 355|0x0000000096300000, 0x0000000096300000, 0x0000000096400000|  0%| F|  |TAMS 0x0000000096300000, 0x0000000096300000| Untracked 
| 356|0x0000000096400000, 0x0000000096400000, 0x0000000096500000|  0%| F|  |TAMS 0x0000000096400000, 0x0000000096400000| Untracked 
| 357|0x0000000096500000, 0x0000000096500000, 0x0000000096600000|  0%| F|  |TAMS 0x0000000096500000, 0x0000000096500000| Untracked 
| 358|0x0000000096600000, 0x0000000096600000, 0x0000000096700000|  0%| F|  |TAMS 0x0000000096600000, 0x0000000096600000| Untracked 
| 359|0x0000000096700000, 0x0000000096700000, 0x0000000096800000|  0%| F|  |TAMS 0x0000000096700000, 0x0000000096700000| Untracked 
| 360|0x0000000096800000, 0x0000000096800000, 0x0000000096900000|  0%| F|  |TAMS 0x0000000096800000, 0x0000000096800000| Untracked 
| 361|0x0000000096900000, 0x0000000096900000, 0x0000000096a00000|  0%| F|  |TAMS 0x0000000096900000, 0x0000000096900000| Untracked 
| 362|0x0000000096a00000, 0x0000000096a00000, 0x0000000096b00000|  0%| F|  |TAMS 0x0000000096a00000, 0x0000000096a00000| Untracked 
| 363|0x0000000096b00000, 0x0000000096b00000, 0x0000000096c00000|  0%| F|  |TAMS 0x0000000096b00000, 0x0000000096b00000| Untracked 
| 364|0x0000000096c00000, 0x0000000096c00000, 0x0000000096d00000|  0%| F|  |TAMS 0x0000000096c00000, 0x0000000096c00000| Untracked 
| 365|0x0000000096d00000, 0x0000000096d00000, 0x0000000096e00000|  0%| F|  |TAMS 0x0000000096d00000, 0x0000000096d00000| Untracked 
| 366|0x0000000096e00000, 0x0000000096e00000, 0x0000000096f00000|  0%| F|  |TAMS 0x0000000096e00000, 0x0000000096e00000| Untracked 
| 367|0x0000000096f00000, 0x0000000096f00000, 0x0000000097000000|  0%| F|  |TAMS 0x0000000096f00000, 0x0000000096f00000| Untracked 
| 368|0x0000000097000000, 0x0000000097000000, 0x0000000097100000|  0%| F|  |TAMS 0x0000000097000000, 0x0000000097000000| Untracked 
| 369|0x0000000097100000, 0x0000000097100000, 0x0000000097200000|  0%| F|  |TAMS 0x0000000097100000, 0x0000000097100000| Untracked 
| 370|0x0000000097200000, 0x0000000097200000, 0x0000000097300000|  0%| F|  |TAMS 0x0000000097200000, 0x0000000097200000| Untracked 
| 371|0x0000000097300000, 0x0000000097300000, 0x0000000097400000|  0%| F|  |TAMS 0x0000000097300000, 0x0000000097300000| Untracked 
| 372|0x0000000097400000, 0x0000000097400000, 0x0000000097500000|  0%| F|  |TAMS 0x0000000097400000, 0x0000000097400000| Untracked 
| 373|0x0000000097500000, 0x0000000097500000, 0x0000000097600000|  0%| F|  |TAMS 0x0000000097500000, 0x0000000097500000| Untracked 
| 374|0x0000000097600000, 0x0000000097600000, 0x0000000097700000|  0%| F|  |TAMS 0x0000000097600000, 0x0000000097600000| Untracked 
| 375|0x0000000097700000, 0x0000000097700000, 0x0000000097800000|  0%| F|  |TAMS 0x0000000097700000, 0x0000000097700000| Untracked 
| 376|0x0000000097800000, 0x0000000097800000, 0x0000000097900000|  0%| F|  |TAMS 0x0000000097800000, 0x0000000097800000| Untracked 
| 377|0x0000000097900000, 0x0000000097900000, 0x0000000097a00000|  0%| F|  |TAMS 0x0000000097900000, 0x0000000097900000| Untracked 
| 378|0x0000000097a00000, 0x0000000097a00000, 0x0000000097b00000|  0%| F|  |TAMS 0x0000000097a00000, 0x0000000097a00000| Untracked 
| 379|0x0000000097b00000, 0x0000000097b00000, 0x0000000097c00000|  0%| F|  |TAMS 0x0000000097b00000, 0x0000000097b00000| Untracked 
| 380|0x0000000097c00000, 0x0000000097c00000, 0x0000000097d00000|  0%| F|  |TAMS 0x0000000097c00000, 0x0000000097c00000| Untracked 
| 381|0x0000000097d00000, 0x0000000097d00000, 0x0000000097e00000|  0%| F|  |TAMS 0x0000000097d00000, 0x0000000097d00000| Untracked 
| 382|0x0000000097e00000, 0x0000000097e00000, 0x0000000097f00000|  0%| F|  |TAMS 0x0000000097e00000, 0x0000000097e00000| Untracked 
| 383|0x0000000097f00000, 0x0000000097f00000, 0x0000000098000000|  0%| F|  |TAMS 0x0000000097f00000, 0x0000000097f00000| Untracked 
| 384|0x0000000098000000, 0x0000000098000000, 0x0000000098100000|  0%| F|  |TAMS 0x0000000098000000, 0x0000000098000000| Untracked 
| 385|0x0000000098100000, 0x0000000098100000, 0x0000000098200000|  0%| F|  |TAMS 0x0000000098100000, 0x0000000098100000| Untracked 
| 386|0x0000000098200000, 0x0000000098200000, 0x0000000098300000|  0%| F|  |TAMS 0x0000000098200000, 0x0000000098200000| Untracked 
| 387|0x0000000098300000, 0x0000000098300000, 0x0000000098400000|  0%| F|  |TAMS 0x0000000098300000, 0x0000000098300000| Untracked 
| 388|0x0000000098400000, 0x0000000098400000, 0x0000000098500000|  0%| F|  |TAMS 0x0000000098400000, 0x0000000098400000| Untracked 
| 389|0x0000000098500000, 0x0000000098500000, 0x0000000098600000|  0%| F|  |TAMS 0x0000000098500000, 0x0000000098500000| Untracked 
| 390|0x0000000098600000, 0x0000000098600000, 0x0000000098700000|  0%| F|  |TAMS 0x0000000098600000, 0x0000000098600000| Untracked 
| 391|0x0000000098700000, 0x0000000098700000, 0x0000000098800000|  0%| F|  |TAMS 0x0000000098700000, 0x0000000098700000| Untracked 
| 392|0x0000000098800000, 0x0000000098800000, 0x0000000098900000|  0%| F|  |TAMS 0x0000000098800000, 0x0000000098800000| Untracked 
| 393|0x0000000098900000, 0x0000000098900000, 0x0000000098a00000|  0%| F|  |TAMS 0x0000000098900000, 0x0000000098900000| Untracked 
| 394|0x0000000098a00000, 0x0000000098a00000, 0x0000000098b00000|  0%| F|  |TAMS 0x0000000098a00000, 0x0000000098a00000| Untracked 
| 395|0x0000000098b00000, 0x0000000098b00000, 0x0000000098c00000|  0%| F|  |TAMS 0x0000000098b00000, 0x0000000098b00000| Untracked 
| 396|0x0000000098c00000, 0x0000000098c00000, 0x0000000098d00000|  0%| F|  |TAMS 0x0000000098c00000, 0x0000000098c00000| Untracked 
| 397|0x0000000098d00000, 0x0000000098d00000, 0x0000000098e00000|  0%| F|  |TAMS 0x0000000098d00000, 0x0000000098d00000| Untracked 
| 398|0x0000000098e00000, 0x0000000098e00000, 0x0000000098f00000|  0%| F|  |TAMS 0x0000000098e00000, 0x0000000098e00000| Untracked 
| 399|0x0000000098f00000, 0x0000000098f00000, 0x0000000099000000|  0%| F|  |TAMS 0x0000000098f00000, 0x0000000098f00000| Untracked 
| 400|0x0000000099000000, 0x0000000099000000, 0x0000000099100000|  0%| F|  |TAMS 0x0000000099000000, 0x0000000099000000| Untracked 
| 401|0x0000000099100000, 0x0000000099100000, 0x0000000099200000|  0%| F|  |TAMS 0x0000000099100000, 0x0000000099100000| Untracked 
| 402|0x0000000099200000, 0x0000000099200000, 0x0000000099300000|  0%| F|  |TAMS 0x0000000099200000, 0x0000000099200000| Untracked 
| 403|0x0000000099300000, 0x0000000099300000, 0x0000000099400000|  0%| F|  |TAMS 0x0000000099300000, 0x0000000099300000| Untracked 
| 404|0x0000000099400000, 0x0000000099400000, 0x0000000099500000|  0%| F|  |TAMS 0x0000000099400000, 0x0000000099400000| Untracked 
| 405|0x0000000099500000, 0x0000000099500000, 0x0000000099600000|  0%| F|  |TAMS 0x0000000099500000, 0x0000000099500000| Untracked 
| 406|0x0000000099600000, 0x0000000099600000, 0x0000000099700000|  0%| F|  |TAMS 0x0000000099600000, 0x0000000099600000| Untracked 
| 407|0x0000000099700000, 0x0000000099700000, 0x0000000099800000|  0%| F|  |TAMS 0x0000000099700000, 0x0000000099700000| Untracked 
| 408|0x0000000099800000, 0x0000000099800000, 0x0000000099900000|  0%| F|  |TAMS 0x0000000099800000, 0x0000000099800000| Untracked 
| 409|0x0000000099900000, 0x0000000099900000, 0x0000000099a00000|  0%| F|  |TAMS 0x0000000099900000, 0x0000000099900000| Untracked 
| 410|0x0000000099a00000, 0x0000000099a00000, 0x0000000099b00000|  0%| F|  |TAMS 0x0000000099a00000, 0x0000000099a00000| Untracked 
| 411|0x0000000099b00000, 0x0000000099b00000, 0x0000000099c00000|  0%| F|  |TAMS 0x0000000099b00000, 0x0000000099b00000| Untracked 
| 412|0x0000000099c00000, 0x0000000099c00000, 0x0000000099d00000|  0%| F|  |TAMS 0x0000000099c00000, 0x0000000099c00000| Untracked 
| 413|0x0000000099d00000, 0x0000000099d00000, 0x0000000099e00000|  0%| F|  |TAMS 0x0000000099d00000, 0x0000000099d00000| Untracked 
| 414|0x0000000099e00000, 0x0000000099e00000, 0x0000000099f00000|  0%| F|  |TAMS 0x0000000099e00000, 0x0000000099e00000| Untracked 
| 415|0x0000000099f00000, 0x0000000099f00000, 0x000000009a000000|  0%| F|  |TAMS 0x0000000099f00000, 0x0000000099f00000| Untracked 
| 416|0x000000009a000000, 0x000000009a000000, 0x000000009a100000|  0%| F|  |TAMS 0x000000009a000000, 0x000000009a000000| Untracked 
| 417|0x000000009a100000, 0x000000009a100000, 0x000000009a200000|  0%| F|  |TAMS 0x000000009a100000, 0x000000009a100000| Untracked 
| 418|0x000000009a200000, 0x000000009a200000, 0x000000009a300000|  0%| F|  |TAMS 0x000000009a200000, 0x000000009a200000| Untracked 
| 419|0x000000009a300000, 0x000000009a300000, 0x000000009a400000|  0%| F|  |TAMS 0x000000009a300000, 0x000000009a300000| Untracked 
| 420|0x000000009a400000, 0x000000009a400000, 0x000000009a500000|  0%| F|  |TAMS 0x000000009a400000, 0x000000009a400000| Untracked 
| 421|0x000000009a500000, 0x000000009a500000, 0x000000009a600000|  0%| F|  |TAMS 0x000000009a500000, 0x000000009a500000| Untracked 
| 422|0x000000009a600000, 0x000000009a600000, 0x000000009a700000|  0%| F|  |TAMS 0x000000009a600000, 0x000000009a600000| Untracked 
| 423|0x000000009a700000, 0x000000009a700000, 0x000000009a800000|  0%| F|  |TAMS 0x000000009a700000, 0x000000009a700000| Untracked 
| 424|0x000000009a800000, 0x000000009a800000, 0x000000009a900000|  0%| F|  |TAMS 0x000000009a800000, 0x000000009a800000| Untracked 
| 425|0x000000009a900000, 0x000000009a900000, 0x000000009aa00000|  0%| F|  |TAMS 0x000000009a900000, 0x000000009a900000| Untracked 
| 426|0x000000009aa00000, 0x000000009aa00000, 0x000000009ab00000|  0%| F|  |TAMS 0x000000009aa00000, 0x000000009aa00000| Untracked 
| 427|0x000000009ab00000, 0x000000009ab00000, 0x000000009ac00000|  0%| F|  |TAMS 0x000000009ab00000, 0x000000009ab00000| Untracked 
| 428|0x000000009ac00000, 0x000000009ac00000, 0x000000009ad00000|  0%| F|  |TAMS 0x000000009ac00000, 0x000000009ac00000| Untracked 
| 429|0x000000009ad00000, 0x000000009ad00000, 0x000000009ae00000|  0%| F|  |TAMS 0x000000009ad00000, 0x000000009ad00000| Untracked 
| 430|0x000000009ae00000, 0x000000009ae00000, 0x000000009af00000|  0%| F|  |TAMS 0x000000009ae00000, 0x000000009ae00000| Untracked 
| 431|0x000000009af00000, 0x000000009af00000, 0x000000009b000000|  0%| F|  |TAMS 0x000000009af00000, 0x000000009af00000| Untracked 
| 432|0x000000009b000000, 0x000000009b000000, 0x000000009b100000|  0%| F|  |TAMS 0x000000009b000000, 0x000000009b000000| Untracked 
| 433|0x000000009b100000, 0x000000009b100000, 0x000000009b200000|  0%| F|  |TAMS 0x000000009b100000, 0x000000009b100000| Untracked 
| 434|0x000000009b200000, 0x000000009b200000, 0x000000009b300000|  0%| F|  |TAMS 0x000000009b200000, 0x000000009b200000| Untracked 
| 435|0x000000009b300000, 0x000000009b300000, 0x000000009b400000|  0%| F|  |TAMS 0x000000009b300000, 0x000000009b300000| Untracked 
| 436|0x000000009b400000, 0x000000009b400000, 0x000000009b500000|  0%| F|  |TAMS 0x000000009b400000, 0x000000009b400000| Untracked 
| 437|0x000000009b500000, 0x000000009b500000, 0x000000009b600000|  0%| F|  |TAMS 0x000000009b500000, 0x000000009b500000| Untracked 
| 438|0x000000009b600000, 0x000000009b600000, 0x000000009b700000|  0%| F|  |TAMS 0x000000009b600000, 0x000000009b600000| Untracked 
| 439|0x000000009b700000, 0x000000009b700000, 0x000000009b800000|  0%| F|  |TAMS 0x000000009b700000, 0x000000009b700000| Untracked 
| 440|0x000000009b800000, 0x000000009b800000, 0x000000009b900000|  0%| F|  |TAMS 0x000000009b800000, 0x000000009b800000| Untracked 
| 441|0x000000009b900000, 0x000000009b900000, 0x000000009ba00000|  0%| F|  |TAMS 0x000000009b900000, 0x000000009b900000| Untracked 
| 442|0x000000009ba00000, 0x000000009ba00000, 0x000000009bb00000|  0%| F|  |TAMS 0x000000009ba00000, 0x000000009ba00000| Untracked 
| 443|0x000000009bb00000, 0x000000009bb00000, 0x000000009bc00000|  0%| F|  |TAMS 0x000000009bb00000, 0x000000009bb00000| Untracked 
| 444|0x000000009bc00000, 0x000000009bc00000, 0x000000009bd00000|  0%| F|  |TAMS 0x000000009bc00000, 0x000000009bc00000| Untracked 
| 445|0x000000009bd00000, 0x000000009bd00000, 0x000000009be00000|  0%| F|  |TAMS 0x000000009bd00000, 0x000000009bd00000| Untracked 
| 446|0x000000009be00000, 0x000000009be00000, 0x000000009bf00000|  0%| F|  |TAMS 0x000000009be00000, 0x000000009be00000| Untracked 
| 447|0x000000009bf00000, 0x000000009bf00000, 0x000000009c000000|  0%| F|  |TAMS 0x000000009bf00000, 0x000000009bf00000| Untracked 
| 448|0x000000009c000000, 0x000000009c000000, 0x000000009c100000|  0%| F|  |TAMS 0x000000009c000000, 0x000000009c000000| Untracked 
| 449|0x000000009c100000, 0x000000009c100000, 0x000000009c200000|  0%| F|  |TAMS 0x000000009c100000, 0x000000009c100000| Untracked 
| 450|0x000000009c200000, 0x000000009c200000, 0x000000009c300000|  0%| F|  |TAMS 0x000000009c200000, 0x000000009c200000| Untracked 
| 451|0x000000009c300000, 0x000000009c300000, 0x000000009c400000|  0%| F|  |TAMS 0x000000009c300000, 0x000000009c300000| Untracked 
| 452|0x000000009c400000, 0x000000009c400000, 0x000000009c500000|  0%| F|  |TAMS 0x000000009c400000, 0x000000009c400000| Untracked 
| 453|0x000000009c500000, 0x000000009c500000, 0x000000009c600000|  0%| F|  |TAMS 0x000000009c500000, 0x000000009c500000| Untracked 
| 454|0x000000009c600000, 0x000000009c600000, 0x000000009c700000|  0%| F|  |TAMS 0x000000009c600000, 0x000000009c600000| Untracked 
| 455|0x000000009c700000, 0x000000009c700000, 0x000000009c800000|  0%| F|  |TAMS 0x000000009c700000, 0x000000009c700000| Untracked 
| 456|0x000000009c800000, 0x000000009c800000, 0x000000009c900000|  0%| F|  |TAMS 0x000000009c800000, 0x000000009c800000| Untracked 
| 457|0x000000009c900000, 0x000000009c900000, 0x000000009ca00000|  0%| F|  |TAMS 0x000000009c900000, 0x000000009c900000| Untracked 
| 458|0x000000009ca00000, 0x000000009ca00000, 0x000000009cb00000|  0%| F|  |TAMS 0x000000009ca00000, 0x000000009ca00000| Untracked 
| 459|0x000000009cb00000, 0x000000009cb00000, 0x000000009cc00000|  0%| F|  |TAMS 0x000000009cb00000, 0x000000009cb00000| Untracked 
| 460|0x000000009cc00000, 0x000000009cc00000, 0x000000009cd00000|  0%| F|  |TAMS 0x000000009cc00000, 0x000000009cc00000| Untracked 
| 461|0x000000009cd00000, 0x000000009cd00000, 0x000000009ce00000|  0%| F|  |TAMS 0x000000009cd00000, 0x000000009cd00000| Untracked 
| 462|0x000000009ce00000, 0x000000009ce00000, 0x000000009cf00000|  0%| F|  |TAMS 0x000000009ce00000, 0x000000009ce00000| Untracked 
| 463|0x000000009cf00000, 0x000000009cf00000, 0x000000009d000000|  0%| F|  |TAMS 0x000000009cf00000, 0x000000009cf00000| Untracked 
| 464|0x000000009d000000, 0x000000009d000000, 0x000000009d100000|  0%| F|  |TAMS 0x000000009d000000, 0x000000009d000000| Untracked 
| 465|0x000000009d100000, 0x000000009d100000, 0x000000009d200000|  0%| F|  |TAMS 0x000000009d100000, 0x000000009d100000| Untracked 
| 466|0x000000009d200000, 0x000000009d200000, 0x000000009d300000|  0%| F|  |TAMS 0x000000009d200000, 0x000000009d200000| Untracked 
| 467|0x000000009d300000, 0x000000009d300000, 0x000000009d400000|  0%| F|  |TAMS 0x000000009d300000, 0x000000009d300000| Untracked 
| 468|0x000000009d400000, 0x000000009d400000, 0x000000009d500000|  0%| F|  |TAMS 0x000000009d400000, 0x000000009d400000| Untracked 
| 469|0x000000009d500000, 0x000000009d500000, 0x000000009d600000|  0%| F|  |TAMS 0x000000009d500000, 0x000000009d500000| Untracked 
| 470|0x000000009d600000, 0x000000009d600000, 0x000000009d700000|  0%| F|  |TAMS 0x000000009d600000, 0x000000009d600000| Untracked 
| 471|0x000000009d700000, 0x000000009d700000, 0x000000009d800000|  0%| F|  |TAMS 0x000000009d700000, 0x000000009d700000| Untracked 
| 472|0x000000009d800000, 0x000000009d800000, 0x000000009d900000|  0%| F|  |TAMS 0x000000009d800000, 0x000000009d800000| Untracked 
| 473|0x000000009d900000, 0x000000009d900000, 0x000000009da00000|  0%| F|  |TAMS 0x000000009d900000, 0x000000009d900000| Untracked 
| 474|0x000000009da00000, 0x000000009da00000, 0x000000009db00000|  0%| F|  |TAMS 0x000000009da00000, 0x000000009da00000| Untracked 
| 475|0x000000009db00000, 0x000000009db00000, 0x000000009dc00000|  0%| F|  |TAMS 0x000000009db00000, 0x000000009db00000| Untracked 
| 476|0x000000009dc00000, 0x000000009dc00000, 0x000000009dd00000|  0%| F|  |TAMS 0x000000009dc00000, 0x000000009dc00000| Untracked 
| 477|0x000000009dd00000, 0x000000009dd00000, 0x000000009de00000|  0%| F|  |TAMS 0x000000009dd00000, 0x000000009dd00000| Untracked 
| 478|0x000000009de00000, 0x000000009de00000, 0x000000009df00000|  0%| F|  |TAMS 0x000000009de00000, 0x000000009de00000| Untracked 
| 479|0x000000009df00000, 0x000000009df00000, 0x000000009e000000|  0%| F|  |TAMS 0x000000009df00000, 0x000000009df00000| Untracked 
| 480|0x000000009e000000, 0x000000009e000000, 0x000000009e100000|  0%| F|  |TAMS 0x000000009e000000, 0x000000009e000000| Untracked 
| 481|0x000000009e100000, 0x000000009e100000, 0x000000009e200000|  0%| F|  |TAMS 0x000000009e100000, 0x000000009e100000| Untracked 
| 482|0x000000009e200000, 0x000000009e200000, 0x000000009e300000|  0%| F|  |TAMS 0x000000009e200000, 0x000000009e200000| Untracked 
| 483|0x000000009e300000, 0x000000009e300000, 0x000000009e400000|  0%| F|  |TAMS 0x000000009e300000, 0x000000009e300000| Untracked 
| 484|0x000000009e400000, 0x000000009e400000, 0x000000009e500000|  0%| F|  |TAMS 0x000000009e400000, 0x000000009e400000| Untracked 
| 485|0x000000009e500000, 0x000000009e500000, 0x000000009e600000|  0%| F|  |TAMS 0x000000009e500000, 0x000000009e500000| Untracked 
| 486|0x000000009e600000, 0x000000009e600000, 0x000000009e700000|  0%| F|  |TAMS 0x000000009e600000, 0x000000009e600000| Untracked 
| 487|0x000000009e700000, 0x000000009e700000, 0x000000009e800000|  0%| F|  |TAMS 0x000000009e700000, 0x000000009e700000| Untracked 
| 488|0x000000009e800000, 0x000000009e800000, 0x000000009e900000|  0%| F|  |TAMS 0x000000009e800000, 0x000000009e800000| Untracked 
| 489|0x000000009e900000, 0x000000009e900000, 0x000000009ea00000|  0%| F|  |TAMS 0x000000009e900000, 0x000000009e900000| Untracked 
| 490|0x000000009ea00000, 0x000000009ea00000, 0x000000009eb00000|  0%| F|  |TAMS 0x000000009ea00000, 0x000000009ea00000| Untracked 
| 491|0x000000009eb00000, 0x000000009eb00000, 0x000000009ec00000|  0%| F|  |TAMS 0x000000009eb00000, 0x000000009eb00000| Untracked 
| 492|0x000000009ec00000, 0x000000009ec00000, 0x000000009ed00000|  0%| F|  |TAMS 0x000000009ec00000, 0x000000009ec00000| Untracked 
| 493|0x000000009ed00000, 0x000000009ed00000, 0x000000009ee00000|  0%| F|  |TAMS 0x000000009ed00000, 0x000000009ed00000| Untracked 
| 494|0x000000009ee00000, 0x000000009ee00000, 0x000000009ef00000|  0%| F|  |TAMS 0x000000009ee00000, 0x000000009ee00000| Untracked 
| 495|0x000000009ef00000, 0x000000009ef00000, 0x000000009f000000|  0%| F|  |TAMS 0x000000009ef00000, 0x000000009ef00000| Untracked 
| 496|0x000000009f000000, 0x000000009f000000, 0x000000009f100000|  0%| F|  |TAMS 0x000000009f000000, 0x000000009f000000| Untracked 
| 497|0x000000009f100000, 0x000000009f100000, 0x000000009f200000|  0%| F|  |TAMS 0x000000009f100000, 0x000000009f100000| Untracked 
| 498|0x000000009f200000, 0x000000009f200000, 0x000000009f300000|  0%| F|  |TAMS 0x000000009f200000, 0x000000009f200000| Untracked 
| 499|0x000000009f300000, 0x000000009f300000, 0x000000009f400000|  0%| F|  |TAMS 0x000000009f300000, 0x000000009f300000| Untracked 
| 500|0x000000009f400000, 0x000000009f400000, 0x000000009f500000|  0%| F|  |TAMS 0x000000009f400000, 0x000000009f400000| Untracked 
| 501|0x000000009f500000, 0x000000009f500000, 0x000000009f600000|  0%| F|  |TAMS 0x000000009f500000, 0x000000009f500000| Untracked 
| 502|0x000000009f600000, 0x000000009f600000, 0x000000009f700000|  0%| F|  |TAMS 0x000000009f600000, 0x000000009f600000| Untracked 
| 503|0x000000009f700000, 0x000000009f700000, 0x000000009f800000|  0%| F|  |TAMS 0x000000009f700000, 0x000000009f700000| Untracked 
| 504|0x000000009f800000, 0x000000009f800000, 0x000000009f900000|  0%| F|  |TAMS 0x000000009f800000, 0x000000009f800000| Untracked 
| 505|0x000000009f900000, 0x000000009f900000, 0x000000009fa00000|  0%| F|  |TAMS 0x000000009f900000, 0x000000009f900000| Untracked 
| 506|0x000000009fa00000, 0x000000009fa00000, 0x000000009fb00000|  0%| F|  |TAMS 0x000000009fa00000, 0x000000009fa00000| Untracked 
| 507|0x000000009fb00000, 0x000000009fb00000, 0x000000009fc00000|  0%| F|  |TAMS 0x000000009fb00000, 0x000000009fb00000| Untracked 
| 508|0x000000009fc00000, 0x000000009fc00000, 0x000000009fd00000|  0%| F|  |TAMS 0x000000009fc00000, 0x000000009fc00000| Untracked 
| 509|0x000000009fd00000, 0x000000009fd00000, 0x000000009fe00000|  0%| F|  |TAMS 0x000000009fd00000, 0x000000009fd00000| Untracked 
| 510|0x000000009fe00000, 0x000000009fe00000, 0x000000009ff00000|  0%| F|  |TAMS 0x000000009fe00000, 0x000000009fe00000| Untracked 
| 511|0x000000009ff00000, 0x000000009ff00000, 0x00000000a0000000|  0%| F|  |TAMS 0x000000009ff00000, 0x000000009ff00000| Untracked 
| 512|0x00000000a0000000, 0x00000000a0000000, 0x00000000a0100000|  0%| F|  |TAMS 0x00000000a0000000, 0x00000000a0000000| Untracked 
| 513|0x00000000a0100000, 0x00000000a0100000, 0x00000000a0200000|  0%| F|  |TAMS 0x00000000a0100000, 0x00000000a0100000| Untracked 
| 514|0x00000000a0200000, 0x00000000a0200000, 0x00000000a0300000|  0%| F|  |TAMS 0x00000000a0200000, 0x00000000a0200000| Untracked 
| 515|0x00000000a0300000, 0x00000000a0300000, 0x00000000a0400000|  0%| F|  |TAMS 0x00000000a0300000, 0x00000000a0300000| Untracked 
| 516|0x00000000a0400000, 0x00000000a0400000, 0x00000000a0500000|  0%| F|  |TAMS 0x00000000a0400000, 0x00000000a0400000| Untracked 
| 517|0x00000000a0500000, 0x00000000a0500000, 0x00000000a0600000|  0%| F|  |TAMS 0x00000000a0500000, 0x00000000a0500000| Untracked 
| 518|0x00000000a0600000, 0x00000000a0600000, 0x00000000a0700000|  0%| F|  |TAMS 0x00000000a0600000, 0x00000000a0600000| Untracked 
| 519|0x00000000a0700000, 0x00000000a0700000, 0x00000000a0800000|  0%| F|  |TAMS 0x00000000a0700000, 0x00000000a0700000| Untracked 
| 520|0x00000000a0800000, 0x00000000a0800000, 0x00000000a0900000|  0%| F|  |TAMS 0x00000000a0800000, 0x00000000a0800000| Untracked 
| 521|0x00000000a0900000, 0x00000000a0900000, 0x00000000a0a00000|  0%| F|  |TAMS 0x00000000a0900000, 0x00000000a0900000| Untracked 
| 522|0x00000000a0a00000, 0x00000000a0a00000, 0x00000000a0b00000|  0%| F|  |TAMS 0x00000000a0a00000, 0x00000000a0a00000| Untracked 
| 523|0x00000000a0b00000, 0x00000000a0b00000, 0x00000000a0c00000|  0%| F|  |TAMS 0x00000000a0b00000, 0x00000000a0b00000| Untracked 
| 524|0x00000000a0c00000, 0x00000000a0c00000, 0x00000000a0d00000|  0%| F|  |TAMS 0x00000000a0c00000, 0x00000000a0c00000| Untracked 
| 525|0x00000000a0d00000, 0x00000000a0d00000, 0x00000000a0e00000|  0%| F|  |TAMS 0x00000000a0d00000, 0x00000000a0d00000| Untracked 
| 526|0x00000000a0e00000, 0x00000000a0e00000, 0x00000000a0f00000|  0%| F|  |TAMS 0x00000000a0e00000, 0x00000000a0e00000| Untracked 
| 527|0x00000000a0f00000, 0x00000000a0f00000, 0x00000000a1000000|  0%| F|  |TAMS 0x00000000a0f00000, 0x00000000a0f00000| Untracked 
| 528|0x00000000a1000000, 0x00000000a1000000, 0x00000000a1100000|  0%| F|  |TAMS 0x00000000a1000000, 0x00000000a1000000| Untracked 
| 529|0x00000000a1100000, 0x00000000a1100000, 0x00000000a1200000|  0%| F|  |TAMS 0x00000000a1100000, 0x00000000a1100000| Untracked 
| 530|0x00000000a1200000, 0x00000000a1200000, 0x00000000a1300000|  0%| F|  |TAMS 0x00000000a1200000, 0x00000000a1200000| Untracked 
| 531|0x00000000a1300000, 0x00000000a1300000, 0x00000000a1400000|  0%| F|  |TAMS 0x00000000a1300000, 0x00000000a1300000| Untracked 
| 532|0x00000000a1400000, 0x00000000a1400000, 0x00000000a1500000|  0%| F|  |TAMS 0x00000000a1400000, 0x00000000a1400000| Untracked 
| 533|0x00000000a1500000, 0x00000000a1500000, 0x00000000a1600000|  0%| F|  |TAMS 0x00000000a1500000, 0x00000000a1500000| Untracked 
| 534|0x00000000a1600000, 0x00000000a1600000, 0x00000000a1700000|  0%| F|  |TAMS 0x00000000a1600000, 0x00000000a1600000| Untracked 
| 535|0x00000000a1700000, 0x00000000a1700000, 0x00000000a1800000|  0%| F|  |TAMS 0x00000000a1700000, 0x00000000a1700000| Untracked 
| 536|0x00000000a1800000, 0x00000000a1800000, 0x00000000a1900000|  0%| F|  |TAMS 0x00000000a1800000, 0x00000000a1800000| Untracked 
| 537|0x00000000a1900000, 0x00000000a1900000, 0x00000000a1a00000|  0%| F|  |TAMS 0x00000000a1900000, 0x00000000a1900000| Untracked 
| 538|0x00000000a1a00000, 0x00000000a1a00000, 0x00000000a1b00000|  0%| F|  |TAMS 0x00000000a1a00000, 0x00000000a1a00000| Untracked 
| 539|0x00000000a1b00000, 0x00000000a1b00000, 0x00000000a1c00000|  0%| F|  |TAMS 0x00000000a1b00000, 0x00000000a1b00000| Untracked 
| 540|0x00000000a1c00000, 0x00000000a1c00000, 0x00000000a1d00000|  0%| F|  |TAMS 0x00000000a1c00000, 0x00000000a1c00000| Untracked 
| 541|0x00000000a1d00000, 0x00000000a1d00000, 0x00000000a1e00000|  0%| F|  |TAMS 0x00000000a1d00000, 0x00000000a1d00000| Untracked 
| 542|0x00000000a1e00000, 0x00000000a1e00000, 0x00000000a1f00000|  0%| F|  |TAMS 0x00000000a1e00000, 0x00000000a1e00000| Untracked 
| 543|0x00000000a1f00000, 0x00000000a1f00000, 0x00000000a2000000|  0%| F|  |TAMS 0x00000000a1f00000, 0x00000000a1f00000| Untracked 
| 544|0x00000000a2000000, 0x00000000a2000000, 0x00000000a2100000|  0%| F|  |TAMS 0x00000000a2000000, 0x00000000a2000000| Untracked 
| 545|0x00000000a2100000, 0x00000000a2100000, 0x00000000a2200000|  0%| F|  |TAMS 0x00000000a2100000, 0x00000000a2100000| Untracked 
| 546|0x00000000a2200000, 0x00000000a2200000, 0x00000000a2300000|  0%| F|  |TAMS 0x00000000a2200000, 0x00000000a2200000| Untracked 
| 547|0x00000000a2300000, 0x00000000a2300000, 0x00000000a2400000|  0%| F|  |TAMS 0x00000000a2300000, 0x00000000a2300000| Untracked 
| 548|0x00000000a2400000, 0x00000000a2400000, 0x00000000a2500000|  0%| F|  |TAMS 0x00000000a2400000, 0x00000000a2400000| Untracked 
| 549|0x00000000a2500000, 0x00000000a2500000, 0x00000000a2600000|  0%| F|  |TAMS 0x00000000a2500000, 0x00000000a2500000| Untracked 
| 550|0x00000000a2600000, 0x00000000a2600000, 0x00000000a2700000|  0%| F|  |TAMS 0x00000000a2600000, 0x00000000a2600000| Untracked 
| 551|0x00000000a2700000, 0x00000000a2700000, 0x00000000a2800000|  0%| F|  |TAMS 0x00000000a2700000, 0x00000000a2700000| Untracked 
| 552|0x00000000a2800000, 0x00000000a2800000, 0x00000000a2900000|  0%| F|  |TAMS 0x00000000a2800000, 0x00000000a2800000| Untracked 
| 553|0x00000000a2900000, 0x00000000a2900000, 0x00000000a2a00000|  0%| F|  |TAMS 0x00000000a2900000, 0x00000000a2900000| Untracked 
| 554|0x00000000a2a00000, 0x00000000a2a00000, 0x00000000a2b00000|  0%| F|  |TAMS 0x00000000a2a00000, 0x00000000a2a00000| Untracked 
| 555|0x00000000a2b00000, 0x00000000a2b00000, 0x00000000a2c00000|  0%| F|  |TAMS 0x00000000a2b00000, 0x00000000a2b00000| Untracked 
| 556|0x00000000a2c00000, 0x00000000a2c00000, 0x00000000a2d00000|  0%| F|  |TAMS 0x00000000a2c00000, 0x00000000a2c00000| Untracked 
| 557|0x00000000a2d00000, 0x00000000a2d00000, 0x00000000a2e00000|  0%| F|  |TAMS 0x00000000a2d00000, 0x00000000a2d00000| Untracked 
| 558|0x00000000a2e00000, 0x00000000a2e00000, 0x00000000a2f00000|  0%| F|  |TAMS 0x00000000a2e00000, 0x00000000a2e00000| Untracked 
| 559|0x00000000a2f00000, 0x00000000a2f00000, 0x00000000a3000000|  0%| F|  |TAMS 0x00000000a2f00000, 0x00000000a2f00000| Untracked 
| 560|0x00000000a3000000, 0x00000000a3000000, 0x00000000a3100000|  0%| F|  |TAMS 0x00000000a3000000, 0x00000000a3000000| Untracked 
| 561|0x00000000a3100000, 0x00000000a3100000, 0x00000000a3200000|  0%| F|  |TAMS 0x00000000a3100000, 0x00000000a3100000| Untracked 
| 562|0x00000000a3200000, 0x00000000a3200000, 0x00000000a3300000|  0%| F|  |TAMS 0x00000000a3200000, 0x00000000a3200000| Untracked 
| 563|0x00000000a3300000, 0x00000000a3300000, 0x00000000a3400000|  0%| F|  |TAMS 0x00000000a3300000, 0x00000000a3300000| Untracked 
| 564|0x00000000a3400000, 0x00000000a3400000, 0x00000000a3500000|  0%| F|  |TAMS 0x00000000a3400000, 0x00000000a3400000| Untracked 
| 565|0x00000000a3500000, 0x00000000a3500000, 0x00000000a3600000|  0%| F|  |TAMS 0x00000000a3500000, 0x00000000a3500000| Untracked 
| 566|0x00000000a3600000, 0x00000000a3600000, 0x00000000a3700000|  0%| F|  |TAMS 0x00000000a3600000, 0x00000000a3600000| Untracked 
| 567|0x00000000a3700000, 0x00000000a3700000, 0x00000000a3800000|  0%| F|  |TAMS 0x00000000a3700000, 0x00000000a3700000| Untracked 
| 568|0x00000000a3800000, 0x00000000a3800000, 0x00000000a3900000|  0%| F|  |TAMS 0x00000000a3800000, 0x00000000a3800000| Untracked 
| 569|0x00000000a3900000, 0x00000000a3900000, 0x00000000a3a00000|  0%| F|  |TAMS 0x00000000a3900000, 0x00000000a3900000| Untracked 
| 570|0x00000000a3a00000, 0x00000000a3a00000, 0x00000000a3b00000|  0%| F|  |TAMS 0x00000000a3a00000, 0x00000000a3a00000| Untracked 
| 571|0x00000000a3b00000, 0x00000000a3b00000, 0x00000000a3c00000|  0%| F|  |TAMS 0x00000000a3b00000, 0x00000000a3b00000| Untracked 
| 572|0x00000000a3c00000, 0x00000000a3c00000, 0x00000000a3d00000|  0%| F|  |TAMS 0x00000000a3c00000, 0x00000000a3c00000| Untracked 
| 573|0x00000000a3d00000, 0x00000000a3d00000, 0x00000000a3e00000|  0%| F|  |TAMS 0x00000000a3d00000, 0x00000000a3d00000| Untracked 
| 574|0x00000000a3e00000, 0x00000000a3e00000, 0x00000000a3f00000|  0%| F|  |TAMS 0x00000000a3e00000, 0x00000000a3e00000| Untracked 
| 575|0x00000000a3f00000, 0x00000000a3f00000, 0x00000000a4000000|  0%| F|  |TAMS 0x00000000a3f00000, 0x00000000a3f00000| Untracked 
| 576|0x00000000a4000000, 0x00000000a4000000, 0x00000000a4100000|  0%| F|  |TAMS 0x00000000a4000000, 0x00000000a4000000| Untracked 
| 577|0x00000000a4100000, 0x00000000a4100000, 0x00000000a4200000|  0%| F|  |TAMS 0x00000000a4100000, 0x00000000a4100000| Untracked 
| 578|0x00000000a4200000, 0x00000000a4200000, 0x00000000a4300000|  0%| F|  |TAMS 0x00000000a4200000, 0x00000000a4200000| Untracked 
| 579|0x00000000a4300000, 0x00000000a4300000, 0x00000000a4400000|  0%| F|  |TAMS 0x00000000a4300000, 0x00000000a4300000| Untracked 
| 580|0x00000000a4400000, 0x00000000a4400000, 0x00000000a4500000|  0%| F|  |TAMS 0x00000000a4400000, 0x00000000a4400000| Untracked 
| 581|0x00000000a4500000, 0x00000000a4500000, 0x00000000a4600000|  0%| F|  |TAMS 0x00000000a4500000, 0x00000000a4500000| Untracked 
| 582|0x00000000a4600000, 0x00000000a4600000, 0x00000000a4700000|  0%| F|  |TAMS 0x00000000a4600000, 0x00000000a4600000| Untracked 
| 583|0x00000000a4700000, 0x00000000a4700000, 0x00000000a4800000|  0%| F|  |TAMS 0x00000000a4700000, 0x00000000a4700000| Untracked 
| 584|0x00000000a4800000, 0x00000000a4800000, 0x00000000a4900000|  0%| F|  |TAMS 0x00000000a4800000, 0x00000000a4800000| Untracked 
| 585|0x00000000a4900000, 0x00000000a4900000, 0x00000000a4a00000|  0%| F|  |TAMS 0x00000000a4900000, 0x00000000a4900000| Untracked 
| 586|0x00000000a4a00000, 0x00000000a4a00000, 0x00000000a4b00000|  0%| F|  |TAMS 0x00000000a4a00000, 0x00000000a4a00000| Untracked 
| 587|0x00000000a4b00000, 0x00000000a4b00000, 0x00000000a4c00000|  0%| F|  |TAMS 0x00000000a4b00000, 0x00000000a4b00000| Untracked 
| 588|0x00000000a4c00000, 0x00000000a4c00000, 0x00000000a4d00000|  0%| F|  |TAMS 0x00000000a4c00000, 0x00000000a4c00000| Untracked 
| 589|0x00000000a4d00000, 0x00000000a4d00000, 0x00000000a4e00000|  0%| F|  |TAMS 0x00000000a4d00000, 0x00000000a4d00000| Untracked 
| 590|0x00000000a4e00000, 0x00000000a4e00000, 0x00000000a4f00000|  0%| F|  |TAMS 0x00000000a4e00000, 0x00000000a4e00000| Untracked 
| 591|0x00000000a4f00000, 0x00000000a4f00000, 0x00000000a5000000|  0%| F|  |TAMS 0x00000000a4f00000, 0x00000000a4f00000| Untracked 
| 592|0x00000000a5000000, 0x00000000a5000000, 0x00000000a5100000|  0%| F|  |TAMS 0x00000000a5000000, 0x00000000a5000000| Untracked 
| 593|0x00000000a5100000, 0x00000000a5100000, 0x00000000a5200000|  0%| F|  |TAMS 0x00000000a5100000, 0x00000000a5100000| Untracked 
| 594|0x00000000a5200000, 0x00000000a5200000, 0x00000000a5300000|  0%| F|  |TAMS 0x00000000a5200000, 0x00000000a5200000| Untracked 
| 595|0x00000000a5300000, 0x00000000a5300000, 0x00000000a5400000|  0%| F|  |TAMS 0x00000000a5300000, 0x00000000a5300000| Untracked 
| 596|0x00000000a5400000, 0x00000000a5400000, 0x00000000a5500000|  0%| F|  |TAMS 0x00000000a5400000, 0x00000000a5400000| Untracked 
| 597|0x00000000a5500000, 0x00000000a5500000, 0x00000000a5600000|  0%| F|  |TAMS 0x00000000a5500000, 0x00000000a5500000| Untracked 
| 598|0x00000000a5600000, 0x00000000a5600000, 0x00000000a5700000|  0%| F|  |TAMS 0x00000000a5600000, 0x00000000a5600000| Untracked 
| 599|0x00000000a5700000, 0x00000000a5700000, 0x00000000a5800000|  0%| F|  |TAMS 0x00000000a5700000, 0x00000000a5700000| Untracked 
| 600|0x00000000a5800000, 0x00000000a5800000, 0x00000000a5900000|  0%| F|  |TAMS 0x00000000a5800000, 0x00000000a5800000| Untracked 
| 601|0x00000000a5900000, 0x00000000a5900000, 0x00000000a5a00000|  0%| F|  |TAMS 0x00000000a5900000, 0x00000000a5900000| Untracked 
| 602|0x00000000a5a00000, 0x00000000a5a00000, 0x00000000a5b00000|  0%| F|  |TAMS 0x00000000a5a00000, 0x00000000a5a00000| Untracked 
| 603|0x00000000a5b00000, 0x00000000a5b00000, 0x00000000a5c00000|  0%| F|  |TAMS 0x00000000a5b00000, 0x00000000a5b00000| Untracked 
| 604|0x00000000a5c00000, 0x00000000a5c00000, 0x00000000a5d00000|  0%| F|  |TAMS 0x00000000a5c00000, 0x00000000a5c00000| Untracked 
| 605|0x00000000a5d00000, 0x00000000a5d00000, 0x00000000a5e00000|  0%| F|  |TAMS 0x00000000a5d00000, 0x00000000a5d00000| Untracked 
| 606|0x00000000a5e00000, 0x00000000a5e00000, 0x00000000a5f00000|  0%| F|  |TAMS 0x00000000a5e00000, 0x00000000a5e00000| Untracked 
| 607|0x00000000a5f00000, 0x00000000a5f00000, 0x00000000a6000000|  0%| F|  |TAMS 0x00000000a5f00000, 0x00000000a5f00000| Untracked 
| 608|0x00000000a6000000, 0x00000000a6000000, 0x00000000a6100000|  0%| F|  |TAMS 0x00000000a6000000, 0x00000000a6000000| Untracked 
| 609|0x00000000a6100000, 0x00000000a6100000, 0x00000000a6200000|  0%| F|  |TAMS 0x00000000a6100000, 0x00000000a6100000| Untracked 
| 610|0x00000000a6200000, 0x00000000a6200000, 0x00000000a6300000|  0%| F|  |TAMS 0x00000000a6200000, 0x00000000a6200000| Untracked 
| 611|0x00000000a6300000, 0x00000000a6300000, 0x00000000a6400000|  0%| F|  |TAMS 0x00000000a6300000, 0x00000000a6300000| Untracked 

Card table byte_map: [0x000001a45b2e0000,0x000001a45b6e0000] _byte_map_base: 0x000001a45aee0000

Marking Bits (Prev, Next): (CMBitMap*) 0x000001a4481ffd80, (CMBitMap*) 0x000001a4481ffd40
 Prev Bits: [0x000001a45dae0000, 0x000001a45fae0000)
 Next Bits: [0x000001a45bae0000, 0x000001a45dae0000)

Polling page: 0x000001a4460e0000

Metaspace:

Usage:
  Non-class:    120.53 MB used.
      Class:     19.17 MB used.
       Both:    139.70 MB used.

Virtual space:
  Non-class space:      128.00 MB reserved,     121.06 MB ( 95%) committed,  16 nodes.
      Class space:        1.00 GB reserved,      19.69 MB (  2%) committed,  1 nodes.
             Both:        1.12 GB reserved,     140.75 MB ( 12%) committed. 

Chunk freelists:
   Non-Class:  2.75 MB
       Class:  328.00 KB
        Both:  3.07 MB

MaxMetaspaceSize: unlimited
CompressedClassSpaceSize: 1.00 GB
Initial GC threshold: 21.00 MB
Current GC threshold: 233.56 MB
CDS: off
MetaspaceReclaimPolicy: balanced
 - commit_granule_bytes: 65536.
 - commit_granule_words: 8192.
 - virtual_space_node_default_size: 1048576.
 - enlarge_chunks_in_place: 1.
 - new_chunks_are_fully_committed: 0.
 - uncommit_free_chunks: 1.
 - use_allocation_guard: 0.
 - handle_deallocations: 1.


Internal statistics:

num_allocs_failed_limit: 15.
num_arena_births: 2788.
num_arena_deaths: 936.
num_vsnodes_births: 17.
num_vsnodes_deaths: 0.
num_space_committed: 2250.
num_space_uncommitted: 0.
num_chunks_returned_to_freelist: 1252.
num_chunks_taken_from_freelist: 8939.
num_chunk_merges: 449.
num_chunk_splits: 5381.
num_chunks_enlarged: 3198.
num_purges: 10.
num_inconsistent_stats: 0.

CodeHeap 'non-profiled nmethods': size=119168Kb used=16874Kb max_used=16874Kb free=102293Kb
 bounds [0x000001a453200000, 0x000001a454280000, 0x000001a45a660000]
CodeHeap 'profiled nmethods': size=119104Kb used=47217Kb max_used=47217Kb free=71886Kb
 bounds [0x000001a44b660000, 0x000001a44e480000, 0x000001a452ab0000]
CodeHeap 'non-nmethods': size=7488Kb used=3596Kb max_used=4240Kb free=3891Kb
 bounds [0x000001a452ab0000, 0x000001a452ee0000, 0x000001a453200000]
 total_blobs=23842 nmethods=22822 adapters=928
 compilation: enabled
              stopped_count=0, restarted_count=0
 full_count=0

Compilation events (20 events):
Event: 4932.698 Thread 0x000001a4634a7cc0 nmethod 28942 0x000001a44e477590 code [0x000001a44e477720, 0x000001a44e477868]
Event: 4932.698 Thread 0x000001a470a856d0 nmethod 28938 0x000001a44e477990 code [0x000001a44e477b20, 0x000001a44e477c58]
Event: 4932.699 Thread 0x000001a470a87f50 nmethod 28941 0x000001a44e477d10 code [0x000001a44e477f60, 0x000001a44e478a38]
Event: 4932.699 Thread 0x000001a470a87f50 28943       3       com.android.tools.r8.ir.regalloc.c::c (44 bytes)
Event: 4932.699 Thread 0x000001a470a87f50 nmethod 28943 0x000001a44e478e10 code [0x000001a44e479020, 0x000001a44e4796d8]
Event: 4932.700 Thread 0x000001a470a87f50 28944       2       java.util.AbstractList$SubList$1::next (25 bytes)
Event: 4932.700 Thread 0x000001a470a856d0 28945       2       com.android.tools.r8.ir.regalloc.c::b (38 bytes)
Event: 4932.700 Thread 0x000001a470a87f50 nmethod 28944 0x000001a44e479910 code [0x000001a44e479ae0, 0x000001a44e479d28]
Event: 4932.700 Thread 0x000001a470a856d0 nmethod 28945 0x000001a44e479e90 code [0x000001a44e47a060, 0x000001a44e47a318]
Event: 4932.701 Thread 0x000001a470a856d0 28946 %     3       com.android.tools.r8.ir.regalloc.k::a @ 67 (132 bytes)
Event: 4932.702 Thread 0x000001a470a856d0 nmethod 28946% 0x000001a44e47a490 code [0x000001a44e47a760, 0x000001a44e47b4c8]
Event: 4932.702 Thread 0x000001a470a856d0 28947       2       com.android.tools.r8.internal.u0::hasNext (10 bytes)
Event: 4932.702 Thread 0x000001a470a87f50 28948       2       com.android.tools.r8.internal.t0::a (74 bytes)
Event: 4932.702 Thread 0x000001a470a856d0 nmethod 28947 0x000001a44e47ba10 code [0x000001a44e47bba0, 0x000001a44e47bcc8]
Event: 4932.702 Thread 0x000001a470a87f50 nmethod 28948 0x000001a44e47bd90 code [0x000001a44e47bf60, 0x000001a44e47c208]
Event: 4932.702 Thread 0x000001a470a87f50 28949       2       com.android.tools.r8.dex.code.E0::<init> (40 bytes)
Event: 4932.702 Thread 0x000001a470a87f50 nmethod 28949 0x000001a44e47c410 code [0x000001a44e47c5a0, 0x000001a44e47c6b8]
Event: 4932.703 Thread 0x000001a470a87f50 28950       2       com.android.tools.r8.internal.q4::A (5 bytes)
Event: 4932.703 Thread 0x000001a470a87f50 nmethod 28950 0x000001a44e47c790 code [0x000001a44e47c920, 0x000001a44e47ca58]
Event: 4932.704 Thread 0x000001a470a87f50 28951 %     3       com.android.tools.r8.ir.regalloc.c::d @ 97 (184 bytes)

GC Heap History (20 events):
Event: 2213.214 GC heap after
{Heap after GC invocations=94 (full 0):
 garbage-first heap   total 407552K, used 192847K [0x0000000080000000, 0x0000000100000000)
  region size 1024K, 3 young (3072K), 3 survivors (3072K)
 Metaspace       used 139487K, committed 140672K, reserved 1171456K
  class space    used 19403K, committed 19968K, reserved 1048576K
}
Event: 2213.805 GC heap before
{Heap before GC invocations=94 (full 0):
 garbage-first heap   total 407552K, used 288079K [0x0000000080000000, 0x0000000100000000)
  region size 1024K, 98 young (100352K), 3 survivors (3072K)
 Metaspace       used 140034K, committed 140992K, reserved 1171456K
  class space    used 19463K, committed 19968K, reserved 1048576K
}
Event: 2213.807 GC heap after
{Heap after GC invocations=95 (full 0):
 garbage-first heap   total 407552K, used 192511K [0x0000000080000000, 0x0000000100000000)
  region size 1024K, 3 young (3072K), 3 survivors (3072K)
 Metaspace       used 140034K, committed 140992K, reserved 1171456K
  class space    used 19463K, committed 19968K, reserved 1048576K
}
Event: 2275.945 GC heap before
{Heap before GC invocations=96 (full 0):
 garbage-first heap   total 555008K, used 469655K [0x0000000080000000, 0x0000000100000000)
  region size 1024K, 140 young (143360K), 3 survivors (3072K)
 Metaspace       used 140524K, committed 141568K, reserved 1171456K
  class space    used 19516K, committed 20032K, reserved 1048576K
}
Event: 2275.953 GC heap after
{Heap after GC invocations=97 (full 0):
 garbage-first heap   total 555008K, used 201933K [0x0000000080000000, 0x0000000100000000)
  region size 1024K, 16 young (16384K), 16 survivors (16384K)
 Metaspace       used 140524K, committed 141568K, reserved 1171456K
  class space    used 19516K, committed 20032K, reserved 1048576K
}
Event: 2275.994 GC heap before
{Heap before GC invocations=97 (full 0):
 garbage-first heap   total 555008K, used 213197K [0x0000000080000000, 0x0000000100000000)
  region size 1024K, 27 young (27648K), 16 survivors (16384K)
 Metaspace       used 140577K, committed 141632K, reserved 1171456K
  class space    used 19530K, committed 20032K, reserved 1048576K
}
Event: 2276.002 GC heap after
{Heap after GC invocations=98 (full 0):
 garbage-first heap   total 555008K, used 193124K [0x0000000080000000, 0x0000000100000000)
  region size 1024K, 3 young (3072K), 3 survivors (3072K)
 Metaspace       used 140577K, committed 141632K, reserved 1171456K
  class space    used 19530K, committed 20032K, reserved 1048576K
}
Event: 4921.478 GC heap before
{Heap before GC invocations=98 (full 0):
 garbage-first heap   total 555008K, used 446052K [0x0000000080000000, 0x0000000100000000)
  region size 1024K, 250 young (256000K), 3 survivors (3072K)
 Metaspace       used 141097K, committed 142208K, reserved 1171456K
  class space    used 19558K, committed 20096K, reserved 1048576K
}
Event: 4921.611 GC heap after
{Heap after GC invocations=99 (full 0):
 garbage-first heap   total 555008K, used 210808K [0x0000000080000000, 0x0000000100000000)
  region size 1024K, 20 young (20480K), 20 survivors (20480K)
 Metaspace       used 141097K, committed 142208K, reserved 1171456K
  class space    used 19558K, committed 20096K, reserved 1048576K
}
Event: 4931.984 GC heap before
{Heap before GC invocations=100 (full 0):
 garbage-first heap   total 555008K, used 436088K [0x0000000080000000, 0x0000000100000000)
  region size 1024K, 250 young (256000K), 20 survivors (20480K)
 Metaspace       used 141199K, committed 142336K, reserved 1171456K
  class space    used 19550K, committed 20096K, reserved 1048576K
}
Event: 4932.022 GC heap after
{Heap after GC invocations=101 (full 0):
 garbage-first heap   total 555008K, used 214646K [0x0000000080000000, 0x0000000100000000)
  region size 1024K, 13 young (13312K), 13 survivors (13312K)
 Metaspace       used 141199K, committed 142336K, reserved 1171456K
  class space    used 19550K, committed 20096K, reserved 1048576K
}
Event: 4932.029 GC heap before
{Heap before GC invocations=101 (full 0):
 garbage-first heap   total 555008K, used 227958K [0x0000000080000000, 0x0000000100000000)
  region size 1024K, 27 young (27648K), 13 survivors (13312K)
 Metaspace       used 141239K, committed 142336K, reserved 1171456K
  class space    used 19550K, committed 20096K, reserved 1048576K
}
Event: 4932.058 GC heap after
{Heap after GC invocations=102 (full 0):
 garbage-first heap   total 555008K, used 204469K [0x0000000080000000, 0x0000000100000000)
  region size 1024K, 3 young (3072K), 3 survivors (3072K)
 Metaspace       used 141239K, committed 142336K, reserved 1171456K
  class space    used 19550K, committed 20096K, reserved 1048576K
}
Event: 4932.298 GC heap before
{Heap before GC invocations=102 (full 0):
 garbage-first heap   total 555008K, used 448181K [0x0000000080000000, 0x0000000100000000)
  region size 1024K, 242 young (247808K), 3 survivors (3072K)
 Metaspace       used 142188K, committed 143296K, reserved 1179648K
  class space    used 19638K, committed 20160K, reserved 1048576K
}
Event: 4932.308 GC heap after
{Heap after GC invocations=103 (full 0):
 garbage-first heap   total 555008K, used 226531K [0x0000000080000000, 0x0000000100000000)
  region size 1024K, 25 young (25600K), 25 survivors (25600K)
 Metaspace       used 142188K, committed 143296K, reserved 1179648K
  class space    used 19638K, committed 20160K, reserved 1048576K
}
Event: 4932.498 GC heap before
{Heap before GC invocations=104 (full 0):
 garbage-first heap   total 626688K, used 440547K [0x0000000080000000, 0x0000000100000000)
  region size 1024K, 241 young (246784K), 25 survivors (25600K)
 Metaspace       used 142422K, committed 143488K, reserved 1179648K
  class space    used 19618K, committed 20160K, reserved 1048576K
}
Event: 4932.517 GC heap after
{Heap after GC invocations=105 (full 0):
 garbage-first heap   total 626688K, used 224284K [0x0000000080000000, 0x0000000100000000)
  region size 1024K, 6 young (6144K), 6 survivors (6144K)
 Metaspace       used 142422K, committed 143488K, reserved 1179648K
  class space    used 19618K, committed 20160K, reserved 1048576K
}
Event: 4932.533 GC heap before
{Heap before GC invocations=105 (full 0):
 garbage-first heap   total 626688K, used 247836K [0x0000000080000000, 0x0000000100000000)
  region size 1024K, 30 young (30720K), 6 survivors (6144K)
 Metaspace       used 142518K, committed 143616K, reserved 1179648K
  class space    used 19621K, committed 20160K, reserved 1048576K
}
Event: 4932.543 GC heap after
{Heap after GC invocations=106 (full 0):
 garbage-first heap   total 626688K, used 215262K [0x0000000080000000, 0x0000000100000000)
  region size 1024K, 3 young (3072K), 3 survivors (3072K)
 Metaspace       used 142518K, committed 143616K, reserved 1179648K
  class space    used 19621K, committed 20160K, reserved 1048576K
}
Event: 4932.704 GC heap before
{Heap before GC invocations=106 (full 0):
 garbage-first heap   total 626688K, used 501982K [0x0000000080000000, 0x0000000100000000)
  region size 1024K, 284 young (290816K), 3 survivors (3072K)
 Metaspace       used 143051K, committed 144128K, reserved 1179648K
  class space    used 19628K, committed 20160K, reserved 1048576K
}

Dll operation events (2 events):
Event: 0.005 Loaded shared library D:\Android\Android Studio\jbr\bin\java.dll
Event: 0.260 Loaded shared library D:\Android\Android Studio\jbr\bin\verify.dll

Deoptimization events (20 events):
Event: 4932.592 Thread 0x000001a470cd1cf0 DEOPT PACKING pc=0x000001a453766394 sp=0x000000793bcfbeb0
Event: 4932.592 Thread 0x000001a470cd1cf0 DEOPT UNPACKING pc=0x000001a452b069a3 sp=0x000000793bcfbe60 mode 2
Event: 4932.593 Thread 0x000001a470cd1cf0 DEOPT PACKING pc=0x000001a44c6cb9ec sp=0x000000793bcfc940
Event: 4932.593 Thread 0x000001a470cd1cf0 DEOPT UNPACKING pc=0x000001a452b07143 sp=0x000000793bcfbe48 mode 0
Event: 4932.593 Thread 0x000001a470cd1cf0 DEOPT PACKING pc=0x000001a44baa8a61 sp=0x000000793bcfc9c0
Event: 4932.593 Thread 0x000001a470cd1cf0 DEOPT UNPACKING pc=0x000001a452b07143 sp=0x000000793bcfbef8 mode 0
Event: 4932.599 Thread 0x000001a46d00c670 DEOPT PACKING pc=0x000001a44e0b2027 sp=0x000000792e9fce70
Event: 4932.599 Thread 0x000001a46d00c670 DEOPT UNPACKING pc=0x000001a452b07143 sp=0x000000792e9fc450 mode 0
Event: 4932.664 Thread 0x000001a46b562560 DEOPT PACKING pc=0x000001a44e0d4278 sp=0x000000793a5fc480
Event: 4932.664 Thread 0x000001a46b562560 DEOPT UNPACKING pc=0x000001a452b07143 sp=0x000000793a5fbc30 mode 0
Event: 4932.671 Thread 0x000001a46b562560 DEOPT PACKING pc=0x000001a44e3ae775 sp=0x000000793a5fc400
Event: 4932.671 Thread 0x000001a470cd1cf0 DEOPT PACKING pc=0x000001a44e3ae775 sp=0x000000793bcfc4e0
Event: 4932.671 Thread 0x000001a46b562560 DEOPT UNPACKING pc=0x000001a452b07143 sp=0x000000793a5fb890 mode 0
Event: 4932.671 Thread 0x000001a470cd1cf0 DEOPT UNPACKING pc=0x000001a452b07143 sp=0x000000793bcfb970 mode 0
Event: 4932.682 Thread 0x000001a471267000 DEOPT PACKING pc=0x000001a44e1b8eab sp=0x000000793b7fcc10
Event: 4932.682 Thread 0x000001a471267000 DEOPT UNPACKING pc=0x000001a452b07143 sp=0x000000793b7fc2e0 mode 0
Event: 4932.684 Thread 0x000001a470cd1cf0 DEOPT PACKING pc=0x000001a44e0b84ee sp=0x000000793bcfc590
Event: 4932.684 Thread 0x000001a470cd1cf0 DEOPT UNPACKING pc=0x000001a452b07143 sp=0x000000793bcfbcd0 mode 0
Event: 4932.698 Thread 0x000001a471267000 DEOPT PACKING pc=0x000001a44cac6689 sp=0x000000793b7fc750
Event: 4932.698 Thread 0x000001a471267000 DEOPT UNPACKING pc=0x000001a452b07143 sp=0x000000793b7fbc50 mode 0

Classes unloaded (20 events):
Event: 4932.428 Thread 0x000001a462b61bd0 Unloading class 0x0000000100c2d000 'com/android/build/gradle/api/BaseVariant$registerJavaGeneratingTask'
Event: 4932.428 Thread 0x000001a462b61bd0 Unloading class 0x0000000100c2c800 'org/gradle/api/provider/Provider$get'
Event: 4932.428 Thread 0x000001a462b61bd0 Unloading class 0x0000000100c28000 'com/android/build/gradle/internal/api/ApplicationVariantImpl_Decorated$hasProperty'
Event: 4932.428 Thread 0x000001a462b61bd0 Unloading class 0x0000000100c29800 'com/google/protobuf/gradle/GenerateProtoTask$doneConfig$1'
Event: 4932.428 Thread 0x000001a462b61bd0 Unloading class 0x0000000100c25000 'com/google/protobuf/gradle/GenerateProtoTask$doneInitializing$0'
Event: 4932.428 Thread 0x000001a462b61bd0 Unloading class 0x0000000100c24000 'com/google/protobuf/gradle/GenerateProtoTask$setVariant'
Event: 4932.428 Thread 0x000001a462b61bd0 Unloading class 0x0000000100bf1800 'com/android/build/gradle/internal/dsl/BaseAppModuleExtension_Decorated$hasProperty'
Event: 4932.428 Thread 0x000001a462b61bd0 Unloading class 0x0000000100c2c000 'com/google/protobuf/gradle/tasks/ProtoSourceSet$includesFrom$0'
Event: 4932.428 Thread 0x000001a462b61bd0 Unloading class 0x0000000100bf0800 'com/google/protobuf/gradle/tasks/ProtoSourceSet$extendsFrom'
Event: 4932.428 Thread 0x000001a462b61bd0 Unloading class 0x0000000100bf0000 'org/gradle/api/NamedDomainObjectCollection$getByName'
Event: 4932.428 Thread 0x000001a462b61bd0 Unloading class 0x0000000100be9800 'java_util_List$add'
Event: 4932.428 Thread 0x000001a462b61bd0 Unloading class 0x0000000100be8800 'org/gradle/api/internal/artifacts/configurations/DefaultConfiguration$ConfigurationResolvableDependencies_Decorated$artifactView'
Event: 4932.428 Thread 0x000001a462b61bd0 Unloading class 0x0000000100a94000 'org/gradle/api/Project$afterEvaluate'
Event: 4932.428 Thread 0x000001a462b61bd0 Unloading class 0x0000000100a88000 'org/gradle/api/file/SourceDirectorySet$srcDir'
Event: 4932.428 Thread 0x000001a462b61bd0 Unloading class 0x0000000100c30000 'org/gradle/api/plugins/ExtensionContainer$getByType$0'
Event: 4932.428 Thread 0x000001a462b61bd0 Unloading class 0x0000000100a85800 'org/gradle/api/plugins/ExtensionContainer$add'
Event: 4932.428 Thread 0x000001a462b61bd0 Unloading class 0x0000000100a85000 'org/gradle/api/NamedDomainObjectContainer$create'
Event: 4932.428 Thread 0x000001a462b61bd0 Unloading class 0x0000000100c30800 'org/gradle/api/internal/FactoryNamedDomainObjectContainer_Decorated$named$0'
Event: 4932.428 Thread 0x000001a462b61bd0 Unloading class 0x0000000100a84000 'org/gradle/api/internal/FactoryNamedDomainObjectContainer_Decorated$configureEach'
Event: 4932.428 Thread 0x000001a462b61bd0 Unloading class 0x0000000100a78800 'com/google/protobuf/gradle/Utils$isAndroidProject'

Classes redefined (0 events):
No events

Internal exceptions (20 events):
Event: 4931.933 Thread 0x000001a4724b20f0 Exception <a 'sun/nio/fs/WindowsException'{0x00000000988f0410}> (0x00000000988f0410) 
thrown [s\src\hotspot\share\prims\jni.cpp, line 517]
Event: 4931.933 Thread 0x000001a4724b20f0 Exception <a 'sun/nio/fs/WindowsException'{0x00000000988f1950}> (0x00000000988f1950) 
thrown [s\src\hotspot\share\prims\jni.cpp, line 517]
Event: 4931.933 Thread 0x000001a4724b20f0 Exception <a 'sun/nio/fs/WindowsException'{0x00000000988f2e90}> (0x00000000988f2e90) 
thrown [s\src\hotspot\share\prims\jni.cpp, line 517]
Event: 4931.934 Thread 0x000001a4724b20f0 Exception <a 'sun/nio/fs/WindowsException'{0x00000000988f43d0}> (0x00000000988f43d0) 
thrown [s\src\hotspot\share\prims\jni.cpp, line 517]
Event: 4931.934 Thread 0x000001a4724b20f0 Exception <a 'sun/nio/fs/WindowsException'{0x00000000988f5910}> (0x00000000988f5910) 
thrown [s\src\hotspot\share\prims\jni.cpp, line 517]
Event: 4931.934 Thread 0x000001a4724b20f0 Exception <a 'sun/nio/fs/WindowsException'{0x00000000988f6e50}> (0x00000000988f6e50) 
thrown [s\src\hotspot\share\prims\jni.cpp, line 517]
Event: 4931.934 Thread 0x000001a4724b20f0 Exception <a 'sun/nio/fs/WindowsException'{0x00000000988f8370}> (0x00000000988f8370) 
thrown [s\src\hotspot\share\prims\jni.cpp, line 517]
Event: 4931.936 Thread 0x000001a4724b20f0 Exception <a 'sun/nio/fs/WindowsException'{0x00000000988f9838}> (0x00000000988f9838) 
thrown [s\src\hotspot\share\prims\jni.cpp, line 517]
Event: 4931.939 Thread 0x000001a4724b20f0 Exception <a 'java/lang/NoSuchMethodError'{0x000000009876ff80}: static Lcom/android/build/gradle/internal/tasks/DexArchiveBuilderTaskDelegate$ClasspathServiceKey;.<clinit>()V> (0x000000009876ff80) 
thrown [s\src\hotspot\share\prims\jni.cpp, line 1108]
Event: 4931.976 Thread 0x000001a46b562560 Exception <a 'sun/nio/fs/WindowsException'{0x0000000093fbcfe8}> (0x0000000093fbcfe8) 
thrown [s\src\hotspot\share\prims\jni.cpp, line 517]
Event: 4932.027 Thread 0x000001a46d00c670 Exception <a 'sun/nio/fs/WindowsException'{0x00000000a1367e90}> (0x00000000a1367e90) 
thrown [s\src\hotspot\share\prims\jni.cpp, line 517]
Event: 4932.059 Thread 0x000001a471265cc0 Exception <a 'sun/nio/fs/WindowsException'{0x00000000a1d7a510}> (0x00000000a1d7a510) 
thrown [s\src\hotspot\share\prims\jni.cpp, line 517]
Event: 4932.059 Thread 0x000001a471266660 Exception <a 'sun/nio/fs/WindowsException'{0x00000000a1dbf898}> (0x00000000a1dbf898) 
thrown [s\src\hotspot\share\prims\jni.cpp, line 517]
Event: 4932.089 Thread 0x000001a471266b30 Exception <a 'sun/nio/fs/WindowsException'{0x00000000a1c24cf8}> (0x00000000a1c24cf8) 
thrown [s\src\hotspot\share\prims\jni.cpp, line 517]
Event: 4932.101 Thread 0x000001a4712674d0 Exception <a 'sun/nio/fs/WindowsException'{0x00000000a15b2050}> (0x00000000a15b2050) 
thrown [s\src\hotspot\share\prims\jni.cpp, line 517]
Event: 4932.101 Thread 0x000001a471267000 Exception <a 'sun/nio/fs/WindowsException'{0x00000000a1d65bf0}> (0x00000000a1d65bf0) 
thrown [s\src\hotspot\share\prims\jni.cpp, line 517]
Event: 4932.110 Thread 0x000001a470cd1cf0 Exception <a 'sun/nio/fs/WindowsException'{0x00000000a1888338}> (0x00000000a1888338) 
thrown [s\src\hotspot\share\prims\jni.cpp, line 517]
Event: 4932.256 Thread 0x000001a46b562560 Exception <a 'java/lang/NoSuchMethodError'{0x0000000096553778}: 'java.lang.Object java.lang.invoke.DirectMethodHandle$Holder.invokeInterface(java.lang.Object, java.lang.Object, int)'> (0x0000000096553778) 
thrown [s\src\hotspot\share\interpreter\linkResolver.cpp, line 771]
Event: 4932.316 Thread 0x000001a4712674d0 Exception <a 'java/lang/NoSuchMethodError'{0x00000000a1406e90}: 'int java.lang.invoke.DirectMethodHandle$Holder.invokeStatic(java.lang.Object, java.lang.Object, int, java.lang.Object)'> (0x00000000a1406e90) 
thrown [s\src\hotspot\share\interpreter\linkResolver.cpp, line 771]
Event: 4932.561 Thread 0x000001a471267000 Exception <a 'java/lang/NoSuchMethodError'{0x00000000a3e1e5b8}: 'int java.lang.invoke.DirectMethodHandle$Holder.invokeInterface(java.lang.Object, java.lang.Object, int)'> (0x00000000a3e1e5b8) 
thrown [s\src\hotspot\share\interpreter\linkResolver.cpp, line 771]

VM Operations (20 events):
Event: 4932.308 Executing VM operation: G1CollectForAllocation done
Event: 4932.398 Executing VM operation: ICBufferFull
Event: 4932.399 Executing VM operation: ICBufferFull done
Event: 4932.427 Executing VM operation: G1Concurrent
Event: 4932.440 Executing VM operation: G1Concurrent done
Event: 4932.493 Executing VM operation: G1Concurrent
Event: 4932.493 Executing VM operation: G1Concurrent done
Event: 4932.498 Executing VM operation: G1CollectForAllocation
Event: 4932.517 Executing VM operation: G1CollectForAllocation done
Event: 4932.533 Executing VM operation: G1CollectForAllocation
Event: 4932.543 Executing VM operation: G1CollectForAllocation done
Event: 4932.602 Executing VM operation: ICBufferFull
Event: 4932.602 Executing VM operation: ICBufferFull done
Event: 4932.681 Executing VM operation: ICBufferFull
Event: 4932.681 Executing VM operation: ICBufferFull done
Event: 4932.681 Executing VM operation: ICBufferFull
Event: 4932.681 Executing VM operation: ICBufferFull done
Event: 4932.681 Executing VM operation: ICBufferFull
Event: 4932.681 Executing VM operation: ICBufferFull done
Event: 4932.704 Executing VM operation: G1CollectForAllocation

Events (20 events):
Event: 4932.215 Thread 0x000001a4634b6680 flushing nmethod 0x000001a44d689990
Event: 4932.216 Thread 0x000001a4634b6680 flushing nmethod 0x000001a44d7cd790
Event: 4932.216 Thread 0x000001a4634b6680 flushing nmethod 0x000001a44d819e90
Event: 4932.216 Thread 0x000001a4634b6680 flushing nmethod 0x000001a44d81b490
Event: 4932.216 Thread 0x000001a4634b6680 flushing nmethod 0x000001a44d862c10
Event: 4932.216 Thread 0x000001a4634b6680 flushing nmethod 0x000001a44d868e10
Event: 4932.216 Thread 0x000001a4634b6680 flushing nmethod 0x000001a44d880790
Event: 4932.216 Thread 0x000001a4634b6680 flushing nmethod 0x000001a44d886d90
Event: 4932.216 Thread 0x000001a4634b6680 flushing nmethod 0x000001a44d887690
Event: 4932.216 Thread 0x000001a4634b6680 flushing nmethod 0x000001a44d889d90
Event: 4932.216 Thread 0x000001a4634b6680 flushing nmethod 0x000001a44d88b010
Event: 4932.216 Thread 0x000001a4634b6680 flushing nmethod 0x000001a44d8ab710
Event: 4932.219 Thread 0x000001a4634b6680 flushing nmethod 0x000001a44d9f4710
Event: 4932.220 Thread 0x000001a4634b6680 flushing nmethod 0x000001a44da2d610
Event: 4932.220 Thread 0x000001a4634b6680 flushing nmethod 0x000001a44da45f10
Event: 4932.220 Thread 0x000001a4634b6680 flushing nmethod 0x000001a44da5b990
Event: 4932.223 Thread 0x000001a4634b6680 flushing nmethod 0x000001a44da96f10
Event: 4932.225 Thread 0x000001a4634b6680 flushing nmethod 0x000001a44ddfc010
Event: 4932.225 Thread 0x000001a4634b6680 flushing nmethod 0x000001a44ddfc590
Event: 4932.225 Thread 0x000001a4634b6680 flushing nmethod 0x000001a44ddfcd10


Dynamic libraries:
0x00007ff615020000 - 0x00007ff61502a000 	D:\Android\Android Studio\jbr\bin\java.exe
0x00007ffa51450000 - 0x00007ffa51667000 	C:\WINDOWS\SYSTEM32\ntdll.dll
0x00007ffa4f760000 - 0x00007ffa4f824000 	C:\WINDOWS\System32\KERNEL32.DLL
0x00007ffa4ea70000 - 0x00007ffa4ee17000 	C:\WINDOWS\System32\KERNELBASE.dll
0x00007ffa4f030000 - 0x00007ffa4f141000 	C:\WINDOWS\System32\ucrtbase.dll
0x00007ffa1b560000 - 0x00007ffa1b577000 	D:\Android\Android Studio\jbr\bin\jli.dll
0x00007ffa1ab20000 - 0x00007ffa1ab3b000 	D:\Android\Android Studio\jbr\bin\VCRUNTIME140.dll
0x00007ffa50010000 - 0x00007ffa501be000 	C:\WINDOWS\System32\USER32.dll
0x00007ffa3d2f0000 - 0x00007ffa3d583000 	C:\WINDOWS\WinSxS\amd64_microsoft.windows.common-controls_6595b64144ccf1df_6.0.22621.3527_none_270e469b73872a76\COMCTL32.dll
0x00007ffa4e9d0000 - 0x00007ffa4e9f6000 	C:\WINDOWS\System32\win32u.dll
0x00007ffa4f480000 - 0x00007ffa4f527000 	C:\WINDOWS\System32\msvcrt.dll
0x00007ffa4ffe0000 - 0x00007ffa50009000 	C:\WINDOWS\System32\GDI32.dll
0x00007ffa4e770000 - 0x00007ffa4e889000 	C:\WINDOWS\System32\gdi32full.dll
0x00007ffa4ee20000 - 0x00007ffa4eeba000 	C:\WINDOWS\System32\msvcp_win.dll
0x00007ffa4f720000 - 0x00007ffa4f751000 	C:\WINDOWS\System32\IMM32.DLL
0x00007ffa22be0000 - 0x00007ffa22bec000 	D:\Android\Android Studio\jbr\bin\vcruntime140_1.dll
0x00007ff9cd470000 - 0x00007ff9cd4fd000 	D:\Android\Android Studio\jbr\bin\msvcp140.dll
0x00007ff991c70000 - 0x00007ff9928de000 	D:\Android\Android Studio\jbr\bin\server\jvm.dll
0x00007ffa50e40000 - 0x00007ffa50ef2000 	C:\WINDOWS\System32\ADVAPI32.dll
0x00007ffa4fb60000 - 0x00007ffa4fc08000 	C:\WINDOWS\System32\sechost.dll
0x00007ffa4f150000 - 0x00007ffa4f178000 	C:\WINDOWS\System32\bcrypt.dll
0x00007ffa4f970000 - 0x00007ffa4fa85000 	C:\WINDOWS\System32\RPCRT4.dll
0x00007ffa49d10000 - 0x00007ffa49d19000 	C:\WINDOWS\SYSTEM32\WSOCK32.dll
0x00007ffa47be0000 - 0x00007ffa47c14000 	C:\WINDOWS\SYSTEM32\WINMM.dll
0x00007ffa4ff60000 - 0x00007ffa4ffd1000 	C:\WINDOWS\System32\WS2_32.dll
0x00007ffa47320000 - 0x00007ffa4732a000 	C:\WINDOWS\SYSTEM32\VERSION.dll
0x00007ffa4d790000 - 0x00007ffa4d7a8000 	C:\WINDOWS\SYSTEM32\kernel.appcore.dll
0x00007ffa49c00000 - 0x00007ffa49c0a000 	D:\Android\Android Studio\jbr\bin\jimage.dll
0x00007ffa464b0000 - 0x00007ffa466e2000 	C:\WINDOWS\SYSTEM32\DBGHELP.DLL
0x00007ffa50250000 - 0x00007ffa505d8000 	C:\WINDOWS\System32\combase.dll
0x00007ffa4f890000 - 0x00007ffa4f967000 	C:\WINDOWS\System32\OLEAUT32.dll
0x00007ffa3af90000 - 0x00007ffa3afc2000 	C:\WINDOWS\SYSTEM32\dbgcore.DLL
0x00007ffa4e890000 - 0x00007ffa4e909000 	C:\WINDOWS\System32\bcryptPrimitives.dll
0x00007ffa285d0000 - 0x00007ffa285f5000 	D:\Android\Android Studio\jbr\bin\java.dll
0x00007ffa22750000 - 0x00007ffa22768000 	D:\Android\Android Studio\jbr\bin\zip.dll
0x00007ffa505e0000 - 0x00007ffa50e3c000 	C:\WINDOWS\System32\SHELL32.dll
0x00007ffa4c6b0000 - 0x00007ffa4cfa6000 	C:\WINDOWS\SYSTEM32\windows.storage.dll
0x00007ffa4c570000 - 0x00007ffa4c6ae000 	C:\WINDOWS\SYSTEM32\wintypes.dll
0x00007ffa4f180000 - 0x00007ffa4f275000 	C:\WINDOWS\System32\SHCORE.dll
0x00007ffa4fb00000 - 0x00007ffa4fb5e000 	C:\WINDOWS\System32\shlwapi.dll
0x00007ffa4e6a0000 - 0x00007ffa4e6c1000 	C:\WINDOWS\SYSTEM32\profapi.dll
0x00007ffa22730000 - 0x00007ffa22749000 	D:\Android\Android Studio\jbr\bin\net.dll
0x00007ffa48f20000 - 0x00007ffa49056000 	C:\WINDOWS\SYSTEM32\WINHTTP.dll
0x00007ffa4dc00000 - 0x00007ffa4dc69000 	C:\WINDOWS\system32\mswsock.dll
0x00007ffa1b580000 - 0x00007ffa1b596000 	D:\Android\Android Studio\jbr\bin\nio.dll
0x00007ffa42910000 - 0x00007ffa42920000 	D:\Android\Android Studio\jbr\bin\verify.dll
0x00007ff98a090000 - 0x00007ff98a0b7000 	C:\Users\liubov\.gradle\native\68d5fa5c4cc2d200863cafc0d521ce42e7d3e7ee720ec0a83991735586a16f82\windows-amd64\native-platform.dll
0x00007ff998010000 - 0x00007ff998154000 	C:\Users\liubov\.gradle\native\e376f236ea51e6404a007f0833ffe2c6e607c4080706a723a18a27aeea778392\windows-amd64\native-platform-file-events.dll
0x00007ffa3cc90000 - 0x00007ffa3cc99000 	D:\Android\Android Studio\jbr\bin\management.dll
0x00007ffa39ed0000 - 0x00007ffa39edb000 	D:\Android\Android Studio\jbr\bin\management_ext.dll
0x00007ffa50f80000 - 0x00007ffa50f88000 	C:\WINDOWS\System32\PSAPI.DLL
0x00007ffa4de60000 - 0x00007ffa4de7b000 	C:\WINDOWS\SYSTEM32\CRYPTSP.dll
0x00007ffa4d6f0000 - 0x00007ffa4d725000 	C:\WINDOWS\system32\rsaenh.dll
0x00007ffa4dd00000 - 0x00007ffa4dd28000 	C:\WINDOWS\SYSTEM32\USERENV.dll
0x00007ffa4de80000 - 0x00007ffa4de8c000 	C:\WINDOWS\SYSTEM32\CRYPTBASE.dll
0x00007ffa4d210000 - 0x00007ffa4d23d000 	C:\WINDOWS\SYSTEM32\IPHLPAPI.DLL
0x00007ffa4fd90000 - 0x00007ffa4fd99000 	C:\WINDOWS\System32\NSI.dll
0x00007ffa489a0000 - 0x00007ffa489b9000 	C:\WINDOWS\SYSTEM32\dhcpcsvc6.DLL
0x00007ffa48590000 - 0x00007ffa485af000 	C:\WINDOWS\SYSTEM32\dhcpcsvc.DLL
0x00007ffa4d240000 - 0x00007ffa4d338000 	C:\WINDOWS\SYSTEM32\DNSAPI.dll
0x00007ffa28580000 - 0x00007ffa28588000 	C:\WINDOWS\system32\wshunix.dll
0x00007ffa49c80000 - 0x00007ffa49c97000 	C:\WINDOWS\system32\napinsp.dll
0x00007ffa49b70000 - 0x00007ffa49b8b000 	C:\WINDOWS\system32\pnrpnsp.dll
0x00007ffa47c30000 - 0x00007ffa47c41000 	C:\WINDOWS\System32\winrnr.dll
0x00007ffa2f830000 - 0x00007ffa2f845000 	C:\WINDOWS\system32\wshbth.dll
0x00007ffa3d970000 - 0x00007ffa3d997000 	C:\WINDOWS\system32\nlansp_c.dll
0x00007ffa47740000 - 0x00007ffa4774a000 	C:\Windows\System32\rasadhlp.dll
0x00007ffa47880000 - 0x00007ffa47903000 	C:\WINDOWS\System32\fwpuclnt.dll
0x00007ffa129b0000 - 0x00007ffa129ce000 	C:\Users\liubov\AppData\Local\Temp\native-platform8359939212020250560dir\native-platform.dll
0x00007ffa49d00000 - 0x00007ffa49d07000 	D:\Android\Android Studio\jbr\bin\rmi.dll

dbghelp: loaded successfully - version: 4.0.5 - missing functions: none
symbol engine: initialized successfully - sym options: 0x614 - pdb path: .;D:\Android\Android Studio\jbr\bin;C:\WINDOWS\SYSTEM32;C:\WINDOWS\WinSxS\amd64_microsoft.windows.common-controls_6595b64144ccf1df_6.0.22621.3527_none_270e469b73872a76;D:\Android\Android Studio\jbr\bin\server;C:\Users\liubov\.gradle\native\68d5fa5c4cc2d200863cafc0d521ce42e7d3e7ee720ec0a83991735586a16f82\windows-amd64;C:\Users\liubov\.gradle\native\e376f236ea51e6404a007f0833ffe2c6e607c4080706a723a18a27aeea778392\windows-amd64;C:\Users\liubov\AppData\Local\Temp\native-platform8359939212020250560dir

VM Arguments:
jvm_args: --add-opens=java.base/java.util=ALL-UNNAMED --add-opens=java.base/java.lang=ALL-UNNAMED --add-opens=java.base/java.lang.invoke=ALL-UNNAMED --add-opens=java.prefs/java.util.prefs=ALL-UNNAMED --add-opens=java.base/java.nio.charset=ALL-UNNAMED --add-opens=java.base/java.net=ALL-UNNAMED --add-opens=java.base/java.util.concurrent.atomic=ALL-UNNAMED -Xmx2048m -Dfile.encoding=UTF-8 -Duser.country=UA -Duser.language=uk -Duser.variant 
java_command: org.gradle.launcher.daemon.bootstrap.GradleDaemon 8.0
java_class_path (initial): C:\Users\liubov\.gradle\wrapper\dists\gradle-8.0-bin\ca5e32bp14vu59qr306oxotwh\gradle-8.0\lib\gradle-launcher-8.0.jar
Launcher Type: SUN_STANDARD

[Global flags]
     intx CICompilerCount                          = 12                                        {product} {ergonomic}
     uint ConcGCThreads                            = 3                                         {product} {ergonomic}
     uint G1ConcRefinementThreads                  = 13                                        {product} {ergonomic}
   size_t G1HeapRegionSize                         = 1048576                                   {product} {ergonomic}
    uintx GCDrainStackTargetSize                   = 64                                        {product} {ergonomic}
   size_t InitialHeapSize                          = 255852544                                 {product} {ergonomic}
   size_t MarkStackSize                            = 4194304                                   {product} {ergonomic}
   size_t MaxHeapSize                              = 2147483648                                {product} {command line}
   size_t MaxNewSize                               = 1287651328                                {product} {ergonomic}
   size_t MinHeapDeltaBytes                        = 1048576                                   {product} {ergonomic}
   size_t MinHeapSize                              = 8388608                                   {product} {ergonomic}
    uintx NonNMethodCodeHeapSize                   = 7602480                                {pd product} {ergonomic}
    uintx NonProfiledCodeHeapSize                  = 122027880                              {pd product} {ergonomic}
    uintx ProfiledCodeHeapSize                     = 122027880                              {pd product} {ergonomic}
    uintx ReservedCodeCacheSize                    = 251658240                              {pd product} {ergonomic}
     bool SegmentedCodeCache                       = true                                      {product} {ergonomic}
   size_t SoftMaxHeapSize                          = 2147483648                             {manageable} {ergonomic}
     bool UseCompressedClassPointers               = true                           {product lp64_product} {ergonomic}
     bool UseCompressedOops                        = true                           {product lp64_product} {ergonomic}
     bool UseG1GC                                  = true                                      {product} {ergonomic}
     bool UseLargePagesIndividualAllocation        = false                                  {pd product} {ergonomic}

Logging:
Log output configuration:
 #0: stdout all=warning uptime,level,tags
 #1: stderr all=off uptime,level,tags

Environment Variables:
PATH=D:\VMware\bin\;C:\Program Files\NVIDIA GPU Computing Toolkit\CUDA\v12.4\bin;C:\Program Files\NVIDIA GPU Computing Toolkit\CUDA\v12.4\libnvvp;C:\Program Files\Common Files\Oracle\Java\javapath;C:\WINDOWS\system32;C:\WINDOWS;C:\WINDOWS\System32\Wbem;C:\WINDOWS\System32\WindowsPowerShell\v1.0\;C:\WINDOWS\System32\OpenSSH\;C:\Program Files (x86)\NVIDIA Corporation\PhysX\Common;C:\Program Files\NVIDIA Corporation\NVIDIA NvDLISR;C:\Program Files\Git\cmd;C:\Program Files (x86)\Windows Kits\10\Windows Performance Toolkit\;D:\nodejs\;D:\opencv\opencv\build\x64\vc16\bin\;C:\Program Files\Amazon\AWSCLIV2\;C:\Program Files\NVIDIA Corporation\Nsight Compute 2024.1.0\;C:\Program Files\NVIDIA GPU Computing Toolkit\CUDA\v12.4\bin\\..\extras\CUPTI\lib64;C:\Program Files\Microsoft SDKs\Azure\CLI2\wbin;C:\Program Files\NVIDIA GPU Computing Toolkit\CUDA\v12.4\bin;C:\Program Files\NVIDIA GPU Computing Toolkit\CUDA\v12.4\libnvvp;C:\Program Files\Common Files\Oracle\Java\javapath;C:\WINDOWS\system32;C:\WINDOWS;C:\WINDOWS\System32\Wbem;C:\WINDOWS\System32\WindowsPowerShell\v1.0\;C:\WINDOWS\System32\OpenSSH\;C:\Program Files (x86)\NVIDIA Corporation\PhysX\Common;C:\Program Files\NVIDIA Corporation\NVIDIA NvDLISR;C:\Program Files\Git\cmd;C:\Program Files (x86)\Windows Kits\10\Windows Performance Toolkit\;D:\nodejs\;D:\opencv\opencv\build\x64\vc16\bin\;C:\Program Files\Amazon\AWSCLIV2\;C:\Program Files\NVIDIA Corporation\Nsight Compute 2024.1.0\;C:\Program Files\NVIDIA GPU Computing Toolkit\CUDA\v12.4\bin\\..\extras\CUPTI\lib64;C:\Program Files\NVIDIA GPU Computing Toolkit\CUDA\v12.4\bin;C:\Program Files\NVIDIA GPU Computing Toolkit\CUDA\v12.4\libnvvp;C:\Program Files\Common Files\Orac;D:\Microsoft\Microsoft VS Code\bin
USERNAME=liubov
OS=Windows_NT
PROCESSOR_IDENTIFIER=AMD64 Family 25 Model 68 Stepping 1, AuthenticAMD
TMP=C:\Users\liubov\AppData\Local\Temp
TEMP=C:\Users\liubov\AppData\Local\Temp


JNI global refs:
JNI global refs: 37, weak refs: 284

JNI global refs memory usage: 843, weak refs: 4633


---------------  S Y S T E M  ---------------

OS:
 Windows 11 , 64 bit Build 22621 (10.0.22621.3527)
OS uptime: 5 days 8:21 hours

CPU: total 16 (initial active 16) (16 cores per cpu, 2 threads per core) family 25 model 68 stepping 1 microcode 0x0, cx8, cmov, fxsr, ht, mmx, 3dnowpref, sse, sse2, sse3, ssse3, sse4a, sse4.1, sse4.2, popcnt, lzcnt, tsc, tscinvbit, avx, avx2, aes, erms, clmul, bmi1, bmi2, adx, sha, fma, vzeroupper, clflush, clflushopt

Memory: 4k page, system-wide physical 15557M (255M free)
TotalPageFile size 32097M (AvailPageFile size 530M)
current process WorkingSet (physical memory assigned to process): 886M, peak: 886M
current process commit charge ("private bytes"): 1079M, peak: 1653M

vm_info: OpenJDK 64-Bit Server VM (17.0.6+0-b2043.56-10027231) for windows-amd64 JRE (17.0.6+0-b2043.56-10027231), built on Apr 28 2023 00:43:19 by "androidbuild" with MS VC++ 16.10 / 16.11 (VS2019)

END.
