#
# There is insufficient memory for the Java Runtime Environment to continue.
# Native memory allocation (mmap) failed to map 677380096 bytes for G1 virtual space
# Possible reasons:
#   The system is out of physical RAM or swap space
#   The process is running with CompressedOops enabled, and the Java Heap may be blocking the growth of the native heap
# Possible solutions:
#   Reduce memory load on the system
#   Increase physical memory or swap space
#   Check if swap backing store is full
#   Decrease Java heap size (-Xmx/-Xms)
#   Decrease number of Java threads
#   Decrease Java thread stack sizes (-Xss)
#   Set larger code cache with -XX:ReservedCodeCacheSize=
#   JVM is running with Unscaled Compressed Oops mode in which the Java heap is
#     placed in the first 4GB address space. The Java Heap base address is the
#     maximum limit for the native heap growth. Please use -XX:HeapBaseMinAddress
#     to set the Java Heap base and to place the Java Heap above 4GB virtual address.
# This output file may be truncated or incomplete.
#
#  Out of Memory Error (os_windows.cpp:3769), pid=97200, tid=90208
#
# JRE version: OpenJDK Runtime Environment (17.0.6) (build 17.0.6+0-b2043.56-10027231)
# Java VM: OpenJDK 64-Bit Server VM (17.0.6+0-b2043.56-10027231, mixed mode, tiered, compressed oops, compressed class ptrs, g1 gc, windows-amd64)
# No core dump will be written. Minidumps are not enabled by default on client versions of Windows
#

---------------  S U M M A R Y ------------

Command Line: --add-opens=java.base/java.util=ALL-UNNAMED --add-opens=java.base/java.lang=ALL-UNNAMED --add-opens=java.base/java.lang.invoke=ALL-UNNAMED --add-opens=java.prefs/java.util.prefs=ALL-UNNAMED --add-opens=java.base/java.nio.charset=ALL-UNNAMED --add-opens=java.base/java.net=ALL-UNNAMED --add-opens=java.base/java.util.concurrent.atomic=ALL-UNNAMED -Xmx2048m -Dfile.encoding=UTF-8 -Duser.country=UA -Duser.language=uk -Duser.variant org.gradle.launcher.daemon.bootstrap.GradleDaemon 8.0

Host: AMD Ryzen 7 6800H with Radeon Graphics         , 16 cores, 15G,  Windows 11 , 64 bit Build 22621 (10.0.22621.3527)
Time: Sun Jun  9 23:01:14 2024  Windows 11 , 64 bit Build 22621 (10.0.22621.3527) elapsed time: 179.637333 seconds (0d 0h 2m 59s)

---------------  T H R E A D  ---------------

Current thread (0x0000025df3743790):  VMThread "VM Thread" [stack: 0x000000b84ef00000,0x000000b84f000000] [id=90208]

Stack: [0x000000b84ef00000,0x000000b84f000000]
Native frames: (J=compiled Java code, j=interpreted, Vv=VM code, C=native code)
V  [jvm.dll+0x683c9a]
V  [jvm.dll+0x8427a4]
V  [jvm.dll+0x843f9e]
V  [jvm.dll+0x844603]
V  [jvm.dll+0x249b75]
V  [jvm.dll+0x680b69]
V  [jvm.dll+0x67505a]
V  [jvm.dll+0x309acb]
V  [jvm.dll+0x310f86]
V  [jvm.dll+0x3608ee]
V  [jvm.dll+0x360b1f]
V  [jvm.dll+0x2dfbf8]
V  [jvm.dll+0x2ddec4]
V  [jvm.dll+0x2dd4cc]
V  [jvm.dll+0x321f3b]
V  [jvm.dll+0x848ccb]
V  [jvm.dll+0x849a04]
V  [jvm.dll+0x849f1d]
V  [jvm.dll+0x84a2f4]
V  [jvm.dll+0x84a3c0]
V  [jvm.dll+0x7f274a]
V  [jvm.dll+0x682ad5]
C  [ucrtbase.dll+0x29333]
C  [KERNEL32.DLL+0x1257d]
C  [ntdll.dll+0x5aa48]

VM_Operation (0x000000b85defa400): G1CollectForAllocation, mode: safepoint, requested by thread 0x0000025df5adbcd0


---------------  P R O C E S S  ---------------

Threads class SMR info:
_java_thread_list=0x0000025dfa06f220, length=260, elements={
0x0000025dd6e40ac0, 0x0000025df403f290, 0x0000025df4041110, 0x0000025df4095cc0,
0x0000025df4096870, 0x0000025df4097420, 0x0000025df409a1f0, 0x0000025df409daf0,
0x0000025df40bbae0, 0x0000025df40c8120, 0x0000025df424deb0, 0x0000025df426bf90,
0x0000025df6a24010, 0x0000025df5a73f80, 0x0000025df5a735e0, 0x0000025df5a74450,
0x0000025df5a74920, 0x0000025df5a752c0, 0x0000025df705f700, 0x0000025df705aa00,
0x0000025df705b870, 0x0000025df705a060, 0x0000025df705d550, 0x0000025df7060f10,
0x0000025df705b3a0, 0x0000025df70618b0, 0x0000025df705fbd0, 0x0000025df70613e0,
0x0000025dfd964920, 0x0000025dfd964df0, 0x0000025dfd966600, 0x0000025dfd9652c0,
0x0000025dfd965790, 0x0000025dfd965c60, 0x0000025dfd966ad0, 0x0000025dfd967940,
0x0000025dfd967e10, 0x0000025dfd9682e0, 0x0000025dfb5fbdf0, 0x0000025dfb5faab0,
0x0000025dfb600620, 0x0000025dfef41e30, 0x0000025dfef42300, 0x0000025dfef42ca0,
0x0000025dfef427d0, 0x0000025dfe97d850, 0x0000025dfef41960, 0x0000025df765cb80,
0x0000025df53b88c0, 0x0000025dfeecc830, 0x0000025df765d050, 0x0000025dfeecd1d0,
0x0000025dfeeccd00, 0x0000025dfe7dcd10, 0x0000025d81c08a30, 0x0000025dfda43400,
0x0000025dfeecc360, 0x0000025df53b70b0, 0x0000025dfeecb9c0, 0x0000025df53b4090,
0x0000025df78763b0, 0x0000025dfa91f9c0, 0x0000025dfa91fe90, 0x0000025dfa91e680,
0x0000025df82690a0, 0x0000025df8269a40, 0x0000025df8268230, 0x0000025df8268700,
0x0000025df8268bd0, 0x0000025df9c337d0, 0x0000025df9c367f0, 0x0000025df9c34640,
0x0000025df9c36320, 0x0000025df9c33ca0, 0x0000025df9c35980, 0x0000025df9c36cc0,
0x0000025df9c34fe0, 0x0000025df9c34170, 0x0000025df9c34b10, 0x0000025df9c35e50,
0x0000025df9c354b0, 0x0000025df9c33300, 0x0000025d81abec10, 0x0000025d81abf0e0,
0x0000025d81abb720, 0x0000025d81abdda0, 0x0000025d81abbbf0, 0x0000025d81abc0c0,
0x0000025d81abc590, 0x0000025d81abe740, 0x0000025d81abd8d0, 0x0000025d81abca60,
0x0000025d81abcf30, 0x0000025d81abd400, 0x0000025d81abe270, 0x0000025df51b7600,
0x0000025df51b7fa0, 0x0000025df51b8470, 0x0000025df51b62c0, 0x0000025df51b7ad0,
0x0000025df51b5df0, 0x0000025df51b6790, 0x0000025df51b8940, 0x0000025df51b6c60,
0x0000025df51b8e10, 0x0000025df51b7130, 0x0000025df51b5450, 0x0000025df51b5920,
0x0000025df51ba2d0, 0x0000025df51b9e00, 0x0000025df51bb610, 0x0000025df51bbfb0,
0x0000025df51ba7a0, 0x0000025df51bb140, 0x0000025df51bbae0, 0x0000025df51b9930,
0x0000025df51bc480, 0x0000025df51bc950, 0x0000025df51bce20, 0x0000025df51b9460,
0x0000025df51bac70, 0x0000025dfd9e2570, 0x0000025dfd9e20a0, 0x0000025dfd9dfa20,
0x0000025dfd9e03c0, 0x0000025dfd9e0890, 0x0000025dfd9e2a40, 0x0000025dfd9e2f10,
0x0000025dfd9e1700, 0x0000025dfd9e1230, 0x0000025dfd9e1bd0, 0x0000025dfd9e0d60,
0x0000025dfd9e33e0, 0x0000025dfd9dfef0, 0x0000025d818a0740, 0x0000025d818a2dc0,
0x0000025d818a3290, 0x0000025d818a1f50, 0x0000025d818a10e0, 0x0000025d818a1a80,
0x0000025d818a2420, 0x0000025d818a15b0, 0x0000025d818a3760, 0x0000025d8189fda0,
0x0000025d818a0c10, 0x0000025d818a0270, 0x0000025dfa880500, 0x0000025dfa880ea0,
0x0000025dfa8821e0, 0x0000025dfa881370, 0x0000025dfa882b80, 0x0000025dfa881840,
0x0000025dfa8809d0, 0x0000025dfa8826b0, 0x0000025dfa883050, 0x0000025dfa883520,
0x0000025dfa8839f0, 0x0000025dfa883ec0, 0x0000025dfa881d10, 0x0000025d818a28f0,
0x0000025df9b20e60, 0x0000025df9b21800, 0x0000025df9b20990, 0x0000025df9b21330,
0x0000025df9b204c0, 0x0000025df9b21cd0, 0x0000025df9b221a0, 0x0000025df9b22670,
0x0000025df9b1ecb0, 0x0000025df9b1fb20, 0x0000025df9b1f180, 0x0000025df9b1fff0,
0x0000025df9b1f650, 0x0000025dfdf5b180, 0x0000025dfdf5b650, 0x0000025dfdf5a310,
0x0000025dfdf5acb0, 0x0000025dfdf58b00, 0x0000025dfdf5bb20, 0x0000025dfdf59e40,
0x0000025dfdf58630, 0x0000025dfdf59970, 0x0000025dfdf5a7e0, 0x0000025dfdf5bff0,
0x0000025dfdf58fd0, 0x0000025dfdf594a0, 0x0000025dfacb9da0, 0x0000025dfacb98d0,
0x0000025dfacb5570, 0x0000025dfacbac10, 0x0000025dfacb8f30, 0x0000025dfacba740,
0x0000025dfacb7bf0, 0x0000025dfacb63e0, 0x0000025dfacbb0e0, 0x0000025dfacb9400,
0x0000025dfacb80c0, 0x0000025dfacba270, 0x0000025dfacbb5b0, 0x0000025dfacbba80,
0x0000025dfacb8590, 0x0000025dfacbbf50, 0x0000025dfacb4bd0, 0x0000025dfacb8a60,
0x0000025dfacb50a0, 0x0000025dfacb7250, 0x0000025dfacbc420, 0x0000025dfacb5a40,
0x0000025dfacb5f10, 0x0000025dfacb68b0, 0x0000025dfacb6d80, 0x0000025dfacb7720,
0x0000025dfd978bc0, 0x0000025dfd979f00, 0x0000025dfd9786f0, 0x0000025dfd97ca50,
0x0000025dfd97c0b0, 0x0000025dfd9773b0, 0x0000025dfd97c580, 0x0000025dfd979090,
0x0000025dfd97a8a0, 0x0000025dfd97cf20, 0x0000025dfd97b710, 0x0000025dfd979a30,
0x0000025dfd977d50, 0x0000025dfd97bbe0, 0x0000025dfd97d3f0, 0x0000025dfd97d8c0,
0x0000025dfd97dd90, 0x0000025dfb37ec30, 0x0000025dfaca9b30, 0x0000025dfacaa4d0,
0x0000025dfaca9660, 0x0000025df83a8530, 0x0000025df83a8a00, 0x0000025df83a93a0,
0x0000025dfa91f020, 0x0000025dfa91eb50, 0x0000025dfa91f4f0, 0x0000025df5adae60,
0x0000025df5adc670, 0x0000025df5adb330, 0x0000025df5adbcd0, 0x0000025dfdbf1330,
0x0000025dfdbf4cf0, 0x0000025dfdbf34e0, 0x0000025dfdbf21a0, 0x0000025dfdbf2670,
0x0000025dfdbf39b0, 0x0000025dfdbf1cd0, 0x0000025dfdbf4820, 0x0000025dfeecbe90,
0x0000025df5ae0f40, 0x0000025df5ae18e0, 0x0000025df5ae05a0, 0x0000025dfa9129e0,
0x0000025dfe7dc840, 0x0000025d81c0b580, 0x0000025df8334ce0, 0x0000025dfa913d20
}

Java Threads: ( => current thread )
  0x0000025dd6e40ac0 JavaThread "main" [_thread_blocked, id=99532, stack(0x000000b84e900000,0x000000b84ea00000)]
  0x0000025df403f290 JavaThread "Reference Handler" daemon [_thread_blocked, id=92624, stack(0x000000b84f000000,0x000000b84f100000)]
  0x0000025df4041110 JavaThread "Finalizer" daemon [_thread_blocked, id=99816, stack(0x000000b84f100000,0x000000b84f200000)]
  0x0000025df4095cc0 JavaThread "Signal Dispatcher" daemon [_thread_blocked, id=51452, stack(0x000000b84f200000,0x000000b84f300000)]
  0x0000025df4096870 JavaThread "Attach Listener" daemon [_thread_blocked, id=89772, stack(0x000000b84f300000,0x000000b84f400000)]
  0x0000025df4097420 JavaThread "Service Thread" daemon [_thread_blocked, id=98892, stack(0x000000b84f400000,0x000000b84f500000)]
  0x0000025df409a1f0 JavaThread "Monitor Deflation Thread" daemon [_thread_blocked, id=96752, stack(0x000000b84f500000,0x000000b84f600000)]
  0x0000025df409daf0 JavaThread "C2 CompilerThread0" daemon [_thread_in_native, id=99676, stack(0x000000b84f600000,0x000000b84f700000)]
  0x0000025df40bbae0 JavaThread "C1 CompilerThread0" daemon [_thread_blocked, id=99412, stack(0x000000b84f700000,0x000000b84f800000)]
  0x0000025df40c8120 JavaThread "Sweeper thread" daemon [_thread_blocked, id=97420, stack(0x000000b84f800000,0x000000b84f900000)]
  0x0000025df424deb0 JavaThread "Common-Cleaner" daemon [_thread_blocked, id=87812, stack(0x000000b84fa00000,0x000000b84fb00000)]
  0x0000025df426bf90 JavaThread "Notification Thread" daemon [_thread_blocked, id=99820, stack(0x000000b84fb00000,0x000000b84fc00000)]
  0x0000025df6a24010 JavaThread "Daemon health stats" [_thread_blocked, id=99332, stack(0x000000b850500000,0x000000b850600000)]
  0x0000025df5a73f80 JavaThread "Incoming local TCP Connector on port 50666" [_thread_in_native, id=90780, stack(0x000000b84f900000,0x000000b84fa00000)]
  0x0000025df5a735e0 JavaThread "Daemon periodic checks" [_thread_blocked, id=97828, stack(0x000000b84fd00000,0x000000b84fe00000)]
  0x0000025df5a74450 JavaThread "Cache worker for journal cache (C:\Users\liubov\.gradle\caches\journal-1)" [_thread_blocked, id=98308, stack(0x000000b851800000,0x000000b851900000)]
  0x0000025df5a74920 JavaThread "File lock request listener" [_thread_in_native, id=96284, stack(0x000000b851900000,0x000000b851a00000)]
  0x0000025df5a752c0 JavaThread "Cache worker for file hash cache (C:\Users\liubov\.gradle\caches\8.0\fileHashes)" [_thread_blocked, id=76888, stack(0x000000b851a00000,0x000000b851b00000)]
  0x0000025df705f700 JavaThread "File watcher server" daemon [_thread_blocked, id=90508, stack(0x000000b851d00000,0x000000b851e00000)]
  0x0000025df705aa00 JavaThread "File watcher consumer" daemon [_thread_blocked, id=66060, stack(0x000000b851e00000,0x000000b851f00000)]
  0x0000025df705b870 JavaThread "Cache worker for file content cache (C:\Users\liubov\.gradle\caches\8.0\fileContent)" [_thread_blocked, id=98012, stack(0x000000b852000000,0x000000b852100000)]
  0x0000025df705a060 JavaThread "Cache worker for execution history cache (C:\Users\liubov\.gradle\caches\8.0\executionHistory)" [_thread_blocked, id=90552, stack(0x000000b852300000,0x000000b852400000)]
  0x0000025df705d550 JavaThread "jar transforms" [_thread_blocked, id=99488, stack(0x000000b852400000,0x000000b852500000)]
  0x0000025df7060f10 JavaThread "jar transforms Thread 2" [_thread_blocked, id=97636, stack(0x000000b852500000,0x000000b852600000)]
  0x0000025df705b3a0 JavaThread "Cache worker for kotlin-dsl (C:\Users\liubov\.gradle\caches\8.0\kotlin-dsl)" [_thread_blocked, id=95076, stack(0x000000b852600000,0x000000b852700000)]
  0x0000025df70618b0 JavaThread "jar transforms Thread 3" [_thread_blocked, id=99436, stack(0x000000b852700000,0x000000b852800000)]
  0x0000025df705fbd0 JavaThread "jar transforms Thread 4" [_thread_blocked, id=89624, stack(0x000000b852800000,0x000000b852900000)]
  0x0000025df70613e0 JavaThread "jar transforms Thread 5" [_thread_blocked, id=97300, stack(0x000000b852a00000,0x000000b852b00000)]
  0x0000025dfd964920 JavaThread "jar transforms Thread 6" [_thread_blocked, id=76884, stack(0x000000b85c800000,0x000000b85c900000)]
  0x0000025dfd964df0 JavaThread "jar transforms Thread 7" [_thread_blocked, id=85216, stack(0x000000b85c900000,0x000000b85ca00000)]
  0x0000025dfd966600 JavaThread "jar transforms Thread 8" [_thread_blocked, id=86176, stack(0x000000b85ca00000,0x000000b85cb00000)]
  0x0000025dfd9652c0 JavaThread "jar transforms Thread 9" [_thread_blocked, id=77696, stack(0x000000b85cb00000,0x000000b85cc00000)]
  0x0000025dfd965790 JavaThread "jar transforms Thread 10" [_thread_blocked, id=85124, stack(0x000000b85cc00000,0x000000b85cd00000)]
  0x0000025dfd965c60 JavaThread "jar transforms Thread 11" [_thread_blocked, id=85816, stack(0x000000b85cd00000,0x000000b85ce00000)]
  0x0000025dfd966ad0 JavaThread "jar transforms Thread 12" [_thread_blocked, id=86348, stack(0x000000b85ce00000,0x000000b85cf00000)]
  0x0000025dfd967940 JavaThread "jar transforms Thread 13" [_thread_blocked, id=84032, stack(0x000000b85cf00000,0x000000b85d000000)]
  0x0000025dfd967e10 JavaThread "jar transforms Thread 14" [_thread_blocked, id=85636, stack(0x000000b85d000000,0x000000b85d100000)]
  0x0000025dfd9682e0 JavaThread "jar transforms Thread 15" [_thread_blocked, id=79736, stack(0x000000b85d100000,0x000000b85d200000)]
  0x0000025dfb5fbdf0 JavaThread "jar transforms Thread 16" [_thread_blocked, id=86228, stack(0x000000b85d200000,0x000000b85d300000)]
  0x0000025dfb5faab0 JavaThread "Memory manager" [_thread_blocked, id=89684, stack(0x000000b85d400000,0x000000b85d500000)]
  0x0000025dfb600620 JavaThread "pool-3-thread-1" [_thread_blocked, id=86968, stack(0x000000b85d900000,0x000000b85da00000)]
  0x0000025dfef41e30 JavaThread "RMI Scheduler(0)" daemon [_thread_blocked, id=68488, stack(0x000000b860200000,0x000000b860300000)]
  0x0000025dfef42300 JavaThread "RMI GC Daemon" daemon [_thread_blocked, id=17372, stack(0x000000b860400000,0x000000b860500000)]
  0x0000025dfef42ca0 JavaThread "RMI TCP Accept-0" daemon [_thread_in_native, id=99964, stack(0x000000b860500000,0x000000b860600000)]
  0x0000025dfef427d0 JavaThread "RMI Reaper" [_thread_blocked, id=86320, stack(0x000000b860600000,0x000000b860700000)]
  0x0000025dfe97d850 JavaThread "Cache worker for Java compile cache (C:\Users\liubov\.gradle\caches\8.0\javaCompile)" [_thread_blocked, id=81164, stack(0x000000b850c00000,0x000000b850d00000)]
  0x0000025dfef41960 JavaThread "ForkJoinPool.commonPool-worker-1" daemon [_thread_blocked, id=94700, stack(0x000000b862200000,0x000000b862300000)]
  0x0000025df765cb80 JavaThread "ForkJoinPool.commonPool-worker-2" daemon [_thread_blocked, id=84236, stack(0x000000b862300000,0x000000b862400000)]
  0x0000025df53b88c0 JavaThread "ForkJoinPool.commonPool-worker-3" daemon [_thread_blocked, id=90300, stack(0x000000b862400000,0x000000b862500000)]
  0x0000025dfeecc830 JavaThread "ForkJoinPool.commonPool-worker-4" daemon [_thread_blocked, id=99348, stack(0x000000b862500000,0x000000b862600000)]
  0x0000025df765d050 JavaThread "ForkJoinPool.commonPool-worker-5" daemon [_thread_blocked, id=98980, stack(0x000000b862600000,0x000000b862700000)]
  0x0000025dfeecd1d0 JavaThread "ForkJoinPool.commonPool-worker-6" daemon [_thread_blocked, id=99748, stack(0x000000b862700000,0x000000b862800000)]
  0x0000025dfeeccd00 JavaThread "ForkJoinPool.commonPool-worker-7" daemon [_thread_blocked, id=51776, stack(0x000000b862800000,0x000000b862900000)]
  0x0000025dfe7dcd10 JavaThread "ForkJoinPool.commonPool-worker-8" daemon [_thread_blocked, id=99336, stack(0x000000b862900000,0x000000b862a00000)]
  0x0000025d81c08a30 JavaThread "ForkJoinPool.commonPool-worker-10" daemon [_thread_blocked, id=14028, stack(0x000000b862b00000,0x000000b862c00000)]
  0x0000025dfda43400 JavaThread "ForkJoinPool.commonPool-worker-11" daemon [_thread_blocked, id=98404, stack(0x000000b862c00000,0x000000b862d00000)]
  0x0000025dfeecc360 JavaThread "ForkJoinPool.commonPool-worker-12" daemon [_thread_blocked, id=95688, stack(0x000000b862d00000,0x000000b862e00000)]
  0x0000025df53b70b0 JavaThread "ForkJoinPool.commonPool-worker-13" daemon [_thread_blocked, id=97732, stack(0x000000b862e00000,0x000000b862f00000)]
  0x0000025dfeecb9c0 JavaThread "ForkJoinPool.commonPool-worker-14" daemon [_thread_blocked, id=98384, stack(0x000000b862f00000,0x000000b863000000)]
  0x0000025df53b4090 JavaThread "ForkJoinPool.commonPool-worker-15" daemon [_thread_blocked, id=100192, stack(0x000000b863000000,0x000000b863100000)]
  0x0000025df78763b0 JavaThread "Daemon Thread 2" [_thread_blocked, id=99636, stack(0x000000b84e600000,0x000000b84e700000)]
  0x0000025dfa91f9c0 JavaThread "Handler for socket connection from /127.0.0.1:50666 to /127.0.0.1:51103" [_thread_in_native, id=99188, stack(0x000000b84e700000,0x000000b84e800000)]
  0x0000025dfa91fe90 JavaThread "Cancel handler" [_thread_blocked, id=100296, stack(0x000000b84e800000,0x000000b84e900000)]
  0x0000025dfa91e680 JavaThread "Daemon worker Thread 2" [_thread_blocked, id=92096, stack(0x000000b84fe00000,0x000000b84ff00000)]
  0x0000025df82690a0 JavaThread "Asynchronous log dispatcher for DefaultDaemonConnection: socket connection from /127.0.0.1:50666 to /127.0.0.1:51103" [_thread_blocked, id=100204, stack(0x000000b84ff00000,0x000000b850000000)]
  0x0000025df8269a40 JavaThread "Stdin handler" [_thread_blocked, id=96100, stack(0x000000b850000000,0x000000b850100000)]
  0x0000025df8268230 JavaThread "Daemon client event forwarder" [_thread_blocked, id=99344, stack(0x000000b850600000,0x000000b850700000)]
  0x0000025df8268700 JavaThread "Cache worker for checksums cache (D:\StudioProjects\placement_example\.gradle\8.0\checksums)" [_thread_blocked, id=65504, stack(0x000000b850700000,0x000000b850800000)]
  0x0000025df8268bd0 JavaThread "Cache worker for cache directory md-rule (C:\Users\liubov\.gradle\caches\8.0\md-rule)" [_thread_blocked, id=93672, stack(0x000000b850800000,0x000000b850900000)]
  0x0000025df9c337d0 JavaThread "Cache worker for file hash cache (D:\StudioProjects\placement_example\.gradle\8.0\fileHashes)" [_thread_blocked, id=98484, stack(0x000000b850900000,0x000000b850a00000)]
  0x0000025df9c367f0 JavaThread "Cache worker for cache directory md-supplier (C:\Users\liubov\.gradle\caches\8.0\md-supplier)" [_thread_blocked, id=96816, stack(0x000000b850a00000,0x000000b850b00000)]
  0x0000025df9c34640 JavaThread "Cache worker for dependencies-accessors (D:\StudioProjects\placement_example\.gradle\8.0\dependencies-accessors)" [_thread_blocked, id=59264, stack(0x000000b850b00000,0x000000b850c00000)]
  0x0000025df9c36320 JavaThread "Cache worker for Build Output Cleanup Cache (D:\StudioProjects\placement_example\.gradle\buildOutputCleanup)" [_thread_blocked, id=99408, stack(0x000000b850d00000,0x000000b850e00000)]
  0x0000025df9c33ca0 JavaThread "Unconstrained build operations" [_thread_blocked, id=85368, stack(0x000000b851b00000,0x000000b851c00000)]
  0x0000025df9c35980 JavaThread "Unconstrained build operations Thread 2" [_thread_blocked, id=99888, stack(0x000000b851c00000,0x000000b851d00000)]
  0x0000025df9c36cc0 JavaThread "Unconstrained build operations Thread 3" [_thread_blocked, id=99256, stack(0x000000b851f00000,0x000000b852000000)]
  0x0000025df9c34fe0 JavaThread "Unconstrained build operations Thread 4" [_thread_blocked, id=81328, stack(0x000000b852100000,0x000000b852200000)]
  0x0000025df9c34170 JavaThread "Unconstrained build operations Thread 5" [_thread_blocked, id=93460, stack(0x000000b852200000,0x000000b852300000)]
  0x0000025df9c34b10 JavaThread "Unconstrained build operations Thread 6" [_thread_blocked, id=84248, stack(0x000000b852900000,0x000000b852a00000)]
  0x0000025df9c35e50 JavaThread "Unconstrained build operations Thread 7" [_thread_blocked, id=98212, stack(0x000000b852b00000,0x000000b852c00000)]
  0x0000025df9c354b0 JavaThread "Unconstrained build operations Thread 8" [_thread_blocked, id=65108, stack(0x000000b852c00000,0x000000b852d00000)]
  0x0000025df9c33300 JavaThread "Unconstrained build operations Thread 9" [_thread_blocked, id=99356, stack(0x000000b852d00000,0x000000b852e00000)]
  0x0000025d81abec10 JavaThread "Unconstrained build operations Thread 10" [_thread_blocked, id=100320, stack(0x000000b852e00000,0x000000b852f00000)]
  0x0000025d81abf0e0 JavaThread "Unconstrained build operations Thread 11" [_thread_blocked, id=100256, stack(0x000000b852f00000,0x000000b853000000)]
  0x0000025d81abb720 JavaThread "Unconstrained build operations Thread 12" [_thread_blocked, id=83148, stack(0x000000b853000000,0x000000b853100000)]
  0x0000025d81abdda0 JavaThread "Unconstrained build operations Thread 13" [_thread_blocked, id=92924, stack(0x000000b853100000,0x000000b853200000)]
  0x0000025d81abbbf0 JavaThread "Unconstrained build operations Thread 14" [_thread_blocked, id=99976, stack(0x000000b853200000,0x000000b853300000)]
  0x0000025d81abc0c0 JavaThread "Unconstrained build operations Thread 15" [_thread_blocked, id=100232, stack(0x000000b853300000,0x000000b853400000)]
  0x0000025d81abc590 JavaThread "Unconstrained build operations Thread 16" [_thread_blocked, id=89568, stack(0x000000b853400000,0x000000b853500000)]
  0x0000025d81abe740 JavaThread "Unconstrained build operations Thread 17" [_thread_blocked, id=98160, stack(0x000000b853500000,0x000000b853600000)]
  0x0000025d81abd8d0 JavaThread "Unconstrained build operations Thread 18" [_thread_blocked, id=98492, stack(0x000000b853600000,0x000000b853700000)]
  0x0000025d81abca60 JavaThread "Unconstrained build operations Thread 19" [_thread_blocked, id=79340, stack(0x000000b853700000,0x000000b853800000)]
  0x0000025d81abcf30 JavaThread "Unconstrained build operations Thread 20" [_thread_blocked, id=90884, stack(0x000000b853800000,0x000000b853900000)]
  0x0000025d81abd400 JavaThread "Unconstrained build operations Thread 21" [_thread_blocked, id=57596, stack(0x000000b853900000,0x000000b853a00000)]
  0x0000025d81abe270 JavaThread "Unconstrained build operations Thread 22" [_thread_blocked, id=18376, stack(0x000000b853a00000,0x000000b853b00000)]
  0x0000025df51b7600 JavaThread "Unconstrained build operations Thread 23" [_thread_blocked, id=100096, stack(0x000000b853b00000,0x000000b853c00000)]
  0x0000025df51b7fa0 JavaThread "Unconstrained build operations Thread 24" [_thread_blocked, id=90480, stack(0x000000b853c00000,0x000000b853d00000)]
  0x0000025df51b8470 JavaThread "Unconstrained build operations Thread 25" [_thread_blocked, id=98408, stack(0x000000b853d00000,0x000000b853e00000)]
  0x0000025df51b62c0 JavaThread "Unconstrained build operations Thread 26" [_thread_blocked, id=99000, stack(0x000000b853e00000,0x000000b853f00000)]
  0x0000025df51b7ad0 JavaThread "Unconstrained build operations Thread 27" [_thread_blocked, id=98456, stack(0x000000b853f00000,0x000000b854000000)]
  0x0000025df51b5df0 JavaThread "Unconstrained build operations Thread 28" [_thread_blocked, id=95552, stack(0x000000b854000000,0x000000b854100000)]
  0x0000025df51b6790 JavaThread "Unconstrained build operations Thread 29" [_thread_blocked, id=94800, stack(0x000000b854100000,0x000000b854200000)]
  0x0000025df51b8940 JavaThread "Unconstrained build operations Thread 30" [_thread_blocked, id=96148, stack(0x000000b854200000,0x000000b854300000)]
  0x0000025df51b6c60 JavaThread "Unconstrained build operations Thread 31" [_thread_blocked, id=71540, stack(0x000000b854300000,0x000000b854400000)]
  0x0000025df51b8e10 JavaThread "Unconstrained build operations Thread 32" [_thread_blocked, id=100168, stack(0x000000b854400000,0x000000b854500000)]
  0x0000025df51b7130 JavaThread "Unconstrained build operations Thread 33" [_thread_blocked, id=100172, stack(0x000000b854500000,0x000000b854600000)]
  0x0000025df51b5450 JavaThread "Unconstrained build operations Thread 34" [_thread_blocked, id=61932, stack(0x000000b854600000,0x000000b854700000)]
  0x0000025df51b5920 JavaThread "Unconstrained build operations Thread 35" [_thread_blocked, id=98984, stack(0x000000b854700000,0x000000b854800000)]
  0x0000025df51ba2d0 JavaThread "Unconstrained build operations Thread 36" [_thread_blocked, id=87556, stack(0x000000b854800000,0x000000b854900000)]
  0x0000025df51b9e00 JavaThread "Unconstrained build operations Thread 37" [_thread_blocked, id=99836, stack(0x000000b854900000,0x000000b854a00000)]
  0x0000025df51bb610 JavaThread "Unconstrained build operations Thread 38" [_thread_blocked, id=99544, stack(0x000000b854a00000,0x000000b854b00000)]
  0x0000025df51bbfb0 JavaThread "Unconstrained build operations Thread 39" [_thread_blocked, id=88580, stack(0x000000b854b00000,0x000000b854c00000)]
  0x0000025df51ba7a0 JavaThread "Unconstrained build operations Thread 40" [_thread_blocked, id=79844, stack(0x000000b854c00000,0x000000b854d00000)]
  0x0000025df51bb140 JavaThread "Unconstrained build operations Thread 41" [_thread_blocked, id=99404, stack(0x000000b854d00000,0x000000b854e00000)]
  0x0000025df51bbae0 JavaThread "Unconstrained build operations Thread 42" [_thread_blocked, id=98908, stack(0x000000b854e00000,0x000000b854f00000)]
  0x0000025df51b9930 JavaThread "Unconstrained build operations Thread 43" [_thread_blocked, id=98476, stack(0x000000b854f00000,0x000000b855000000)]
  0x0000025df51bc480 JavaThread "Unconstrained build operations Thread 44" [_thread_blocked, id=86892, stack(0x000000b855000000,0x000000b855100000)]
  0x0000025df51bc950 JavaThread "Unconstrained build operations Thread 45" [_thread_blocked, id=93076, stack(0x000000b855100000,0x000000b855200000)]
  0x0000025df51bce20 JavaThread "Unconstrained build operations Thread 46" [_thread_blocked, id=99476, stack(0x000000b855200000,0x000000b855300000)]
  0x0000025df51b9460 JavaThread "Unconstrained build operations Thread 47" [_thread_blocked, id=81820, stack(0x000000b855300000,0x000000b855400000)]
  0x0000025df51bac70 JavaThread "Unconstrained build operations Thread 48" [_thread_blocked, id=95448, stack(0x000000b855400000,0x000000b855500000)]
  0x0000025dfd9e2570 JavaThread "Unconstrained build operations Thread 49" [_thread_blocked, id=57932, stack(0x000000b855500000,0x000000b855600000)]
  0x0000025dfd9e20a0 JavaThread "Unconstrained build operations Thread 50" [_thread_blocked, id=100116, stack(0x000000b855600000,0x000000b855700000)]
  0x0000025dfd9dfa20 JavaThread "Unconstrained build operations Thread 51" [_thread_blocked, id=97416, stack(0x000000b855700000,0x000000b855800000)]
  0x0000025dfd9e03c0 JavaThread "Unconstrained build operations Thread 52" [_thread_blocked, id=96504, stack(0x000000b855800000,0x000000b855900000)]
  0x0000025dfd9e0890 JavaThread "Unconstrained build operations Thread 53" [_thread_blocked, id=89716, stack(0x000000b855900000,0x000000b855a00000)]
  0x0000025dfd9e2a40 JavaThread "Unconstrained build operations Thread 54" [_thread_blocked, id=22532, stack(0x000000b855a00000,0x000000b855b00000)]
  0x0000025dfd9e2f10 JavaThread "Unconstrained build operations Thread 55" [_thread_blocked, id=72876, stack(0x000000b855b00000,0x000000b855c00000)]
  0x0000025dfd9e1700 JavaThread "Unconstrained build operations Thread 56" [_thread_blocked, id=85256, stack(0x000000b855c00000,0x000000b855d00000)]
  0x0000025dfd9e1230 JavaThread "Unconstrained build operations Thread 57" [_thread_blocked, id=99640, stack(0x000000b855d00000,0x000000b855e00000)]
  0x0000025dfd9e1bd0 JavaThread "Unconstrained build operations Thread 58" [_thread_blocked, id=93768, stack(0x000000b855e00000,0x000000b855f00000)]
  0x0000025dfd9e0d60 JavaThread "Unconstrained build operations Thread 59" [_thread_blocked, id=99684, stack(0x000000b855f00000,0x000000b856000000)]
  0x0000025dfd9e33e0 JavaThread "Unconstrained build operations Thread 60" [_thread_blocked, id=92100, stack(0x000000b856000000,0x000000b856100000)]
  0x0000025dfd9dfef0 JavaThread "Unconstrained build operations Thread 61" [_thread_blocked, id=94584, stack(0x000000b856100000,0x000000b856200000)]
  0x0000025d818a0740 JavaThread "Unconstrained build operations Thread 62" [_thread_blocked, id=100292, stack(0x000000b856200000,0x000000b856300000)]
  0x0000025d818a2dc0 JavaThread "Unconstrained build operations Thread 63" [_thread_blocked, id=59244, stack(0x000000b856300000,0x000000b856400000)]
  0x0000025d818a3290 JavaThread "Unconstrained build operations Thread 64" [_thread_blocked, id=96072, stack(0x000000b856400000,0x000000b856500000)]
  0x0000025d818a1f50 JavaThread "Unconstrained build operations Thread 65" [_thread_blocked, id=99644, stack(0x000000b856500000,0x000000b856600000)]
  0x0000025d818a10e0 JavaThread "Unconstrained build operations Thread 66" [_thread_blocked, id=99760, stack(0x000000b856600000,0x000000b856700000)]
  0x0000025d818a1a80 JavaThread "Unconstrained build operations Thread 67" [_thread_blocked, id=74936, stack(0x000000b856700000,0x000000b856800000)]
  0x0000025d818a2420 JavaThread "Unconstrained build operations Thread 68" [_thread_blocked, id=75324, stack(0x000000b856800000,0x000000b856900000)]
  0x0000025d818a15b0 JavaThread "Unconstrained build operations Thread 69" [_thread_blocked, id=13520, stack(0x000000b856900000,0x000000b856a00000)]
  0x0000025d818a3760 JavaThread "Unconstrained build operations Thread 70" [_thread_blocked, id=78772, stack(0x000000b856a00000,0x000000b856b00000)]
  0x0000025d8189fda0 JavaThread "Unconstrained build operations Thread 71" [_thread_blocked, id=99776, stack(0x000000b856b00000,0x000000b856c00000)]
  0x0000025d818a0c10 JavaThread "Unconstrained build operations Thread 72" [_thread_blocked, id=98176, stack(0x000000b856c00000,0x000000b856d00000)]
  0x0000025d818a0270 JavaThread "Unconstrained build operations Thread 73" [_thread_blocked, id=99900, stack(0x000000b856d00000,0x000000b856e00000)]
  0x0000025dfa880500 JavaThread "Unconstrained build operations Thread 74" [_thread_blocked, id=98840, stack(0x000000b856e00000,0x000000b856f00000)]
  0x0000025dfa880ea0 JavaThread "Unconstrained build operations Thread 75" [_thread_blocked, id=66864, stack(0x000000b856f00000,0x000000b857000000)]
  0x0000025dfa8821e0 JavaThread "Unconstrained build operations Thread 76" [_thread_blocked, id=100208, stack(0x000000b857000000,0x000000b857100000)]
  0x0000025dfa881370 JavaThread "Unconstrained build operations Thread 77" [_thread_blocked, id=73516, stack(0x000000b857100000,0x000000b857200000)]
  0x0000025dfa882b80 JavaThread "Unconstrained build operations Thread 78" [_thread_blocked, id=99764, stack(0x000000b857200000,0x000000b857300000)]
  0x0000025dfa881840 JavaThread "Unconstrained build operations Thread 79" [_thread_blocked, id=99028, stack(0x000000b857300000,0x000000b857400000)]
  0x0000025dfa8809d0 JavaThread "Unconstrained build operations Thread 80" [_thread_blocked, id=100276, stack(0x000000b857400000,0x000000b857500000)]
  0x0000025dfa8826b0 JavaThread "Unconstrained build operations Thread 81" [_thread_blocked, id=92708, stack(0x000000b857500000,0x000000b857600000)]
  0x0000025dfa883050 JavaThread "Unconstrained build operations Thread 82" [_thread_blocked, id=73616, stack(0x000000b857600000,0x000000b857700000)]
  0x0000025dfa883520 JavaThread "Unconstrained build operations Thread 83" [_thread_blocked, id=65684, stack(0x000000b857700000,0x000000b857800000)]
  0x0000025dfa8839f0 JavaThread "Unconstrained build operations Thread 84" [_thread_blocked, id=88844, stack(0x000000b857800000,0x000000b857900000)]
  0x0000025dfa883ec0 JavaThread "Unconstrained build operations Thread 85" [_thread_blocked, id=98200, stack(0x000000b857900000,0x000000b857a00000)]
  0x0000025dfa881d10 JavaThread "Unconstrained build operations Thread 86" [_thread_blocked, id=96412, stack(0x000000b857a00000,0x000000b857b00000)]
  0x0000025d818a28f0 JavaThread "Unconstrained build operations Thread 87" [_thread_blocked, id=75424, stack(0x000000b857b00000,0x000000b857c00000)]
  0x0000025df9b20e60 JavaThread "Unconstrained build operations Thread 88" [_thread_blocked, id=97032, stack(0x000000b857c00000,0x000000b857d00000)]
  0x0000025df9b21800 JavaThread "Unconstrained build operations Thread 89" [_thread_blocked, id=99520, stack(0x000000b857d00000,0x000000b857e00000)]
  0x0000025df9b20990 JavaThread "Unconstrained build operations Thread 90" [_thread_blocked, id=93124, stack(0x000000b857e00000,0x000000b857f00000)]
  0x0000025df9b21330 JavaThread "Unconstrained build operations Thread 91" [_thread_blocked, id=98288, stack(0x000000b857f00000,0x000000b858000000)]
  0x0000025df9b204c0 JavaThread "Unconstrained build operations Thread 92" [_thread_blocked, id=77788, stack(0x000000b858000000,0x000000b858100000)]
  0x0000025df9b21cd0 JavaThread "Unconstrained build operations Thread 93" [_thread_blocked, id=96620, stack(0x000000b858100000,0x000000b858200000)]
  0x0000025df9b221a0 JavaThread "Unconstrained build operations Thread 94" [_thread_blocked, id=100008, stack(0x000000b858200000,0x000000b858300000)]
  0x0000025df9b22670 JavaThread "Unconstrained build operations Thread 95" [_thread_blocked, id=98148, stack(0x000000b858300000,0x000000b858400000)]
  0x0000025df9b1ecb0 JavaThread "Unconstrained build operations Thread 96" [_thread_blocked, id=98880, stack(0x000000b858400000,0x000000b858500000)]
  0x0000025df9b1fb20 JavaThread "Unconstrained build operations Thread 97" [_thread_blocked, id=92360, stack(0x000000b858500000,0x000000b858600000)]
  0x0000025df9b1f180 JavaThread "Unconstrained build operations Thread 98" [_thread_blocked, id=63548, stack(0x000000b858600000,0x000000b858700000)]
  0x0000025df9b1fff0 JavaThread "Unconstrained build operations Thread 99" [_thread_blocked, id=97792, stack(0x000000b858700000,0x000000b858800000)]
  0x0000025df9b1f650 JavaThread "Unconstrained build operations Thread 100" [_thread_blocked, id=10660, stack(0x000000b858800000,0x000000b858900000)]
  0x0000025dfdf5b180 JavaThread "Unconstrained build operations Thread 101" [_thread_blocked, id=99688, stack(0x000000b858900000,0x000000b858a00000)]
  0x0000025dfdf5b650 JavaThread "Unconstrained build operations Thread 102" [_thread_blocked, id=69260, stack(0x000000b858a00000,0x000000b858b00000)]
  0x0000025dfdf5a310 JavaThread "Unconstrained build operations Thread 103" [_thread_blocked, id=68464, stack(0x000000b858b00000,0x000000b858c00000)]
  0x0000025dfdf5acb0 JavaThread "Unconstrained build operations Thread 104" [_thread_blocked, id=99944, stack(0x000000b858c00000,0x000000b858d00000)]
  0x0000025dfdf58b00 JavaThread "Unconstrained build operations Thread 105" [_thread_blocked, id=61928, stack(0x000000b858d00000,0x000000b858e00000)]
  0x0000025dfdf5bb20 JavaThread "Unconstrained build operations Thread 106" [_thread_blocked, id=97224, stack(0x000000b858e00000,0x000000b858f00000)]
  0x0000025dfdf59e40 JavaThread "Unconstrained build operations Thread 107" [_thread_blocked, id=91400, stack(0x000000b858f00000,0x000000b859000000)]
  0x0000025dfdf58630 JavaThread "Unconstrained build operations Thread 108" [_thread_blocked, id=83796, stack(0x000000b859000000,0x000000b859100000)]
  0x0000025dfdf59970 JavaThread "Unconstrained build operations Thread 109" [_thread_blocked, id=98752, stack(0x000000b859100000,0x000000b859200000)]
  0x0000025dfdf5a7e0 JavaThread "Unconstrained build operations Thread 110" [_thread_blocked, id=96520, stack(0x000000b859200000,0x000000b859300000)]
  0x0000025dfdf5bff0 JavaThread "Unconstrained build operations Thread 111" [_thread_blocked, id=99132, stack(0x000000b859300000,0x000000b859400000)]
  0x0000025dfdf58fd0 JavaThread "Unconstrained build operations Thread 112" [_thread_blocked, id=63984, stack(0x000000b859400000,0x000000b859500000)]
  0x0000025dfdf594a0 JavaThread "Unconstrained build operations Thread 113" [_thread_blocked, id=99876, stack(0x000000b859500000,0x000000b859600000)]
  0x0000025dfacb9da0 JavaThread "Unconstrained build operations Thread 114" [_thread_blocked, id=94272, stack(0x000000b859600000,0x000000b859700000)]
  0x0000025dfacb98d0 JavaThread "Unconstrained build operations Thread 115" [_thread_blocked, id=99660, stack(0x000000b859700000,0x000000b859800000)]
  0x0000025dfacb5570 JavaThread "Unconstrained build operations Thread 116" [_thread_blocked, id=99828, stack(0x000000b859800000,0x000000b859900000)]
  0x0000025dfacbac10 JavaThread "Unconstrained build operations Thread 117" [_thread_blocked, id=99716, stack(0x000000b859900000,0x000000b859a00000)]
  0x0000025dfacb8f30 JavaThread "Unconstrained build operations Thread 118" [_thread_blocked, id=97484, stack(0x000000b859a00000,0x000000b859b00000)]
  0x0000025dfacba740 JavaThread "Unconstrained build operations Thread 119" [_thread_blocked, id=100044, stack(0x000000b859b00000,0x000000b859c00000)]
  0x0000025dfacb7bf0 JavaThread "Unconstrained build operations Thread 120" [_thread_blocked, id=98620, stack(0x000000b859c00000,0x000000b859d00000)]
  0x0000025dfacb63e0 JavaThread "Unconstrained build operations Thread 121" [_thread_blocked, id=98136, stack(0x000000b859d00000,0x000000b859e00000)]
  0x0000025dfacbb0e0 JavaThread "Unconstrained build operations Thread 122" [_thread_blocked, id=99368, stack(0x000000b859e00000,0x000000b859f00000)]
  0x0000025dfacb9400 JavaThread "Unconstrained build operations Thread 123" [_thread_blocked, id=98388, stack(0x000000b859f00000,0x000000b85a000000)]
  0x0000025dfacb80c0 JavaThread "Unconstrained build operations Thread 124" [_thread_blocked, id=97168, stack(0x000000b85a000000,0x000000b85a100000)]
  0x0000025dfacba270 JavaThread "Unconstrained build operations Thread 125" [_thread_blocked, id=99852, stack(0x000000b85a100000,0x000000b85a200000)]
  0x0000025dfacbb5b0 JavaThread "Unconstrained build operations Thread 126" [_thread_blocked, id=2568, stack(0x000000b85a200000,0x000000b85a300000)]
  0x0000025dfacbba80 JavaThread "Unconstrained build operations Thread 127" [_thread_blocked, id=85432, stack(0x000000b85a300000,0x000000b85a400000)]
  0x0000025dfacb8590 JavaThread "Unconstrained build operations Thread 128" [_thread_blocked, id=85752, stack(0x000000b85a400000,0x000000b85a500000)]
  0x0000025dfacbbf50 JavaThread "Unconstrained build operations Thread 129" [_thread_blocked, id=98764, stack(0x000000b85a500000,0x000000b85a600000)]
  0x0000025dfacb4bd0 JavaThread "Unconstrained build operations Thread 130" [_thread_blocked, id=99656, stack(0x000000b85a600000,0x000000b85a700000)]
  0x0000025dfacb8a60 JavaThread "Unconstrained build operations Thread 131" [_thread_blocked, id=92356, stack(0x000000b85a700000,0x000000b85a800000)]
  0x0000025dfacb50a0 JavaThread "Unconstrained build operations Thread 132" [_thread_blocked, id=98316, stack(0x000000b85a800000,0x000000b85a900000)]
  0x0000025dfacb7250 JavaThread "Unconstrained build operations Thread 133" [_thread_blocked, id=97400, stack(0x000000b85a900000,0x000000b85aa00000)]
  0x0000025dfacbc420 JavaThread "Unconstrained build operations Thread 134" [_thread_blocked, id=53420, stack(0x000000b85aa00000,0x000000b85ab00000)]
  0x0000025dfacb5a40 JavaThread "Unconstrained build operations Thread 135" [_thread_blocked, id=81744, stack(0x000000b85ab00000,0x000000b85ac00000)]
  0x0000025dfacb5f10 JavaThread "Unconstrained build operations Thread 136" [_thread_blocked, id=96396, stack(0x000000b85ac00000,0x000000b85ad00000)]
  0x0000025dfacb68b0 JavaThread "Unconstrained build operations Thread 137" [_thread_blocked, id=95348, stack(0x000000b85ad00000,0x000000b85ae00000)]
  0x0000025dfacb6d80 JavaThread "Unconstrained build operations Thread 138" [_thread_blocked, id=85868, stack(0x000000b85ae00000,0x000000b85af00000)]
  0x0000025dfacb7720 JavaThread "Unconstrained build operations Thread 139" [_thread_blocked, id=84608, stack(0x000000b85af00000,0x000000b85b000000)]
  0x0000025dfd978bc0 JavaThread "Unconstrained build operations Thread 140" [_thread_blocked, id=92528, stack(0x000000b85b000000,0x000000b85b100000)]
  0x0000025dfd979f00 JavaThread "Unconstrained build operations Thread 141" [_thread_blocked, id=99468, stack(0x000000b85b100000,0x000000b85b200000)]
  0x0000025dfd9786f0 JavaThread "Unconstrained build operations Thread 142" [_thread_blocked, id=99808, stack(0x000000b85b200000,0x000000b85b300000)]
  0x0000025dfd97ca50 JavaThread "Unconstrained build operations Thread 143" [_thread_blocked, id=83976, stack(0x000000b85b300000,0x000000b85b400000)]
  0x0000025dfd97c0b0 JavaThread "Unconstrained build operations Thread 144" [_thread_blocked, id=60860, stack(0x000000b85b400000,0x000000b85b500000)]
  0x0000025dfd9773b0 JavaThread "Unconstrained build operations Thread 145" [_thread_blocked, id=51228, stack(0x000000b85b500000,0x000000b85b600000)]
  0x0000025dfd97c580 JavaThread "Unconstrained build operations Thread 146" [_thread_blocked, id=97864, stack(0x000000b85b600000,0x000000b85b700000)]
  0x0000025dfd979090 JavaThread "Unconstrained build operations Thread 147" [_thread_blocked, id=95828, stack(0x000000b85b700000,0x000000b85b800000)]
  0x0000025dfd97a8a0 JavaThread "Unconstrained build operations Thread 148" [_thread_blocked, id=97368, stack(0x000000b85b800000,0x000000b85b900000)]
  0x0000025dfd97cf20 JavaThread "Unconstrained build operations Thread 149" [_thread_blocked, id=93308, stack(0x000000b85b900000,0x000000b85ba00000)]
  0x0000025dfd97b710 JavaThread "Unconstrained build operations Thread 150" [_thread_blocked, id=99880, stack(0x000000b85ba00000,0x000000b85bb00000)]
  0x0000025dfd979a30 JavaThread "Unconstrained build operations Thread 151" [_thread_blocked, id=98628, stack(0x000000b85bb00000,0x000000b85bc00000)]
  0x0000025dfd977d50 JavaThread "Unconstrained build operations Thread 152" [_thread_blocked, id=88400, stack(0x000000b85bc00000,0x000000b85bd00000)]
  0x0000025dfd97bbe0 JavaThread "Unconstrained build operations Thread 153" [_thread_blocked, id=100068, stack(0x000000b85bd00000,0x000000b85be00000)]
  0x0000025dfd97d3f0 JavaThread "Unconstrained build operations Thread 154" [_thread_blocked, id=89528, stack(0x000000b85be00000,0x000000b85bf00000)]
  0x0000025dfd97d8c0 JavaThread "Unconstrained build operations Thread 155" [_thread_blocked, id=94132, stack(0x000000b85bf00000,0x000000b85c000000)]
  0x0000025dfd97dd90 JavaThread "Unconstrained build operations Thread 156" [_thread_blocked, id=100100, stack(0x000000b85c000000,0x000000b85c100000)]
  0x0000025dfb37ec30 JavaThread "C1 CompilerThread1" daemon [_thread_blocked, id=100040, stack(0x000000b85c100000,0x000000b85c200000)]
  0x0000025dfaca9b30 JavaThread "build event listener" [_thread_blocked, id=99452, stack(0x000000b85c200000,0x000000b85c300000)]
  0x0000025dfacaa4d0 JavaThread "build event listener" [_thread_blocked, id=97500, stack(0x000000b85c300000,0x000000b85c400000)]
  0x0000025dfaca9660 JavaThread "build event listener" [_thread_blocked, id=99724, stack(0x000000b85c400000,0x000000b85c500000)]
  0x0000025df83a8530 JavaThread "pool-8-thread-1" [_thread_blocked, id=99304, stack(0x000000b85c500000,0x000000b85c600000)]
  0x0000025df83a8a00 JavaThread "build event listener" [_thread_blocked, id=92504, stack(0x000000b85c600000,0x000000b85c700000)]
  0x0000025df83a93a0 JavaThread "included builds" [_thread_blocked, id=99320, stack(0x000000b85c700000,0x000000b85c800000)]
  0x0000025dfa91f020 JavaThread "Execution worker" [_thread_blocked, id=97744, stack(0x000000b85d500000,0x000000b85d600000)]
  0x0000025dfa91eb50 JavaThread "Execution worker Thread 2" [_thread_blocked, id=90412, stack(0x000000b85d600000,0x000000b85d700000)]
  0x0000025dfa91f4f0 JavaThread "Execution worker Thread 3" [_thread_blocked, id=95380, stack(0x000000b85da00000,0x000000b85db00000)]
  0x0000025df5adae60 JavaThread "Execution worker Thread 4" [_thread_blocked, id=91272, stack(0x000000b85db00000,0x000000b85dc00000)]
  0x0000025df5adc670 JavaThread "Execution worker Thread 5" [_thread_blocked, id=100264, stack(0x000000b85dc00000,0x000000b85dd00000)]
  0x0000025df5adb330 JavaThread "Execution worker Thread 6" [_thread_blocked, id=87156, stack(0x000000b85dd00000,0x000000b85de00000)]
  0x0000025df5adbcd0 JavaThread "Execution worker Thread 7" [_thread_blocked, id=95852, stack(0x000000b85de00000,0x000000b85df00000)]
  0x0000025dfdbf1330 JavaThread "Execution worker Thread 8" [_thread_blocked, id=94832, stack(0x000000b85df00000,0x000000b85e000000)]
  0x0000025dfdbf4cf0 JavaThread "Execution worker Thread 9" [_thread_blocked, id=84004, stack(0x000000b85e000000,0x000000b85e100000)]
  0x0000025dfdbf34e0 JavaThread "Execution worker Thread 10" [_thread_blocked, id=95600, stack(0x000000b85e100000,0x000000b85e200000)]
  0x0000025dfdbf21a0 JavaThread "Execution worker Thread 11" [_thread_blocked, id=86880, stack(0x000000b85e200000,0x000000b85e300000)]
  0x0000025dfdbf2670 JavaThread "Execution worker Thread 12" [_thread_blocked, id=80080, stack(0x000000b85e300000,0x000000b85e400000)]
  0x0000025dfdbf39b0 JavaThread "Execution worker Thread 13" [_thread_blocked, id=99196, stack(0x000000b85e400000,0x000000b85e500000)]
  0x0000025dfdbf1cd0 JavaThread "Execution worker Thread 14" [_thread_blocked, id=96488, stack(0x000000b85e500000,0x000000b85e600000)]
  0x0000025dfdbf4820 JavaThread "Execution worker Thread 15" [_thread_blocked, id=82484, stack(0x000000b85e800000,0x000000b85e900000)]
  0x0000025dfeecbe90 JavaThread "Cache worker for execution history cache (D:\StudioProjects\placement_example\.gradle\8.0\executionHistory)" [_thread_blocked, id=99232, stack(0x000000b85e900000,0x000000b85ea00000)]
  0x0000025df5ae0f40 JavaThread "Unconstrained build operations Thread 157" [_thread_blocked, id=90852, stack(0x000000b85ea00000,0x000000b85eb00000)]
  0x0000025df5ae18e0 JavaThread "Unconstrained build operations Thread 158" [_thread_blocked, id=98580, stack(0x000000b85eb00000,0x000000b85ec00000)]
  0x0000025df5ae05a0 JavaThread "Unconstrained build operations Thread 159" [_thread_blocked, id=100236, stack(0x000000b85ec00000,0x000000b85ed00000)]
  0x0000025dfa9129e0 JavaThread "Unconstrained build operations Thread 160" [_thread_blocked, id=90520, stack(0x000000b85ed00000,0x000000b85ee00000)]
  0x0000025dfe7dc840 JavaThread "WorkerExecutor Queue" [_thread_blocked, id=99896, stack(0x000000b85ee00000,0x000000b85ef00000)]
  0x0000025d81c0b580 JavaThread "RMI RenewClean-[127.0.0.1:17943,org.jetbrains.kotlin.daemon.common.LoopbackNetworkInterface$ClientLoopbackSocketFactory@26ea2876]" daemon [_thread_blocked, id=85768, stack(0x000000b85ef00000,0x000000b85f000000)]
  0x0000025df8334ce0 JavaThread "C1 CompilerThread2" daemon [_thread_blocked, id=86884, stack(0x000000b85f000000,0x000000b85f100000)]
  0x0000025dfa913d20 JavaThread "RMI TCP Connection(4)-127.0.0.1" daemon [_thread_in_native, id=100016, stack(0x000000b85fb00000,0x000000b85fc00000)]

Other Threads:
=>0x0000025df3743790 VMThread "VM Thread" [stack: 0x000000b84ef00000,0x000000b84f000000] [id=90208]
  0x0000025df424bb80 WatcherThread [stack: 0x000000b84fc00000,0x000000b84fd00000] [id=84028]
  0x0000025dd6e9f260 GCTaskThread "GC Thread#0" [stack: 0x000000b84ea00000,0x000000b84eb00000] [id=99528]
  0x0000025df4ae2420 GCTaskThread "GC Thread#1" [stack: 0x000000b850100000,0x000000b850200000] [id=100000]
  0x0000025df56639b0 GCTaskThread "GC Thread#2" [stack: 0x000000b850200000,0x000000b850300000] [id=99996]
  0x0000025df5a8d9e0 GCTaskThread "GC Thread#3" [stack: 0x000000b850300000,0x000000b850400000] [id=99992]
  0x0000025df526b500 GCTaskThread "GC Thread#4" [stack: 0x000000b850400000,0x000000b850500000] [id=99980]
  0x0000025df69ae5e0 GCTaskThread "GC Thread#5" [stack: 0x000000b850e00000,0x000000b850f00000] [id=91916]
  0x0000025df69addd0 GCTaskThread "GC Thread#6" [stack: 0x000000b850f00000,0x000000b851000000] [id=95668]
  0x0000025df69ad5c0 GCTaskThread "GC Thread#7" [stack: 0x000000b851000000,0x000000b851100000] [id=16796]
  0x0000025df69ad870 GCTaskThread "GC Thread#8" [stack: 0x000000b851100000,0x000000b851200000] [id=97440]
  0x0000025df69ae330 GCTaskThread "GC Thread#9" [stack: 0x000000b851200000,0x000000b851300000] [id=98652]
  0x0000025df69ae890 GCTaskThread "GC Thread#10" [stack: 0x000000b851300000,0x000000b851400000] [id=97172]
  0x0000025df69ad060 GCTaskThread "GC Thread#11" [stack: 0x000000b851400000,0x000000b851500000] [id=99364]
  0x0000025df69ad310 GCTaskThread "GC Thread#12" [stack: 0x000000b851500000,0x000000b851600000] [id=99972]
  0x0000025dd6eb01a0 ConcurrentGCThread "G1 Main Marker" [stack: 0x000000b84eb00000,0x000000b84ec00000] [id=99796]
  0x0000025dd6eb1350 ConcurrentGCThread "G1 Conc#0" [stack: 0x000000b84ec00000,0x000000b84ed00000] [id=99800]
  0x0000025df69ae080 ConcurrentGCThread "G1 Conc#1" [stack: 0x000000b851600000,0x000000b851700000] [id=76864]
  0x0000025df69aeb40 ConcurrentGCThread "G1 Conc#2" [stack: 0x000000b851700000,0x000000b851800000] [id=87244]
  0x0000025dd6efe420 ConcurrentGCThread "G1 Refine#0" [stack: 0x000000b84ed00000,0x000000b84ee00000] [id=89364]
  0x0000025df6c345b0 ConcurrentGCThread "G1 Refine#1" [stack: 0x000000b85d700000,0x000000b85d800000] [id=99280]
  0x0000025df6c34b70 ConcurrentGCThread "G1 Refine#2" [stack: 0x000000b85d800000,0x000000b85d900000] [id=77740]
  0x0000025df7a59200 ConcurrentGCThread "G1 Refine#3" [stack: 0x000000b85f100000,0x000000b85f200000] [id=99968]
  0x0000025df7a5aab0 ConcurrentGCThread "G1 Refine#4" [stack: 0x000000b85f200000,0x000000b85f300000] [id=94552]
  0x0000025df9a10170 ConcurrentGCThread "G1 Refine#5" [stack: 0x000000b85f300000,0x000000b85f400000] [id=94796]
  0x0000025dfd887750 ConcurrentGCThread "G1 Refine#6" [stack: 0x000000b85f400000,0x000000b85f500000] [id=88440]
  0x0000025df7e97340 ConcurrentGCThread "G1 Refine#7" [stack: 0x000000b85f500000,0x000000b85f600000] [id=95400]
  0x0000025df6c33ff0 ConcurrentGCThread "G1 Refine#8" [stack: 0x000000b85f600000,0x000000b85f700000] [id=95808]
  0x0000025df9a118f0 ConcurrentGCThread "G1 Refine#9" [stack: 0x000000b85f700000,0x000000b85f800000] [id=100164]
  0x0000025dfd6b5330 ConcurrentGCThread "G1 Refine#10" [stack: 0x000000b85f800000,0x000000b85f900000] [id=100268]
  0x0000025dfb69e2d0 ConcurrentGCThread "G1 Refine#11" [stack: 0x000000b85f900000,0x000000b85fa00000] [id=95620]
  0x0000025df6a32a30 ConcurrentGCThread "G1 Refine#12" [stack: 0x000000b85fa00000,0x000000b85fb00000] [id=100272]
  0x0000025df35e21f0 ConcurrentGCThread "G1 Service" [stack: 0x000000b84ee00000,0x000000b84ef00000] [id=98796]

Threads with active compile tasks:
C2 CompilerThread0   179685 23555   !   4       java.io.ObjectInputStream::readOrdinaryObject (379 bytes)

VM state: at safepoint (normal execution)

VM Mutex/Monitor currently owned by a thread:  ([mutex/lock_event])
[0x0000025dd6e3a3f0] Threads_lock - owner thread: 0x0000025df3743790
[0x0000025dd6e3b050] Heap_lock - owner thread: 0x0000025df5adbcd0

Heap address: 0x0000000080000000, size: 2048 MB, Compressed Oops mode: 32-bit

CDS archive(s) not mapped
Compressed class space mapped at: 0x0000000100000000-0x0000000140000000, reserved size: 1073741824
Narrow klass base: 0x0000000000000000, Narrow klass shift: 3, Narrow klass range: 0x140000000

GC Precious Log:
 CPUs: 16 total, 16 available
 Memory: 15557M
 Large Page Support: Disabled
 NUMA Support: Disabled
 Compressed Oops: Enabled (32-bit)
 Heap Region Size: 1M
 Heap Min Capacity: 8M
 Heap Initial Capacity: 244M
 Heap Max Capacity: 2G
 Pre-touch: Disabled
 Parallel Workers: 13
 Concurrent Workers: 3
 Concurrent Refinement Workers: 13
 Periodic GC: Disabled

Heap:
 garbage-first heap   total 444416K, used 198899K [0x0000000080000000, 0x0000000100000000)
  region size 1024K, 11 young (11264K), 11 survivors (11264K)
 Metaspace       used 142245K, committed 143296K, reserved 1179648K
  class space    used 18899K, committed 19392K, reserved 1048576K

Heap Regions: E=young(eden), S=young(survivor), O=old, HS=humongous(starts), HC=humongous(continues), CS=collection set, F=free, OA=open archive, CA=closed archive, TAMS=top-at-mark-start (previous, next)
|   0|0x0000000080000000, 0x0000000080100000, 0x0000000080100000|100%|HS|  |TAMS 0x0000000080100000, 0x0000000080100000| Complete 
|   1|0x0000000080100000, 0x0000000080200000, 0x0000000080200000|100%|HC|  |TAMS 0x0000000080200000, 0x0000000080200000| Complete 
|   2|0x0000000080200000, 0x0000000080300000, 0x0000000080300000|100%|HC|  |TAMS 0x0000000080300000, 0x0000000080300000| Complete 
|   3|0x0000000080300000, 0x0000000080400000, 0x0000000080400000|100%|HC|  |TAMS 0x0000000080400000, 0x0000000080400000| Complete 
|   4|0x0000000080400000, 0x0000000080500000, 0x0000000080500000|100%| O|  |TAMS 0x0000000080500000, 0x0000000080500000| Untracked 
|   5|0x0000000080500000, 0x0000000080600000, 0x0000000080600000|100%| O|  |TAMS 0x0000000080600000, 0x0000000080600000| Untracked 
|   6|0x0000000080600000, 0x0000000080700000, 0x0000000080700000|100%| O|  |TAMS 0x0000000080700000, 0x0000000080700000| Untracked 
|   7|0x0000000080700000, 0x0000000080800000, 0x0000000080800000|100%| O|  |TAMS 0x0000000080800000, 0x0000000080800000| Untracked 
|   8|0x0000000080800000, 0x0000000080900000, 0x0000000080900000|100%| O|  |TAMS 0x0000000080900000, 0x0000000080900000| Untracked 
|   9|0x0000000080900000, 0x0000000080a00000, 0x0000000080a00000|100%| O|  |TAMS 0x0000000080a00000, 0x0000000080a00000| Untracked 
|  10|0x0000000080a00000, 0x0000000080b00000, 0x0000000080b00000|100%| O|  |TAMS 0x0000000080b00000, 0x0000000080b00000| Untracked 
|  11|0x0000000080b00000, 0x0000000080c00000, 0x0000000080c00000|100%| O|  |TAMS 0x0000000080c00000, 0x0000000080c00000| Untracked 
|  12|0x0000000080c00000, 0x0000000080d00000, 0x0000000080d00000|100%| O|  |TAMS 0x0000000080d00000, 0x0000000080d00000| Untracked 
|  13|0x0000000080d00000, 0x0000000080e00000, 0x0000000080e00000|100%| O|  |TAMS 0x0000000080e00000, 0x0000000080e00000| Untracked 
|  14|0x0000000080e00000, 0x0000000080f00000, 0x0000000080f00000|100%| O|  |TAMS 0x0000000080f00000, 0x0000000080f00000| Untracked 
|  15|0x0000000080f00000, 0x0000000081000000, 0x0000000081000000|100%| O|  |TAMS 0x0000000081000000, 0x0000000081000000| Untracked 
|  16|0x0000000081000000, 0x0000000081100000, 0x0000000081100000|100%| O|  |TAMS 0x0000000081100000, 0x0000000081100000| Untracked 
|  17|0x0000000081100000, 0x0000000081200000, 0x0000000081200000|100%| O|  |TAMS 0x0000000081200000, 0x0000000081200000| Untracked 
|  18|0x0000000081200000, 0x0000000081300000, 0x0000000081300000|100%| O|  |TAMS 0x0000000081300000, 0x0000000081300000| Untracked 
|  19|0x0000000081300000, 0x0000000081400000, 0x0000000081400000|100%| O|  |TAMS 0x0000000081400000, 0x0000000081400000| Untracked 
|  20|0x0000000081400000, 0x0000000081500000, 0x0000000081500000|100%| O|  |TAMS 0x0000000081500000, 0x0000000081500000| Untracked 
|  21|0x0000000081500000, 0x0000000081600000, 0x0000000081600000|100%| O|  |TAMS 0x0000000081600000, 0x0000000081600000| Untracked 
|  22|0x0000000081600000, 0x0000000081700000, 0x0000000081700000|100%| O|  |TAMS 0x0000000081700000, 0x0000000081700000| Untracked 
|  23|0x0000000081700000, 0x0000000081800000, 0x0000000081800000|100%| O|  |TAMS 0x0000000081800000, 0x0000000081800000| Untracked 
|  24|0x0000000081800000, 0x0000000081900000, 0x0000000081900000|100%| O|  |TAMS 0x0000000081900000, 0x0000000081900000| Untracked 
|  25|0x0000000081900000, 0x0000000081a00000, 0x0000000081a00000|100%| O|  |TAMS 0x0000000081a00000, 0x0000000081a00000| Untracked 
|  26|0x0000000081a00000, 0x0000000081b00000, 0x0000000081b00000|100%| O|  |TAMS 0x0000000081b00000, 0x0000000081b00000| Untracked 
|  27|0x0000000081b00000, 0x0000000081c00000, 0x0000000081c00000|100%| O|  |TAMS 0x0000000081c00000, 0x0000000081c00000| Untracked 
|  28|0x0000000081c00000, 0x0000000081d00000, 0x0000000081d00000|100%| O|  |TAMS 0x0000000081d00000, 0x0000000081d00000| Untracked 
|  29|0x0000000081d00000, 0x0000000081e00000, 0x0000000081e00000|100%| O|  |TAMS 0x0000000081e00000, 0x0000000081e00000| Untracked 
|  30|0x0000000081e00000, 0x0000000081f00000, 0x0000000081f00000|100%| O|  |TAMS 0x0000000081f00000, 0x0000000081f00000| Untracked 
|  31|0x0000000081f00000, 0x0000000082000000, 0x0000000082000000|100%| O|  |TAMS 0x0000000082000000, 0x0000000082000000| Untracked 
|  32|0x0000000082000000, 0x0000000082100000, 0x0000000082100000|100%| O|  |TAMS 0x0000000082100000, 0x0000000082100000| Untracked 
|  33|0x0000000082100000, 0x0000000082200000, 0x0000000082200000|100%| O|  |TAMS 0x0000000082200000, 0x0000000082200000| Untracked 
|  34|0x0000000082200000, 0x0000000082300000, 0x0000000082300000|100%| O|  |TAMS 0x0000000082300000, 0x0000000082300000| Untracked 
|  35|0x0000000082300000, 0x0000000082400000, 0x0000000082400000|100%| O|  |TAMS 0x0000000082400000, 0x0000000082400000| Untracked 
|  36|0x0000000082400000, 0x0000000082500000, 0x0000000082500000|100%| O|  |TAMS 0x0000000082500000, 0x0000000082500000| Untracked 
|  37|0x0000000082500000, 0x0000000082600000, 0x0000000082600000|100%| O|  |TAMS 0x0000000082600000, 0x0000000082600000| Untracked 
|  38|0x0000000082600000, 0x0000000082700000, 0x0000000082700000|100%| O|  |TAMS 0x0000000082700000, 0x0000000082700000| Untracked 
|  39|0x0000000082700000, 0x0000000082800000, 0x0000000082800000|100%|HS|  |TAMS 0x0000000082800000, 0x0000000082800000| Complete 
|  40|0x0000000082800000, 0x0000000082900000, 0x0000000082900000|100%|HS|  |TAMS 0x0000000082900000, 0x0000000082900000| Complete 
|  41|0x0000000082900000, 0x0000000082a00000, 0x0000000082a00000|100%|HS|  |TAMS 0x0000000082a00000, 0x0000000082a00000| Complete 
|  42|0x0000000082a00000, 0x0000000082b00000, 0x0000000082b00000|100%| O|  |TAMS 0x0000000082b00000, 0x0000000082b00000| Untracked 
|  43|0x0000000082b00000, 0x0000000082c00000, 0x0000000082c00000|100%|HS|  |TAMS 0x0000000082c00000, 0x0000000082c00000| Complete 
|  44|0x0000000082c00000, 0x0000000082d00000, 0x0000000082d00000|100%|HC|  |TAMS 0x0000000082d00000, 0x0000000082d00000| Complete 
|  45|0x0000000082d00000, 0x0000000082e00000, 0x0000000082e00000|100%|HS|  |TAMS 0x0000000082e00000, 0x0000000082e00000| Complete 
|  46|0x0000000082e00000, 0x0000000082f00000, 0x0000000082f00000|100%|HC|  |TAMS 0x0000000082f00000, 0x0000000082f00000| Complete 
|  47|0x0000000082f00000, 0x0000000083000000, 0x0000000083000000|100%|HC|  |TAMS 0x0000000083000000, 0x0000000083000000| Complete 
|  48|0x0000000083000000, 0x0000000083100000, 0x0000000083100000|100%|HC|  |TAMS 0x0000000083100000, 0x0000000083100000| Complete 
|  49|0x0000000083100000, 0x0000000083200000, 0x0000000083200000|100%| O|  |TAMS 0x0000000083200000, 0x0000000083200000| Untracked 
|  50|0x0000000083200000, 0x0000000083300000, 0x0000000083300000|100%| O|  |TAMS 0x0000000083300000, 0x0000000083300000| Untracked 
|  51|0x0000000083300000, 0x0000000083400000, 0x0000000083400000|100%| O|  |TAMS 0x0000000083400000, 0x0000000083400000| Untracked 
|  52|0x0000000083400000, 0x0000000083500000, 0x0000000083500000|100%| O|  |TAMS 0x0000000083500000, 0x0000000083500000| Untracked 
|  53|0x0000000083500000, 0x0000000083600000, 0x0000000083600000|100%| O|  |TAMS 0x0000000083600000, 0x0000000083600000| Untracked 
|  54|0x0000000083600000, 0x0000000083700000, 0x0000000083700000|100%| O|  |TAMS 0x0000000083700000, 0x0000000083700000| Untracked 
|  55|0x0000000083700000, 0x0000000083800000, 0x0000000083800000|100%| O|  |TAMS 0x0000000083800000, 0x0000000083800000| Untracked 
|  56|0x0000000083800000, 0x0000000083900000, 0x0000000083900000|100%| O|  |TAMS 0x0000000083900000, 0x0000000083900000| Untracked 
|  57|0x0000000083900000, 0x0000000083a00000, 0x0000000083a00000|100%| O|  |TAMS 0x0000000083a00000, 0x0000000083a00000| Untracked 
|  58|0x0000000083a00000, 0x0000000083b00000, 0x0000000083b00000|100%| O|  |TAMS 0x0000000083b00000, 0x0000000083b00000| Untracked 
|  59|0x0000000083b00000, 0x0000000083c00000, 0x0000000083c00000|100%| O|  |TAMS 0x0000000083c00000, 0x0000000083c00000| Untracked 
|  60|0x0000000083c00000, 0x0000000083d00000, 0x0000000083d00000|100%| O|  |TAMS 0x0000000083d00000, 0x0000000083d00000| Untracked 
|  61|0x0000000083d00000, 0x0000000083e00000, 0x0000000083e00000|100%| O|  |TAMS 0x0000000083e00000, 0x0000000083e00000| Untracked 
|  62|0x0000000083e00000, 0x0000000083f00000, 0x0000000083f00000|100%| O|  |TAMS 0x0000000083f00000, 0x0000000083f00000| Untracked 
|  63|0x0000000083f00000, 0x0000000084000000, 0x0000000084000000|100%| O|  |TAMS 0x0000000084000000, 0x0000000084000000| Untracked 
|  64|0x0000000084000000, 0x0000000084100000, 0x0000000084100000|100%| O|  |TAMS 0x0000000084100000, 0x0000000084100000| Untracked 
|  65|0x0000000084100000, 0x0000000084200000, 0x0000000084200000|100%| O|  |TAMS 0x0000000084200000, 0x0000000084200000| Untracked 
|  66|0x0000000084200000, 0x0000000084300000, 0x0000000084300000|100%| O|  |TAMS 0x0000000084300000, 0x0000000084300000| Untracked 
|  67|0x0000000084300000, 0x0000000084400000, 0x0000000084400000|100%| O|  |TAMS 0x0000000084400000, 0x0000000084400000| Untracked 
|  68|0x0000000084400000, 0x0000000084500000, 0x0000000084500000|100%| O|  |TAMS 0x0000000084400000, 0x0000000084500000| Untracked 
|  69|0x0000000084500000, 0x0000000084600000, 0x0000000084600000|100%| O|  |TAMS 0x0000000084600000, 0x0000000084600000| Untracked 
|  70|0x0000000084600000, 0x0000000084700000, 0x0000000084700000|100%| O|  |TAMS 0x0000000084700000, 0x0000000084700000| Untracked 
|  71|0x0000000084700000, 0x0000000084800000, 0x0000000084800000|100%| O|  |TAMS 0x0000000084800000, 0x0000000084800000| Untracked 
|  72|0x0000000084800000, 0x0000000084800000, 0x0000000084900000|  0%| F|  |TAMS 0x0000000084800000, 0x0000000084800000| Untracked 
|  73|0x0000000084900000, 0x0000000084a00000, 0x0000000084a00000|100%| O|  |TAMS 0x0000000084a00000, 0x0000000084a00000| Untracked 
|  74|0x0000000084a00000, 0x0000000084b00000, 0x0000000084b00000|100%| O|  |TAMS 0x0000000084b00000, 0x0000000084b00000| Untracked 
|  75|0x0000000084b00000, 0x0000000084c00000, 0x0000000084c00000|100%| O|  |TAMS 0x0000000084c00000, 0x0000000084c00000| Untracked 
|  76|0x0000000084c00000, 0x0000000084d00000, 0x0000000084d00000|100%| O|  |TAMS 0x0000000084d00000, 0x0000000084d00000| Untracked 
|  77|0x0000000084d00000, 0x0000000084e00000, 0x0000000084e00000|100%| O|  |TAMS 0x0000000084e00000, 0x0000000084e00000| Untracked 
|  78|0x0000000084e00000, 0x0000000084f00000, 0x0000000084f00000|100%| O|  |TAMS 0x0000000084f00000, 0x0000000084f00000| Untracked 
|  79|0x0000000084f00000, 0x0000000085000000, 0x0000000085000000|100%| O|  |TAMS 0x0000000085000000, 0x0000000085000000| Untracked 
|  80|0x0000000085000000, 0x0000000085100000, 0x0000000085100000|100%| O|  |TAMS 0x0000000085100000, 0x0000000085100000| Untracked 
|  81|0x0000000085100000, 0x0000000085200000, 0x0000000085200000|100%| O|  |TAMS 0x0000000085200000, 0x0000000085200000| Untracked 
|  82|0x0000000085200000, 0x0000000085300000, 0x0000000085300000|100%| O|  |TAMS 0x0000000085300000, 0x0000000085300000| Untracked 
|  83|0x0000000085300000, 0x0000000085400000, 0x0000000085400000|100%| O|  |TAMS 0x0000000085400000, 0x0000000085400000| Untracked 
|  84|0x0000000085400000, 0x0000000085500000, 0x0000000085500000|100%| O|  |TAMS 0x0000000085500000, 0x0000000085500000| Untracked 
|  85|0x0000000085500000, 0x0000000085600000, 0x0000000085600000|100%| O|  |TAMS 0x0000000085600000, 0x0000000085600000| Untracked 
|  86|0x0000000085600000, 0x0000000085700000, 0x0000000085700000|100%| O|  |TAMS 0x0000000085700000, 0x0000000085700000| Untracked 
|  87|0x0000000085700000, 0x0000000085800000, 0x0000000085800000|100%| O|  |TAMS 0x0000000085800000, 0x0000000085800000| Untracked 
|  88|0x0000000085800000, 0x0000000085900000, 0x0000000085900000|100%| O|  |TAMS 0x0000000085900000, 0x0000000085900000| Untracked 
|  89|0x0000000085900000, 0x0000000085a00000, 0x0000000085a00000|100%| O|  |TAMS 0x0000000085a00000, 0x0000000085a00000| Untracked 
|  90|0x0000000085a00000, 0x0000000085b00000, 0x0000000085b00000|100%| O|  |TAMS 0x0000000085b00000, 0x0000000085b00000| Untracked 
|  91|0x0000000085b00000, 0x0000000085c00000, 0x0000000085c00000|100%| O|  |TAMS 0x0000000085c00000, 0x0000000085c00000| Untracked 
|  92|0x0000000085c00000, 0x0000000085d00000, 0x0000000085d00000|100%| O|  |TAMS 0x0000000085d00000, 0x0000000085d00000| Untracked 
|  93|0x0000000085d00000, 0x0000000085e00000, 0x0000000085e00000|100%| O|  |TAMS 0x0000000085e00000, 0x0000000085e00000| Untracked 
|  94|0x0000000085e00000, 0x0000000085f00000, 0x0000000085f00000|100%| O|  |TAMS 0x0000000085f00000, 0x0000000085f00000| Untracked 
|  95|0x0000000085f00000, 0x0000000086000000, 0x0000000086000000|100%| O|  |TAMS 0x0000000086000000, 0x0000000086000000| Untracked 
|  96|0x0000000086000000, 0x0000000086100000, 0x0000000086100000|100%| O|  |TAMS 0x0000000086100000, 0x0000000086100000| Untracked 
|  97|0x0000000086100000, 0x0000000086200000, 0x0000000086200000|100%| O|  |TAMS 0x0000000086200000, 0x0000000086200000| Untracked 
|  98|0x0000000086200000, 0x0000000086300000, 0x0000000086300000|100%| O|  |TAMS 0x0000000086300000, 0x0000000086300000| Untracked 
|  99|0x0000000086300000, 0x0000000086400000, 0x0000000086400000|100%| O|  |TAMS 0x0000000086400000, 0x0000000086400000| Untracked 
| 100|0x0000000086400000, 0x0000000086500000, 0x0000000086500000|100%| O|  |TAMS 0x0000000086500000, 0x0000000086500000| Untracked 
| 101|0x0000000086500000, 0x0000000086600000, 0x0000000086600000|100%| O|  |TAMS 0x0000000086600000, 0x0000000086600000| Untracked 
| 102|0x0000000086600000, 0x0000000086700000, 0x0000000086700000|100%| O|  |TAMS 0x0000000086700000, 0x0000000086700000| Untracked 
| 103|0x0000000086700000, 0x0000000086700000, 0x0000000086800000|  0%| F|  |TAMS 0x0000000086700000, 0x0000000086700000| Untracked 
| 104|0x0000000086800000, 0x0000000086900000, 0x0000000086900000|100%| O|  |TAMS 0x0000000086800000, 0x0000000086900000| Untracked 
| 105|0x0000000086900000, 0x0000000086a00000, 0x0000000086a00000|100%| O|  |TAMS 0x0000000086a00000, 0x0000000086a00000| Untracked 
| 106|0x0000000086a00000, 0x0000000086b00000, 0x0000000086b00000|100%| O|  |TAMS 0x0000000086b00000, 0x0000000086b00000| Untracked 
| 107|0x0000000086b00000, 0x0000000086c00000, 0x0000000086c00000|100%| O|  |TAMS 0x0000000086c00000, 0x0000000086c00000| Untracked 
| 108|0x0000000086c00000, 0x0000000086d00000, 0x0000000086d00000|100%| O|  |TAMS 0x0000000086d00000, 0x0000000086d00000| Untracked 
| 109|0x0000000086d00000, 0x0000000086e00000, 0x0000000086e00000|100%| O|  |TAMS 0x0000000086e00000, 0x0000000086e00000| Untracked 
| 110|0x0000000086e00000, 0x0000000086f00000, 0x0000000086f00000|100%| O|  |TAMS 0x0000000086f00000, 0x0000000086f00000| Untracked 
| 111|0x0000000086f00000, 0x0000000087000000, 0x0000000087000000|100%| O|  |TAMS 0x0000000087000000, 0x0000000087000000| Untracked 
| 112|0x0000000087000000, 0x0000000087100000, 0x0000000087100000|100%| O|  |TAMS 0x0000000087000000, 0x0000000087100000| Untracked 
| 113|0x0000000087100000, 0x0000000087200000, 0x0000000087200000|100%| O|  |TAMS 0x0000000087200000, 0x0000000087200000| Untracked 
| 114|0x0000000087200000, 0x0000000087300000, 0x0000000087300000|100%| O|  |TAMS 0x0000000087300000, 0x0000000087300000| Untracked 
| 115|0x0000000087300000, 0x0000000087400000, 0x0000000087400000|100%| O|  |TAMS 0x0000000087400000, 0x0000000087400000| Untracked 
| 116|0x0000000087400000, 0x0000000087500000, 0x0000000087500000|100%| O|  |TAMS 0x0000000087500000, 0x0000000087500000| Untracked 
| 117|0x0000000087500000, 0x0000000087600000, 0x0000000087600000|100%| O|  |TAMS 0x0000000087600000, 0x0000000087600000| Untracked 
| 118|0x0000000087600000, 0x0000000087700000, 0x0000000087700000|100%| O|  |TAMS 0x0000000087700000, 0x0000000087700000| Untracked 
| 119|0x0000000087700000, 0x0000000087800000, 0x0000000087800000|100%| O|  |TAMS 0x0000000087800000, 0x0000000087800000| Untracked 
| 120|0x0000000087800000, 0x0000000087900000, 0x0000000087900000|100%| O|  |TAMS 0x0000000087900000, 0x0000000087900000| Untracked 
| 121|0x0000000087900000, 0x0000000087a00000, 0x0000000087a00000|100%| O|  |TAMS 0x0000000087a00000, 0x0000000087a00000| Untracked 
| 122|0x0000000087a00000, 0x0000000087b00000, 0x0000000087b00000|100%| O|  |TAMS 0x0000000087b00000, 0x0000000087b00000| Untracked 
| 123|0x0000000087b00000, 0x0000000087c00000, 0x0000000087c00000|100%| O|  |TAMS 0x0000000087c00000, 0x0000000087c00000| Untracked 
| 124|0x0000000087c00000, 0x0000000087d00000, 0x0000000087d00000|100%| O|  |TAMS 0x0000000087d00000, 0x0000000087d00000| Untracked 
| 125|0x0000000087d00000, 0x0000000087e00000, 0x0000000087e00000|100%| O|  |TAMS 0x0000000087e00000, 0x0000000087e00000| Untracked 
| 126|0x0000000087e00000, 0x0000000087f00000, 0x0000000087f00000|100%| O|  |TAMS 0x0000000087f00000, 0x0000000087f00000| Untracked 
| 127|0x0000000087f00000, 0x0000000088000000, 0x0000000088000000|100%| O|  |TAMS 0x0000000088000000, 0x0000000088000000| Untracked 
| 128|0x0000000088000000, 0x0000000088100000, 0x0000000088100000|100%| O|  |TAMS 0x0000000088100000, 0x0000000088100000| Untracked 
| 129|0x0000000088100000, 0x0000000088200000, 0x0000000088200000|100%| O|  |TAMS 0x0000000088200000, 0x0000000088200000| Untracked 
| 130|0x0000000088200000, 0x0000000088300000, 0x0000000088300000|100%| O|  |TAMS 0x0000000088300000, 0x0000000088300000| Untracked 
| 131|0x0000000088300000, 0x0000000088400000, 0x0000000088400000|100%| O|  |TAMS 0x0000000088400000, 0x0000000088400000| Untracked 
| 132|0x0000000088400000, 0x0000000088500000, 0x0000000088500000|100%| O|  |TAMS 0x0000000088500000, 0x0000000088500000| Untracked 
| 133|0x0000000088500000, 0x0000000088600000, 0x0000000088600000|100%| O|  |TAMS 0x0000000088600000, 0x0000000088600000| Untracked 
| 134|0x0000000088600000, 0x0000000088700000, 0x0000000088700000|100%| O|  |TAMS 0x0000000088700000, 0x0000000088700000| Untracked 
| 135|0x0000000088700000, 0x0000000088800000, 0x0000000088800000|100%| O|  |TAMS 0x0000000088800000, 0x0000000088800000| Untracked 
| 136|0x0000000088800000, 0x0000000088900000, 0x0000000088900000|100%| O|  |TAMS 0x0000000088900000, 0x0000000088900000| Untracked 
| 137|0x0000000088900000, 0x0000000088a00000, 0x0000000088a00000|100%| O|  |TAMS 0x0000000088a00000, 0x0000000088a00000| Untracked 
| 138|0x0000000088a00000, 0x0000000088b00000, 0x0000000088b00000|100%| O|  |TAMS 0x0000000088b00000, 0x0000000088b00000| Untracked 
| 139|0x0000000088b00000, 0x0000000088c00000, 0x0000000088c00000|100%| O|  |TAMS 0x0000000088c00000, 0x0000000088c00000| Untracked 
| 140|0x0000000088c00000, 0x0000000088d00000, 0x0000000088d00000|100%| O|  |TAMS 0x0000000088d00000, 0x0000000088d00000| Untracked 
| 141|0x0000000088d00000, 0x0000000088e00000, 0x0000000088e00000|100%| O|  |TAMS 0x0000000088e00000, 0x0000000088e00000| Untracked 
| 142|0x0000000088e00000, 0x0000000088f00000, 0x0000000088f00000|100%| O|  |TAMS 0x0000000088f00000, 0x0000000088f00000| Untracked 
| 143|0x0000000088f00000, 0x0000000089000000, 0x0000000089000000|100%| O|  |TAMS 0x0000000089000000, 0x0000000089000000| Untracked 
| 144|0x0000000089000000, 0x0000000089100000, 0x0000000089100000|100%| O|  |TAMS 0x0000000089100000, 0x0000000089100000| Untracked 
| 145|0x0000000089100000, 0x0000000089200000, 0x0000000089200000|100%| O|  |TAMS 0x0000000089200000, 0x0000000089200000| Untracked 
| 146|0x0000000089200000, 0x0000000089300000, 0x0000000089300000|100%| O|  |TAMS 0x0000000089300000, 0x0000000089300000| Untracked 
| 147|0x0000000089300000, 0x0000000089300000, 0x0000000089400000|  0%| F|  |TAMS 0x0000000089300000, 0x0000000089300000| Untracked 
| 148|0x0000000089400000, 0x0000000089500000, 0x0000000089500000|100%| O|  |TAMS 0x0000000089500000, 0x0000000089500000| Untracked 
| 149|0x0000000089500000, 0x0000000089600000, 0x0000000089600000|100%| O|  |TAMS 0x0000000089600000, 0x0000000089600000| Untracked 
| 150|0x0000000089600000, 0x0000000089700000, 0x0000000089700000|100%| O|  |TAMS 0x0000000089700000, 0x0000000089700000| Untracked 
| 151|0x0000000089700000, 0x0000000089800000, 0x0000000089800000|100%| O|  |TAMS 0x0000000089800000, 0x0000000089800000| Untracked 
| 152|0x0000000089800000, 0x0000000089900000, 0x0000000089900000|100%| O|  |TAMS 0x0000000089900000, 0x0000000089900000| Untracked 
| 153|0x0000000089900000, 0x0000000089a00000, 0x0000000089a00000|100%| O|  |TAMS 0x0000000089a00000, 0x0000000089a00000| Untracked 
| 154|0x0000000089a00000, 0x0000000089b00000, 0x0000000089b00000|100%| O|  |TAMS 0x0000000089b00000, 0x0000000089b00000| Untracked 
| 155|0x0000000089b00000, 0x0000000089c00000, 0x0000000089c00000|100%| O|  |TAMS 0x0000000089c00000, 0x0000000089c00000| Untracked 
| 156|0x0000000089c00000, 0x0000000089d00000, 0x0000000089d00000|100%| O|  |TAMS 0x0000000089d00000, 0x0000000089d00000| Untracked 
| 157|0x0000000089d00000, 0x0000000089e00000, 0x0000000089e00000|100%| O|  |TAMS 0x0000000089e00000, 0x0000000089e00000| Untracked 
| 158|0x0000000089e00000, 0x0000000089f00000, 0x0000000089f00000|100%| O|  |TAMS 0x0000000089f00000, 0x0000000089f00000| Untracked 
| 159|0x0000000089f00000, 0x000000008a000000, 0x000000008a000000|100%| O|  |TAMS 0x000000008a000000, 0x000000008a000000| Untracked 
| 160|0x000000008a000000, 0x000000008a100000, 0x000000008a100000|100%| O|  |TAMS 0x000000008a100000, 0x000000008a100000| Untracked 
| 161|0x000000008a100000, 0x000000008a200000, 0x000000008a200000|100%| O|  |TAMS 0x000000008a200000, 0x000000008a200000| Untracked 
| 162|0x000000008a200000, 0x000000008a300000, 0x000000008a300000|100%| O|  |TAMS 0x000000008a300000, 0x000000008a300000| Untracked 
| 163|0x000000008a300000, 0x000000008a400000, 0x000000008a400000|100%| O|  |TAMS 0x000000008a400000, 0x000000008a400000| Untracked 
| 164|0x000000008a400000, 0x000000008a500000, 0x000000008a500000|100%| O|  |TAMS 0x000000008a500000, 0x000000008a500000| Untracked 
| 165|0x000000008a500000, 0x000000008a600000, 0x000000008a600000|100%| O|  |TAMS 0x000000008a600000, 0x000000008a600000| Untracked 
| 166|0x000000008a600000, 0x000000008a700000, 0x000000008a700000|100%| O|  |TAMS 0x000000008a700000, 0x000000008a700000| Untracked 
| 167|0x000000008a700000, 0x000000008a700000, 0x000000008a800000|  0%| F|  |TAMS 0x000000008a700000, 0x000000008a700000| Untracked 
| 168|0x000000008a800000, 0x000000008a900000, 0x000000008a900000|100%| O|  |TAMS 0x000000008a800000, 0x000000008a900000| Untracked 
| 169|0x000000008a900000, 0x000000008aa00000, 0x000000008aa00000|100%| O|  |TAMS 0x000000008a900000, 0x000000008aa00000| Untracked 
| 170|0x000000008aa00000, 0x000000008ab00000, 0x000000008ab00000|100%| O|  |TAMS 0x000000008ab00000, 0x000000008ab00000| Untracked 
| 171|0x000000008ab00000, 0x000000008ab00000, 0x000000008ac00000|  0%| F|  |TAMS 0x000000008ab00000, 0x000000008ab00000| Untracked 
| 172|0x000000008ac00000, 0x000000008ad00000, 0x000000008ad00000|100%| O|  |TAMS 0x000000008ad00000, 0x000000008ad00000| Untracked 
| 173|0x000000008ad00000, 0x000000008ae00000, 0x000000008ae00000|100%| O|  |TAMS 0x000000008ae00000, 0x000000008ae00000| Untracked 
| 174|0x000000008ae00000, 0x000000008af00000, 0x000000008af00000|100%| O|  |TAMS 0x000000008af00000, 0x000000008af00000| Untracked 
| 175|0x000000008af00000, 0x000000008b000000, 0x000000008b000000|100%| O|  |TAMS 0x000000008b000000, 0x000000008b000000| Untracked 
| 176|0x000000008b000000, 0x000000008b100000, 0x000000008b100000|100%| O|  |TAMS 0x000000008b100000, 0x000000008b100000| Untracked 
| 177|0x000000008b100000, 0x000000008b100000, 0x000000008b200000|  0%| F|  |TAMS 0x000000008b100000, 0x000000008b100000| Untracked 
| 178|0x000000008b200000, 0x000000008b300000, 0x000000008b300000|100%| O|  |TAMS 0x000000008b210c00, 0x000000008b300000| Untracked 
| 179|0x000000008b300000, 0x000000008b400000, 0x000000008b400000|100%| O|  |TAMS 0x000000008b300000, 0x000000008b400000| Untracked 
| 180|0x000000008b400000, 0x000000008b500000, 0x000000008b500000|100%| O|  |TAMS 0x000000008b400000, 0x000000008b500000| Untracked 
| 181|0x000000008b500000, 0x000000008b600000, 0x000000008b600000|100%| O|  |TAMS 0x000000008b500000, 0x000000008b600000| Untracked 
| 182|0x000000008b600000, 0x000000008b700000, 0x000000008b700000|100%| O|  |TAMS 0x000000008b600000, 0x000000008b700000| Untracked 
| 183|0x000000008b700000, 0x000000008b800000, 0x000000008b800000|100%| O|  |TAMS 0x000000008b700000, 0x000000008b800000| Untracked 
| 184|0x000000008b800000, 0x000000008b900000, 0x000000008b900000|100%| O|  |TAMS 0x000000008b800000, 0x000000008b900000| Untracked 
| 185|0x000000008b900000, 0x000000008ba00000, 0x000000008ba00000|100%| O|  |TAMS 0x000000008b900000, 0x000000008ba00000| Untracked 
| 186|0x000000008ba00000, 0x000000008bb00000, 0x000000008bb00000|100%| O|  |TAMS 0x000000008ba00000, 0x000000008bb00000| Untracked 
| 187|0x000000008bb00000, 0x000000008bc00000, 0x000000008bc00000|100%| O|  |TAMS 0x000000008bb00000, 0x000000008bc00000| Untracked 
| 188|0x000000008bc00000, 0x000000008bd00000, 0x000000008bd00000|100%| O|  |TAMS 0x000000008bc00000, 0x000000008bd00000| Untracked 
| 189|0x000000008bd00000, 0x000000008bd72000, 0x000000008be00000| 44%| O|  |TAMS 0x000000008bd00000, 0x000000008bd72000| Untracked 
| 190|0x000000008be00000, 0x000000008be00000, 0x000000008bf00000|  0%| F|  |TAMS 0x000000008be00000, 0x000000008be00000| Untracked 
| 191|0x000000008bf00000, 0x000000008bf00000, 0x000000008c000000|  0%| F|  |TAMS 0x000000008bf00000, 0x000000008bf00000| Untracked 
| 192|0x000000008c000000, 0x000000008c000000, 0x000000008c100000|  0%| F|  |TAMS 0x000000008c000000, 0x000000008c000000| Untracked 
| 193|0x000000008c100000, 0x000000008c100000, 0x000000008c200000|  0%| F|  |TAMS 0x000000008c100000, 0x000000008c100000| Untracked 
| 194|0x000000008c200000, 0x000000008c200000, 0x000000008c300000|  0%| F|  |TAMS 0x000000008c200000, 0x000000008c200000| Untracked 
| 195|0x000000008c300000, 0x000000008c300000, 0x000000008c400000|  0%| F|  |TAMS 0x000000008c300000, 0x000000008c300000| Untracked 
| 196|0x000000008c400000, 0x000000008c400000, 0x000000008c500000|  0%| F|  |TAMS 0x000000008c400000, 0x000000008c400000| Untracked 
| 197|0x000000008c500000, 0x000000008c500000, 0x000000008c600000|  0%| F|  |TAMS 0x000000008c500000, 0x000000008c500000| Untracked 
| 198|0x000000008c600000, 0x000000008c600000, 0x000000008c700000|  0%| F|  |TAMS 0x000000008c600000, 0x000000008c600000| Untracked 
| 199|0x000000008c700000, 0x000000008c700000, 0x000000008c800000|  0%| F|  |TAMS 0x000000008c700000, 0x000000008c700000| Untracked 
| 200|0x000000008c800000, 0x000000008c800000, 0x000000008c900000|  0%| F|  |TAMS 0x000000008c800000, 0x000000008c800000| Untracked 
| 201|0x000000008c900000, 0x000000008c900000, 0x000000008ca00000|  0%| F|  |TAMS 0x000000008c900000, 0x000000008c900000| Untracked 
| 202|0x000000008ca00000, 0x000000008ca00000, 0x000000008cb00000|  0%| F|  |TAMS 0x000000008ca00000, 0x000000008ca00000| Untracked 
| 203|0x000000008cb00000, 0x000000008cb00000, 0x000000008cc00000|  0%| F|  |TAMS 0x000000008cb00000, 0x000000008cb00000| Untracked 
| 204|0x000000008cc00000, 0x000000008cc00000, 0x000000008cd00000|  0%| F|  |TAMS 0x000000008cc00000, 0x000000008cc00000| Untracked 
| 205|0x000000008cd00000, 0x000000008cd00000, 0x000000008ce00000|  0%| F|  |TAMS 0x000000008cd00000, 0x000000008cd00000| Untracked 
| 206|0x000000008ce00000, 0x000000008ce00000, 0x000000008cf00000|  0%| F|  |TAMS 0x000000008ce00000, 0x000000008ce00000| Untracked 
| 207|0x000000008cf00000, 0x000000008cf00000, 0x000000008d000000|  0%| F|  |TAMS 0x000000008cf00000, 0x000000008cf00000| Untracked 
| 208|0x000000008d000000, 0x000000008d000000, 0x000000008d100000|  0%| F|  |TAMS 0x000000008d000000, 0x000000008d000000| Untracked 
| 209|0x000000008d100000, 0x000000008d100000, 0x000000008d200000|  0%| F|  |TAMS 0x000000008d100000, 0x000000008d100000| Untracked 
| 210|0x000000008d200000, 0x000000008d200000, 0x000000008d300000|  0%| F|  |TAMS 0x000000008d200000, 0x000000008d200000| Untracked 
| 211|0x000000008d300000, 0x000000008d300000, 0x000000008d400000|  0%| F|  |TAMS 0x000000008d300000, 0x000000008d300000| Untracked 
| 212|0x000000008d400000, 0x000000008d400000, 0x000000008d500000|  0%| F|  |TAMS 0x000000008d400000, 0x000000008d400000| Untracked 
| 213|0x000000008d500000, 0x000000008d500000, 0x000000008d600000|  0%| F|  |TAMS 0x000000008d500000, 0x000000008d500000| Untracked 
| 214|0x000000008d600000, 0x000000008d600000, 0x000000008d700000|  0%| F|  |TAMS 0x000000008d600000, 0x000000008d600000| Untracked 
| 215|0x000000008d700000, 0x000000008d700000, 0x000000008d800000|  0%| F|  |TAMS 0x000000008d700000, 0x000000008d700000| Untracked 
| 216|0x000000008d800000, 0x000000008d800000, 0x000000008d900000|  0%| F|  |TAMS 0x000000008d800000, 0x000000008d800000| Untracked 
| 217|0x000000008d900000, 0x000000008d900000, 0x000000008da00000|  0%| F|  |TAMS 0x000000008d900000, 0x000000008d900000| Untracked 
| 218|0x000000008da00000, 0x000000008da00000, 0x000000008db00000|  0%| F|  |TAMS 0x000000008da00000, 0x000000008da00000| Untracked 
| 219|0x000000008db00000, 0x000000008db00000, 0x000000008dc00000|  0%| F|  |TAMS 0x000000008db00000, 0x000000008db00000| Untracked 
| 220|0x000000008dc00000, 0x000000008dc00000, 0x000000008dd00000|  0%| F|  |TAMS 0x000000008dc00000, 0x000000008dc00000| Untracked 
| 221|0x000000008dd00000, 0x000000008dd00000, 0x000000008de00000|  0%| F|  |TAMS 0x000000008dd00000, 0x000000008dd00000| Untracked 
| 222|0x000000008de00000, 0x000000008de00000, 0x000000008df00000|  0%| F|  |TAMS 0x000000008de00000, 0x000000008de00000| Untracked 
| 223|0x000000008df00000, 0x000000008df00000, 0x000000008e000000|  0%| F|  |TAMS 0x000000008df00000, 0x000000008df00000| Untracked 
| 224|0x000000008e000000, 0x000000008e000000, 0x000000008e100000|  0%| F|  |TAMS 0x000000008e000000, 0x000000008e000000| Untracked 
| 225|0x000000008e100000, 0x000000008e100000, 0x000000008e200000|  0%| F|  |TAMS 0x000000008e100000, 0x000000008e100000| Untracked 
| 226|0x000000008e200000, 0x000000008e200000, 0x000000008e300000|  0%| F|  |TAMS 0x000000008e200000, 0x000000008e200000| Untracked 
| 227|0x000000008e300000, 0x000000008e300000, 0x000000008e400000|  0%| F|  |TAMS 0x000000008e300000, 0x000000008e300000| Untracked 
| 228|0x000000008e400000, 0x000000008e400000, 0x000000008e500000|  0%| F|  |TAMS 0x000000008e400000, 0x000000008e400000| Untracked 
| 229|0x000000008e500000, 0x000000008e500000, 0x000000008e600000|  0%| F|  |TAMS 0x000000008e500000, 0x000000008e500000| Untracked 
| 230|0x000000008e600000, 0x000000008e600000, 0x000000008e700000|  0%| F|  |TAMS 0x000000008e600000, 0x000000008e600000| Untracked 
| 231|0x000000008e700000, 0x000000008e700000, 0x000000008e800000|  0%| F|  |TAMS 0x000000008e700000, 0x000000008e700000| Untracked 
| 232|0x000000008e800000, 0x000000008e800000, 0x000000008e900000|  0%| F|  |TAMS 0x000000008e800000, 0x000000008e800000| Untracked 
| 233|0x000000008e900000, 0x000000008e900000, 0x000000008ea00000|  0%| F|  |TAMS 0x000000008e900000, 0x000000008e900000| Untracked 
| 234|0x000000008ea00000, 0x000000008ea00000, 0x000000008eb00000|  0%| F|  |TAMS 0x000000008ea00000, 0x000000008ea00000| Untracked 
| 235|0x000000008eb00000, 0x000000008eb00000, 0x000000008ec00000|  0%| F|  |TAMS 0x000000008eb00000, 0x000000008eb00000| Untracked 
| 236|0x000000008ec00000, 0x000000008ec00000, 0x000000008ed00000|  0%| F|  |TAMS 0x000000008ec00000, 0x000000008ec00000| Untracked 
| 237|0x000000008ed00000, 0x000000008ed00000, 0x000000008ee00000|  0%| F|  |TAMS 0x000000008ed00000, 0x000000008ed00000| Untracked 
| 238|0x000000008ee00000, 0x000000008ee00000, 0x000000008ef00000|  0%| F|  |TAMS 0x000000008ee00000, 0x000000008ee00000| Untracked 
| 239|0x000000008ef00000, 0x000000008ef00000, 0x000000008f000000|  0%| F|  |TAMS 0x000000008ef00000, 0x000000008ef00000| Untracked 
| 240|0x000000008f000000, 0x000000008f000000, 0x000000008f100000|  0%| F|  |TAMS 0x000000008f000000, 0x000000008f000000| Untracked 
| 241|0x000000008f100000, 0x000000008f100000, 0x000000008f200000|  0%| F|  |TAMS 0x000000008f100000, 0x000000008f100000| Untracked 
| 242|0x000000008f200000, 0x000000008f200000, 0x000000008f300000|  0%| F|  |TAMS 0x000000008f200000, 0x000000008f200000| Untracked 
| 243|0x000000008f300000, 0x000000008f300000, 0x000000008f400000|  0%| F|  |TAMS 0x000000008f300000, 0x000000008f300000| Untracked 
| 244|0x000000008f400000, 0x000000008f400000, 0x000000008f500000|  0%| F|  |TAMS 0x000000008f400000, 0x000000008f400000| Untracked 
| 245|0x000000008f500000, 0x000000008f500000, 0x000000008f600000|  0%| F|  |TAMS 0x000000008f500000, 0x000000008f500000| Untracked 
| 246|0x000000008f600000, 0x000000008f600000, 0x000000008f700000|  0%| F|  |TAMS 0x000000008f600000, 0x000000008f600000| Untracked 
| 247|0x000000008f700000, 0x000000008f700000, 0x000000008f800000|  0%| F|  |TAMS 0x000000008f700000, 0x000000008f700000| Untracked 
| 248|0x000000008f800000, 0x000000008f800000, 0x000000008f900000|  0%| F|  |TAMS 0x000000008f800000, 0x000000008f800000| Untracked 
| 249|0x000000008f900000, 0x000000008f900000, 0x000000008fa00000|  0%| F|  |TAMS 0x000000008f900000, 0x000000008f900000| Untracked 
| 250|0x000000008fa00000, 0x000000008fa00000, 0x000000008fb00000|  0%| F|  |TAMS 0x000000008fa00000, 0x000000008fa00000| Untracked 
| 251|0x000000008fb00000, 0x000000008fb00000, 0x000000008fc00000|  0%| F|  |TAMS 0x000000008fb00000, 0x000000008fb00000| Untracked 
| 252|0x000000008fc00000, 0x000000008fc00000, 0x000000008fd00000|  0%| F|  |TAMS 0x000000008fc00000, 0x000000008fc00000| Untracked 
| 253|0x000000008fd00000, 0x000000008fd00000, 0x000000008fe00000|  0%| F|  |TAMS 0x000000008fd00000, 0x000000008fd00000| Untracked 
| 254|0x000000008fe00000, 0x000000008fe00000, 0x000000008ff00000|  0%| F|  |TAMS 0x000000008fe00000, 0x000000008fe00000| Untracked 
| 255|0x000000008ff00000, 0x000000008ff00000, 0x0000000090000000|  0%| F|  |TAMS 0x000000008ff00000, 0x000000008ff00000| Untracked 
| 256|0x0000000090000000, 0x0000000090000000, 0x0000000090100000|  0%| F|  |TAMS 0x0000000090000000, 0x0000000090000000| Untracked 
| 257|0x0000000090100000, 0x0000000090100000, 0x0000000090200000|  0%| F|  |TAMS 0x0000000090100000, 0x0000000090100000| Untracked 
| 258|0x0000000090200000, 0x00000000902cac10, 0x0000000090300000| 79%| S|CS|TAMS 0x0000000090200000, 0x0000000090200000| Complete 
| 259|0x0000000090300000, 0x0000000090400000, 0x0000000090400000|100%| S|CS|TAMS 0x0000000090300000, 0x0000000090300000| Complete 
| 260|0x0000000090400000, 0x0000000090500000, 0x0000000090500000|100%| S|CS|TAMS 0x0000000090400000, 0x0000000090400000| Complete 
| 261|0x0000000090500000, 0x0000000090600000, 0x0000000090600000|100%| S|CS|TAMS 0x0000000090500000, 0x0000000090500000| Complete 
| 262|0x0000000090600000, 0x0000000090700000, 0x0000000090700000|100%| S|CS|TAMS 0x0000000090600000, 0x0000000090600000| Complete 
| 263|0x0000000090700000, 0x0000000090800000, 0x0000000090800000|100%| S|CS|TAMS 0x0000000090700000, 0x0000000090700000| Complete 
| 264|0x0000000090800000, 0x0000000090900000, 0x0000000090900000|100%| S|CS|TAMS 0x0000000090800000, 0x0000000090800000| Complete 
| 265|0x0000000090900000, 0x0000000090a00000, 0x0000000090a00000|100%| S|CS|TAMS 0x0000000090900000, 0x0000000090900000| Complete 
| 266|0x0000000090a00000, 0x0000000090b00000, 0x0000000090b00000|100%| S|CS|TAMS 0x0000000090a00000, 0x0000000090a00000| Complete 
| 267|0x0000000090b00000, 0x0000000090c00000, 0x0000000090c00000|100%| S|CS|TAMS 0x0000000090b00000, 0x0000000090b00000| Complete 
| 268|0x0000000090c00000, 0x0000000090d00000, 0x0000000090d00000|100%| S|CS|TAMS 0x0000000090c00000, 0x0000000090c00000| Complete 
| 269|0x0000000090d00000, 0x0000000090d00000, 0x0000000090e00000|  0%| F|  |TAMS 0x0000000090d00000, 0x0000000090d00000| Untracked 
| 270|0x0000000090e00000, 0x0000000090e00000, 0x0000000090f00000|  0%| F|  |TAMS 0x0000000090e00000, 0x0000000090e00000| Untracked 
| 271|0x0000000090f00000, 0x0000000090f00000, 0x0000000091000000|  0%| F|  |TAMS 0x0000000090f00000, 0x0000000090f00000| Untracked 
| 272|0x0000000091000000, 0x0000000091000000, 0x0000000091100000|  0%| F|  |TAMS 0x0000000091000000, 0x0000000091000000| Untracked 
| 273|0x0000000091100000, 0x0000000091100000, 0x0000000091200000|  0%| F|  |TAMS 0x0000000091100000, 0x0000000091100000| Untracked 
| 274|0x0000000091200000, 0x0000000091200000, 0x0000000091300000|  0%| F|  |TAMS 0x0000000091200000, 0x0000000091200000| Untracked 
| 275|0x0000000091300000, 0x0000000091300000, 0x0000000091400000|  0%| F|  |TAMS 0x0000000091300000, 0x0000000091300000| Untracked 
| 276|0x0000000091400000, 0x0000000091400000, 0x0000000091500000|  0%| F|  |TAMS 0x0000000091400000, 0x0000000091400000| Untracked 
| 277|0x0000000091500000, 0x0000000091500000, 0x0000000091600000|  0%| F|  |TAMS 0x0000000091500000, 0x0000000091500000| Untracked 
| 278|0x0000000091600000, 0x0000000091600000, 0x0000000091700000|  0%| F|  |TAMS 0x0000000091600000, 0x0000000091600000| Untracked 
| 279|0x0000000091700000, 0x0000000091700000, 0x0000000091800000|  0%| F|  |TAMS 0x0000000091700000, 0x0000000091700000| Untracked 
| 280|0x0000000091800000, 0x0000000091800000, 0x0000000091900000|  0%| F|  |TAMS 0x0000000091800000, 0x0000000091800000| Untracked 
| 281|0x0000000091900000, 0x0000000091900000, 0x0000000091a00000|  0%| F|  |TAMS 0x0000000091900000, 0x0000000091900000| Untracked 
| 282|0x0000000091a00000, 0x0000000091a00000, 0x0000000091b00000|  0%| F|  |TAMS 0x0000000091a00000, 0x0000000091a00000| Untracked 
| 283|0x0000000091b00000, 0x0000000091b00000, 0x0000000091c00000|  0%| F|  |TAMS 0x0000000091b00000, 0x0000000091b00000| Untracked 
| 284|0x0000000091c00000, 0x0000000091c00000, 0x0000000091d00000|  0%| F|  |TAMS 0x0000000091c00000, 0x0000000091c00000| Untracked 
| 285|0x0000000091d00000, 0x0000000091d00000, 0x0000000091e00000|  0%| F|  |TAMS 0x0000000091d00000, 0x0000000091d00000| Untracked 
| 286|0x0000000091e00000, 0x0000000091e00000, 0x0000000091f00000|  0%| F|  |TAMS 0x0000000091e00000, 0x0000000091e00000| Untracked 
| 287|0x0000000091f00000, 0x0000000091f00000, 0x0000000092000000|  0%| F|  |TAMS 0x0000000091f00000, 0x0000000091f00000| Untracked 
| 288|0x0000000092000000, 0x0000000092000000, 0x0000000092100000|  0%| F|  |TAMS 0x0000000092000000, 0x0000000092000000| Untracked 
| 289|0x0000000092100000, 0x0000000092100000, 0x0000000092200000|  0%| F|  |TAMS 0x0000000092100000, 0x0000000092100000| Untracked 
| 290|0x0000000092200000, 0x0000000092200000, 0x0000000092300000|  0%| F|  |TAMS 0x0000000092200000, 0x0000000092200000| Untracked 
| 291|0x0000000092300000, 0x0000000092300000, 0x0000000092400000|  0%| F|  |TAMS 0x0000000092300000, 0x0000000092300000| Untracked 
| 292|0x0000000092400000, 0x0000000092400000, 0x0000000092500000|  0%| F|  |TAMS 0x0000000092400000, 0x0000000092400000| Untracked 
| 293|0x0000000092500000, 0x0000000092500000, 0x0000000092600000|  0%| F|  |TAMS 0x0000000092500000, 0x0000000092500000| Untracked 
| 294|0x0000000092600000, 0x0000000092600000, 0x0000000092700000|  0%| F|  |TAMS 0x0000000092600000, 0x0000000092600000| Untracked 
| 295|0x0000000092700000, 0x0000000092700000, 0x0000000092800000|  0%| F|  |TAMS 0x0000000092700000, 0x0000000092700000| Untracked 
| 296|0x0000000092800000, 0x0000000092800000, 0x0000000092900000|  0%| F|  |TAMS 0x0000000092800000, 0x0000000092800000| Untracked 
| 297|0x0000000092900000, 0x0000000092900000, 0x0000000092a00000|  0%| F|  |TAMS 0x0000000092900000, 0x0000000092900000| Untracked 
| 298|0x0000000092a00000, 0x0000000092a00000, 0x0000000092b00000|  0%| F|  |TAMS 0x0000000092a00000, 0x0000000092a00000| Untracked 
| 299|0x0000000092b00000, 0x0000000092b00000, 0x0000000092c00000|  0%| F|  |TAMS 0x0000000092b00000, 0x0000000092b00000| Untracked 
| 300|0x0000000092c00000, 0x0000000092c00000, 0x0000000092d00000|  0%| F|  |TAMS 0x0000000092c00000, 0x0000000092c00000| Untracked 
| 301|0x0000000092d00000, 0x0000000092d00000, 0x0000000092e00000|  0%| F|  |TAMS 0x0000000092d00000, 0x0000000092d00000| Untracked 
| 302|0x0000000092e00000, 0x0000000092e00000, 0x0000000092f00000|  0%| F|  |TAMS 0x0000000092e00000, 0x0000000092e00000| Untracked 
| 303|0x0000000092f00000, 0x0000000092f00000, 0x0000000093000000|  0%| F|  |TAMS 0x0000000092f00000, 0x0000000092f00000| Untracked 
| 304|0x0000000093000000, 0x0000000093000000, 0x0000000093100000|  0%| F|  |TAMS 0x0000000093000000, 0x0000000093000000| Untracked 
| 305|0x0000000093100000, 0x0000000093100000, 0x0000000093200000|  0%| F|  |TAMS 0x0000000093100000, 0x0000000093100000| Untracked 
| 306|0x0000000093200000, 0x0000000093200000, 0x0000000093300000|  0%| F|  |TAMS 0x0000000093200000, 0x0000000093200000| Untracked 
| 307|0x0000000093300000, 0x0000000093300000, 0x0000000093400000|  0%| F|  |TAMS 0x0000000093300000, 0x0000000093300000| Untracked 
| 308|0x0000000093400000, 0x0000000093400000, 0x0000000093500000|  0%| F|  |TAMS 0x0000000093400000, 0x0000000093400000| Untracked 
| 309|0x0000000093500000, 0x0000000093500000, 0x0000000093600000|  0%| F|  |TAMS 0x0000000093500000, 0x0000000093500000| Untracked 
| 310|0x0000000093600000, 0x0000000093600000, 0x0000000093700000|  0%| F|  |TAMS 0x0000000093600000, 0x0000000093600000| Untracked 
| 311|0x0000000093700000, 0x0000000093700000, 0x0000000093800000|  0%| F|  |TAMS 0x0000000093700000, 0x0000000093700000| Untracked 
| 312|0x0000000093800000, 0x0000000093800000, 0x0000000093900000|  0%| F|  |TAMS 0x0000000093800000, 0x0000000093800000| Untracked 
| 313|0x0000000093900000, 0x0000000093900000, 0x0000000093a00000|  0%| F|  |TAMS 0x0000000093900000, 0x0000000093900000| Untracked 
| 314|0x0000000093a00000, 0x0000000093a00000, 0x0000000093b00000|  0%| F|  |TAMS 0x0000000093a00000, 0x0000000093a00000| Untracked 
| 315|0x0000000093b00000, 0x0000000093b00000, 0x0000000093c00000|  0%| F|  |TAMS 0x0000000093b00000, 0x0000000093b00000| Untracked 
| 316|0x0000000093c00000, 0x0000000093c00000, 0x0000000093d00000|  0%| F|  |TAMS 0x0000000093c00000, 0x0000000093c00000| Untracked 
| 317|0x0000000093d00000, 0x0000000093d00000, 0x0000000093e00000|  0%| F|  |TAMS 0x0000000093d00000, 0x0000000093d00000| Untracked 
| 318|0x0000000093e00000, 0x0000000093e00000, 0x0000000093f00000|  0%| F|  |TAMS 0x0000000093e00000, 0x0000000093e00000| Untracked 
| 319|0x0000000093f00000, 0x0000000093f00000, 0x0000000094000000|  0%| F|  |TAMS 0x0000000093f00000, 0x0000000093f00000| Untracked 
| 320|0x0000000094000000, 0x0000000094000000, 0x0000000094100000|  0%| F|  |TAMS 0x0000000094000000, 0x0000000094000000| Untracked 
| 321|0x0000000094100000, 0x0000000094100000, 0x0000000094200000|  0%| F|  |TAMS 0x0000000094100000, 0x0000000094100000| Untracked 
| 322|0x0000000094200000, 0x0000000094200000, 0x0000000094300000|  0%| F|  |TAMS 0x0000000094200000, 0x0000000094200000| Untracked 
| 323|0x0000000094300000, 0x0000000094300000, 0x0000000094400000|  0%| F|  |TAMS 0x0000000094300000, 0x0000000094300000| Untracked 
| 324|0x0000000094400000, 0x0000000094400000, 0x0000000094500000|  0%| F|  |TAMS 0x0000000094400000, 0x0000000094400000| Untracked 
| 325|0x0000000094500000, 0x0000000094500000, 0x0000000094600000|  0%| F|  |TAMS 0x0000000094500000, 0x0000000094500000| Untracked 
| 326|0x0000000094600000, 0x0000000094600000, 0x0000000094700000|  0%| F|  |TAMS 0x0000000094600000, 0x0000000094600000| Untracked 
| 327|0x0000000094700000, 0x0000000094700000, 0x0000000094800000|  0%| F|  |TAMS 0x0000000094700000, 0x0000000094700000| Untracked 
| 328|0x0000000094800000, 0x0000000094800000, 0x0000000094900000|  0%| F|  |TAMS 0x0000000094800000, 0x0000000094800000| Untracked 
| 329|0x0000000094900000, 0x0000000094900000, 0x0000000094a00000|  0%| F|  |TAMS 0x0000000094900000, 0x0000000094900000| Untracked 
| 330|0x0000000094a00000, 0x0000000094a00000, 0x0000000094b00000|  0%| F|  |TAMS 0x0000000094a00000, 0x0000000094a00000| Untracked 
| 331|0x0000000094b00000, 0x0000000094b00000, 0x0000000094c00000|  0%| F|  |TAMS 0x0000000094b00000, 0x0000000094b00000| Untracked 
| 332|0x0000000094c00000, 0x0000000094c00000, 0x0000000094d00000|  0%| F|  |TAMS 0x0000000094c00000, 0x0000000094c00000| Untracked 
| 333|0x0000000094d00000, 0x0000000094d00000, 0x0000000094e00000|  0%| F|  |TAMS 0x0000000094d00000, 0x0000000094d00000| Untracked 
| 334|0x0000000094e00000, 0x0000000094e00000, 0x0000000094f00000|  0%| F|  |TAMS 0x0000000094e00000, 0x0000000094e00000| Untracked 
| 335|0x0000000094f00000, 0x0000000094f00000, 0x0000000095000000|  0%| F|  |TAMS 0x0000000094f00000, 0x0000000094f00000| Untracked 
| 336|0x0000000095000000, 0x0000000095000000, 0x0000000095100000|  0%| F|  |TAMS 0x0000000095000000, 0x0000000095000000| Untracked 
| 337|0x0000000095100000, 0x0000000095100000, 0x0000000095200000|  0%| F|  |TAMS 0x0000000095100000, 0x0000000095100000| Untracked 
| 338|0x0000000095200000, 0x0000000095200000, 0x0000000095300000|  0%| F|  |TAMS 0x0000000095200000, 0x0000000095200000| Untracked 
| 339|0x0000000095300000, 0x0000000095300000, 0x0000000095400000|  0%| F|  |TAMS 0x0000000095300000, 0x0000000095300000| Untracked 
| 340|0x0000000095400000, 0x0000000095400000, 0x0000000095500000|  0%| F|  |TAMS 0x0000000095400000, 0x0000000095400000| Untracked 
| 341|0x0000000095500000, 0x0000000095500000, 0x0000000095600000|  0%| F|  |TAMS 0x0000000095500000, 0x0000000095500000| Untracked 
| 342|0x0000000095600000, 0x0000000095600000, 0x0000000095700000|  0%| F|  |TAMS 0x0000000095600000, 0x0000000095600000| Untracked 
| 343|0x0000000095700000, 0x0000000095700000, 0x0000000095800000|  0%| F|  |TAMS 0x0000000095700000, 0x0000000095700000| Untracked 
| 344|0x0000000095800000, 0x0000000095800000, 0x0000000095900000|  0%| F|  |TAMS 0x0000000095800000, 0x0000000095800000| Untracked 
| 345|0x0000000095900000, 0x0000000095900000, 0x0000000095a00000|  0%| F|  |TAMS 0x0000000095900000, 0x0000000095900000| Untracked 
| 346|0x0000000095a00000, 0x0000000095a00000, 0x0000000095b00000|  0%| F|  |TAMS 0x0000000095a00000, 0x0000000095a00000| Untracked 
| 347|0x0000000095b00000, 0x0000000095b00000, 0x0000000095c00000|  0%| F|  |TAMS 0x0000000095b00000, 0x0000000095b00000| Untracked 
| 348|0x0000000095c00000, 0x0000000095c00000, 0x0000000095d00000|  0%| F|  |TAMS 0x0000000095c00000, 0x0000000095c00000| Untracked 
| 349|0x0000000095d00000, 0x0000000095d00000, 0x0000000095e00000|  0%| F|  |TAMS 0x0000000095d00000, 0x0000000095d00000| Untracked 
| 350|0x0000000095e00000, 0x0000000095e00000, 0x0000000095f00000|  0%| F|  |TAMS 0x0000000095e00000, 0x0000000095e00000| Untracked 
| 351|0x0000000095f00000, 0x0000000095f00000, 0x0000000096000000|  0%| F|  |TAMS 0x0000000095f00000, 0x0000000095f00000| Untracked 
| 352|0x0000000096000000, 0x0000000096000000, 0x0000000096100000|  0%| F|  |TAMS 0x0000000096000000, 0x0000000096000000| Untracked 
| 353|0x0000000096100000, 0x0000000096100000, 0x0000000096200000|  0%| F|  |TAMS 0x0000000096100000, 0x0000000096100000| Untracked 
| 354|0x0000000096200000, 0x0000000096200000, 0x0000000096300000|  0%| F|  |TAMS 0x0000000096200000, 0x0000000096200000| Untracked 
| 355|0x0000000096300000, 0x0000000096300000, 0x0000000096400000|  0%| F|  |TAMS 0x0000000096300000, 0x0000000096300000| Untracked 
| 356|0x0000000096400000, 0x0000000096400000, 0x0000000096500000|  0%| F|  |TAMS 0x0000000096400000, 0x0000000096400000| Untracked 
| 357|0x0000000096500000, 0x0000000096500000, 0x0000000096600000|  0%| F|  |TAMS 0x0000000096500000, 0x0000000096500000| Untracked 
| 358|0x0000000096600000, 0x0000000096600000, 0x0000000096700000|  0%| F|  |TAMS 0x0000000096600000, 0x0000000096600000| Untracked 
| 359|0x0000000096700000, 0x0000000096700000, 0x0000000096800000|  0%| F|  |TAMS 0x0000000096700000, 0x0000000096700000| Untracked 
| 360|0x0000000096800000, 0x0000000096800000, 0x0000000096900000|  0%| F|  |TAMS 0x0000000096800000, 0x0000000096800000| Untracked 
| 361|0x0000000096900000, 0x0000000096900000, 0x0000000096a00000|  0%| F|  |TAMS 0x0000000096900000, 0x0000000096900000| Untracked 
| 362|0x0000000096a00000, 0x0000000096a00000, 0x0000000096b00000|  0%| F|  |TAMS 0x0000000096a00000, 0x0000000096a00000| Untracked 
| 363|0x0000000096b00000, 0x0000000096b00000, 0x0000000096c00000|  0%| F|  |TAMS 0x0000000096b00000, 0x0000000096b00000| Untracked 
| 364|0x0000000096c00000, 0x0000000096c00000, 0x0000000096d00000|  0%| F|  |TAMS 0x0000000096c00000, 0x0000000096c00000| Untracked 
| 365|0x0000000096d00000, 0x0000000096d00000, 0x0000000096e00000|  0%| F|  |TAMS 0x0000000096d00000, 0x0000000096d00000| Untracked 
| 366|0x0000000096e00000, 0x0000000096e00000, 0x0000000096f00000|  0%| F|  |TAMS 0x0000000096e00000, 0x0000000096e00000| Untracked 
| 367|0x0000000096f00000, 0x0000000096f00000, 0x0000000097000000|  0%| F|  |TAMS 0x0000000096f00000, 0x0000000096f00000| Untracked 
| 368|0x0000000097000000, 0x0000000097000000, 0x0000000097100000|  0%| F|  |TAMS 0x0000000097000000, 0x0000000097000000| Untracked 
| 369|0x0000000097100000, 0x0000000097100000, 0x0000000097200000|  0%| F|  |TAMS 0x0000000097100000, 0x0000000097100000| Untracked 
| 370|0x0000000097200000, 0x0000000097200000, 0x0000000097300000|  0%| F|  |TAMS 0x0000000097200000, 0x0000000097200000| Untracked 
| 371|0x0000000097300000, 0x0000000097300000, 0x0000000097400000|  0%| F|  |TAMS 0x0000000097300000, 0x0000000097300000| Untracked 
| 372|0x0000000097400000, 0x0000000097400000, 0x0000000097500000|  0%| F|  |TAMS 0x0000000097400000, 0x0000000097400000| Untracked 
| 373|0x0000000097500000, 0x0000000097500000, 0x0000000097600000|  0%| F|  |TAMS 0x0000000097500000, 0x0000000097500000| Untracked 
| 374|0x0000000097600000, 0x0000000097600000, 0x0000000097700000|  0%| F|  |TAMS 0x0000000097600000, 0x0000000097600000| Untracked 
| 375|0x0000000097700000, 0x0000000097700000, 0x0000000097800000|  0%| F|  |TAMS 0x0000000097700000, 0x0000000097700000| Untracked 
| 376|0x0000000097800000, 0x0000000097800000, 0x0000000097900000|  0%| F|  |TAMS 0x0000000097800000, 0x0000000097800000| Untracked 
| 377|0x0000000097900000, 0x0000000097900000, 0x0000000097a00000|  0%| F|  |TAMS 0x0000000097900000, 0x0000000097900000| Untracked 
| 378|0x0000000097a00000, 0x0000000097a00000, 0x0000000097b00000|  0%| F|  |TAMS 0x0000000097a00000, 0x0000000097a00000| Untracked 
| 379|0x0000000097b00000, 0x0000000097b00000, 0x0000000097c00000|  0%| F|  |TAMS 0x0000000097b00000, 0x0000000097b00000| Untracked 
| 380|0x0000000097c00000, 0x0000000097c00000, 0x0000000097d00000|  0%| F|  |TAMS 0x0000000097c00000, 0x0000000097c00000| Untracked 
| 381|0x0000000097d00000, 0x0000000097d00000, 0x0000000097e00000|  0%| F|  |TAMS 0x0000000097d00000, 0x0000000097d00000| Untracked 
| 382|0x0000000097e00000, 0x0000000097e00000, 0x0000000097f00000|  0%| F|  |TAMS 0x0000000097e00000, 0x0000000097e00000| Untracked 
| 383|0x0000000097f00000, 0x0000000097f00000, 0x0000000098000000|  0%| F|  |TAMS 0x0000000097f00000, 0x0000000097f00000| Untracked 
| 384|0x0000000098000000, 0x0000000098000000, 0x0000000098100000|  0%| F|  |TAMS 0x0000000098000000, 0x0000000098000000| Untracked 
| 385|0x0000000098100000, 0x0000000098100000, 0x0000000098200000|  0%| F|  |TAMS 0x0000000098100000, 0x0000000098100000| Untracked 
| 386|0x0000000098200000, 0x0000000098200000, 0x0000000098300000|  0%| F|  |TAMS 0x0000000098200000, 0x0000000098200000| Untracked 
| 387|0x0000000098300000, 0x0000000098300000, 0x0000000098400000|  0%| F|  |TAMS 0x0000000098300000, 0x0000000098300000| Untracked 
| 388|0x0000000098400000, 0x0000000098400000, 0x0000000098500000|  0%| F|  |TAMS 0x0000000098400000, 0x0000000098400000| Untracked 
| 389|0x0000000098500000, 0x0000000098500000, 0x0000000098600000|  0%| F|  |TAMS 0x0000000098500000, 0x0000000098500000| Untracked 
| 390|0x0000000098600000, 0x0000000098600000, 0x0000000098700000|  0%| F|  |TAMS 0x0000000098600000, 0x0000000098600000| Untracked 
| 391|0x0000000098700000, 0x0000000098700000, 0x0000000098800000|  0%| F|  |TAMS 0x0000000098700000, 0x0000000098700000| Untracked 
| 392|0x0000000098800000, 0x0000000098800000, 0x0000000098900000|  0%| F|  |TAMS 0x0000000098800000, 0x0000000098800000| Untracked 
| 393|0x0000000098900000, 0x0000000098900000, 0x0000000098a00000|  0%| F|  |TAMS 0x0000000098900000, 0x0000000098900000| Untracked 
| 394|0x0000000098a00000, 0x0000000098a00000, 0x0000000098b00000|  0%| F|  |TAMS 0x0000000098a00000, 0x0000000098a00000| Untracked 
| 395|0x0000000098b00000, 0x0000000098b00000, 0x0000000098c00000|  0%| F|  |TAMS 0x0000000098b00000, 0x0000000098b00000| Untracked 
| 396|0x0000000098c00000, 0x0000000098c00000, 0x0000000098d00000|  0%| F|  |TAMS 0x0000000098c00000, 0x0000000098c00000| Untracked 
| 397|0x0000000098d00000, 0x0000000098d00000, 0x0000000098e00000|  0%| F|  |TAMS 0x0000000098d00000, 0x0000000098d00000| Untracked 
| 398|0x0000000098e00000, 0x0000000098e00000, 0x0000000098f00000|  0%| F|  |TAMS 0x0000000098e00000, 0x0000000098e00000| Untracked 
| 399|0x0000000098f00000, 0x0000000098f00000, 0x0000000099000000|  0%| F|  |TAMS 0x0000000098f00000, 0x0000000098f00000| Untracked 
| 400|0x0000000099000000, 0x0000000099000000, 0x0000000099100000|  0%| F|  |TAMS 0x0000000099000000, 0x0000000099000000| Untracked 
| 401|0x0000000099100000, 0x0000000099100000, 0x0000000099200000|  0%| F|  |TAMS 0x0000000099100000, 0x0000000099100000| Untracked 
| 402|0x0000000099200000, 0x0000000099200000, 0x0000000099300000|  0%| F|  |TAMS 0x0000000099200000, 0x0000000099200000| Untracked 
| 403|0x0000000099300000, 0x0000000099300000, 0x0000000099400000|  0%| F|  |TAMS 0x0000000099300000, 0x0000000099300000| Untracked 
| 404|0x0000000099400000, 0x0000000099400000, 0x0000000099500000|  0%| F|  |TAMS 0x0000000099400000, 0x0000000099400000| Untracked 
| 405|0x0000000099500000, 0x0000000099500000, 0x0000000099600000|  0%| F|  |TAMS 0x0000000099500000, 0x0000000099500000| Untracked 
| 406|0x0000000099600000, 0x0000000099600000, 0x0000000099700000|  0%| F|  |TAMS 0x0000000099600000, 0x0000000099600000| Untracked 
| 407|0x0000000099700000, 0x0000000099700000, 0x0000000099800000|  0%| F|  |TAMS 0x0000000099700000, 0x0000000099700000| Untracked 
| 408|0x0000000099800000, 0x0000000099800000, 0x0000000099900000|  0%| F|  |TAMS 0x0000000099800000, 0x0000000099800000| Untracked 
| 409|0x0000000099900000, 0x0000000099900000, 0x0000000099a00000|  0%| F|  |TAMS 0x0000000099900000, 0x0000000099900000| Untracked 
| 410|0x0000000099a00000, 0x0000000099a00000, 0x0000000099b00000|  0%| F|  |TAMS 0x0000000099a00000, 0x0000000099a00000| Untracked 
| 411|0x0000000099b00000, 0x0000000099b00000, 0x0000000099c00000|  0%| F|  |TAMS 0x0000000099b00000, 0x0000000099b00000| Untracked 
| 412|0x0000000099c00000, 0x0000000099c00000, 0x0000000099d00000|  0%| F|  |TAMS 0x0000000099c00000, 0x0000000099c00000| Untracked 
| 413|0x0000000099d00000, 0x0000000099d00000, 0x0000000099e00000|  0%| F|  |TAMS 0x0000000099d00000, 0x0000000099d00000| Untracked 
| 414|0x0000000099e00000, 0x0000000099e00000, 0x0000000099f00000|  0%| F|  |TAMS 0x0000000099e00000, 0x0000000099e00000| Untracked 
| 415|0x0000000099f00000, 0x0000000099f00000, 0x000000009a000000|  0%| F|  |TAMS 0x0000000099f00000, 0x0000000099f00000| Untracked 
| 416|0x000000009a000000, 0x000000009a000000, 0x000000009a100000|  0%| F|  |TAMS 0x000000009a000000, 0x000000009a000000| Untracked 
| 417|0x000000009a100000, 0x000000009a100000, 0x000000009a200000|  0%| F|  |TAMS 0x000000009a100000, 0x000000009a100000| Untracked 
| 418|0x000000009a200000, 0x000000009a200000, 0x000000009a300000|  0%| F|  |TAMS 0x000000009a200000, 0x000000009a200000| Untracked 
| 419|0x000000009a300000, 0x000000009a300000, 0x000000009a400000|  0%| F|  |TAMS 0x000000009a300000, 0x000000009a300000| Untracked 
| 420|0x000000009a400000, 0x000000009a400000, 0x000000009a500000|  0%| F|  |TAMS 0x000000009a400000, 0x000000009a400000| Untracked 
| 421|0x000000009a500000, 0x000000009a500000, 0x000000009a600000|  0%| F|  |TAMS 0x000000009a500000, 0x000000009a500000| Untracked 
| 422|0x000000009a600000, 0x000000009a600000, 0x000000009a700000|  0%| F|  |TAMS 0x000000009a600000, 0x000000009a600000| Untracked 
| 423|0x000000009a700000, 0x000000009a700000, 0x000000009a800000|  0%| F|  |TAMS 0x000000009a700000, 0x000000009a700000| Untracked 
| 424|0x000000009a800000, 0x000000009a800000, 0x000000009a900000|  0%| F|  |TAMS 0x000000009a800000, 0x000000009a800000| Untracked 
| 425|0x000000009a900000, 0x000000009a900000, 0x000000009aa00000|  0%| F|  |TAMS 0x000000009a900000, 0x000000009a900000| Untracked 
| 426|0x000000009aa00000, 0x000000009aa00000, 0x000000009ab00000|  0%| F|  |TAMS 0x000000009aa00000, 0x000000009aa00000| Untracked 
| 427|0x000000009ab00000, 0x000000009ab00000, 0x000000009ac00000|  0%| F|  |TAMS 0x000000009ab00000, 0x000000009ab00000| Untracked 
| 428|0x000000009ac00000, 0x000000009ac00000, 0x000000009ad00000|  0%| F|  |TAMS 0x000000009ac00000, 0x000000009ac00000| Untracked 
| 429|0x000000009ad00000, 0x000000009ad00000, 0x000000009ae00000|  0%| F|  |TAMS 0x000000009ad00000, 0x000000009ad00000| Untracked 
| 430|0x000000009ae00000, 0x000000009ae00000, 0x000000009af00000|  0%| F|  |TAMS 0x000000009ae00000, 0x000000009ae00000| Untracked 
| 431|0x000000009af00000, 0x000000009af00000, 0x000000009b000000|  0%| F|  |TAMS 0x000000009af00000, 0x000000009af00000| Untracked 
| 432|0x000000009b000000, 0x000000009b000000, 0x000000009b100000|  0%| F|  |TAMS 0x000000009b000000, 0x000000009b000000| Untracked 
| 433|0x000000009b100000, 0x000000009b100000, 0x000000009b200000|  0%| F|  |TAMS 0x000000009b100000, 0x000000009b100000| Untracked 

Card table byte_map: [0x0000025debea0000,0x0000025dec2a0000] _byte_map_base: 0x0000025debaa0000

Marking Bits (Prev, Next): (CMBitMap*) 0x0000025dd6e9f8b0, (CMBitMap*) 0x0000025dd6e9f870
 Prev Bits: [0x0000025dee6a0000, 0x0000025df06a0000)
 Next Bits: [0x0000025dec6a0000, 0x0000025dee6a0000)

Polling page: 0x0000025dd6f00000

Metaspace:

Usage:
  Non-class:    120.45 MB used.
      Class:     18.46 MB used.
       Both:    138.91 MB used.

Virtual space:
  Non-class space:      128.00 MB reserved,     121.00 MB ( 95%) committed,  16 nodes.
      Class space:        1.00 GB reserved,      18.94 MB (  2%) committed,  1 nodes.
             Both:        1.12 GB reserved,     139.94 MB ( 12%) committed. 

Chunk freelists:
   Non-Class:  3.03 MB
       Class:  1.02 MB
        Both:  4.05 MB

MaxMetaspaceSize: unlimited
CompressedClassSpaceSize: 1.00 GB
Initial GC threshold: 21.00 MB
Current GC threshold: 224.69 MB
CDS: off
MetaspaceReclaimPolicy: balanced
 - commit_granule_bytes: 65536.
 - commit_granule_words: 8192.
 - virtual_space_node_default_size: 1048576.
 - enlarge_chunks_in_place: 1.
 - new_chunks_are_fully_committed: 0.
 - uncommit_free_chunks: 1.
 - use_allocation_guard: 0.
 - handle_deallocations: 1.


Internal statistics:

num_allocs_failed_limit: 6.
num_arena_births: 1714.
num_arena_deaths: 44.
num_vsnodes_births: 17.
num_vsnodes_deaths: 0.
num_space_committed: 2236.
num_space_uncommitted: 0.
num_chunks_returned_to_freelist: 70.
num_chunks_taken_from_freelist: 7377.
num_chunk_merges: 27.
num_chunk_splits: 4814.
num_chunks_enlarged: 3183.
num_purges: 4.
num_inconsistent_stats: 0.

CodeHeap 'non-profiled nmethods': size=119168Kb used=10646Kb max_used=10646Kb free=108521Kb
 bounds [0x0000025de3690000, 0x0000025de4100000, 0x0000025deaaf0000]
CodeHeap 'profiled nmethods': size=119104Kb used=39579Kb max_used=39579Kb free=79524Kb
 bounds [0x0000025ddbaf0000, 0x0000025dde1a0000, 0x0000025de2f40000]
CodeHeap 'non-nmethods': size=7488Kb used=3612Kb max_used=4153Kb free=3875Kb
 bounds [0x0000025de2f40000, 0x0000025de3360000, 0x0000025de3690000]
 total_blobs=20600 nmethods=19559 adapters=950
 compilation: enabled
              stopped_count=0, restarted_count=0
 full_count=0

Compilation events (20 events):
Event: 179.468 Thread 0x0000025df40bbae0 23621       1       org.gradle.api.internal.attributes.DefaultAttributesSchema$ExtraAttributesEntry::hashCode (5 bytes)
Event: 179.468 Thread 0x0000025dfb37ec30 23622       2       org.gradle.api.internal.attributes.DefaultAttributesSchema$MergedSchema::orderByPrecedence (343 bytes)
Event: 179.468 Thread 0x0000025df40bbae0 nmethod 23621 0x0000025de40f5610 code [0x0000025de40f57a0, 0x0000025de40f5878]
Event: 179.470 Thread 0x0000025dfb37ec30 nmethod 23622 0x0000025dde190f90 code [0x0000025dde191340, 0x0000025dde192648]
Event: 179.476 Thread 0x0000025dfb37ec30 23623       2       org.gradle.internal.component.local.model.ComponentFileArtifactIdentifier::getDisplayName (35 bytes)
Event: 179.477 Thread 0x0000025dfb37ec30 nmethod 23623 0x0000025dde193010 code [0x0000025dde193220, 0x0000025dde193568]
Event: 179.480 Thread 0x0000025dfb37ec30 23627       2       org.gradle.execution.plan.ValuedVfsHierarchy::visitAllValues (34 bytes)
Event: 179.480 Thread 0x0000025df8334ce0 23628       2       org.gradle.execution.plan.ValuedVfsHierarchy$$Lambda$1062/0x0000000100d84a78::<init> (10 bytes)
Event: 179.481 Thread 0x0000025df40bbae0 23629       2       org.gradle.execution.plan.ValuedVfsHierarchy$$Lambda$1063/0x0000000100d84cd0::<init> (10 bytes)
Event: 179.481 Thread 0x0000025df8334ce0 nmethod 23628 0x0000025dde193790 code [0x0000025dde193920, 0x0000025dde193a78]
Event: 179.481 Thread 0x0000025df40bbae0 nmethod 23629 0x0000025dde193b10 code [0x0000025dde193ca0, 0x0000025dde193df8]
Event: 179.481 Thread 0x0000025df40bbae0 23630       2       com.google.common.collect.RegularImmutableMap::checkNoConflictInKeyBucket (119 bytes)
Event: 179.482 Thread 0x0000025dfb37ec30 nmethod 23627 0x0000025dde193e90 code [0x0000025dde1940c0, 0x0000025dde1945d8]
Event: 179.482 Thread 0x0000025df40bbae0 nmethod 23630 0x0000025dde194910 code [0x0000025dde194b80, 0x0000025dde1951f8]
Event: 179.483 Thread 0x0000025df40bbae0 23631       2       org.jetbrains.kotlin.statistics.fileloggers.MetricsContainer$MetricDescriptor::compareTo (9 bytes)
Event: 179.483 Thread 0x0000025dfb37ec30 23632       2       org.jetbrains.kotlin.statistics.fileloggers.MetricsContainer$MetricDescriptor::compareTo (71 bytes)
Event: 179.483 Thread 0x0000025df40bbae0 nmethod 23631 0x0000025dde195690 code [0x0000025dde195820, 0x0000025dde195968]
Event: 179.483 Thread 0x0000025dfb37ec30 nmethod 23632 0x0000025dde195a10 code [0x0000025dde195c20, 0x0000025dde196028]
Event: 179.505 Thread 0x0000025dfb37ec30 23633       2       kotlin.io.FileTreeWalk$FileTreeWalkIterator::gotoNext (94 bytes)
Event: 179.506 Thread 0x0000025dfb37ec30 nmethod 23633 0x0000025dde196310 code [0x0000025dde196540, 0x0000025dde196a98]

GC Heap History (20 events):
Event: 46.799 GC heap after
{Heap after GC invocations=73 (full 0):
 garbage-first heap   total 343040K, used 153129K [0x0000000080000000, 0x0000000100000000)
  region size 1024K, 2 young (2048K), 2 survivors (2048K)
 Metaspace       used 113847K, committed 114624K, reserved 1155072K
  class space    used 15091K, committed 15424K, reserved 1048576K
}
Event: 66.966 GC heap before
{Heap before GC invocations=73 (full 0):
 garbage-first heap   total 343040K, used 268841K [0x0000000080000000, 0x0000000100000000)
  region size 1024K, 116 young (118784K), 2 survivors (2048K)
 Metaspace       used 117697K, committed 118528K, reserved 1155072K
  class space    used 15586K, committed 16000K, reserved 1048576K
}
Event: 66.972 GC heap after
{Heap after GC invocations=74 (full 0):
 garbage-first heap   total 343040K, used 157594K [0x0000000080000000, 0x0000000100000000)
  region size 1024K, 7 young (7168K), 7 survivors (7168K)
 Metaspace       used 117697K, committed 118528K, reserved 1155072K
  class space    used 15586K, committed 16000K, reserved 1048576K
}
Event: 82.122 GC heap before
{Heap before GC invocations=75 (full 0):
 garbage-first heap   total 343040K, used 273306K [0x0000000080000000, 0x0000000100000000)
  region size 1024K, 121 young (123904K), 7 survivors (7168K)
 Metaspace       used 118719K, committed 119616K, reserved 1155072K
  class space    used 15733K, committed 16192K, reserved 1048576K
}
Event: 82.132 GC heap after
{Heap after GC invocations=76 (full 0):
 garbage-first heap   total 343040K, used 172370K [0x0000000080000000, 0x0000000100000000)
  region size 1024K, 16 young (16384K), 16 survivors (16384K)
 Metaspace       used 118719K, committed 119616K, reserved 1155072K
  class space    used 15733K, committed 16192K, reserved 1048576K
}
Event: 82.148 GC heap before
{Heap before GC invocations=76 (full 0):
 garbage-first heap   total 343040K, used 173394K [0x0000000080000000, 0x0000000100000000)
  region size 1024K, 17 young (17408K), 16 survivors (16384K)
 Metaspace       used 118721K, committed 119616K, reserved 1155072K
  class space    used 15733K, committed 16192K, reserved 1048576K
}
Event: 82.157 GC heap after
{Heap after GC invocations=77 (full 0):
 garbage-first heap   total 343040K, used 173015K [0x0000000080000000, 0x0000000100000000)
  region size 1024K, 3 young (3072K), 3 survivors (3072K)
 Metaspace       used 118721K, committed 119616K, reserved 1155072K
  class space    used 15733K, committed 16192K, reserved 1048576K
}
Event: 82.769 GC heap before
{Heap before GC invocations=77 (full 0):
 garbage-first heap   total 343040K, used 273367K [0x0000000080000000, 0x0000000100000000)
  region size 1024K, 102 young (104448K), 3 survivors (3072K)
 Metaspace       used 120127K, committed 121024K, reserved 1155072K
  class space    used 15944K, committed 16384K, reserved 1048576K
}
Event: 82.774 GC heap after
{Heap after GC invocations=78 (full 0):
 garbage-first heap   total 343040K, used 180181K [0x0000000080000000, 0x0000000100000000)
  region size 1024K, 10 young (10240K), 10 survivors (10240K)
 Metaspace       used 120127K, committed 121024K, reserved 1155072K
  class space    used 15944K, committed 16384K, reserved 1048576K
}
Event: 83.880 GC heap before
{Heap before GC invocations=79 (full 0):
 garbage-first heap   total 343040K, used 273365K [0x0000000080000000, 0x0000000100000000)
  region size 1024K, 102 young (104448K), 10 survivors (10240K)
 Metaspace       used 133199K, committed 134144K, reserved 1171456K
  class space    used 17861K, committed 18304K, reserved 1048576K
}
Event: 83.886 GC heap after
{Heap after GC invocations=80 (full 0):
 garbage-first heap   total 343040K, used 180143K [0x0000000080000000, 0x0000000100000000)
  region size 1024K, 5 young (5120K), 5 survivors (5120K)
 Metaspace       used 133199K, committed 134144K, reserved 1171456K
  class space    used 17861K, committed 18304K, reserved 1048576K
}
Event: 83.942 GC heap before
{Heap before GC invocations=80 (full 0):
 garbage-first heap   total 343040K, used 190383K [0x0000000080000000, 0x0000000100000000)
  region size 1024K, 16 young (16384K), 5 survivors (5120K)
 Metaspace       used 133199K, committed 134144K, reserved 1171456K
  class space    used 17861K, committed 18304K, reserved 1048576K
}
Event: 83.947 GC heap after
{Heap after GC invocations=81 (full 0):
 garbage-first heap   total 343040K, used 178883K [0x0000000080000000, 0x0000000100000000)
  region size 1024K, 2 young (2048K), 2 survivors (2048K)
 Metaspace       used 133199K, committed 134144K, reserved 1171456K
  class space    used 17861K, committed 18304K, reserved 1048576K
}
Event: 85.881 GC heap before
{Heap before GC invocations=81 (full 0):
 garbage-first heap   total 343040K, used 261827K [0x0000000080000000, 0x0000000100000000)
  region size 1024K, 85 young (87040K), 2 survivors (2048K)
 Metaspace       used 136846K, committed 137792K, reserved 1171456K
  class space    used 18423K, committed 18880K, reserved 1048576K
}
Event: 85.886 GC heap after
{Heap after GC invocations=82 (full 0):
 garbage-first heap   total 343040K, used 183392K [0x0000000080000000, 0x0000000100000000)
  region size 1024K, 7 young (7168K), 7 survivors (7168K)
 Metaspace       used 136846K, committed 137792K, reserved 1171456K
  class space    used 18423K, committed 18880K, reserved 1048576K
}
Event: 176.312 GC heap before
{Heap before GC invocations=83 (full 0):
 garbage-first heap   total 444416K, used 358496K [0x0000000080000000, 0x0000000100000000)
  region size 1024K, 102 young (104448K), 7 survivors (7168K)
 Metaspace       used 142014K, committed 143040K, reserved 1179648K
  class space    used 18896K, committed 19392K, reserved 1048576K
}
Event: 176.324 GC heap after
{Heap after GC invocations=84 (full 0):
 garbage-first heap   total 444416K, used 190665K [0x0000000080000000, 0x0000000100000000)
  region size 1024K, 13 young (13312K), 13 survivors (13312K)
 Metaspace       used 142014K, committed 143040K, reserved 1179648K
  class space    used 18896K, committed 19392K, reserved 1048576K
}
Event: 176.416 GC heap before
{Heap before GC invocations=84 (full 0):
 garbage-first heap   total 444416K, used 197833K [0x0000000080000000, 0x0000000100000000)
  region size 1024K, 21 young (21504K), 13 survivors (13312K)
 Metaspace       used 142064K, committed 143104K, reserved 1179648K
  class space    used 18897K, committed 19392K, reserved 1048576K
}
Event: 176.442 GC heap after
{Heap after GC invocations=85 (full 0):
 garbage-first heap   total 444416K, used 190908K [0x0000000080000000, 0x0000000100000000)
  region size 1024K, 3 young (3072K), 3 survivors (3072K)
 Metaspace       used 142064K, committed 143104K, reserved 1179648K
  class space    used 18897K, committed 19392K, reserved 1048576K
}
Event: 179.622 GC heap before
{Heap before GC invocations=85 (full 0):
 garbage-first heap   total 444416K, used 355772K [0x0000000080000000, 0x0000000100000000)
  region size 1024K, 165 young (168960K), 3 survivors (3072K)
 Metaspace       used 142245K, committed 143296K, reserved 1179648K
  class space    used 18899K, committed 19392K, reserved 1048576K
}

Dll operation events (2 events):
Event: 0.147 Loaded shared library D:\Android\Android Studio\jbr\bin\java.dll
Event: 5.703 Loaded shared library D:\Android\Android Studio\jbr\bin\verify.dll

Deoptimization events (20 events):
Event: 177.310 Thread 0x0000025df5adbcd0 DEOPT PACKING pc=0x0000025ddd811923 sp=0x000000b85def9920
Event: 177.310 Thread 0x0000025df5adbcd0 DEOPT UNPACKING pc=0x0000025de2f97143 sp=0x000000b85def8f00 mode 0
Event: 177.311 Thread 0x0000025df5adbcd0 DEOPT PACKING pc=0x0000025ddd811923 sp=0x000000b85def9920
Event: 177.311 Thread 0x0000025df5adbcd0 DEOPT UNPACKING pc=0x0000025de2f97143 sp=0x000000b85def8f00 mode 0
Event: 177.313 Thread 0x0000025df5adbcd0 DEOPT PACKING pc=0x0000025ddd811923 sp=0x000000b85def9940
Event: 177.313 Thread 0x0000025df5adbcd0 DEOPT UNPACKING pc=0x0000025de2f97143 sp=0x000000b85def8f10 mode 0
Event: 177.314 Thread 0x0000025df5adbcd0 DEOPT PACKING pc=0x0000025ddd811923 sp=0x000000b85def9940
Event: 177.314 Thread 0x0000025df5adbcd0 DEOPT UNPACKING pc=0x0000025de2f97143 sp=0x000000b85def8f10 mode 0
Event: 177.318 Thread 0x0000025df5adbcd0 DEOPT PACKING pc=0x0000025ddd811923 sp=0x000000b85def9940
Event: 177.318 Thread 0x0000025df5adbcd0 DEOPT UNPACKING pc=0x0000025de2f97143 sp=0x000000b85def8f10 mode 0
Event: 177.320 Thread 0x0000025df5adbcd0 DEOPT PACKING pc=0x0000025ddd811923 sp=0x000000b85def9940
Event: 177.320 Thread 0x0000025df5adbcd0 DEOPT UNPACKING pc=0x0000025de2f97143 sp=0x000000b85def8f10 mode 0
Event: 177.322 Thread 0x0000025df5adbcd0 DEOPT PACKING pc=0x0000025ddd811923 sp=0x000000b85def9940
Event: 177.322 Thread 0x0000025df5adbcd0 DEOPT UNPACKING pc=0x0000025de2f97143 sp=0x000000b85def8f10 mode 0
Event: 177.323 Thread 0x0000025df5adbcd0 DEOPT PACKING pc=0x0000025ddd811923 sp=0x000000b85def9940
Event: 177.323 Thread 0x0000025df5adbcd0 DEOPT UNPACKING pc=0x0000025de2f97143 sp=0x000000b85def8f10 mode 0
Event: 177.324 Thread 0x0000025df5adbcd0 DEOPT PACKING pc=0x0000025ddd811923 sp=0x000000b85def9940
Event: 177.324 Thread 0x0000025df5adbcd0 DEOPT UNPACKING pc=0x0000025de2f97143 sp=0x000000b85def8f10 mode 0
Event: 177.325 Thread 0x0000025df5adbcd0 DEOPT PACKING pc=0x0000025ddd811923 sp=0x000000b85def9940
Event: 177.325 Thread 0x0000025df5adbcd0 DEOPT UNPACKING pc=0x0000025de2f97143 sp=0x000000b85def8f10 mode 0

Classes unloaded (20 events):
Event: 41.837 Thread 0x0000025df3743790 Unloading class 0x0000000100de7800 'java/lang/invoke/LambdaForm$DMH+0x0000000100de7800'
Event: 41.837 Thread 0x0000025df3743790 Unloading class 0x0000000100de7000 'java/lang/invoke/LambdaForm$DMH+0x0000000100de7000'
Event: 41.837 Thread 0x0000025df3743790 Unloading class 0x0000000100de6c00 'java/lang/invoke/LambdaForm$DMH+0x0000000100de6c00'
Event: 41.838 Thread 0x0000025df3743790 Unloading class 0x0000000100de6800 'java/lang/invoke/LambdaForm$DMH+0x0000000100de6800'
Event: 41.838 Thread 0x0000025df3743790 Unloading class 0x0000000100de5c00 'java/lang/invoke/LambdaForm$DMH+0x0000000100de5c00'
Event: 41.838 Thread 0x0000025df3743790 Unloading class 0x0000000100de5800 'java/lang/invoke/LambdaForm$DMH+0x0000000100de5800'
Event: 41.838 Thread 0x0000025df3743790 Unloading class 0x0000000100de6400 'java/lang/invoke/LambdaForm$DMH+0x0000000100de6400'
Event: 41.838 Thread 0x0000025df3743790 Unloading class 0x0000000100de4400 'java/lang/invoke/LambdaForm$DMH+0x0000000100de4400'
Event: 41.838 Thread 0x0000025df3743790 Unloading class 0x0000000100de4800 'java/lang/invoke/LambdaForm$DMH+0x0000000100de4800'
Event: 41.838 Thread 0x0000025df3743790 Unloading class 0x0000000100de6000 'java/lang/invoke/LambdaForm$DMH+0x0000000100de6000'
Event: 41.838 Thread 0x0000025df3743790 Unloading class 0x0000000100de4c00 'java/lang/invoke/LambdaForm$DMH+0x0000000100de4c00'
Event: 41.838 Thread 0x0000025df3743790 Unloading class 0x0000000100de5400 'java/lang/invoke/LambdaForm$DMH+0x0000000100de5400'
Event: 41.838 Thread 0x0000025df3743790 Unloading class 0x0000000100de5000 'java/lang/invoke/LambdaForm$DMH+0x0000000100de5000'
Event: 86.022 Thread 0x0000025df3743790 Unloading class 0x000000010119cc00 'java/lang/invoke/LambdaForm$DMH+0x000000010119cc00'
Event: 86.022 Thread 0x0000025df3743790 Unloading class 0x000000010119c400 'java/lang/invoke/LambdaForm$DMH+0x000000010119c400'
Event: 86.022 Thread 0x0000025df3743790 Unloading class 0x0000000101110c00 'java/lang/invoke/LambdaForm$DMH+0x0000000101110c00'
Event: 86.022 Thread 0x0000025df3743790 Unloading class 0x0000000101110400 'java/lang/invoke/LambdaForm$DMH+0x0000000101110400'
Event: 86.022 Thread 0x0000025df3743790 Unloading class 0x00000001010d0400 'java/lang/invoke/LambdaForm$DMH+0x00000001010d0400'
Event: 86.022 Thread 0x0000025df3743790 Unloading class 0x0000000101084000 'java/lang/invoke/LambdaForm$DMH+0x0000000101084000'
Event: 86.022 Thread 0x0000025df3743790 Unloading class 0x0000000101014800 'jdk/internal/reflect/GeneratedSerializationConstructorAccessor174'

Classes redefined (0 events):
No events

Internal exceptions (20 events):
Event: 85.819 Thread 0x0000025dfef41960 Implicit null exception at 0x0000025de3e3ed90 to 0x0000025de3e3f108
Event: 85.836 Thread 0x0000025dfd63ed50 Exception <a 'java/lang/NoSuchMethodError'{0x000000008fc734c0}: 'java.lang.Object java.lang.invoke.Invokers$Holder.invoke_MT(java.lang.Object, java.lang.Object, java.lang.Object)'> (0x000000008fc734c0) 
thrown [s\src\hotspot\share\interpreter\linkResolver.cpp, line 771]
Event: 85.964 Thread 0x0000025dfd63ed50 Implicit null exception at 0x0000025de3a00af2 to 0x0000025de3a0126c
Event: 85.988 Thread 0x0000025dfd63ed50 Implicit null exception at 0x0000025de3881a4b to 0x0000025de3881a70
Event: 86.235 Thread 0x0000025df5a76ad0 Exception <a 'sun/nio/fs/WindowsException'{0x000000009b01ec40}> (0x000000009b01ec40) 
thrown [s\src\hotspot\share\prims\jni.cpp, line 517]
Event: 86.235 Thread 0x0000025df5a76ad0 Exception <a 'sun/nio/fs/WindowsException'{0x000000009b01efd0}> (0x000000009b01efd0) 
thrown [s\src\hotspot\share\prims\jni.cpp, line 517]
Event: 86.235 Thread 0x0000025df5a76ad0 Exception <a 'sun/nio/fs/WindowsException'{0x000000009b020e58}> (0x000000009b020e58) 
thrown [s\src\hotspot\share\prims\jni.cpp, line 517]
Event: 86.277 Thread 0x0000025df7d63ad0 Implicit null exception at 0x0000025de3ed1170 to 0x0000025de3ed1b48
Event: 86.278 Thread 0x0000025df7d63ad0 Exception <a 'sun/nio/fs/WindowsException'{0x000000009ae038e0}> (0x000000009ae038e0) 
thrown [s\src\hotspot\share\prims\jni.cpp, line 517]
Event: 175.922 Thread 0x0000025dfa91e680 Exception <a 'sun/nio/fs/WindowsException'{0x00000000970dbee8}> (0x00000000970dbee8) 
thrown [s\src\hotspot\share\prims\jni.cpp, line 517]
Event: 176.240 Thread 0x0000025dfa91e680 Exception <a 'sun/nio/fs/WindowsException'{0x0000000095ab3cd0}> (0x0000000095ab3cd0) 
thrown [s\src\hotspot\share\prims\jni.cpp, line 517]
Event: 176.251 Thread 0x0000025dfa91e680 Exception <a 'sun/nio/fs/WindowsException'{0x0000000095956660}> (0x0000000095956660) 
thrown [s\src\hotspot\share\prims\jni.cpp, line 517]
Event: 176.251 Thread 0x0000025dfa91e680 Exception <a 'sun/nio/fs/WindowsException'{0x0000000095957f80}> (0x0000000095957f80) 
thrown [s\src\hotspot\share\prims\jni.cpp, line 517]
Event: 176.251 Thread 0x0000025dfa91e680 Exception <a 'sun/nio/fs/WindowsException'{0x0000000095959600}> (0x0000000095959600) 
thrown [s\src\hotspot\share\prims\jni.cpp, line 517]
Event: 176.251 Thread 0x0000025dfa91e680 Exception <a 'sun/nio/fs/WindowsException'{0x000000009595aed0}> (0x000000009595aed0) 
thrown [s\src\hotspot\share\prims\jni.cpp, line 517]
Event: 176.327 Thread 0x0000025dfa91e680 Exception <a 'sun/nio/fs/WindowsException'{0x000000009b156028}> (0x000000009b156028) 
thrown [s\src\hotspot\share\prims\jni.cpp, line 517]
Event: 176.351 Thread 0x0000025dfa91f4f0 Exception <a 'sun/nio/fs/WindowsException'{0x000000009b0a62a8}> (0x000000009b0a62a8) 
thrown [s\src\hotspot\share\prims\jni.cpp, line 517]
Event: 176.888 Thread 0x0000025dfacb98d0 Implicit null exception at 0x0000025de3edeaeb to 0x0000025de3edf380
Event: 177.568 Thread 0x0000025d81c0b580 Exception <a 'java/lang/InterruptedException'{0x0000000092eed048}> (0x0000000092eed048) 
thrown [s\src\hotspot\share\runtime\objectMonitor.cpp, line 1648]
Event: 177.570 Thread 0x0000025dfa91f020 Exception <a 'sun/nio/fs/WindowsException'{0x0000000092efc528}> (0x0000000092efc528) 
thrown [s\src\hotspot\share\prims\jni.cpp, line 517]

VM Operations (20 events):
Event: 156.299 Executing VM operation: Cleanup done
Event: 165.304 Executing VM operation: Cleanup
Event: 165.304 Executing VM operation: Cleanup done
Event: 166.305 Executing VM operation: Cleanup
Event: 166.305 Executing VM operation: Cleanup done
Event: 174.309 Executing VM operation: Cleanup
Event: 174.309 Executing VM operation: Cleanup done
Event: 175.862 Executing VM operation: ICBufferFull
Event: 175.862 Executing VM operation: ICBufferFull done
Event: 176.160 Executing VM operation: ICBufferFull
Event: 176.160 Executing VM operation: ICBufferFull done
Event: 176.311 Executing VM operation: G1CollectForAllocation
Event: 176.324 Executing VM operation: G1CollectForAllocation done
Event: 176.416 Executing VM operation: G1CollectForAllocation
Event: 176.442 Executing VM operation: G1CollectForAllocation done
Event: 177.091 Executing VM operation: ICBufferFull
Event: 177.091 Executing VM operation: ICBufferFull done
Event: 178.091 Executing VM operation: Cleanup
Event: 178.092 Executing VM operation: Cleanup done
Event: 179.622 Executing VM operation: G1CollectForAllocation

Events (20 events):
Event: 176.335 Thread 0x0000025df5adc670 Thread added: 0x0000025df5adc670
Event: 176.335 Thread 0x0000025df5adb330 Thread added: 0x0000025df5adb330
Event: 176.335 Thread 0x0000025df5adbcd0 Thread added: 0x0000025df5adbcd0
Event: 176.335 Thread 0x0000025dfdbf1330 Thread added: 0x0000025dfdbf1330
Event: 176.335 Thread 0x0000025dfdbf4cf0 Thread added: 0x0000025dfdbf4cf0
Event: 176.335 Thread 0x0000025dfdbf34e0 Thread added: 0x0000025dfdbf34e0
Event: 176.335 Thread 0x0000025dfdbf21a0 Thread added: 0x0000025dfdbf21a0
Event: 176.335 Thread 0x0000025dfdbf2670 Thread added: 0x0000025dfdbf2670
Event: 176.335 Thread 0x0000025dfdbf39b0 Thread added: 0x0000025dfdbf39b0
Event: 176.336 Thread 0x0000025dfdbf1cd0 Thread added: 0x0000025dfdbf1cd0
Event: 176.336 Thread 0x0000025dfdbf4820 Thread added: 0x0000025dfdbf4820
Event: 176.336 Thread 0x0000025dfeecbe90 Thread added: 0x0000025dfeecbe90
Event: 176.884 Thread 0x0000025df5ae0f40 Thread added: 0x0000025df5ae0f40
Event: 176.885 Thread 0x0000025df5ae18e0 Thread added: 0x0000025df5ae18e0
Event: 176.885 Thread 0x0000025df5ae05a0 Thread added: 0x0000025df5ae05a0
Event: 176.885 Thread 0x0000025dfa9129e0 Thread added: 0x0000025dfa9129e0
Event: 177.545 Thread 0x0000025dfe7dc840 Thread added: 0x0000025dfe7dc840
Event: 177.564 Thread 0x0000025d81c0b580 Thread added: 0x0000025d81c0b580
Event: 177.570 Thread 0x0000025df8334ce0 Thread added: 0x0000025df8334ce0
Event: 177.588 Thread 0x0000025dfa913d20 Thread added: 0x0000025dfa913d20


Dynamic libraries:
0x00007ff6381b0000 - 0x00007ff6381ba000 	D:\Android\Android Studio\jbr\bin\java.exe
0x00007ffa51450000 - 0x00007ffa51667000 	C:\WINDOWS\SYSTEM32\ntdll.dll
0x00007ffa4f760000 - 0x00007ffa4f824000 	C:\WINDOWS\System32\KERNEL32.DLL
0x00007ffa4ea70000 - 0x00007ffa4ee17000 	C:\WINDOWS\System32\KERNELBASE.dll
0x00007ffa4f030000 - 0x00007ffa4f141000 	C:\WINDOWS\System32\ucrtbase.dll
0x00007ffa1dc00000 - 0x00007ffa1dc1b000 	D:\Android\Android Studio\jbr\bin\VCRUNTIME140.dll
0x00007ffa31bc0000 - 0x00007ffa31bd7000 	D:\Android\Android Studio\jbr\bin\jli.dll
0x00007ffa50010000 - 0x00007ffa501be000 	C:\WINDOWS\System32\USER32.dll
0x00007ffa4e9d0000 - 0x00007ffa4e9f6000 	C:\WINDOWS\System32\win32u.dll
0x00007ffa3d2f0000 - 0x00007ffa3d583000 	C:\WINDOWS\WinSxS\amd64_microsoft.windows.common-controls_6595b64144ccf1df_6.0.22621.3527_none_270e469b73872a76\COMCTL32.dll
0x00007ffa4ffe0000 - 0x00007ffa50009000 	C:\WINDOWS\System32\GDI32.dll
0x00007ffa4e770000 - 0x00007ffa4e889000 	C:\WINDOWS\System32\gdi32full.dll
0x00007ffa4f480000 - 0x00007ffa4f527000 	C:\WINDOWS\System32\msvcrt.dll
0x00007ffa4ee20000 - 0x00007ffa4eeba000 	C:\WINDOWS\System32\msvcp_win.dll
0x00007ffa4f720000 - 0x00007ffa4f751000 	C:\WINDOWS\System32\IMM32.DLL
0x00007ffa2e330000 - 0x00007ffa2e33c000 	D:\Android\Android Studio\jbr\bin\vcruntime140_1.dll
0x00007ff9fdd60000 - 0x00007ff9fdded000 	D:\Android\Android Studio\jbr\bin\msvcp140.dll
0x00007ff9a7e40000 - 0x00007ff9a8aae000 	D:\Android\Android Studio\jbr\bin\server\jvm.dll
0x00007ffa50e40000 - 0x00007ffa50ef2000 	C:\WINDOWS\System32\ADVAPI32.dll
0x00007ffa4fb60000 - 0x00007ffa4fc08000 	C:\WINDOWS\System32\sechost.dll
0x00007ffa4f150000 - 0x00007ffa4f178000 	C:\WINDOWS\System32\bcrypt.dll
0x00007ffa4f970000 - 0x00007ffa4fa85000 	C:\WINDOWS\System32\RPCRT4.dll
0x00007ffa47be0000 - 0x00007ffa47c14000 	C:\WINDOWS\SYSTEM32\WINMM.dll
0x00007ffa47320000 - 0x00007ffa4732a000 	C:\WINDOWS\SYSTEM32\VERSION.dll
0x00007ffa49d20000 - 0x00007ffa49d29000 	C:\WINDOWS\SYSTEM32\WSOCK32.dll
0x00007ffa4ff60000 - 0x00007ffa4ffd1000 	C:\WINDOWS\System32\WS2_32.dll
0x00007ffa4d790000 - 0x00007ffa4d7a8000 	C:\WINDOWS\SYSTEM32\kernel.appcore.dll
0x00007ffa49cb0000 - 0x00007ffa49cba000 	D:\Android\Android Studio\jbr\bin\jimage.dll
0x00007ffa464b0000 - 0x00007ffa466e2000 	C:\WINDOWS\SYSTEM32\DBGHELP.DLL
0x00007ffa50250000 - 0x00007ffa505d8000 	C:\WINDOWS\System32\combase.dll
0x00007ffa4f890000 - 0x00007ffa4f967000 	C:\WINDOWS\System32\OLEAUT32.dll
0x00007ffa3af90000 - 0x00007ffa3afc2000 	C:\WINDOWS\SYSTEM32\dbgcore.DLL
0x00007ffa4e890000 - 0x00007ffa4e909000 	C:\WINDOWS\System32\bcryptPrimitives.dll
0x00007ffa18c70000 - 0x00007ffa18c95000 	D:\Android\Android Studio\jbr\bin\java.dll
0x00007ffa3af70000 - 0x00007ffa3af88000 	D:\Android\Android Studio\jbr\bin\zip.dll
0x00007ffa505e0000 - 0x00007ffa50e3c000 	C:\WINDOWS\System32\SHELL32.dll
0x00007ffa4c6b0000 - 0x00007ffa4cfa6000 	C:\WINDOWS\SYSTEM32\windows.storage.dll
0x00007ffa4c570000 - 0x00007ffa4c6ae000 	C:\WINDOWS\SYSTEM32\wintypes.dll
0x00007ffa4f180000 - 0x00007ffa4f275000 	C:\WINDOWS\System32\SHCORE.dll
0x00007ffa4fb00000 - 0x00007ffa4fb5e000 	C:\WINDOWS\System32\shlwapi.dll
0x00007ffa4e6a0000 - 0x00007ffa4e6c1000 	C:\WINDOWS\SYSTEM32\profapi.dll
0x00007ffa3adf0000 - 0x00007ffa3ae09000 	D:\Android\Android Studio\jbr\bin\net.dll
0x00007ffa48f20000 - 0x00007ffa49056000 	C:\WINDOWS\SYSTEM32\WINHTTP.dll
0x00007ffa4dc00000 - 0x00007ffa4dc69000 	C:\WINDOWS\system32\mswsock.dll
0x00007ffa379a0000 - 0x00007ffa379b6000 	D:\Android\Android Studio\jbr\bin\nio.dll
0x00007ffa491c0000 - 0x00007ffa491d0000 	D:\Android\Android Studio\jbr\bin\verify.dll
0x00007ffa16070000 - 0x00007ffa16097000 	C:\Users\liubov\.gradle\native\68d5fa5c4cc2d200863cafc0d521ce42e7d3e7ee720ec0a83991735586a16f82\windows-amd64\native-platform.dll
0x00007ff9f9390000 - 0x00007ff9f94d4000 	C:\Users\liubov\.gradle\native\e376f236ea51e6404a007f0833ffe2c6e607c4080706a723a18a27aeea778392\windows-amd64\native-platform-file-events.dll
0x00007ffa3e2d0000 - 0x00007ffa3e2d9000 	D:\Android\Android Studio\jbr\bin\management.dll
0x00007ffa3d9b0000 - 0x00007ffa3d9bb000 	D:\Android\Android Studio\jbr\bin\management_ext.dll
0x00007ffa50f80000 - 0x00007ffa50f88000 	C:\WINDOWS\System32\PSAPI.DLL
0x00007ffa4de60000 - 0x00007ffa4de7b000 	C:\WINDOWS\SYSTEM32\CRYPTSP.dll
0x00007ffa4d6f0000 - 0x00007ffa4d725000 	C:\WINDOWS\system32\rsaenh.dll
0x00007ffa4dd00000 - 0x00007ffa4dd28000 	C:\WINDOWS\SYSTEM32\USERENV.dll
0x00007ffa4de80000 - 0x00007ffa4de8c000 	C:\WINDOWS\SYSTEM32\CRYPTBASE.dll
0x00007ffa4d210000 - 0x00007ffa4d23d000 	C:\WINDOWS\SYSTEM32\IPHLPAPI.DLL
0x00007ffa4fd90000 - 0x00007ffa4fd99000 	C:\WINDOWS\System32\NSI.dll
0x00007ffa489a0000 - 0x00007ffa489b9000 	C:\WINDOWS\SYSTEM32\dhcpcsvc6.DLL
0x00007ffa48590000 - 0x00007ffa485af000 	C:\WINDOWS\SYSTEM32\dhcpcsvc.DLL
0x00007ffa4d240000 - 0x00007ffa4d338000 	C:\WINDOWS\SYSTEM32\DNSAPI.dll
0x00007ffa381d0000 - 0x00007ffa381d8000 	C:\WINDOWS\system32\wshunix.dll
0x00007ffa49c80000 - 0x00007ffa49c97000 	C:\WINDOWS\system32\napinsp.dll
0x00007ffa49b70000 - 0x00007ffa49b8b000 	C:\WINDOWS\system32\pnrpnsp.dll
0x00007ffa47c30000 - 0x00007ffa47c41000 	C:\WINDOWS\System32\winrnr.dll
0x00007ffa2f830000 - 0x00007ffa2f845000 	C:\WINDOWS\system32\wshbth.dll
0x00007ffa3d970000 - 0x00007ffa3d997000 	C:\WINDOWS\system32\nlansp_c.dll
0x00007ffa47740000 - 0x00007ffa4774a000 	C:\Windows\System32\rasadhlp.dll
0x00007ffa47880000 - 0x00007ffa47903000 	C:\WINDOWS\System32\fwpuclnt.dll
0x00007ffa4d7b0000 - 0x00007ffa4d7e4000 	C:\WINDOWS\SYSTEM32\ntmarta.dll
0x00007ffa38b10000 - 0x00007ffa38b2e000 	C:\Users\liubov\AppData\Local\Temp\native-platform3030695105223302645dir\native-platform.dll
0x00007ffa31df0000 - 0x00007ffa31df7000 	D:\Android\Android Studio\jbr\bin\rmi.dll

dbghelp: loaded successfully - version: 4.0.5 - missing functions: none
symbol engine: initialized successfully - sym options: 0x614 - pdb path: .;D:\Android\Android Studio\jbr\bin;C:\WINDOWS\SYSTEM32;C:\WINDOWS\WinSxS\amd64_microsoft.windows.common-controls_6595b64144ccf1df_6.0.22621.3527_none_270e469b73872a76;D:\Android\Android Studio\jbr\bin\server;C:\Users\liubov\.gradle\native\68d5fa5c4cc2d200863cafc0d521ce42e7d3e7ee720ec0a83991735586a16f82\windows-amd64;C:\Users\liubov\.gradle\native\e376f236ea51e6404a007f0833ffe2c6e607c4080706a723a18a27aeea778392\windows-amd64;C:\Users\liubov\AppData\Local\Temp\native-platform3030695105223302645dir

VM Arguments:
jvm_args: --add-opens=java.base/java.util=ALL-UNNAMED --add-opens=java.base/java.lang=ALL-UNNAMED --add-opens=java.base/java.lang.invoke=ALL-UNNAMED --add-opens=java.prefs/java.util.prefs=ALL-UNNAMED --add-opens=java.base/java.nio.charset=ALL-UNNAMED --add-opens=java.base/java.net=ALL-UNNAMED --add-opens=java.base/java.util.concurrent.atomic=ALL-UNNAMED -Xmx2048m -Dfile.encoding=UTF-8 -Duser.country=UA -Duser.language=uk -Duser.variant 
java_command: org.gradle.launcher.daemon.bootstrap.GradleDaemon 8.0
java_class_path (initial): C:\Users\liubov\.gradle\wrapper\dists\gradle-8.0-bin\ca5e32bp14vu59qr306oxotwh\gradle-8.0\lib\gradle-launcher-8.0.jar
Launcher Type: SUN_STANDARD

[Global flags]
     intx CICompilerCount                          = 12                                        {product} {ergonomic}
     uint ConcGCThreads                            = 3                                         {product} {ergonomic}
     uint G1ConcRefinementThreads                  = 13                                        {product} {ergonomic}
   size_t G1HeapRegionSize                         = 1048576                                   {product} {ergonomic}
    uintx GCDrainStackTargetSize                   = 64                                        {product} {ergonomic}
   size_t InitialHeapSize                          = 255852544                                 {product} {ergonomic}
   size_t MarkStackSize                            = 4194304                                   {product} {ergonomic}
   size_t MaxHeapSize                              = 2147483648                                {product} {command line}
   size_t MaxNewSize                               = 1287651328                                {product} {ergonomic}
   size_t MinHeapDeltaBytes                        = 1048576                                   {product} {ergonomic}
   size_t MinHeapSize                              = 8388608                                   {product} {ergonomic}
    uintx NonNMethodCodeHeapSize                   = 7602480                                {pd product} {ergonomic}
    uintx NonProfiledCodeHeapSize                  = 122027880                              {pd product} {ergonomic}
    uintx ProfiledCodeHeapSize                     = 122027880                              {pd product} {ergonomic}
    uintx ReservedCodeCacheSize                    = 251658240                              {pd product} {ergonomic}
     bool SegmentedCodeCache                       = true                                      {product} {ergonomic}
   size_t SoftMaxHeapSize                          = 2147483648                             {manageable} {ergonomic}
     bool UseCompressedClassPointers               = true                           {product lp64_product} {ergonomic}
     bool UseCompressedOops                        = true                           {product lp64_product} {ergonomic}
     bool UseG1GC                                  = true                                      {product} {ergonomic}
     bool UseLargePagesIndividualAllocation        = false                                  {pd product} {ergonomic}

Logging:
Log output configuration:
 #0: stdout all=warning uptime,level,tags
 #1: stderr all=off uptime,level,tags

Environment Variables:
PATH=D:\VMware\bin\;C:\Program Files\NVIDIA GPU Computing Toolkit\CUDA\v12.4\bin;C:\Program Files\NVIDIA GPU Computing Toolkit\CUDA\v12.4\libnvvp;C:\Program Files\Common Files\Oracle\Java\javapath;C:\WINDOWS\system32;C:\WINDOWS;C:\WINDOWS\System32\Wbem;C:\WINDOWS\System32\WindowsPowerShell\v1.0\;C:\WINDOWS\System32\OpenSSH\;C:\Program Files (x86)\NVIDIA Corporation\PhysX\Common;C:\Program Files\NVIDIA Corporation\NVIDIA NvDLISR;C:\Program Files\Git\cmd;C:\Program Files (x86)\Windows Kits\10\Windows Performance Toolkit\;D:\nodejs\;D:\opencv\opencv\build\x64\vc16\bin\;C:\Program Files\Amazon\AWSCLIV2\;C:\Program Files\NVIDIA Corporation\Nsight Compute 2024.1.0\;C:\Program Files\NVIDIA GPU Computing Toolkit\CUDA\v12.4\bin\\..\extras\CUPTI\lib64;C:\Program Files\Microsoft SDKs\Azure\CLI2\wbin;C:\Program Files\NVIDIA GPU Computing Toolkit\CUDA\v12.4\bin;C:\Program Files\NVIDIA GPU Computing Toolkit\CUDA\v12.4\libnvvp;C:\Program Files\Common Files\Oracle\Java\javapath;C:\WINDOWS\system32;C:\WINDOWS;C:\WINDOWS\System32\Wbem;C:\WINDOWS\System32\WindowsPowerShell\v1.0\;C:\WINDOWS\System32\OpenSSH\;C:\Program Files (x86)\NVIDIA Corporation\PhysX\Common;C:\Program Files\NVIDIA Corporation\NVIDIA NvDLISR;C:\Program Files\Git\cmd;C:\Program Files (x86)\Windows Kits\10\Windows Performance Toolkit\;D:\nodejs\;D:\opencv\opencv\build\x64\vc16\bin\;C:\Program Files\Amazon\AWSCLIV2\;C:\Program Files\NVIDIA Corporation\Nsight Compute 2024.1.0\;C:\Program Files\NVIDIA GPU Computing Toolkit\CUDA\v12.4\bin\\..\extras\CUPTI\lib64;C:\Program Files\NVIDIA GPU Computing Toolkit\CUDA\v12.4\bin;C:\Program Files\NVIDIA GPU Computing Toolkit\CUDA\v12.4\libnvvp;C:\Program Files\Common Files\Orac;D:\Microsoft\Microsoft VS Code\bin
USERNAME=liubov
OS=Windows_NT
PROCESSOR_IDENTIFIER=AMD64 Family 25 Model 68 Stepping 1, AuthenticAMD
TMP=C:\Users\liubov\AppData\Local\Temp
TEMP=C:\Users\liubov\AppData\Local\Temp


JNI global refs:
JNI global refs: 35, weak refs: 45

JNI global refs memory usage: 843, weak refs: 1473


---------------  S Y S T E M  ---------------

OS:
 Windows 11 , 64 bit Build 22621 (10.0.22621.3527)
OS uptime: 3 days 12:59 hours

CPU: total 16 (initial active 16) (16 cores per cpu, 2 threads per core) family 25 model 68 stepping 1 microcode 0x0, cx8, cmov, fxsr, ht, mmx, 3dnowpref, sse, sse2, sse3, ssse3, sse4a, sse4.1, sse4.2, popcnt, lzcnt, tsc, tscinvbit, avx, avx2, aes, erms, clmul, bmi1, bmi2, adx, sha, fma, vzeroupper, clflush, clflushopt

Memory: 4k page, system-wide physical 15557M (213M free)
TotalPageFile size 32097M (AvailPageFile size 395M)
current process WorkingSet (physical memory assigned to process): 716M, peak: 724M
current process commit charge ("private bytes"): 864M, peak: 1506M

vm_info: OpenJDK 64-Bit Server VM (17.0.6+0-b2043.56-10027231) for windows-amd64 JRE (17.0.6+0-b2043.56-10027231), built on Apr 28 2023 00:43:19 by "androidbuild" with MS VC++ 16.10 / 16.11 (VS2019)

END.
