#
# There is insufficient memory for the Java Runtime Environment to continue.
# Native memory allocation (mmap) failed to map 549453824 bytes for G1 virtual space
# Possible reasons:
#   The system is out of physical RAM or swap space
#   The process is running with CompressedOops enabled, and the Java Heap may be blocking the growth of the native heap
# Possible solutions:
#   Reduce memory load on the system
#   Increase physical memory or swap space
#   Check if swap backing store is full
#   Decrease Java heap size (-Xmx/-Xms)
#   Decrease number of Java threads
#   Decrease Java thread stack sizes (-Xss)
#   Set larger code cache with -XX:ReservedCodeCacheSize=
#   JVM is running with Unscaled Compressed Oops mode in which the Java heap is
#     placed in the first 4GB address space. The Java Heap base address is the
#     maximum limit for the native heap growth. Please use -XX:HeapBaseMinAddress
#     to set the Java Heap base and to place the Java Heap above 4GB virtual address.
# This output file may be truncated or incomplete.
#
#  Out of Memory Error (os_windows.cpp:3769), pid=162464, tid=56968
#
# JRE version: OpenJDK Runtime Environment (17.0.6) (build 17.0.6+0-b2043.56-10027231)
# Java VM: OpenJDK 64-Bit Server VM (17.0.6+0-b2043.56-10027231, mixed mode, tiered, compressed oops, compressed class ptrs, g1 gc, windows-amd64)
# No core dump will be written. Minidumps are not enabled by default on client versions of Windows
#

---------------  S U M M A R Y ------------

Command Line: --add-opens=java.base/java.util=ALL-UNNAMED --add-opens=java.base/java.lang=ALL-UNNAMED --add-opens=java.base/java.lang.invoke=ALL-UNNAMED --add-opens=java.prefs/java.util.prefs=ALL-UNNAMED --add-opens=java.base/java.nio.charset=ALL-UNNAMED --add-opens=java.base/java.net=ALL-UNNAMED --add-opens=java.base/java.util.concurrent.atomic=ALL-UNNAMED -Xmx2048m -Dfile.encoding=UTF-8 -Duser.country=UA -Duser.language=uk -Duser.variant org.gradle.launcher.daemon.bootstrap.GradleDaemon 8.0

Host: AMD Ryzen 7 6800H with Radeon Graphics         , 16 cores, 15G,  Windows 11 , 64 bit Build 22621 (10.0.22621.3527)
Time: Tue Jun 11 19:00:57 2024  Windows 11 , 64 bit Build 22621 (10.0.22621.3527) elapsed time: 2198.659895 seconds (0d 0h 36m 38s)

---------------  T H R E A D  ---------------

Current thread (0x00000176715be740):  VMThread "VM Thread" [stack: 0x0000003f9ec00000,0x0000003f9ed00000] [id=56968]

Stack: [0x0000003f9ec00000,0x0000003f9ed00000]
Native frames: (J=compiled Java code, j=interpreted, Vv=VM code, C=native code)
V  [jvm.dll+0x683c9a]
V  [jvm.dll+0x8427a4]
V  [jvm.dll+0x843f9e]
V  [jvm.dll+0x844603]
V  [jvm.dll+0x249b75]
V  [jvm.dll+0x680b69]
V  [jvm.dll+0x67505a]
V  [jvm.dll+0x309acb]
V  [jvm.dll+0x310f86]
V  [jvm.dll+0x3608ee]
V  [jvm.dll+0x360b1f]
V  [jvm.dll+0x2dfbf8]
V  [jvm.dll+0x2ddec4]
V  [jvm.dll+0x2dd4cc]
V  [jvm.dll+0x321f3b]
V  [jvm.dll+0x848ccb]
V  [jvm.dll+0x849a04]
V  [jvm.dll+0x849f1d]
V  [jvm.dll+0x84a2f4]
V  [jvm.dll+0x84a3c0]
V  [jvm.dll+0x7f274a]
V  [jvm.dll+0x682ad5]
C  [ucrtbase.dll+0x29333]
C  [KERNEL32.DLL+0x1257d]
C  [ntdll.dll+0x5aa48]

VM_Operation (0x0000003fae5febf0): G1CollectForAllocation, mode: safepoint, requested by thread 0x00000176775407e0


---------------  P R O C E S S  ---------------

Threads class SMR info:
_java_thread_list=0x000001760a1c9a60, length=297, elements={
0x0000017656c91660, 0x0000017672062670, 0x00000176720631f0, 0x000001767204b980,
0x000001767204c240, 0x000001767204cb00, 0x000001767204d3c0, 0x000001767204e060,
0x00000176720b9510, 0x00000176720bbe30, 0x000001767222a410, 0x000001767222b100,
0x0000017675629b00, 0x000001767562b310, 0x00000176756287c0, 0x000001767562ae40,
0x00000176756282f0, 0x0000017675628c90, 0x00000176752b0880, 0x00000176752ae6d0,
0x00000176752b2090, 0x00000176752b33d0, 0x00000176752b38a0, 0x00000176752af070,
0x00000176752b2a30, 0x00000176752b2f00, 0x00000176752afa10, 0x00000176752ae200,
0x00000176781e4a80, 0x00000176781e4f50, 0x00000176781e2400, 0x00000176781e6760,
0x00000176781e3740, 0x00000176781e6c30, 0x00000176781e7100, 0x00000176781e75d0,
0x00000176781e3c10, 0x00000176781e10c0, 0x00000176781e40e0, 0x0000017674bf6db0,
0x0000017674bf33f0, 0x000001767e3ea8a0, 0x0000017601ddaa10, 0x0000017601ddaee0,
0x0000017601dda070, 0x0000017601ddb3b0, 0x000001767eefda60, 0x00000176784ca1e0,
0x00000176784c9d10, 0x0000017679128a30, 0x0000017676482330, 0x00000176023b4760,
0x0000017676469b20, 0x000001767e6c08b0, 0x0000017601deb3d0, 0x000001767e6c0d80,
0x000001767e6c1250, 0x000001767ef005b0, 0x00000176023b7c50, 0x00000176784c7690,
0x000001767646a990, 0x00000176791293d0, 0x00000176023b55d0, 0x00000176757942f0,
0x0000017675dccbc0, 0x0000017675794c90, 0x0000017675792fb0, 0x0000017675793950,
0x000001767856eab0, 0x000001767856cdd0, 0x000001767856ef80, 0x0000017678571fa0,
0x0000017678570790, 0x000001767856e5e0, 0x000001767856bf60, 0x000001767856fdf0,
0x0000017601aeaf30, 0x00000176764844e0, 0x0000017676482cd0, 0x00000176764831a0,
0x00000176023b4c30, 0x00000176023b5f70, 0x00000176023b8120, 0x00000176023b5aa0,
0x00000176023b72b0, 0x00000176023b5100, 0x00000176023b6910, 0x00000176023b6440,
0x00000176023b7780, 0x0000017674c4b2d0, 0x0000017674c4a460, 0x0000017674c4a930,
0x0000017674c49f90, 0x0000017601ef5000, 0x0000017601ef2e50, 0x0000017601ef54d0,
0x0000017601ef24b0, 0x0000017601ef59a0, 0x0000017601ef1fe0, 0x0000017601ef4190,
0x0000017601ef2980, 0x0000017601ef3320, 0x0000017601ef37f0, 0x0000017601ef4660,
0x0000017601ef3cc0, 0x0000017601ef4b30, 0x00000176753971c0, 0x0000017675398030,
0x0000017675397690, 0x0000017675398500, 0x000001767539a6b0, 0x0000017675397b60,
0x0000017675399370, 0x00000176753989d0, 0x0000017675398ea0, 0x0000017675399840,
0x000001767912b0b0, 0x0000017679128f00, 0x000001767912b580, 0x00000176791298a0,
0x000001767912bf20, 0x000001767912abe0, 0x000001767912a240, 0x0000017679129d70,
0x000001767912a710, 0x000001767912ba50, 0x000001767863b870, 0x000001767863c210,
0x0000017673a80dd0, 0x0000017673a80430, 0x0000017673a7fa90, 0x0000017673a825e0,
0x0000017673a82f80, 0x0000017673a7f5c0, 0x0000017673a80900, 0x0000017673a812a0,
0x0000017673a81770, 0x0000017678572e10, 0x000001767856c430, 0x000001767856b5c0,
0x0000017678572940, 0x0000017678572470, 0x000001767856c900, 0x000001767856d2a0,
0x000001767856d770, 0x000001767856ba90, 0x0000017601aedf50, 0x0000017601aed5b0,
0x0000017601aeb8d0, 0x0000017601aeb400, 0x0000017601aec270, 0x0000017601aee420,
0x0000017601aeaa60, 0x0000017601aebda0, 0x0000017601aec740, 0x0000017601aecc10,
0x000001767e3e9a30, 0x000001767e3e9560, 0x000001767e3e9f00, 0x000001767e3ea3d0,
0x0000017675c10fe0, 0x0000017675c11980, 0x000001767e7a0430, 0x000001767e79cf40,
0x000001767e7a0900, 0x00000176757947c0, 0x0000017675792ae0, 0x0000017675793e20,
0x0000017675793480, 0x0000017675791c70, 0x0000017675795630, 0x0000017675795160,
0x0000017678571600, 0x000001767856f450, 0x000001767856f920, 0x0000017678571ad0,
0x000001767856dc40, 0x000001767856e110, 0x00000176785702c0, 0x0000017678570c60,
0x0000017674a85160, 0x0000017674a85630, 0x0000017674a85b00, 0x0000017674a877e0,
0x0000017674a87cb0, 0x0000017675399d10, 0x0000017675396cf0, 0x000001767539a1e0,
0x0000017602c1a6e0, 0x0000017602c1abb0, 0x0000017602c193a0, 0x0000017602c19870,
0x0000017602c1bef0, 0x0000017602c18a00, 0x0000017602c1ba20, 0x0000017602c19d40,
0x0000017602c18ed0, 0x0000017602c1b080, 0x0000017602c1a210, 0x0000017602c1b550,
0x0000017602c18530, 0x0000017601517630, 0x0000017601517fd0, 0x00000176015167c0,
0x0000017601514fb0, 0x0000017601516c90, 0x00000176015162f0, 0x0000017601515480,
0x0000017601514610, 0x0000017601517b00, 0x0000017601515950, 0x0000017601514ae0,
0x0000017601517160, 0x0000017601515e20, 0x000001767e85fbc0, 0x000001767e860560,
0x000001767e85f220, 0x000001767e8613d0, 0x000001767e85f6f0, 0x000001767e860090,
0x000001767e85e3b0, 0x000001767e85e880, 0x000001767e85ed50, 0x000001767e860a30,
0x000001767e860f00, 0x000001767e8618a0, 0x000001767e85dee0, 0x000001767e7c5920,
0x000001767e7c8470, 0x000001767e7c5df0, 0x000001767e7c5450, 0x000001767e7c7130,
0x000001767e7c7fa0, 0x000001767e7c8940, 0x000001767e7c7600, 0x0000017676484010,
0x00000176764849b0, 0x0000017676480ff0, 0x00000176764814c0, 0x0000017676468cb0,
0x0000017676469ff0, 0x0000017676469180, 0x00000176764687e0, 0x00000176764674a0,
0x0000017676466fd0, 0x000001767646a4c0, 0x0000017676467970, 0x0000017677541b20,
0x0000017677541ff0, 0x00000176775407e0, 0x0000017677541180, 0x0000017677541650,
0x00000176755d1210, 0x00000176755d3890, 0x0000017674a85fd0, 0x0000017602dbd880,
0x0000017602dbdd50, 0x0000017602dbe220, 0x0000017602dbe6f0, 0x0000017675792140,
0x000001767b7d5b50, 0x0000017601deb8a0, 0x0000017601deda50, 0x00000176755d16e0,
0x0000017601dea090, 0x00000176763f4f30, 0x00000176755cfed0, 0x00000176755d2ef0,
0x00000176755d1bb0, 0x00000176755d2080, 0x00000176755d2550, 0x00000176755d2a20,
0x000001767ef00a80, 0x000001767ef00f50, 0x000001767eeffc10, 0x000001767eefdf30,
0x000001767ef000e0, 0x000001767eefe400, 0x000001767eefe8d0, 0x000001767eefeda0,
0x000001767eeff270, 0x00000176756231e0, 0x000001767e30ab80, 0x000001767b7d6020,
0x000001767b7d64f0, 0x0000017605830550, 0x000001760582d530, 0x0000017605830080,
0x000001760582f210, 0x0000017673a7ff60, 0x000001767eb359f0, 0x000001767eb35520,
0x0000017602dbd3b0, 0x000001767e6c03e0, 0x000001767e6bff10, 0x000001767323bd10,
0x000001767e79f0f0
}

Java Threads: ( => current thread )
  0x0000017656c91660 JavaThread "main" [_thread_blocked, id=154968, stack(0x0000003f9e600000,0x0000003f9e700000)]
  0x0000017672062670 JavaThread "Reference Handler" daemon [_thread_blocked, id=109188, stack(0x0000003f9ed00000,0x0000003f9ee00000)]
  0x00000176720631f0 JavaThread "Finalizer" daemon [_thread_blocked, id=162192, stack(0x0000003f9ee00000,0x0000003f9ef00000)]
  0x000001767204b980 JavaThread "Signal Dispatcher" daemon [_thread_blocked, id=150248, stack(0x0000003f9ef00000,0x0000003f9f000000)]
  0x000001767204c240 JavaThread "Attach Listener" daemon [_thread_blocked, id=162276, stack(0x0000003f9f000000,0x0000003f9f100000)]
  0x000001767204cb00 JavaThread "Service Thread" daemon [_thread_blocked, id=161940, stack(0x0000003f9f100000,0x0000003f9f200000)]
  0x000001767204d3c0 JavaThread "Monitor Deflation Thread" daemon [_thread_blocked, id=64960, stack(0x0000003f9f200000,0x0000003f9f300000)]
  0x000001767204e060 JavaThread "C2 CompilerThread0" daemon [_thread_blocked, id=136156, stack(0x0000003f9f300000,0x0000003f9f400000)]
  0x00000176720b9510 JavaThread "C1 CompilerThread0" daemon [_thread_blocked, id=118312, stack(0x0000003f9f400000,0x0000003f9f500000)]
  0x00000176720bbe30 JavaThread "Sweeper thread" daemon [_thread_blocked, id=135164, stack(0x0000003f9f500000,0x0000003f9f600000)]
  0x000001767222a410 JavaThread "Common-Cleaner" daemon [_thread_blocked, id=145784, stack(0x0000003f9f700000,0x0000003f9f800000)]
  0x000001767222b100 JavaThread "Notification Thread" daemon [_thread_blocked, id=160504, stack(0x0000003f9f800000,0x0000003f9f900000)]
  0x0000017675629b00 JavaThread "Daemon health stats" [_thread_blocked, id=162052, stack(0x0000003fa0200000,0x0000003fa0300000)]
  0x000001767562b310 JavaThread "Incoming local TCP Connector on port 61278" [_thread_in_native, id=158284, stack(0x0000003fa0300000,0x0000003fa0400000)]
  0x00000176756287c0 JavaThread "Daemon periodic checks" [_thread_blocked, id=158232, stack(0x0000003fa0400000,0x0000003fa0500000)]
  0x000001767562ae40 JavaThread "Cache worker for journal cache (C:\Users\liubov\.gradle\caches\journal-1)" [_thread_blocked, id=161908, stack(0x0000003fa1600000,0x0000003fa1700000)]
  0x00000176756282f0 JavaThread "File lock request listener" [_thread_in_native, id=162120, stack(0x0000003fa1700000,0x0000003fa1800000)]
  0x0000017675628c90 JavaThread "Cache worker for file hash cache (C:\Users\liubov\.gradle\caches\8.0\fileHashes)" [_thread_blocked, id=162240, stack(0x0000003fa1800000,0x0000003fa1900000)]
  0x00000176752b0880 JavaThread "File watcher server" daemon [_thread_blocked, id=147316, stack(0x0000003fa1900000,0x0000003fa1a00000)]
  0x00000176752ae6d0 JavaThread "File watcher consumer" daemon [_thread_blocked, id=92596, stack(0x0000003fa1a00000,0x0000003fa1b00000)]
  0x00000176752b2090 JavaThread "Cache worker for file content cache (C:\Users\liubov\.gradle\caches\8.0\fileContent)" [_thread_blocked, id=162736, stack(0x0000003fa1d00000,0x0000003fa1e00000)]
  0x00000176752b33d0 JavaThread "Cache worker for execution history cache (C:\Users\liubov\.gradle\caches\8.0\executionHistory)" [_thread_blocked, id=158624, stack(0x0000003fa2000000,0x0000003fa2100000)]
  0x00000176752b38a0 JavaThread "jar transforms" [_thread_blocked, id=151028, stack(0x0000003fa2100000,0x0000003fa2200000)]
  0x00000176752af070 JavaThread "jar transforms Thread 2" [_thread_blocked, id=100468, stack(0x0000003fa2200000,0x0000003fa2300000)]
  0x00000176752b2a30 JavaThread "Cache worker for kotlin-dsl (C:\Users\liubov\.gradle\caches\8.0\kotlin-dsl)" [_thread_blocked, id=148768, stack(0x0000003fa2300000,0x0000003fa2400000)]
  0x00000176752b2f00 JavaThread "jar transforms Thread 3" [_thread_blocked, id=151796, stack(0x0000003fa2400000,0x0000003fa2500000)]
  0x00000176752afa10 JavaThread "jar transforms Thread 4" [_thread_blocked, id=162068, stack(0x0000003fa2500000,0x0000003fa2600000)]
  0x00000176752ae200 JavaThread "jar transforms Thread 5" [_thread_blocked, id=162248, stack(0x0000003fa2800000,0x0000003fa2900000)]
  0x00000176781e4a80 JavaThread "jar transforms Thread 6" [_thread_blocked, id=160044, stack(0x0000003fac500000,0x0000003fac600000)]
  0x00000176781e4f50 JavaThread "jar transforms Thread 7" [_thread_blocked, id=132468, stack(0x0000003fac600000,0x0000003fac700000)]
  0x00000176781e2400 JavaThread "jar transforms Thread 8" [_thread_blocked, id=161672, stack(0x0000003fac700000,0x0000003fac800000)]
  0x00000176781e6760 JavaThread "jar transforms Thread 9" [_thread_blocked, id=10488, stack(0x0000003fac800000,0x0000003fac900000)]
  0x00000176781e3740 JavaThread "jar transforms Thread 10" [_thread_blocked, id=69684, stack(0x0000003fac900000,0x0000003faca00000)]
  0x00000176781e6c30 JavaThread "jar transforms Thread 11" [_thread_blocked, id=79352, stack(0x0000003faca00000,0x0000003facb00000)]
  0x00000176781e7100 JavaThread "jar transforms Thread 12" [_thread_blocked, id=161636, stack(0x0000003facb00000,0x0000003facc00000)]
  0x00000176781e75d0 JavaThread "jar transforms Thread 13" [_thread_blocked, id=159832, stack(0x0000003facc00000,0x0000003facd00000)]
  0x00000176781e3c10 JavaThread "jar transforms Thread 14" [_thread_blocked, id=154012, stack(0x0000003facd00000,0x0000003face00000)]
  0x00000176781e10c0 JavaThread "jar transforms Thread 15" [_thread_blocked, id=157084, stack(0x0000003face00000,0x0000003facf00000)]
  0x00000176781e40e0 JavaThread "jar transforms Thread 16" [_thread_blocked, id=159436, stack(0x0000003facf00000,0x0000003fad000000)]
  0x0000017674bf6db0 JavaThread "Memory manager" [_thread_blocked, id=159568, stack(0x0000003fad000000,0x0000003fad100000)]
  0x0000017674bf33f0 JavaThread "pool-3-thread-1" [_thread_blocked, id=158660, stack(0x0000003fad600000,0x0000003fad700000)]
  0x000001767e3ea8a0 JavaThread "pool-7-thread-1" [_thread_blocked, id=154328, stack(0x0000003fad200000,0x0000003fad300000)]
  0x0000017601ddaa10 JavaThread "RMI Scheduler(0)" daemon [_thread_blocked, id=162188, stack(0x0000003faf000000,0x0000003faf100000)]
  0x0000017601ddaee0 JavaThread "RMI GC Daemon" daemon [_thread_blocked, id=96580, stack(0x0000003faf200000,0x0000003faf300000)]
  0x0000017601dda070 JavaThread "RMI TCP Accept-0" daemon [_thread_in_native, id=151516, stack(0x0000003faf300000,0x0000003faf400000)]
  0x0000017601ddb3b0 JavaThread "RMI Reaper" [_thread_blocked, id=92852, stack(0x0000003faf400000,0x0000003faf500000)]
  0x000001767eefda60 JavaThread "Cache worker for Java compile cache (C:\Users\liubov\.gradle\caches\8.0\javaCompile)" [_thread_blocked, id=97592, stack(0x0000003faf700000,0x0000003faf800000)]
  0x00000176784ca1e0 JavaThread "pool-11-thread-1" [_thread_blocked, id=156760, stack(0x0000003fac300000,0x0000003fac400000)]
  0x00000176784c9d10 JavaThread "ForkJoinPool.commonPool-worker-20" daemon [_thread_blocked, id=161316, stack(0x0000003faeb00000,0x0000003faec00000)]
  0x0000017679128a30 JavaThread "ForkJoinPool.commonPool-worker-21" daemon [_thread_blocked, id=162220, stack(0x0000003faed00000,0x0000003faee00000)]
  0x0000017676482330 JavaThread "ForkJoinPool.commonPool-worker-22" daemon [_thread_blocked, id=123700, stack(0x0000003fb1300000,0x0000003fb1400000)]
  0x00000176023b4760 JavaThread "ForkJoinPool.commonPool-worker-23" daemon [_thread_blocked, id=162540, stack(0x0000003fb1400000,0x0000003fb1500000)]
  0x0000017676469b20 JavaThread "ForkJoinPool.commonPool-worker-24" daemon [_thread_blocked, id=162528, stack(0x0000003fb1500000,0x0000003fb1600000)]
  0x000001767e6c08b0 JavaThread "ForkJoinPool.commonPool-worker-25" daemon [_thread_blocked, id=160004, stack(0x0000003fb1600000,0x0000003fb1700000)]
  0x0000017601deb3d0 JavaThread "ForkJoinPool.commonPool-worker-26" daemon [_thread_blocked, id=154388, stack(0x0000003fb1700000,0x0000003fb1800000)]
  0x000001767e6c0d80 JavaThread "ForkJoinPool.commonPool-worker-27" daemon [_thread_blocked, id=160380, stack(0x0000003fb1800000,0x0000003fb1900000)]
  0x000001767e6c1250 JavaThread "ForkJoinPool.commonPool-worker-29" daemon [_thread_blocked, id=157960, stack(0x0000003fb1a00000,0x0000003fb1b00000)]
  0x000001767ef005b0 JavaThread "ForkJoinPool.commonPool-worker-30" daemon [_thread_blocked, id=153236, stack(0x0000003fb1b00000,0x0000003fb1c00000)]
  0x00000176023b7c50 JavaThread "ForkJoinPool.commonPool-worker-31" daemon [_thread_blocked, id=151176, stack(0x0000003fb1c00000,0x0000003fb1d00000)]
  0x00000176784c7690 JavaThread "ForkJoinPool.commonPool-worker-32" daemon [_thread_blocked, id=142236, stack(0x0000003fb1d00000,0x0000003fb1e00000)]
  0x000001767646a990 JavaThread "ForkJoinPool.commonPool-worker-34" daemon [_thread_blocked, id=150740, stack(0x0000003fb1f00000,0x0000003fb2000000)]
  0x00000176791293d0 JavaThread "pool-15-thread-1" [_thread_blocked, id=160696, stack(0x0000003fac200000,0x0000003fac300000)]
  0x00000176023b55d0 JavaThread "pool-19-thread-1" [_thread_blocked, id=161772, stack(0x0000003fad100000,0x0000003fad200000)]
  0x00000176757942f0 JavaThread "ForkJoinPool.commonPool-worker-35" daemon [_thread_blocked, id=163380, stack(0x0000003fafa00000,0x0000003fafb00000)]
  0x0000017675dccbc0 JavaThread "Daemon Thread 5" [_thread_blocked, id=119524, stack(0x0000003f9e300000,0x0000003f9e400000)]
  0x0000017675794c90 JavaThread "Handler for socket connection from /127.0.0.1:61278 to /127.0.0.1:62096" [_thread_in_native, id=160900, stack(0x0000003f9e400000,0x0000003f9e500000)]
  0x0000017675792fb0 JavaThread "Cancel handler" [_thread_blocked, id=159352, stack(0x0000003f9e500000,0x0000003f9e600000)]
  0x0000017675793950 JavaThread "Daemon worker Thread 5" [_thread_blocked, id=161256, stack(0x0000003f9f600000,0x0000003f9f700000)]
  0x000001767856eab0 JavaThread "Asynchronous log dispatcher for DefaultDaemonConnection: socket connection from /127.0.0.1:61278 to /127.0.0.1:62096" [_thread_blocked, id=162720, stack(0x0000003f9fa00000,0x0000003f9fb00000)]
  0x000001767856cdd0 JavaThread "Stdin handler" [_thread_blocked, id=162640, stack(0x0000003f9fb00000,0x0000003f9fc00000)]
  0x000001767856ef80 JavaThread "Daemon client event forwarder" [_thread_blocked, id=159764, stack(0x0000003f9fc00000,0x0000003f9fd00000)]
  0x0000017678571fa0 JavaThread "Cache worker for checksums cache (D:\StudioProjects\placement_example\.gradle\8.0\checksums)" [_thread_blocked, id=150412, stack(0x0000003fa0100000,0x0000003fa0200000)]
  0x0000017678570790 JavaThread "Cache worker for cache directory md-rule (C:\Users\liubov\.gradle\caches\8.0\md-rule)" [_thread_blocked, id=163060, stack(0x0000003fa0500000,0x0000003fa0600000)]
  0x000001767856e5e0 JavaThread "Cache worker for file hash cache (D:\StudioProjects\placement_example\.gradle\8.0\fileHashes)" [_thread_blocked, id=163772, stack(0x0000003fa0600000,0x0000003fa0700000)]
  0x000001767856bf60 JavaThread "Cache worker for cache directory md-supplier (C:\Users\liubov\.gradle\caches\8.0\md-supplier)" [_thread_blocked, id=163740, stack(0x0000003fa0700000,0x0000003fa0800000)]
  0x000001767856fdf0 JavaThread "Cache worker for dependencies-accessors (D:\StudioProjects\placement_example\.gradle\8.0\dependencies-accessors)" [_thread_blocked, id=163744, stack(0x0000003fa0800000,0x0000003fa0900000)]
  0x0000017601aeaf30 JavaThread "Cache worker for Build Output Cleanup Cache (D:\StudioProjects\placement_example\.gradle\buildOutputCleanup)" [_thread_blocked, id=163488, stack(0x0000003fa0a00000,0x0000003fa0b00000)]
  0x00000176764844e0 JavaThread "Unconstrained build operations" [_thread_blocked, id=163484, stack(0x0000003fa0b00000,0x0000003fa0c00000)]
  0x0000017676482cd0 JavaThread "Unconstrained build operations Thread 2" [_thread_blocked, id=163792, stack(0x0000003fa1b00000,0x0000003fa1c00000)]
  0x00000176764831a0 JavaThread "Unconstrained build operations Thread 3" [_thread_blocked, id=163788, stack(0x0000003fa1c00000,0x0000003fa1d00000)]
  0x00000176023b4c30 JavaThread "Unconstrained build operations Thread 4" [_thread_blocked, id=163780, stack(0x0000003fa1e00000,0x0000003fa1f00000)]
  0x00000176023b5f70 JavaThread "Unconstrained build operations Thread 5" [_thread_blocked, id=163480, stack(0x0000003fa1f00000,0x0000003fa2000000)]
  0x00000176023b8120 JavaThread "Unconstrained build operations Thread 6" [_thread_blocked, id=163476, stack(0x0000003fa2600000,0x0000003fa2700000)]
  0x00000176023b5aa0 JavaThread "Unconstrained build operations Thread 7" [_thread_blocked, id=163784, stack(0x0000003fa2700000,0x0000003fa2800000)]
  0x00000176023b72b0 JavaThread "Unconstrained build operations Thread 8" [_thread_blocked, id=163800, stack(0x0000003fa2900000,0x0000003fa2a00000)]
  0x00000176023b5100 JavaThread "Unconstrained build operations Thread 9" [_thread_blocked, id=163804, stack(0x0000003fa2a00000,0x0000003fa2b00000)]
  0x00000176023b6910 JavaThread "Unconstrained build operations Thread 10" [_thread_blocked, id=163808, stack(0x0000003fa2b00000,0x0000003fa2c00000)]
  0x00000176023b6440 JavaThread "Unconstrained build operations Thread 11" [_thread_blocked, id=163812, stack(0x0000003fa2c00000,0x0000003fa2d00000)]
  0x00000176023b7780 JavaThread "Unconstrained build operations Thread 12" [_thread_blocked, id=163820, stack(0x0000003fa2d00000,0x0000003fa2e00000)]
  0x0000017674c4b2d0 JavaThread "Unconstrained build operations Thread 13" [_thread_blocked, id=163816, stack(0x0000003fa2e00000,0x0000003fa2f00000)]
  0x0000017674c4a460 JavaThread "Unconstrained build operations Thread 14" [_thread_blocked, id=163824, stack(0x0000003fa2f00000,0x0000003fa3000000)]
  0x0000017674c4a930 JavaThread "Unconstrained build operations Thread 15" [_thread_blocked, id=163828, stack(0x0000003fa3000000,0x0000003fa3100000)]
  0x0000017674c49f90 JavaThread "Unconstrained build operations Thread 16" [_thread_blocked, id=163832, stack(0x0000003fa3100000,0x0000003fa3200000)]
  0x0000017601ef5000 JavaThread "Unconstrained build operations Thread 17" [_thread_blocked, id=163836, stack(0x0000003fa3200000,0x0000003fa3300000)]
  0x0000017601ef2e50 JavaThread "Unconstrained build operations Thread 18" [_thread_blocked, id=162900, stack(0x0000003fa3300000,0x0000003fa3400000)]
  0x0000017601ef54d0 JavaThread "Unconstrained build operations Thread 19" [_thread_blocked, id=162904, stack(0x0000003fa3400000,0x0000003fa3500000)]
  0x0000017601ef24b0 JavaThread "Unconstrained build operations Thread 20" [_thread_blocked, id=162896, stack(0x0000003fa3500000,0x0000003fa3600000)]
  0x0000017601ef59a0 JavaThread "Unconstrained build operations Thread 21" [_thread_blocked, id=163028, stack(0x0000003fa3600000,0x0000003fa3700000)]
  0x0000017601ef1fe0 JavaThread "Unconstrained build operations Thread 22" [_thread_blocked, id=163228, stack(0x0000003fa3700000,0x0000003fa3800000)]
  0x0000017601ef4190 JavaThread "Unconstrained build operations Thread 23" [_thread_blocked, id=163024, stack(0x0000003fa3800000,0x0000003fa3900000)]
  0x0000017601ef2980 JavaThread "Unconstrained build operations Thread 24" [_thread_blocked, id=163020, stack(0x0000003fa3900000,0x0000003fa3a00000)]
  0x0000017601ef3320 JavaThread "Unconstrained build operations Thread 25" [_thread_blocked, id=163008, stack(0x0000003fa3a00000,0x0000003fa3b00000)]
  0x0000017601ef37f0 JavaThread "Unconstrained build operations Thread 26" [_thread_blocked, id=163136, stack(0x0000003fa3b00000,0x0000003fa3c00000)]
  0x0000017601ef4660 JavaThread "Unconstrained build operations Thread 27" [_thread_blocked, id=163108, stack(0x0000003fa3c00000,0x0000003fa3d00000)]
  0x0000017601ef3cc0 JavaThread "Unconstrained build operations Thread 28" [_thread_blocked, id=144512, stack(0x0000003fa3d00000,0x0000003fa3e00000)]
  0x0000017601ef4b30 JavaThread "Unconstrained build operations Thread 29" [_thread_blocked, id=162556, stack(0x0000003fa3e00000,0x0000003fa3f00000)]
  0x00000176753971c0 JavaThread "Unconstrained build operations Thread 30" [_thread_blocked, id=161252, stack(0x0000003fa3f00000,0x0000003fa4000000)]
  0x0000017675398030 JavaThread "Unconstrained build operations Thread 31" [_thread_blocked, id=80416, stack(0x0000003fa4000000,0x0000003fa4100000)]
  0x0000017675397690 JavaThread "Unconstrained build operations Thread 32" [_thread_blocked, id=141268, stack(0x0000003fa4100000,0x0000003fa4200000)]
  0x0000017675398500 JavaThread "Unconstrained build operations Thread 33" [_thread_blocked, id=86788, stack(0x0000003fa4200000,0x0000003fa4300000)]
  0x000001767539a6b0 JavaThread "Unconstrained build operations Thread 34" [_thread_blocked, id=161736, stack(0x0000003fa4300000,0x0000003fa4400000)]
  0x0000017675397b60 JavaThread "Unconstrained build operations Thread 35" [_thread_blocked, id=163032, stack(0x0000003fa4400000,0x0000003fa4500000)]
  0x0000017675399370 JavaThread "Unconstrained build operations Thread 36" [_thread_blocked, id=163036, stack(0x0000003fa4500000,0x0000003fa4600000)]
  0x00000176753989d0 JavaThread "Unconstrained build operations Thread 37" [_thread_blocked, id=153624, stack(0x0000003fa4600000,0x0000003fa4700000)]
  0x0000017675398ea0 JavaThread "Unconstrained build operations Thread 38" [_thread_blocked, id=163472, stack(0x0000003fa4700000,0x0000003fa4800000)]
  0x0000017675399840 JavaThread "Unconstrained build operations Thread 39" [_thread_blocked, id=161712, stack(0x0000003fa4800000,0x0000003fa4900000)]
  0x000001767912b0b0 JavaThread "Unconstrained build operations Thread 40" [_thread_blocked, id=148252, stack(0x0000003fa4900000,0x0000003fa4a00000)]
  0x0000017679128f00 JavaThread "Unconstrained build operations Thread 41" [_thread_blocked, id=161612, stack(0x0000003fa4a00000,0x0000003fa4b00000)]
  0x000001767912b580 JavaThread "Unconstrained build operations Thread 42" [_thread_blocked, id=163500, stack(0x0000003fa4b00000,0x0000003fa4c00000)]
  0x00000176791298a0 JavaThread "Unconstrained build operations Thread 43" [_thread_blocked, id=52036, stack(0x0000003fa4c00000,0x0000003fa4d00000)]
  0x000001767912bf20 JavaThread "Unconstrained build operations Thread 44" [_thread_blocked, id=163176, stack(0x0000003fa4d00000,0x0000003fa4e00000)]
  0x000001767912abe0 JavaThread "Unconstrained build operations Thread 45" [_thread_blocked, id=163220, stack(0x0000003fa4e00000,0x0000003fa4f00000)]
  0x000001767912a240 JavaThread "Unconstrained build operations Thread 46" [_thread_blocked, id=161304, stack(0x0000003fa4f00000,0x0000003fa5000000)]
  0x0000017679129d70 JavaThread "Unconstrained build operations Thread 47" [_thread_blocked, id=163216, stack(0x0000003fa5000000,0x0000003fa5100000)]
  0x000001767912a710 JavaThread "Unconstrained build operations Thread 48" [_thread_blocked, id=161364, stack(0x0000003fa5100000,0x0000003fa5200000)]
  0x000001767912ba50 JavaThread "Unconstrained build operations Thread 49" [_thread_blocked, id=163224, stack(0x0000003fa5200000,0x0000003fa5300000)]
  0x000001767863b870 JavaThread "Unconstrained build operations Thread 50" [_thread_blocked, id=156660, stack(0x0000003fa5300000,0x0000003fa5400000)]
  0x000001767863c210 JavaThread "Unconstrained build operations Thread 51" [_thread_blocked, id=72648, stack(0x0000003fa5400000,0x0000003fa5500000)]
  0x0000017673a80dd0 JavaThread "Unconstrained build operations Thread 52" [_thread_blocked, id=163212, stack(0x0000003fa5500000,0x0000003fa5600000)]
  0x0000017673a80430 JavaThread "Unconstrained build operations Thread 53" [_thread_blocked, id=33472, stack(0x0000003fa5600000,0x0000003fa5700000)]
  0x0000017673a7fa90 JavaThread "Unconstrained build operations Thread 54" [_thread_blocked, id=163168, stack(0x0000003fa5700000,0x0000003fa5800000)]
  0x0000017673a825e0 JavaThread "Unconstrained build operations Thread 55" [_thread_blocked, id=163096, stack(0x0000003fa5800000,0x0000003fa5900000)]
  0x0000017673a82f80 JavaThread "Unconstrained build operations Thread 56" [_thread_blocked, id=163100, stack(0x0000003fa5900000,0x0000003fa5a00000)]
  0x0000017673a7f5c0 JavaThread "Unconstrained build operations Thread 57" [_thread_blocked, id=146904, stack(0x0000003fa5a00000,0x0000003fa5b00000)]
  0x0000017673a80900 JavaThread "Unconstrained build operations Thread 58" [_thread_blocked, id=160776, stack(0x0000003fa5b00000,0x0000003fa5c00000)]
  0x0000017673a812a0 JavaThread "Unconstrained build operations Thread 59" [_thread_blocked, id=154016, stack(0x0000003fa5c00000,0x0000003fa5d00000)]
  0x0000017673a81770 JavaThread "Unconstrained build operations Thread 60" [_thread_blocked, id=162708, stack(0x0000003fa5d00000,0x0000003fa5e00000)]
  0x0000017678572e10 JavaThread "Unconstrained build operations Thread 61" [_thread_blocked, id=162824, stack(0x0000003fa5e00000,0x0000003fa5f00000)]
  0x000001767856c430 JavaThread "Unconstrained build operations Thread 62" [_thread_blocked, id=163684, stack(0x0000003fa5f00000,0x0000003fa6000000)]
  0x000001767856b5c0 JavaThread "Unconstrained build operations Thread 63" [_thread_blocked, id=163688, stack(0x0000003fa6000000,0x0000003fa6100000)]
  0x0000017678572940 JavaThread "Unconstrained build operations Thread 64" [_thread_blocked, id=8564, stack(0x0000003fa6100000,0x0000003fa6200000)]
  0x0000017678572470 JavaThread "Unconstrained build operations Thread 65" [_thread_blocked, id=163312, stack(0x0000003fa6200000,0x0000003fa6300000)]
  0x000001767856c900 JavaThread "Unconstrained build operations Thread 66" [_thread_blocked, id=42760, stack(0x0000003fa6300000,0x0000003fa6400000)]
  0x000001767856d2a0 JavaThread "Unconstrained build operations Thread 67" [_thread_blocked, id=159552, stack(0x0000003fa6400000,0x0000003fa6500000)]
  0x000001767856d770 JavaThread "Unconstrained build operations Thread 68" [_thread_blocked, id=153864, stack(0x0000003fa6500000,0x0000003fa6600000)]
  0x000001767856ba90 JavaThread "Unconstrained build operations Thread 69" [_thread_blocked, id=163640, stack(0x0000003fa6600000,0x0000003fa6700000)]
  0x0000017601aedf50 JavaThread "Unconstrained build operations Thread 70" [_thread_blocked, id=163632, stack(0x0000003fa6700000,0x0000003fa6800000)]
  0x0000017601aed5b0 JavaThread "Unconstrained build operations Thread 71" [_thread_blocked, id=163616, stack(0x0000003fa6800000,0x0000003fa6900000)]
  0x0000017601aeb8d0 JavaThread "Unconstrained build operations Thread 72" [_thread_blocked, id=161420, stack(0x0000003fa6900000,0x0000003fa6a00000)]
  0x0000017601aeb400 JavaThread "Unconstrained build operations Thread 73" [_thread_blocked, id=163256, stack(0x0000003fa6a00000,0x0000003fa6b00000)]
  0x0000017601aec270 JavaThread "Unconstrained build operations Thread 74" [_thread_blocked, id=163264, stack(0x0000003fa6b00000,0x0000003fa6c00000)]
  0x0000017601aee420 JavaThread "Unconstrained build operations Thread 75" [_thread_blocked, id=163292, stack(0x0000003fa6c00000,0x0000003fa6d00000)]
  0x0000017601aeaa60 JavaThread "Unconstrained build operations Thread 76" [_thread_blocked, id=159284, stack(0x0000003fa6d00000,0x0000003fa6e00000)]
  0x0000017601aebda0 JavaThread "Unconstrained build operations Thread 77" [_thread_blocked, id=162136, stack(0x0000003fa6e00000,0x0000003fa6f00000)]
  0x0000017601aec740 JavaThread "Unconstrained build operations Thread 78" [_thread_blocked, id=143864, stack(0x0000003fa6f00000,0x0000003fa7000000)]
  0x0000017601aecc10 JavaThread "Unconstrained build operations Thread 79" [_thread_blocked, id=145868, stack(0x0000003fa7000000,0x0000003fa7100000)]
  0x000001767e3e9a30 JavaThread "Unconstrained build operations Thread 80" [_thread_blocked, id=163260, stack(0x0000003fa7100000,0x0000003fa7200000)]
  0x000001767e3e9560 JavaThread "Unconstrained build operations Thread 81" [_thread_blocked, id=163296, stack(0x0000003fa7200000,0x0000003fa7300000)]
  0x000001767e3e9f00 JavaThread "Unconstrained build operations Thread 82" [_thread_blocked, id=162448, stack(0x0000003fa7300000,0x0000003fa7400000)]
  0x000001767e3ea3d0 JavaThread "Unconstrained build operations Thread 83" [_thread_blocked, id=163244, stack(0x0000003fa7400000,0x0000003fa7500000)]
  0x0000017675c10fe0 JavaThread "Unconstrained build operations Thread 84" [_thread_blocked, id=163300, stack(0x0000003fa7500000,0x0000003fa7600000)]
  0x0000017675c11980 JavaThread "Unconstrained build operations Thread 85" [_thread_blocked, id=163268, stack(0x0000003fa7600000,0x0000003fa7700000)]
  0x000001767e7a0430 JavaThread "Unconstrained build operations Thread 86" [_thread_blocked, id=163284, stack(0x0000003fa7700000,0x0000003fa7800000)]
  0x000001767e79cf40 JavaThread "Unconstrained build operations Thread 87" [_thread_blocked, id=163252, stack(0x0000003fa7800000,0x0000003fa7900000)]
  0x000001767e7a0900 JavaThread "Unconstrained build operations Thread 88" [_thread_blocked, id=163288, stack(0x0000003fa7900000,0x0000003fa7a00000)]
  0x00000176757947c0 JavaThread "Unconstrained build operations Thread 89" [_thread_blocked, id=163276, stack(0x0000003fa7a00000,0x0000003fa7b00000)]
  0x0000017675792ae0 JavaThread "Unconstrained build operations Thread 90" [_thread_blocked, id=163280, stack(0x0000003fa7b00000,0x0000003fa7c00000)]
  0x0000017675793e20 JavaThread "Unconstrained build operations Thread 91" [_thread_blocked, id=163248, stack(0x0000003fa7c00000,0x0000003fa7d00000)]
  0x0000017675793480 JavaThread "Unconstrained build operations Thread 92" [_thread_blocked, id=159208, stack(0x0000003fa7d00000,0x0000003fa7e00000)]
  0x0000017675791c70 JavaThread "Unconstrained build operations Thread 93" [_thread_blocked, id=159868, stack(0x0000003fa7e00000,0x0000003fa7f00000)]
  0x0000017675795630 JavaThread "Unconstrained build operations Thread 94" [_thread_blocked, id=162756, stack(0x0000003fa7f00000,0x0000003fa8000000)]
  0x0000017675795160 JavaThread "Unconstrained build operations Thread 95" [_thread_blocked, id=51624, stack(0x0000003fa8000000,0x0000003fa8100000)]
  0x0000017678571600 JavaThread "Unconstrained build operations Thread 96" [_thread_blocked, id=162776, stack(0x0000003fa8100000,0x0000003fa8200000)]
  0x000001767856f450 JavaThread "Unconstrained build operations Thread 97" [_thread_blocked, id=151300, stack(0x0000003fa8200000,0x0000003fa8300000)]
  0x000001767856f920 JavaThread "Unconstrained build operations Thread 98" [_thread_blocked, id=63232, stack(0x0000003fa8300000,0x0000003fa8400000)]
  0x0000017678571ad0 JavaThread "Unconstrained build operations Thread 99" [_thread_blocked, id=159252, stack(0x0000003fa8400000,0x0000003fa8500000)]
  0x000001767856dc40 JavaThread "Unconstrained build operations Thread 100" [_thread_blocked, id=80344, stack(0x0000003fa8500000,0x0000003fa8600000)]
  0x000001767856e110 JavaThread "Unconstrained build operations Thread 101" [_thread_blocked, id=158900, stack(0x0000003fa8600000,0x0000003fa8700000)]
  0x00000176785702c0 JavaThread "Unconstrained build operations Thread 102" [_thread_blocked, id=159516, stack(0x0000003fa8700000,0x0000003fa8800000)]
  0x0000017678570c60 JavaThread "Unconstrained build operations Thread 103" [_thread_blocked, id=156812, stack(0x0000003fa8800000,0x0000003fa8900000)]
  0x0000017674a85160 JavaThread "Unconstrained build operations Thread 104" [_thread_blocked, id=148008, stack(0x0000003fa8900000,0x0000003fa8a00000)]
  0x0000017674a85630 JavaThread "Unconstrained build operations Thread 105" [_thread_blocked, id=161840, stack(0x0000003fa8a00000,0x0000003fa8b00000)]
  0x0000017674a85b00 JavaThread "Unconstrained build operations Thread 106" [_thread_blocked, id=50448, stack(0x0000003fa8b00000,0x0000003fa8c00000)]
  0x0000017674a877e0 JavaThread "Unconstrained build operations Thread 107" [_thread_blocked, id=156404, stack(0x0000003fa8c00000,0x0000003fa8d00000)]
  0x0000017674a87cb0 JavaThread "Unconstrained build operations Thread 108" [_thread_blocked, id=151376, stack(0x0000003fa8d00000,0x0000003fa8e00000)]
  0x0000017675399d10 JavaThread "Unconstrained build operations Thread 109" [_thread_blocked, id=161912, stack(0x0000003fa8e00000,0x0000003fa8f00000)]
  0x0000017675396cf0 JavaThread "Unconstrained build operations Thread 110" [_thread_blocked, id=153560, stack(0x0000003fa8f00000,0x0000003fa9000000)]
  0x000001767539a1e0 JavaThread "Unconstrained build operations Thread 111" [_thread_blocked, id=161928, stack(0x0000003fa9000000,0x0000003fa9100000)]
  0x0000017602c1a6e0 JavaThread "Unconstrained build operations Thread 112" [_thread_blocked, id=159120, stack(0x0000003fa9100000,0x0000003fa9200000)]
  0x0000017602c1abb0 JavaThread "Unconstrained build operations Thread 113" [_thread_blocked, id=149416, stack(0x0000003fa9200000,0x0000003fa9300000)]
  0x0000017602c193a0 JavaThread "Unconstrained build operations Thread 114" [_thread_blocked, id=155012, stack(0x0000003fa9300000,0x0000003fa9400000)]
  0x0000017602c19870 JavaThread "Unconstrained build operations Thread 115" [_thread_blocked, id=163328, stack(0x0000003fa9400000,0x0000003fa9500000)]
  0x0000017602c1bef0 JavaThread "Unconstrained build operations Thread 116" [_thread_blocked, id=160184, stack(0x0000003fa9500000,0x0000003fa9600000)]
  0x0000017602c18a00 JavaThread "Unconstrained build operations Thread 117" [_thread_blocked, id=58680, stack(0x0000003fa9600000,0x0000003fa9700000)]
  0x0000017602c1ba20 JavaThread "Unconstrained build operations Thread 118" [_thread_blocked, id=158596, stack(0x0000003fa9700000,0x0000003fa9800000)]
  0x0000017602c19d40 JavaThread "Unconstrained build operations Thread 119" [_thread_blocked, id=161896, stack(0x0000003fa9800000,0x0000003fa9900000)]
  0x0000017602c18ed0 JavaThread "Unconstrained build operations Thread 120" [_thread_blocked, id=162320, stack(0x0000003fa9900000,0x0000003fa9a00000)]
  0x0000017602c1b080 JavaThread "Unconstrained build operations Thread 121" [_thread_blocked, id=151004, stack(0x0000003fa9a00000,0x0000003fa9b00000)]
  0x0000017602c1a210 JavaThread "Unconstrained build operations Thread 122" [_thread_blocked, id=155196, stack(0x0000003fa9b00000,0x0000003fa9c00000)]
  0x0000017602c1b550 JavaThread "Unconstrained build operations Thread 123" [_thread_blocked, id=45908, stack(0x0000003fa9c00000,0x0000003fa9d00000)]
  0x0000017602c18530 JavaThread "Unconstrained build operations Thread 124" [_thread_blocked, id=145464, stack(0x0000003fa9d00000,0x0000003fa9e00000)]
  0x0000017601517630 JavaThread "Unconstrained build operations Thread 125" [_thread_blocked, id=115036, stack(0x0000003fa9e00000,0x0000003fa9f00000)]
  0x0000017601517fd0 JavaThread "Unconstrained build operations Thread 126" [_thread_blocked, id=45480, stack(0x0000003fa9f00000,0x0000003faa000000)]
  0x00000176015167c0 JavaThread "Unconstrained build operations Thread 127" [_thread_blocked, id=160988, stack(0x0000003faa000000,0x0000003faa100000)]
  0x0000017601514fb0 JavaThread "Unconstrained build operations Thread 128" [_thread_blocked, id=161496, stack(0x0000003faa100000,0x0000003faa200000)]
  0x0000017601516c90 JavaThread "Unconstrained build operations Thread 129" [_thread_blocked, id=93484, stack(0x0000003faa200000,0x0000003faa300000)]
  0x00000176015162f0 JavaThread "Unconstrained build operations Thread 130" [_thread_blocked, id=163700, stack(0x0000003faa300000,0x0000003faa400000)]
  0x0000017601515480 JavaThread "Unconstrained build operations Thread 131" [_thread_blocked, id=125492, stack(0x0000003faa400000,0x0000003faa500000)]
  0x0000017601514610 JavaThread "Unconstrained build operations Thread 132" [_thread_blocked, id=161680, stack(0x0000003faa500000,0x0000003faa600000)]
  0x0000017601517b00 JavaThread "Unconstrained build operations Thread 133" [_thread_blocked, id=162668, stack(0x0000003faa600000,0x0000003faa700000)]
  0x0000017601515950 JavaThread "Unconstrained build operations Thread 134" [_thread_blocked, id=158852, stack(0x0000003faa700000,0x0000003faa800000)]
  0x0000017601514ae0 JavaThread "Unconstrained build operations Thread 135" [_thread_blocked, id=154412, stack(0x0000003faa800000,0x0000003faa900000)]
  0x0000017601517160 JavaThread "Unconstrained build operations Thread 136" [_thread_blocked, id=161080, stack(0x0000003faa900000,0x0000003faaa00000)]
  0x0000017601515e20 JavaThread "Unconstrained build operations Thread 137" [_thread_blocked, id=55120, stack(0x0000003faaa00000,0x0000003faab00000)]
  0x000001767e85fbc0 JavaThread "Unconstrained build operations Thread 138" [_thread_blocked, id=161976, stack(0x0000003faab00000,0x0000003faac00000)]
  0x000001767e860560 JavaThread "Unconstrained build operations Thread 139" [_thread_blocked, id=158804, stack(0x0000003faac00000,0x0000003faad00000)]
  0x000001767e85f220 JavaThread "Unconstrained build operations Thread 140" [_thread_blocked, id=144964, stack(0x0000003faad00000,0x0000003faae00000)]
  0x000001767e8613d0 JavaThread "Unconstrained build operations Thread 141" [_thread_blocked, id=146700, stack(0x0000003faae00000,0x0000003faaf00000)]
  0x000001767e85f6f0 JavaThread "Unconstrained build operations Thread 142" [_thread_blocked, id=161616, stack(0x0000003faaf00000,0x0000003fab000000)]
  0x000001767e860090 JavaThread "Unconstrained build operations Thread 143" [_thread_blocked, id=113908, stack(0x0000003fab000000,0x0000003fab100000)]
  0x000001767e85e3b0 JavaThread "Unconstrained build operations Thread 144" [_thread_blocked, id=162688, stack(0x0000003fab100000,0x0000003fab200000)]
  0x000001767e85e880 JavaThread "Unconstrained build operations Thread 145" [_thread_blocked, id=160844, stack(0x0000003fab200000,0x0000003fab300000)]
  0x000001767e85ed50 JavaThread "Unconstrained build operations Thread 146" [_thread_blocked, id=125360, stack(0x0000003fab300000,0x0000003fab400000)]
  0x000001767e860a30 JavaThread "Unconstrained build operations Thread 147" [_thread_blocked, id=162460, stack(0x0000003fab400000,0x0000003fab500000)]
  0x000001767e860f00 JavaThread "Unconstrained build operations Thread 148" [_thread_blocked, id=161580, stack(0x0000003fab500000,0x0000003fab600000)]
  0x000001767e8618a0 JavaThread "Unconstrained build operations Thread 149" [_thread_blocked, id=159804, stack(0x0000003fab600000,0x0000003fab700000)]
  0x000001767e85dee0 JavaThread "Unconstrained build operations Thread 150" [_thread_blocked, id=122712, stack(0x0000003fab700000,0x0000003fab800000)]
  0x000001767e7c5920 JavaThread "Unconstrained build operations Thread 151" [_thread_blocked, id=161656, stack(0x0000003fab800000,0x0000003fab900000)]
  0x000001767e7c8470 JavaThread "Unconstrained build operations Thread 152" [_thread_blocked, id=162764, stack(0x0000003fab900000,0x0000003faba00000)]
  0x000001767e7c5df0 JavaThread "Unconstrained build operations Thread 153" [_thread_blocked, id=155220, stack(0x0000003faba00000,0x0000003fabb00000)]
  0x000001767e7c5450 JavaThread "Unconstrained build operations Thread 154" [_thread_blocked, id=120356, stack(0x0000003fabb00000,0x0000003fabc00000)]
  0x000001767e7c7130 JavaThread "Unconstrained build operations Thread 155" [_thread_blocked, id=162588, stack(0x0000003fabc00000,0x0000003fabd00000)]
  0x000001767e7c7fa0 JavaThread "Unconstrained build operations Thread 156" [_thread_blocked, id=159232, stack(0x0000003fabd00000,0x0000003fabe00000)]
  0x000001767e7c8940 JavaThread "build event listener" [_thread_blocked, id=162864, stack(0x0000003fabe00000,0x0000003fabf00000)]
  0x000001767e7c7600 JavaThread "build event listener" [_thread_blocked, id=161984, stack(0x0000003fabf00000,0x0000003fac000000)]
  0x0000017676484010 JavaThread "build event listener" [_thread_blocked, id=163160, stack(0x0000003fac000000,0x0000003fac100000)]
  0x00000176764849b0 JavaThread "pool-23-thread-1" [_thread_blocked, id=162552, stack(0x0000003fac400000,0x0000003fac500000)]
  0x0000017676480ff0 JavaThread "build event listener" [_thread_blocked, id=163768, stack(0x0000003fad700000,0x0000003fad800000)]
  0x00000176764814c0 JavaThread "included builds" [_thread_blocked, id=163148, stack(0x0000003fad800000,0x0000003fad900000)]
  0x0000017676468cb0 JavaThread "Execution worker" [_thread_blocked, id=160612, stack(0x0000003fad900000,0x0000003fada00000)]
  0x0000017676469ff0 JavaThread "Execution worker Thread 2" [_thread_blocked, id=126504, stack(0x0000003fada00000,0x0000003fadb00000)]
  0x0000017676469180 JavaThread "Execution worker Thread 3" [_thread_blocked, id=161892, stack(0x0000003fadb00000,0x0000003fadc00000)]
  0x00000176764687e0 JavaThread "Execution worker Thread 4" [_thread_blocked, id=162852, stack(0x0000003fadc00000,0x0000003fadd00000)]
  0x00000176764674a0 JavaThread "Execution worker Thread 5" [_thread_blocked, id=162840, stack(0x0000003fadd00000,0x0000003fade00000)]
  0x0000017676466fd0 JavaThread "Execution worker Thread 6" [_thread_blocked, id=162848, stack(0x0000003fade00000,0x0000003fadf00000)]
  0x000001767646a4c0 JavaThread "Execution worker Thread 7" [_thread_blocked, id=154796, stack(0x0000003fadf00000,0x0000003fae000000)]
  0x0000017676467970 JavaThread "Execution worker Thread 8" [_thread_blocked, id=162968, stack(0x0000003fae000000,0x0000003fae100000)]
  0x0000017677541b20 JavaThread "Execution worker Thread 9" [_thread_blocked, id=162952, stack(0x0000003fae100000,0x0000003fae200000)]
  0x0000017677541ff0 JavaThread "Execution worker Thread 10" [_thread_blocked, id=157104, stack(0x0000003fae400000,0x0000003fae500000)]
  0x00000176775407e0 JavaThread "Execution worker Thread 11" [_thread_blocked, id=159056, stack(0x0000003fae500000,0x0000003fae600000)]
  0x0000017677541180 JavaThread "Execution worker Thread 12" [_thread_blocked, id=158644, stack(0x0000003fae600000,0x0000003fae700000)]
  0x0000017677541650 JavaThread "Execution worker Thread 13" [_thread_blocked, id=161548, stack(0x0000003fae700000,0x0000003fae800000)]
  0x00000176755d1210 JavaThread "Execution worker Thread 14" [_thread_blocked, id=163304, stack(0x0000003fae800000,0x0000003fae900000)]
  0x00000176755d3890 JavaThread "Execution worker Thread 15" [_thread_blocked, id=51880, stack(0x0000003fae900000,0x0000003faea00000)]
  0x0000017674a85fd0 JavaThread "Cache worker for execution history cache (D:\StudioProjects\placement_example\.gradle\8.0\executionHistory)" [_thread_blocked, id=162992, stack(0x0000003faea00000,0x0000003faeb00000)]
  0x0000017602dbd880 JavaThread "Unconstrained build operations Thread 157" [_thread_blocked, id=162956, stack(0x0000003faec00000,0x0000003faed00000)]
  0x0000017602dbdd50 JavaThread "Unconstrained build operations Thread 158" [_thread_blocked, id=153736, stack(0x0000003faee00000,0x0000003faef00000)]
  0x0000017602dbe220 JavaThread "Unconstrained build operations Thread 159" [_thread_blocked, id=162936, stack(0x0000003faef00000,0x0000003faf000000)]
  0x0000017602dbe6f0 JavaThread "Unconstrained build operations Thread 160" [_thread_blocked, id=162932, stack(0x0000003faf100000,0x0000003faf200000)]
  0x0000017675792140 JavaThread "WorkerExecutor Queue" [_thread_blocked, id=148540, stack(0x0000003faf500000,0x0000003faf600000)]
  0x000001767b7d5b50 JavaThread "RMI TCP Connection(29)-127.0.0.1" daemon [_thread_in_native, id=129480, stack(0x0000003faf800000,0x0000003faf900000)]
  0x0000017601deb8a0 JavaThread "RMI TCP Connection(26)-127.0.0.1" daemon [_thread_in_native, id=162704, stack(0x0000003faf900000,0x0000003fafa00000)]
  0x0000017601deda50 JavaThread "RMI TCP Connection(27)-127.0.0.1" daemon [_thread_in_native, id=156608, stack(0x0000003fafb00000,0x0000003fafc00000)]
  0x00000176755d16e0 JavaThread "WorkerExecutor Queue Thread 2" [_thread_blocked, id=157176, stack(0x0000003fa0900000,0x0000003fa0a00000)]
  0x0000017601dea090 JavaThread "RMI TCP Connection(28)-127.0.0.1" daemon [_thread_in_native, id=160536, stack(0x0000003fafd00000,0x0000003fafe00000)]
  0x00000176763f4f30 JavaThread "C1 CompilerThread1" daemon [_thread_blocked, id=162072, stack(0x0000003fac100000,0x0000003fac200000)]
  0x00000176755cfed0 JavaThread "Build operations" [_thread_blocked, id=136320, stack(0x0000003fafe00000,0x0000003faff00000)]
  0x00000176755d2ef0 JavaThread "Build operations Thread 2" [_thread_blocked, id=163708, stack(0x0000003faff00000,0x0000003fb0000000)]
  0x00000176755d1bb0 JavaThread "Build operations Thread 3" [_thread_blocked, id=107224, stack(0x0000003fb0000000,0x0000003fb0100000)]
  0x00000176755d2080 JavaThread "Build operations Thread 4" [_thread_blocked, id=163712, stack(0x0000003fb0100000,0x0000003fb0200000)]
  0x00000176755d2550 JavaThread "Build operations Thread 5" [_thread_blocked, id=160976, stack(0x0000003fb0200000,0x0000003fb0300000)]
  0x00000176755d2a20 JavaThread "Build operations Thread 6" [_thread_blocked, id=161520, stack(0x0000003fb0300000,0x0000003fb0400000)]
  0x000001767ef00a80 JavaThread "Build operations Thread 7" [_thread_blocked, id=163152, stack(0x0000003fb0400000,0x0000003fb0500000)]
  0x000001767ef00f50 JavaThread "Build operations Thread 8" [_thread_blocked, id=163704, stack(0x0000003fb0500000,0x0000003fb0600000)]
  0x000001767eeffc10 JavaThread "Build operations Thread 9" [_thread_blocked, id=163696, stack(0x0000003fb0600000,0x0000003fb0700000)]
  0x000001767eefdf30 JavaThread "Build operations Thread 10" [_thread_blocked, id=122996, stack(0x0000003fb0700000,0x0000003fb0800000)]
  0x000001767ef000e0 JavaThread "Build operations Thread 11" [_thread_blocked, id=137556, stack(0x0000003fb0800000,0x0000003fb0900000)]
  0x000001767eefe400 JavaThread "Build operations Thread 12" [_thread_blocked, id=140120, stack(0x0000003fb0900000,0x0000003fb0a00000)]
  0x000001767eefe8d0 JavaThread "Build operations Thread 13" [_thread_blocked, id=163680, stack(0x0000003fb0a00000,0x0000003fb0b00000)]
  0x000001767eefeda0 JavaThread "Build operations Thread 14" [_thread_blocked, id=161216, stack(0x0000003fb0b00000,0x0000003fb0c00000)]
  0x000001767eeff270 JavaThread "Build operations Thread 15" [_thread_blocked, id=152952, stack(0x0000003fb0c00000,0x0000003fb0d00000)]
  0x00000176756231e0 JavaThread "Build operations Thread 16" [_thread_blocked, id=153844, stack(0x0000003fb0d00000,0x0000003fb0e00000)]
  0x000001767e30ab80 JavaThread "C2 CompilerThread1" daemon [_thread_blocked, id=159892, stack(0x0000003fb0e00000,0x0000003fb0f00000)]
  0x000001767b7d6020 JavaThread "WorkerExecutor Queue Thread 3" [_thread_blocked, id=162164, stack(0x0000003fb0f00000,0x0000003fb1000000)]
  0x000001767b7d64f0 JavaThread "WorkerExecutor Queue Thread 4" [_thread_blocked, id=162712, stack(0x0000003fb1000000,0x0000003fb1100000)]
  0x0000017605830550 JavaThread "WorkerExecutor Queue Thread 5" [_thread_blocked, id=161948, stack(0x0000003fb1100000,0x0000003fb1200000)]
  0x000001760582d530 JavaThread "WorkerExecutor Queue Thread 6" [_thread_blocked, id=159636, stack(0x0000003fb1200000,0x0000003fb1300000)]
  0x0000017605830080 JavaThread "WorkerExecutor Queue Thread 7" [_thread_blocked, id=161268, stack(0x0000003fb1900000,0x0000003fb1a00000)]
  0x000001760582f210 JavaThread "WorkerExecutor Queue Thread 8" [_thread_blocked, id=146084, stack(0x0000003fb1e00000,0x0000003fb1f00000)]
  0x0000017673a7ff60 JavaThread "WorkerExecutor Queue Thread 9" [_thread_blocked, id=162692, stack(0x0000003fb2100000,0x0000003fb2200000)]
  0x000001767eb359f0 JavaThread "WorkerExecutor Queue Thread 10" [_thread_blocked, id=155076, stack(0x0000003fb2200000,0x0000003fb2300000)]
  0x000001767eb35520 JavaThread "WorkerExecutor Queue Thread 11" [_thread_blocked, id=151076, stack(0x0000003fb2300000,0x0000003fb2400000)]
  0x0000017602dbd3b0 JavaThread "WorkerExecutor Queue Thread 12" [_thread_blocked, id=151992, stack(0x0000003fb2400000,0x0000003fb2500000)]
  0x000001767e6c03e0 JavaThread "WorkerExecutor Queue Thread 13" [_thread_blocked, id=162400, stack(0x0000003fb2500000,0x0000003fb2600000)]
  0x000001767e6bff10 JavaThread "WorkerExecutor Queue Thread 14" [_thread_blocked, id=91516, stack(0x0000003fb2600000,0x0000003fb2700000)]
  0x000001767323bd10 JavaThread "WorkerExecutor Queue Thread 15" [_thread_blocked, id=40828, stack(0x0000003fb2700000,0x0000003fb2800000)]
  0x000001767e79f0f0 JavaThread "WorkerExecutor Queue Thread 16" [_thread_blocked, id=162980, stack(0x0000003fb2800000,0x0000003fb2900000)]

Other Threads:
=>0x00000176715be740 VMThread "VM Thread" [stack: 0x0000003f9ec00000,0x0000003f9ed00000] [id=56968]
  0x0000017656d32380 WatcherThread [stack: 0x0000003f9f900000,0x0000003f9fa00000] [id=162484]
  0x0000017656cf1050 GCTaskThread "GC Thread#0" [stack: 0x0000003f9e700000,0x0000003f9e800000] [id=94260]
  0x0000017673592dd0 GCTaskThread "GC Thread#1" [stack: 0x0000003f9fd00000,0x0000003f9fe00000] [id=162416]
  0x00000176737f86e0 GCTaskThread "GC Thread#2" [stack: 0x0000003f9fe00000,0x0000003f9ff00000] [id=161820]
  0x00000176737f8990 GCTaskThread "GC Thread#3" [stack: 0x0000003f9ff00000,0x0000003fa0000000] [id=162652]
  0x000001767339b010 GCTaskThread "GC Thread#4" [stack: 0x0000003fa0000000,0x0000003fa0100000] [id=160236]
  0x00000176727671f0 GCTaskThread "GC Thread#5" [stack: 0x0000003fa0c00000,0x0000003fa0d00000] [id=162024]
  0x0000017672767a00 GCTaskThread "GC Thread#6" [stack: 0x0000003fa0d00000,0x0000003fa0e00000] [id=158484]
  0x0000017672767cb0 GCTaskThread "GC Thread#7" [stack: 0x0000003fa0e00000,0x0000003fa0f00000] [id=162272]
  0x0000017672766480 GCTaskThread "GC Thread#8" [stack: 0x0000003fa0f00000,0x0000003fa1000000] [id=162788]
  0x00000176727669e0 GCTaskThread "GC Thread#9" [stack: 0x0000003fa1000000,0x0000003fa1100000] [id=162000]
  0x00000176727674a0 GCTaskThread "GC Thread#10" [stack: 0x0000003fa1100000,0x0000003fa1200000] [id=158532]
  0x0000017672767750 GCTaskThread "GC Thread#11" [stack: 0x0000003fa1200000,0x0000003fa1300000] [id=162356]
  0x0000017672767f60 GCTaskThread "GC Thread#12" [stack: 0x0000003fa1300000,0x0000003fa1400000] [id=27848]
  0x0000017656d01e90 ConcurrentGCThread "G1 Main Marker" [stack: 0x0000003f9e800000,0x0000003f9e900000] [id=140568]
  0x0000017656d037b0 ConcurrentGCThread "G1 Conc#0" [stack: 0x0000003f9e900000,0x0000003f9ea00000] [id=162256]
  0x0000017672766730 ConcurrentGCThread "G1 Conc#1" [stack: 0x0000003fa1400000,0x0000003fa1500000] [id=161872]
  0x0000017672766f40 ConcurrentGCThread "G1 Conc#2" [stack: 0x0000003fa1500000,0x0000003fa1600000] [id=162252]
  0x000001767145a200 ConcurrentGCThread "G1 Refine#0" [stack: 0x0000003f9ea00000,0x0000003f9eb00000] [id=135128]
  0x000001767b391850 ConcurrentGCThread "G1 Refine#1" [stack: 0x0000003fad300000,0x0000003fad400000] [id=146776]
  0x000001767b0d0c20 ConcurrentGCThread "G1 Refine#2" [stack: 0x0000003fad400000,0x0000003fad500000] [id=150036]
  0x000001767b0d0940 ConcurrentGCThread "G1 Refine#3" [stack: 0x0000003fad500000,0x0000003fad600000] [id=160144]
  0x000001767bc40840 ConcurrentGCThread "G1 Refine#4" [stack: 0x0000003fb2000000,0x0000003fb2100000] [id=154160]
  0x000001767145aa30 ConcurrentGCThread "G1 Service" [stack: 0x0000003f9eb00000,0x0000003f9ec00000] [id=67968]

Threads with active compile tasks:
C2 CompilerThread0  2198693 32298       4       com.android.tools.r8.internal.hl::b (624 bytes)
C2 CompilerThread1  2198693 32180 %     4       com.android.tools.r8.ir.regalloc.b::a @ 854 (1313 bytes)

VM state: at safepoint (normal execution)

VM Mutex/Monitor currently owned by a thread:  ([mutex/lock_event])
[0x0000017656c8c200] Threads_lock - owner thread: 0x00000176715be740
[0x0000017656c8c950] Heap_lock - owner thread: 0x00000176775407e0

Heap address: 0x0000000080000000, size: 2048 MB, Compressed Oops mode: 32-bit

CDS archive(s) not mapped
Compressed class space mapped at: 0x0000000100000000-0x0000000140000000, reserved size: 1073741824
Narrow klass base: 0x0000000000000000, Narrow klass shift: 3, Narrow klass range: 0x140000000

GC Precious Log:
 CPUs: 16 total, 16 available
 Memory: 15557M
 Large Page Support: Disabled
 NUMA Support: Disabled
 Compressed Oops: Enabled (32-bit)
 Heap Region Size: 1M
 Heap Min Capacity: 8M
 Heap Initial Capacity: 244M
 Heap Max Capacity: 2G
 Pre-touch: Disabled
 Parallel Workers: 13
 Concurrent Workers: 3
 Concurrent Refinement Workers: 13
 Periodic GC: Disabled

Heap:
 garbage-first heap   total 757760K, used 229968K [0x0000000080000000, 0x0000000100000000)
  region size 1024K, 16 young (16384K), 16 survivors (16384K)
 Metaspace       used 145655K, committed 147072K, reserved 1179648K
  class space    used 19883K, committed 20544K, reserved 1048576K

Heap Regions: E=young(eden), S=young(survivor), O=old, HS=humongous(starts), HC=humongous(continues), CS=collection set, F=free, OA=open archive, CA=closed archive, TAMS=top-at-mark-start (previous, next)
|   0|0x0000000080000000, 0x0000000080100000, 0x0000000080100000|100%|HS|  |TAMS 0x0000000080100000, 0x0000000080100000| Complete 
|   1|0x0000000080100000, 0x0000000080200000, 0x0000000080200000|100%|HC|  |TAMS 0x0000000080200000, 0x0000000080200000| Complete 
|   2|0x0000000080200000, 0x0000000080300000, 0x0000000080300000|100%|HC|  |TAMS 0x0000000080300000, 0x0000000080300000| Complete 
|   3|0x0000000080300000, 0x0000000080400000, 0x0000000080400000|100%|HC|  |TAMS 0x0000000080400000, 0x0000000080400000| Complete 
|   4|0x0000000080400000, 0x0000000080500000, 0x0000000080500000|100%| O|  |TAMS 0x0000000080500000, 0x0000000080500000| Untracked 
|   5|0x0000000080500000, 0x0000000080600000, 0x0000000080600000|100%| O|  |TAMS 0x0000000080600000, 0x0000000080600000| Untracked 
|   6|0x0000000080600000, 0x0000000080700000, 0x0000000080700000|100%| O|  |TAMS 0x0000000080700000, 0x0000000080700000| Untracked 
|   7|0x0000000080700000, 0x0000000080800000, 0x0000000080800000|100%| O|  |TAMS 0x0000000080800000, 0x0000000080800000| Untracked 
|   8|0x0000000080800000, 0x0000000080900000, 0x0000000080900000|100%| O|  |TAMS 0x0000000080900000, 0x0000000080900000| Untracked 
|   9|0x0000000080900000, 0x0000000080a00000, 0x0000000080a00000|100%| O|  |TAMS 0x0000000080a00000, 0x0000000080a00000| Untracked 
|  10|0x0000000080a00000, 0x0000000080b00000, 0x0000000080b00000|100%| O|  |TAMS 0x0000000080b00000, 0x0000000080b00000| Untracked 
|  11|0x0000000080b00000, 0x0000000080c00000, 0x0000000080c00000|100%| O|  |TAMS 0x0000000080c00000, 0x0000000080c00000| Untracked 
|  12|0x0000000080c00000, 0x0000000080d00000, 0x0000000080d00000|100%| O|  |TAMS 0x0000000080d00000, 0x0000000080d00000| Untracked 
|  13|0x0000000080d00000, 0x0000000080e00000, 0x0000000080e00000|100%| O|  |TAMS 0x0000000080e00000, 0x0000000080e00000| Untracked 
|  14|0x0000000080e00000, 0x0000000080f00000, 0x0000000080f00000|100%| O|  |TAMS 0x0000000080f00000, 0x0000000080f00000| Untracked 
|  15|0x0000000080f00000, 0x0000000081000000, 0x0000000081000000|100%| O|  |TAMS 0x0000000081000000, 0x0000000081000000| Untracked 
|  16|0x0000000081000000, 0x0000000081100000, 0x0000000081100000|100%| O|  |TAMS 0x0000000081100000, 0x0000000081100000| Untracked 
|  17|0x0000000081100000, 0x0000000081200000, 0x0000000081200000|100%| O|  |TAMS 0x0000000081200000, 0x0000000081200000| Untracked 
|  18|0x0000000081200000, 0x0000000081300000, 0x0000000081300000|100%| O|  |TAMS 0x0000000081300000, 0x0000000081300000| Untracked 
|  19|0x0000000081300000, 0x0000000081400000, 0x0000000081400000|100%| O|  |TAMS 0x0000000081400000, 0x0000000081400000| Untracked 
|  20|0x0000000081400000, 0x0000000081500000, 0x0000000081500000|100%| O|  |TAMS 0x0000000081500000, 0x0000000081500000| Untracked 
|  21|0x0000000081500000, 0x0000000081600000, 0x0000000081600000|100%| O|  |TAMS 0x0000000081600000, 0x0000000081600000| Untracked 
|  22|0x0000000081600000, 0x0000000081700000, 0x0000000081700000|100%| O|  |TAMS 0x0000000081700000, 0x0000000081700000| Untracked 
|  23|0x0000000081700000, 0x0000000081800000, 0x0000000081800000|100%| O|  |TAMS 0x0000000081800000, 0x0000000081800000| Untracked 
|  24|0x0000000081800000, 0x0000000081900000, 0x0000000081900000|100%| O|  |TAMS 0x0000000081900000, 0x0000000081900000| Untracked 
|  25|0x0000000081900000, 0x0000000081a00000, 0x0000000081a00000|100%| O|  |TAMS 0x0000000081a00000, 0x0000000081a00000| Untracked 
|  26|0x0000000081a00000, 0x0000000081b00000, 0x0000000081b00000|100%| O|  |TAMS 0x0000000081b00000, 0x0000000081b00000| Untracked 
|  27|0x0000000081b00000, 0x0000000081c00000, 0x0000000081c00000|100%| O|  |TAMS 0x0000000081c00000, 0x0000000081c00000| Untracked 
|  28|0x0000000081c00000, 0x0000000081d00000, 0x0000000081d00000|100%| O|  |TAMS 0x0000000081d00000, 0x0000000081d00000| Untracked 
|  29|0x0000000081d00000, 0x0000000081e00000, 0x0000000081e00000|100%| O|  |TAMS 0x0000000081e00000, 0x0000000081e00000| Untracked 
|  30|0x0000000081e00000, 0x0000000081f00000, 0x0000000081f00000|100%| O|  |TAMS 0x0000000081f00000, 0x0000000081f00000| Untracked 
|  31|0x0000000081f00000, 0x0000000082000000, 0x0000000082000000|100%| O|  |TAMS 0x0000000082000000, 0x0000000082000000| Untracked 
|  32|0x0000000082000000, 0x0000000082100000, 0x0000000082100000|100%| O|  |TAMS 0x0000000082000000, 0x0000000082100000| Untracked 
|  33|0x0000000082100000, 0x0000000082200000, 0x0000000082200000|100%| O|  |TAMS 0x0000000082200000, 0x0000000082200000| Untracked 
|  34|0x0000000082200000, 0x0000000082300000, 0x0000000082300000|100%| O|  |TAMS 0x0000000082300000, 0x0000000082300000| Untracked 
|  35|0x0000000082300000, 0x0000000082400000, 0x0000000082400000|100%| O|  |TAMS 0x0000000082400000, 0x0000000082400000| Untracked 
|  36|0x0000000082400000, 0x0000000082500000, 0x0000000082500000|100%| O|  |TAMS 0x0000000082500000, 0x0000000082500000| Untracked 
|  37|0x0000000082500000, 0x0000000082600000, 0x0000000082600000|100%| O|  |TAMS 0x0000000082600000, 0x0000000082600000| Untracked 
|  38|0x0000000082600000, 0x0000000082700000, 0x0000000082700000|100%| O|  |TAMS 0x0000000082700000, 0x0000000082700000| Untracked 
|  39|0x0000000082700000, 0x0000000082800000, 0x0000000082800000|100%|HS|  |TAMS 0x0000000082800000, 0x0000000082800000| Complete 
|  40|0x0000000082800000, 0x0000000082900000, 0x0000000082900000|100%|HS|  |TAMS 0x0000000082900000, 0x0000000082900000| Complete 
|  41|0x0000000082900000, 0x0000000082a00000, 0x0000000082a00000|100%|HS|  |TAMS 0x0000000082a00000, 0x0000000082a00000| Complete 
|  42|0x0000000082a00000, 0x0000000082b00000, 0x0000000082b00000|100%| O|  |TAMS 0x0000000082b00000, 0x0000000082b00000| Untracked 
|  43|0x0000000082b00000, 0x0000000082c00000, 0x0000000082c00000|100%| O|  |TAMS 0x0000000082c00000, 0x0000000082c00000| Untracked 
|  44|0x0000000082c00000, 0x0000000082d00000, 0x0000000082d00000|100%|HS|  |TAMS 0x0000000082d00000, 0x0000000082d00000| Complete 
|  45|0x0000000082d00000, 0x0000000082e00000, 0x0000000082e00000|100%|HC|  |TAMS 0x0000000082e00000, 0x0000000082e00000| Complete 
|  46|0x0000000082e00000, 0x0000000082f00000, 0x0000000082f00000|100%|HS|  |TAMS 0x0000000082f00000, 0x0000000082f00000| Complete 
|  47|0x0000000082f00000, 0x0000000083000000, 0x0000000083000000|100%|HC|  |TAMS 0x0000000083000000, 0x0000000083000000| Complete 
|  48|0x0000000083000000, 0x0000000083100000, 0x0000000083100000|100%|HC|  |TAMS 0x0000000083100000, 0x0000000083100000| Complete 
|  49|0x0000000083100000, 0x0000000083200000, 0x0000000083200000|100%|HC|  |TAMS 0x0000000083200000, 0x0000000083200000| Complete 
|  50|0x0000000083200000, 0x0000000083300000, 0x0000000083300000|100%| O|  |TAMS 0x0000000083300000, 0x0000000083300000| Untracked 
|  51|0x0000000083300000, 0x0000000083400000, 0x0000000083400000|100%| O|  |TAMS 0x0000000083400000, 0x0000000083400000| Untracked 
|  52|0x0000000083400000, 0x0000000083500000, 0x0000000083500000|100%| O|  |TAMS 0x0000000083500000, 0x0000000083500000| Untracked 
|  53|0x0000000083500000, 0x0000000083600000, 0x0000000083600000|100%| O|  |TAMS 0x0000000083600000, 0x0000000083600000| Untracked 
|  54|0x0000000083600000, 0x0000000083700000, 0x0000000083700000|100%| O|  |TAMS 0x0000000083700000, 0x0000000083700000| Untracked 
|  55|0x0000000083700000, 0x0000000083800000, 0x0000000083800000|100%| O|  |TAMS 0x0000000083800000, 0x0000000083800000| Untracked 
|  56|0x0000000083800000, 0x0000000083900000, 0x0000000083900000|100%| O|  |TAMS 0x0000000083900000, 0x0000000083900000| Untracked 
|  57|0x0000000083900000, 0x0000000083a00000, 0x0000000083a00000|100%| O|  |TAMS 0x0000000083900000, 0x0000000083a00000| Untracked 
|  58|0x0000000083a00000, 0x0000000083b00000, 0x0000000083b00000|100%| O|  |TAMS 0x0000000083b00000, 0x0000000083b00000| Untracked 
|  59|0x0000000083b00000, 0x0000000083c00000, 0x0000000083c00000|100%| O|  |TAMS 0x0000000083c00000, 0x0000000083c00000| Untracked 
|  60|0x0000000083c00000, 0x0000000083d00000, 0x0000000083d00000|100%| O|  |TAMS 0x0000000083d00000, 0x0000000083d00000| Untracked 
|  61|0x0000000083d00000, 0x0000000083d00000, 0x0000000083e00000|  0%| F|  |TAMS 0x0000000083d00000, 0x0000000083d00000| Untracked 
|  62|0x0000000083e00000, 0x0000000083f00000, 0x0000000083f00000|100%| O|  |TAMS 0x0000000083f00000, 0x0000000083f00000| Untracked 
|  63|0x0000000083f00000, 0x0000000084000000, 0x0000000084000000|100%| O|  |TAMS 0x0000000084000000, 0x0000000084000000| Untracked 
|  64|0x0000000084000000, 0x0000000084100000, 0x0000000084100000|100%| O|  |TAMS 0x0000000084100000, 0x0000000084100000| Untracked 
|  65|0x0000000084100000, 0x0000000084200000, 0x0000000084200000|100%| O|  |TAMS 0x0000000084200000, 0x0000000084200000| Untracked 
|  66|0x0000000084200000, 0x0000000084300000, 0x0000000084300000|100%| O|  |TAMS 0x0000000084300000, 0x0000000084300000| Untracked 
|  67|0x0000000084300000, 0x0000000084400000, 0x0000000084400000|100%| O|  |TAMS 0x0000000084400000, 0x0000000084400000| Untracked 
|  68|0x0000000084400000, 0x0000000084500000, 0x0000000084500000|100%| O|  |TAMS 0x0000000084500000, 0x0000000084500000| Untracked 
|  69|0x0000000084500000, 0x0000000084600000, 0x0000000084600000|100%| O|  |TAMS 0x0000000084600000, 0x0000000084600000| Untracked 
|  70|0x0000000084600000, 0x0000000084700000, 0x0000000084700000|100%| O|  |TAMS 0x0000000084700000, 0x0000000084700000| Untracked 
|  71|0x0000000084700000, 0x0000000084700000, 0x0000000084800000|  0%| F|  |TAMS 0x0000000084700000, 0x0000000084700000| Untracked 
|  72|0x0000000084800000, 0x0000000084900000, 0x0000000084900000|100%| O|  |TAMS 0x0000000084900000, 0x0000000084900000| Untracked 
|  73|0x0000000084900000, 0x0000000084900000, 0x0000000084a00000|  0%| F|  |TAMS 0x0000000084900000, 0x0000000084900000| Untracked 
|  74|0x0000000084a00000, 0x0000000084b00000, 0x0000000084b00000|100%| O|  |TAMS 0x0000000084b00000, 0x0000000084b00000| Untracked 
|  75|0x0000000084b00000, 0x0000000084c00000, 0x0000000084c00000|100%| O|  |TAMS 0x0000000084c00000, 0x0000000084c00000| Untracked 
|  76|0x0000000084c00000, 0x0000000084d00000, 0x0000000084d00000|100%| O|  |TAMS 0x0000000084d00000, 0x0000000084d00000| Untracked 
|  77|0x0000000084d00000, 0x0000000084e00000, 0x0000000084e00000|100%| O|  |TAMS 0x0000000084e00000, 0x0000000084e00000| Untracked 
|  78|0x0000000084e00000, 0x0000000084f00000, 0x0000000084f00000|100%| O|  |TAMS 0x0000000084f00000, 0x0000000084f00000| Untracked 
|  79|0x0000000084f00000, 0x0000000085000000, 0x0000000085000000|100%| O|  |TAMS 0x0000000085000000, 0x0000000085000000| Untracked 
|  80|0x0000000085000000, 0x0000000085100000, 0x0000000085100000|100%| O|  |TAMS 0x0000000085100000, 0x0000000085100000| Untracked 
|  81|0x0000000085100000, 0x0000000085200000, 0x0000000085200000|100%| O|  |TAMS 0x0000000085200000, 0x0000000085200000| Untracked 
|  82|0x0000000085200000, 0x0000000085300000, 0x0000000085300000|100%| O|  |TAMS 0x0000000085300000, 0x0000000085300000| Untracked 
|  83|0x0000000085300000, 0x0000000085300000, 0x0000000085400000|  0%| F|  |TAMS 0x0000000085300000, 0x0000000085300000| Untracked 
|  84|0x0000000085400000, 0x0000000085400000, 0x0000000085500000|  0%| F|  |TAMS 0x0000000085400000, 0x0000000085400000| Untracked 
|  85|0x0000000085500000, 0x0000000085600000, 0x0000000085600000|100%| O|  |TAMS 0x0000000085600000, 0x0000000085600000| Untracked 
|  86|0x0000000085600000, 0x0000000085700000, 0x0000000085700000|100%| O|  |TAMS 0x0000000085700000, 0x0000000085700000| Untracked 
|  87|0x0000000085700000, 0x0000000085800000, 0x0000000085800000|100%| O|  |TAMS 0x0000000085800000, 0x0000000085800000| Untracked 
|  88|0x0000000085800000, 0x0000000085900000, 0x0000000085900000|100%| O|  |TAMS 0x0000000085900000, 0x0000000085900000| Untracked 
|  89|0x0000000085900000, 0x0000000085a00000, 0x0000000085a00000|100%| O|  |TAMS 0x0000000085a00000, 0x0000000085a00000| Untracked 
|  90|0x0000000085a00000, 0x0000000085b00000, 0x0000000085b00000|100%| O|  |TAMS 0x0000000085b00000, 0x0000000085b00000| Untracked 
|  91|0x0000000085b00000, 0x0000000085c00000, 0x0000000085c00000|100%| O|  |TAMS 0x0000000085c00000, 0x0000000085c00000| Untracked 
|  92|0x0000000085c00000, 0x0000000085d00000, 0x0000000085d00000|100%| O|  |TAMS 0x0000000085d00000, 0x0000000085d00000| Untracked 
|  93|0x0000000085d00000, 0x0000000085d00000, 0x0000000085e00000|  0%| F|  |TAMS 0x0000000085d00000, 0x0000000085d00000| Untracked 
|  94|0x0000000085e00000, 0x0000000085f00000, 0x0000000085f00000|100%| O|  |TAMS 0x0000000085f00000, 0x0000000085f00000| Untracked 
|  95|0x0000000085f00000, 0x0000000086000000, 0x0000000086000000|100%| O|  |TAMS 0x0000000086000000, 0x0000000086000000| Untracked 
|  96|0x0000000086000000, 0x0000000086100000, 0x0000000086100000|100%| O|  |TAMS 0x0000000086100000, 0x0000000086100000| Untracked 
|  97|0x0000000086100000, 0x0000000086200000, 0x0000000086200000|100%| O|  |TAMS 0x0000000086200000, 0x0000000086200000| Untracked 
|  98|0x0000000086200000, 0x0000000086300000, 0x0000000086300000|100%| O|  |TAMS 0x0000000086300000, 0x0000000086300000| Untracked 
|  99|0x0000000086300000, 0x0000000086400000, 0x0000000086400000|100%| O|  |TAMS 0x0000000086400000, 0x0000000086400000| Untracked 
| 100|0x0000000086400000, 0x0000000086500000, 0x0000000086500000|100%| O|  |TAMS 0x0000000086500000, 0x0000000086500000| Untracked 
| 101|0x0000000086500000, 0x0000000086500000, 0x0000000086600000|  0%| F|  |TAMS 0x0000000086500000, 0x0000000086500000| Untracked 
| 102|0x0000000086600000, 0x0000000086600000, 0x0000000086700000|  0%| F|  |TAMS 0x0000000086600000, 0x0000000086600000| Untracked 
| 103|0x0000000086700000, 0x0000000086700000, 0x0000000086800000|  0%| F|  |TAMS 0x0000000086700000, 0x0000000086700000| Untracked 
| 104|0x0000000086800000, 0x0000000086800000, 0x0000000086900000|  0%| F|  |TAMS 0x0000000086800000, 0x0000000086800000| Untracked 
| 105|0x0000000086900000, 0x0000000086900000, 0x0000000086a00000|  0%| F|  |TAMS 0x0000000086900000, 0x0000000086900000| Untracked 
| 106|0x0000000086a00000, 0x0000000086a00000, 0x0000000086b00000|  0%| F|  |TAMS 0x0000000086a00000, 0x0000000086a00000| Untracked 
| 107|0x0000000086b00000, 0x0000000086c00000, 0x0000000086c00000|100%| O|  |TAMS 0x0000000086c00000, 0x0000000086c00000| Untracked 
| 108|0x0000000086c00000, 0x0000000086d00000, 0x0000000086d00000|100%| O|  |TAMS 0x0000000086d00000, 0x0000000086d00000| Untracked 
| 109|0x0000000086d00000, 0x0000000086e00000, 0x0000000086e00000|100%| O|  |TAMS 0x0000000086d00000, 0x0000000086e00000| Untracked 
| 110|0x0000000086e00000, 0x0000000086f00000, 0x0000000086f00000|100%| O|  |TAMS 0x0000000086e00000, 0x0000000086f00000| Untracked 
| 111|0x0000000086f00000, 0x0000000086f00000, 0x0000000087000000|  0%| F|  |TAMS 0x0000000086f00000, 0x0000000086f00000| Untracked 
| 112|0x0000000087000000, 0x0000000087100000, 0x0000000087100000|100%| O|  |TAMS 0x0000000087100000, 0x0000000087100000| Untracked 
| 113|0x0000000087100000, 0x0000000087200000, 0x0000000087200000|100%| O|  |TAMS 0x0000000087200000, 0x0000000087200000| Untracked 
| 114|0x0000000087200000, 0x0000000087300000, 0x0000000087300000|100%| O|  |TAMS 0x0000000087300000, 0x0000000087300000| Untracked 
| 115|0x0000000087300000, 0x0000000087400000, 0x0000000087400000|100%| O|  |TAMS 0x0000000087400000, 0x0000000087400000| Untracked 
| 116|0x0000000087400000, 0x0000000087400000, 0x0000000087500000|  0%| F|  |TAMS 0x0000000087400000, 0x0000000087400000| Untracked 
| 117|0x0000000087500000, 0x0000000087500000, 0x0000000087600000|  0%| F|  |TAMS 0x0000000087500000, 0x0000000087500000| Untracked 
| 118|0x0000000087600000, 0x0000000087700000, 0x0000000087700000|100%| O|  |TAMS 0x0000000087700000, 0x0000000087700000| Untracked 
| 119|0x0000000087700000, 0x0000000087800000, 0x0000000087800000|100%| O|  |TAMS 0x0000000087800000, 0x0000000087800000| Untracked 
| 120|0x0000000087800000, 0x0000000087900000, 0x0000000087900000|100%| O|  |TAMS 0x0000000087900000, 0x0000000087900000| Untracked 
| 121|0x0000000087900000, 0x0000000087a00000, 0x0000000087a00000|100%| O|  |TAMS 0x0000000087a00000, 0x0000000087a00000| Untracked 
| 122|0x0000000087a00000, 0x0000000087b00000, 0x0000000087b00000|100%| O|  |TAMS 0x0000000087b00000, 0x0000000087b00000| Untracked 
| 123|0x0000000087b00000, 0x0000000087b00000, 0x0000000087c00000|  0%| F|  |TAMS 0x0000000087b00000, 0x0000000087b00000| Untracked 
| 124|0x0000000087c00000, 0x0000000087c00000, 0x0000000087d00000|  0%| F|  |TAMS 0x0000000087c00000, 0x0000000087c00000| Untracked 
| 125|0x0000000087d00000, 0x0000000087e00000, 0x0000000087e00000|100%| O|  |TAMS 0x0000000087e00000, 0x0000000087e00000| Untracked 
| 126|0x0000000087e00000, 0x0000000087e00000, 0x0000000087f00000|  0%| F|  |TAMS 0x0000000087e00000, 0x0000000087e00000| Untracked 
| 127|0x0000000087f00000, 0x0000000088000000, 0x0000000088000000|100%| O|  |TAMS 0x0000000088000000, 0x0000000088000000| Untracked 
| 128|0x0000000088000000, 0x0000000088100000, 0x0000000088100000|100%| O|  |TAMS 0x0000000088100000, 0x0000000088100000| Untracked 
| 129|0x0000000088100000, 0x0000000088200000, 0x0000000088200000|100%| O|  |TAMS 0x0000000088200000, 0x0000000088200000| Untracked 
| 130|0x0000000088200000, 0x0000000088300000, 0x0000000088300000|100%| O|  |TAMS 0x0000000088300000, 0x0000000088300000| Untracked 
| 131|0x0000000088300000, 0x0000000088400000, 0x0000000088400000|100%| O|  |TAMS 0x0000000088400000, 0x0000000088400000| Untracked 
| 132|0x0000000088400000, 0x0000000088500000, 0x0000000088500000|100%| O|  |TAMS 0x0000000088500000, 0x0000000088500000| Untracked 
| 133|0x0000000088500000, 0x0000000088500000, 0x0000000088600000|  0%| F|  |TAMS 0x0000000088500000, 0x0000000088500000| Untracked 
| 134|0x0000000088600000, 0x0000000088700000, 0x0000000088700000|100%| O|  |TAMS 0x0000000088700000, 0x0000000088700000| Untracked 
| 135|0x0000000088700000, 0x0000000088800000, 0x0000000088800000|100%| O|  |TAMS 0x0000000088800000, 0x0000000088800000| Untracked 
| 136|0x0000000088800000, 0x0000000088800000, 0x0000000088900000|  0%| F|  |TAMS 0x0000000088800000, 0x0000000088800000| Untracked 
| 137|0x0000000088900000, 0x0000000088a00000, 0x0000000088a00000|100%| O|  |TAMS 0x0000000088a00000, 0x0000000088a00000| Untracked 
| 138|0x0000000088a00000, 0x0000000088b00000, 0x0000000088b00000|100%| O|  |TAMS 0x0000000088b00000, 0x0000000088b00000| Untracked 
| 139|0x0000000088b00000, 0x0000000088c00000, 0x0000000088c00000|100%| O|  |TAMS 0x0000000088c00000, 0x0000000088c00000| Untracked 
| 140|0x0000000088c00000, 0x0000000088c00000, 0x0000000088d00000|  0%| F|  |TAMS 0x0000000088c00000, 0x0000000088c00000| Untracked 
| 141|0x0000000088d00000, 0x0000000088e00000, 0x0000000088e00000|100%| O|  |TAMS 0x0000000088e00000, 0x0000000088e00000| Untracked 
| 142|0x0000000088e00000, 0x0000000088e00000, 0x0000000088f00000|  0%| F|  |TAMS 0x0000000088e00000, 0x0000000088e00000| Untracked 
| 143|0x0000000088f00000, 0x0000000089000000, 0x0000000089000000|100%| O|  |TAMS 0x0000000089000000, 0x0000000089000000| Untracked 
| 144|0x0000000089000000, 0x0000000089100000, 0x0000000089100000|100%| O|  |TAMS 0x0000000089100000, 0x0000000089100000| Untracked 
| 145|0x0000000089100000, 0x0000000089200000, 0x0000000089200000|100%| O|  |TAMS 0x0000000089200000, 0x0000000089200000| Untracked 
| 146|0x0000000089200000, 0x0000000089300000, 0x0000000089300000|100%| O|  |TAMS 0x0000000089300000, 0x0000000089300000| Untracked 
| 147|0x0000000089300000, 0x0000000089300000, 0x0000000089400000|  0%| F|  |TAMS 0x0000000089300000, 0x0000000089300000| Untracked 
| 148|0x0000000089400000, 0x0000000089400000, 0x0000000089500000|  0%| F|  |TAMS 0x0000000089400000, 0x0000000089400000| Untracked 
| 149|0x0000000089500000, 0x0000000089600000, 0x0000000089600000|100%| O|  |TAMS 0x0000000089600000, 0x0000000089600000| Untracked 
| 150|0x0000000089600000, 0x0000000089700000, 0x0000000089700000|100%| O|  |TAMS 0x0000000089700000, 0x0000000089700000| Untracked 
| 151|0x0000000089700000, 0x0000000089800000, 0x0000000089800000|100%| O|  |TAMS 0x0000000089800000, 0x0000000089800000| Untracked 
| 152|0x0000000089800000, 0x0000000089900000, 0x0000000089900000|100%| O|  |TAMS 0x0000000089900000, 0x0000000089900000| Untracked 
| 153|0x0000000089900000, 0x0000000089a00000, 0x0000000089a00000|100%| O|  |TAMS 0x0000000089a00000, 0x0000000089a00000| Untracked 
| 154|0x0000000089a00000, 0x0000000089b00000, 0x0000000089b00000|100%| O|  |TAMS 0x0000000089b00000, 0x0000000089b00000| Untracked 
| 155|0x0000000089b00000, 0x0000000089c00000, 0x0000000089c00000|100%| O|  |TAMS 0x0000000089c00000, 0x0000000089c00000| Untracked 
| 156|0x0000000089c00000, 0x0000000089c00000, 0x0000000089d00000|  0%| F|  |TAMS 0x0000000089c00000, 0x0000000089c00000| Untracked 
| 157|0x0000000089d00000, 0x0000000089d00000, 0x0000000089e00000|  0%| F|  |TAMS 0x0000000089d00000, 0x0000000089d00000| Untracked 
| 158|0x0000000089e00000, 0x0000000089e00000, 0x0000000089f00000|  0%| F|  |TAMS 0x0000000089e00000, 0x0000000089e00000| Untracked 
| 159|0x0000000089f00000, 0x0000000089f00000, 0x000000008a000000|  0%| F|  |TAMS 0x0000000089f00000, 0x0000000089f00000| Untracked 
| 160|0x000000008a000000, 0x000000008a000000, 0x000000008a100000|  0%| F|  |TAMS 0x000000008a000000, 0x000000008a000000| Untracked 
| 161|0x000000008a100000, 0x000000008a100000, 0x000000008a200000|  0%| F|  |TAMS 0x000000008a100000, 0x000000008a100000| Untracked 
| 162|0x000000008a200000, 0x000000008a200000, 0x000000008a300000|  0%| F|  |TAMS 0x000000008a200000, 0x000000008a200000| Untracked 
| 163|0x000000008a300000, 0x000000008a400000, 0x000000008a400000|100%| O|  |TAMS 0x000000008a400000, 0x000000008a400000| Untracked 
| 164|0x000000008a400000, 0x000000008a500000, 0x000000008a500000|100%| O|  |TAMS 0x000000008a500000, 0x000000008a500000| Untracked 
| 165|0x000000008a500000, 0x000000008a500000, 0x000000008a600000|  0%| F|  |TAMS 0x000000008a500000, 0x000000008a500000| Untracked 
| 166|0x000000008a600000, 0x000000008a700000, 0x000000008a700000|100%| O|  |TAMS 0x000000008a700000, 0x000000008a700000| Untracked 
| 167|0x000000008a700000, 0x000000008a800000, 0x000000008a800000|100%| O|  |TAMS 0x000000008a800000, 0x000000008a800000| Untracked 
| 168|0x000000008a800000, 0x000000008a900000, 0x000000008a900000|100%| O|  |TAMS 0x000000008a900000, 0x000000008a900000| Untracked 
| 169|0x000000008a900000, 0x000000008a900000, 0x000000008aa00000|  0%| F|  |TAMS 0x000000008a900000, 0x000000008a900000| Untracked 
| 170|0x000000008aa00000, 0x000000008aa00000, 0x000000008ab00000|  0%| F|  |TAMS 0x000000008aa00000, 0x000000008aa00000| Untracked 
| 171|0x000000008ab00000, 0x000000008ac00000, 0x000000008ac00000|100%| O|  |TAMS 0x000000008ac00000, 0x000000008ac00000| Untracked 
| 172|0x000000008ac00000, 0x000000008ac00000, 0x000000008ad00000|  0%| F|  |TAMS 0x000000008ac00000, 0x000000008ac00000| Untracked 
| 173|0x000000008ad00000, 0x000000008ae00000, 0x000000008ae00000|100%| O|  |TAMS 0x000000008ae00000, 0x000000008ae00000| Untracked 
| 174|0x000000008ae00000, 0x000000008af00000, 0x000000008af00000|100%| O|  |TAMS 0x000000008af00000, 0x000000008af00000| Untracked 
| 175|0x000000008af00000, 0x000000008b000000, 0x000000008b000000|100%| O|  |TAMS 0x000000008b000000, 0x000000008b000000| Untracked 
| 176|0x000000008b000000, 0x000000008b100000, 0x000000008b100000|100%| O|  |TAMS 0x000000008b100000, 0x000000008b100000| Untracked 
| 177|0x000000008b100000, 0x000000008b200000, 0x000000008b200000|100%| O|  |TAMS 0x000000008b200000, 0x000000008b200000| Untracked 
| 178|0x000000008b200000, 0x000000008b300000, 0x000000008b300000|100%| O|  |TAMS 0x000000008b300000, 0x000000008b300000| Untracked 
| 179|0x000000008b300000, 0x000000008b400000, 0x000000008b400000|100%| O|  |TAMS 0x000000008b400000, 0x000000008b400000| Untracked 
| 180|0x000000008b400000, 0x000000008b500000, 0x000000008b500000|100%| O|  |TAMS 0x000000008b500000, 0x000000008b500000| Untracked 
| 181|0x000000008b500000, 0x000000008b600000, 0x000000008b600000|100%| O|  |TAMS 0x000000008b600000, 0x000000008b600000| Untracked 
| 182|0x000000008b600000, 0x000000008b700000, 0x000000008b700000|100%| O|  |TAMS 0x000000008b700000, 0x000000008b700000| Untracked 
| 183|0x000000008b700000, 0x000000008b800000, 0x000000008b800000|100%| O|  |TAMS 0x000000008b800000, 0x000000008b800000| Untracked 
| 184|0x000000008b800000, 0x000000008b800000, 0x000000008b900000|  0%| F|  |TAMS 0x000000008b800000, 0x000000008b800000| Untracked 
| 185|0x000000008b900000, 0x000000008ba00000, 0x000000008ba00000|100%| O|  |TAMS 0x000000008ba00000, 0x000000008ba00000| Untracked 
| 186|0x000000008ba00000, 0x000000008bb00000, 0x000000008bb00000|100%| O|  |TAMS 0x000000008bb00000, 0x000000008bb00000| Untracked 
| 187|0x000000008bb00000, 0x000000008bc00000, 0x000000008bc00000|100%| O|  |TAMS 0x000000008bc00000, 0x000000008bc00000| Untracked 
| 188|0x000000008bc00000, 0x000000008bd00000, 0x000000008bd00000|100%| O|  |TAMS 0x000000008bd00000, 0x000000008bd00000| Untracked 
| 189|0x000000008bd00000, 0x000000008be00000, 0x000000008be00000|100%| O|  |TAMS 0x000000008be00000, 0x000000008be00000| Untracked 
| 190|0x000000008be00000, 0x000000008bf00000, 0x000000008bf00000|100%| O|  |TAMS 0x000000008bf00000, 0x000000008bf00000| Untracked 
| 191|0x000000008bf00000, 0x000000008c000000, 0x000000008c000000|100%| O|  |TAMS 0x000000008c000000, 0x000000008c000000| Untracked 
| 192|0x000000008c000000, 0x000000008c100000, 0x000000008c100000|100%| O|  |TAMS 0x000000008c100000, 0x000000008c100000| Untracked 
| 193|0x000000008c100000, 0x000000008c200000, 0x000000008c200000|100%| O|  |TAMS 0x000000008c200000, 0x000000008c200000| Untracked 
| 194|0x000000008c200000, 0x000000008c300000, 0x000000008c300000|100%| O|  |TAMS 0x000000008c300000, 0x000000008c300000| Untracked 
| 195|0x000000008c300000, 0x000000008c400000, 0x000000008c400000|100%| O|  |TAMS 0x000000008c400000, 0x000000008c400000| Untracked 
| 196|0x000000008c400000, 0x000000008c500000, 0x000000008c500000|100%| O|  |TAMS 0x000000008c500000, 0x000000008c500000| Untracked 
| 197|0x000000008c500000, 0x000000008c600000, 0x000000008c600000|100%| O|  |TAMS 0x000000008c600000, 0x000000008c600000| Untracked 
| 198|0x000000008c600000, 0x000000008c700000, 0x000000008c700000|100%| O|  |TAMS 0x000000008c700000, 0x000000008c700000| Untracked 
| 199|0x000000008c700000, 0x000000008c800000, 0x000000008c800000|100%| O|  |TAMS 0x000000008c800000, 0x000000008c800000| Untracked 
| 200|0x000000008c800000, 0x000000008c900000, 0x000000008c900000|100%| O|  |TAMS 0x000000008c800000, 0x000000008c900000| Untracked 
| 201|0x000000008c900000, 0x000000008ca00000, 0x000000008ca00000|100%| O|  |TAMS 0x000000008c900000, 0x000000008ca00000| Untracked 
| 202|0x000000008ca00000, 0x000000008cb00000, 0x000000008cb00000|100%| O|  |TAMS 0x000000008cb00000, 0x000000008cb00000| Untracked 
| 203|0x000000008cb00000, 0x000000008cc00000, 0x000000008cc00000|100%| O|  |TAMS 0x000000008cc00000, 0x000000008cc00000| Untracked 
| 204|0x000000008cc00000, 0x000000008cc00000, 0x000000008cd00000|  0%| F|  |TAMS 0x000000008cc00000, 0x000000008cc00000| Untracked 
| 205|0x000000008cd00000, 0x000000008ce00000, 0x000000008ce00000|100%| O|  |TAMS 0x000000008ce00000, 0x000000008ce00000| Untracked 
| 206|0x000000008ce00000, 0x000000008cf00000, 0x000000008cf00000|100%| O|  |TAMS 0x000000008cf00000, 0x000000008cf00000| Untracked 
| 207|0x000000008cf00000, 0x000000008cf00000, 0x000000008d000000|  0%| F|  |TAMS 0x000000008cf00000, 0x000000008cf00000| Untracked 
| 208|0x000000008d000000, 0x000000008d000000, 0x000000008d100000|  0%| F|  |TAMS 0x000000008d000000, 0x000000008d000000| Untracked 
| 209|0x000000008d100000, 0x000000008d200000, 0x000000008d200000|100%| O|  |TAMS 0x000000008d200000, 0x000000008d200000| Untracked 
| 210|0x000000008d200000, 0x000000008d300000, 0x000000008d300000|100%| O|  |TAMS 0x000000008d300000, 0x000000008d300000| Untracked 
| 211|0x000000008d300000, 0x000000008d400000, 0x000000008d400000|100%| O|  |TAMS 0x000000008d400000, 0x000000008d400000| Untracked 
| 212|0x000000008d400000, 0x000000008d500000, 0x000000008d500000|100%| O|  |TAMS 0x000000008d500000, 0x000000008d500000| Untracked 
| 213|0x000000008d500000, 0x000000008d600000, 0x000000008d600000|100%| O|  |TAMS 0x000000008d600000, 0x000000008d600000| Untracked 
| 214|0x000000008d600000, 0x000000008d700000, 0x000000008d700000|100%| O|  |TAMS 0x000000008d700000, 0x000000008d700000| Untracked 
| 215|0x000000008d700000, 0x000000008d800000, 0x000000008d800000|100%| O|  |TAMS 0x000000008d800000, 0x000000008d800000| Untracked 
| 216|0x000000008d800000, 0x000000008d900000, 0x000000008d900000|100%| O|  |TAMS 0x000000008d88a000, 0x000000008d900000| Untracked 
| 217|0x000000008d900000, 0x000000008da00000, 0x000000008da00000|100%| O|  |TAMS 0x000000008d900000, 0x000000008da00000| Untracked 
| 218|0x000000008da00000, 0x000000008db00000, 0x000000008db00000|100%| O|  |TAMS 0x000000008da00000, 0x000000008db00000| Untracked 
| 219|0x000000008db00000, 0x000000008dc00000, 0x000000008dc00000|100%| O|  |TAMS 0x000000008db00000, 0x000000008dc00000| Untracked 
| 220|0x000000008dc00000, 0x000000008dd00000, 0x000000008dd00000|100%| O|  |TAMS 0x000000008dc00000, 0x000000008dd00000| Untracked 
| 221|0x000000008dd00000, 0x000000008de00000, 0x000000008de00000|100%| O|  |TAMS 0x000000008dd00000, 0x000000008de00000| Untracked 
| 222|0x000000008de00000, 0x000000008df00000, 0x000000008df00000|100%| O|  |TAMS 0x000000008de00000, 0x000000008df00000| Untracked 
| 223|0x000000008df00000, 0x000000008e000000, 0x000000008e000000|100%| O|  |TAMS 0x000000008df00000, 0x000000008e000000| Untracked 
| 224|0x000000008e000000, 0x000000008e100000, 0x000000008e100000|100%| O|  |TAMS 0x000000008e000000, 0x000000008e100000| Untracked 
| 225|0x000000008e100000, 0x000000008e200000, 0x000000008e200000|100%| O|  |TAMS 0x000000008e100000, 0x000000008e200000| Untracked 
| 226|0x000000008e200000, 0x000000008e300000, 0x000000008e300000|100%| O|  |TAMS 0x000000008e200000, 0x000000008e300000| Untracked 
| 227|0x000000008e300000, 0x000000008e400000, 0x000000008e400000|100%| O|  |TAMS 0x000000008e300000, 0x000000008e400000| Untracked 
| 228|0x000000008e400000, 0x000000008e500000, 0x000000008e500000|100%| O|  |TAMS 0x000000008e400000, 0x000000008e500000| Untracked 
| 229|0x000000008e500000, 0x000000008e600000, 0x000000008e600000|100%| O|  |TAMS 0x000000008e500000, 0x000000008e600000| Untracked 
| 230|0x000000008e600000, 0x000000008e700000, 0x000000008e700000|100%| O|  |TAMS 0x000000008e600000, 0x000000008e700000| Untracked 
| 231|0x000000008e700000, 0x000000008e800000, 0x000000008e800000|100%| O|  |TAMS 0x000000008e700000, 0x000000008e800000| Untracked 
| 232|0x000000008e800000, 0x000000008e900000, 0x000000008e900000|100%| O|  |TAMS 0x000000008e800000, 0x000000008e900000| Untracked 
| 233|0x000000008e900000, 0x000000008ea00000, 0x000000008ea00000|100%| O|  |TAMS 0x000000008e900000, 0x000000008ea00000| Untracked 
| 234|0x000000008ea00000, 0x000000008eb00000, 0x000000008eb00000|100%| O|  |TAMS 0x000000008ea00000, 0x000000008eb00000| Untracked 
| 235|0x000000008eb00000, 0x000000008ec00000, 0x000000008ec00000|100%| O|  |TAMS 0x000000008eb00000, 0x000000008ec00000| Untracked 
| 236|0x000000008ec00000, 0x000000008ed00000, 0x000000008ed00000|100%| O|  |TAMS 0x000000008ec00000, 0x000000008ed00000| Untracked 
| 237|0x000000008ed00000, 0x000000008ee00000, 0x000000008ee00000|100%| O|  |TAMS 0x000000008ed00000, 0x000000008ee00000| Untracked 
| 238|0x000000008ee00000, 0x000000008ef00000, 0x000000008ef00000|100%| O|  |TAMS 0x000000008ee00000, 0x000000008ef00000| Untracked 
| 239|0x000000008ef00000, 0x000000008f000000, 0x000000008f000000|100%| O|  |TAMS 0x000000008ef00000, 0x000000008f000000| Untracked 
| 240|0x000000008f000000, 0x000000008f100000, 0x000000008f100000|100%| O|  |TAMS 0x000000008f000000, 0x000000008f100000| Untracked 
| 241|0x000000008f100000, 0x000000008f200000, 0x000000008f200000|100%| O|  |TAMS 0x000000008f100000, 0x000000008f200000| Untracked 
| 242|0x000000008f200000, 0x000000008f300000, 0x000000008f300000|100%| O|  |TAMS 0x000000008f200000, 0x000000008f300000| Untracked 
| 243|0x000000008f300000, 0x000000008f400000, 0x000000008f400000|100%| O|  |TAMS 0x000000008f300000, 0x000000008f400000| Untracked 
| 244|0x000000008f400000, 0x000000008f468800, 0x000000008f500000| 40%| O|  |TAMS 0x000000008f400000, 0x000000008f468800| Untracked 
| 245|0x000000008f500000, 0x000000008f500000, 0x000000008f600000|  0%| F|  |TAMS 0x000000008f500000, 0x000000008f500000| Untracked 
| 246|0x000000008f600000, 0x000000008f600000, 0x000000008f700000|  0%| F|  |TAMS 0x000000008f600000, 0x000000008f600000| Untracked 
| 247|0x000000008f700000, 0x000000008f700000, 0x000000008f800000|  0%| F|  |TAMS 0x000000008f700000, 0x000000008f700000| Untracked 
| 248|0x000000008f800000, 0x000000008f800000, 0x000000008f900000|  0%| F|  |TAMS 0x000000008f800000, 0x000000008f800000| Untracked 
| 249|0x000000008f900000, 0x000000008f900000, 0x000000008fa00000|  0%| F|  |TAMS 0x000000008f900000, 0x000000008f900000| Untracked 
| 250|0x000000008fa00000, 0x000000008fa00000, 0x000000008fb00000|  0%| F|  |TAMS 0x000000008fa00000, 0x000000008fa00000| Untracked 
| 251|0x000000008fb00000, 0x000000008fb00000, 0x000000008fc00000|  0%| F|  |TAMS 0x000000008fb00000, 0x000000008fb00000| Untracked 
| 252|0x000000008fc00000, 0x000000008fc00000, 0x000000008fd00000|  0%| F|  |TAMS 0x000000008fc00000, 0x000000008fc00000| Untracked 
| 253|0x000000008fd00000, 0x000000008fd00000, 0x000000008fe00000|  0%| F|  |TAMS 0x000000008fd00000, 0x000000008fd00000| Untracked 
| 254|0x000000008fe00000, 0x000000008fe00000, 0x000000008ff00000|  0%| F|  |TAMS 0x000000008fe00000, 0x000000008fe00000| Untracked 
| 255|0x000000008ff00000, 0x000000008ff00000, 0x0000000090000000|  0%| F|  |TAMS 0x000000008ff00000, 0x000000008ff00000| Untracked 
| 256|0x0000000090000000, 0x0000000090000000, 0x0000000090100000|  0%| F|  |TAMS 0x0000000090000000, 0x0000000090000000| Untracked 
| 257|0x0000000090100000, 0x0000000090100000, 0x0000000090200000|  0%| F|  |TAMS 0x0000000090100000, 0x0000000090100000| Untracked 
| 258|0x0000000090200000, 0x0000000090200000, 0x0000000090300000|  0%| F|  |TAMS 0x0000000090200000, 0x0000000090200000| Untracked 
| 259|0x0000000090300000, 0x0000000090300000, 0x0000000090400000|  0%| F|  |TAMS 0x0000000090300000, 0x0000000090300000| Untracked 
| 260|0x0000000090400000, 0x0000000090400000, 0x0000000090500000|  0%| F|  |TAMS 0x0000000090400000, 0x0000000090400000| Untracked 
| 261|0x0000000090500000, 0x0000000090500000, 0x0000000090600000|  0%| F|  |TAMS 0x0000000090500000, 0x0000000090500000| Untracked 
| 262|0x0000000090600000, 0x0000000090600000, 0x0000000090700000|  0%| F|  |TAMS 0x0000000090600000, 0x0000000090600000| Untracked 
| 263|0x0000000090700000, 0x0000000090700000, 0x0000000090800000|  0%| F|  |TAMS 0x0000000090700000, 0x0000000090700000| Untracked 
| 264|0x0000000090800000, 0x0000000090800000, 0x0000000090900000|  0%| F|  |TAMS 0x0000000090800000, 0x0000000090800000| Untracked 
| 265|0x0000000090900000, 0x0000000090900000, 0x0000000090a00000|  0%| F|  |TAMS 0x0000000090900000, 0x0000000090900000| Untracked 
| 266|0x0000000090a00000, 0x0000000090a00000, 0x0000000090b00000|  0%| F|  |TAMS 0x0000000090a00000, 0x0000000090a00000| Untracked 
| 267|0x0000000090b00000, 0x0000000090b00000, 0x0000000090c00000|  0%| F|  |TAMS 0x0000000090b00000, 0x0000000090b00000| Untracked 
| 268|0x0000000090c00000, 0x0000000090c00000, 0x0000000090d00000|  0%| F|  |TAMS 0x0000000090c00000, 0x0000000090c00000| Untracked 
| 269|0x0000000090d00000, 0x0000000090d00000, 0x0000000090e00000|  0%| F|  |TAMS 0x0000000090d00000, 0x0000000090d00000| Untracked 
| 270|0x0000000090e00000, 0x0000000090e00000, 0x0000000090f00000|  0%| F|  |TAMS 0x0000000090e00000, 0x0000000090e00000| Untracked 
| 271|0x0000000090f00000, 0x0000000090f00000, 0x0000000091000000|  0%| F|  |TAMS 0x0000000090f00000, 0x0000000090f00000| Untracked 
| 272|0x0000000091000000, 0x0000000091000000, 0x0000000091100000|  0%| F|  |TAMS 0x0000000091000000, 0x0000000091000000| Untracked 
| 273|0x0000000091100000, 0x0000000091200000, 0x0000000091200000|100%| O|  |TAMS 0x0000000091200000, 0x0000000091200000| Untracked 
| 274|0x0000000091200000, 0x0000000091300000, 0x0000000091300000|100%| O|  |TAMS 0x0000000091300000, 0x0000000091300000| Untracked 
| 275|0x0000000091300000, 0x0000000091400000, 0x0000000091400000|100%| O|  |TAMS 0x0000000091400000, 0x0000000091400000| Untracked 
| 276|0x0000000091400000, 0x0000000091500000, 0x0000000091500000|100%| O|  |TAMS 0x0000000091500000, 0x0000000091500000| Untracked 
| 277|0x0000000091500000, 0x0000000091500000, 0x0000000091600000|  0%| F|  |TAMS 0x0000000091500000, 0x0000000091500000| Untracked 
| 278|0x0000000091600000, 0x0000000091600000, 0x0000000091700000|  0%| F|  |TAMS 0x0000000091600000, 0x0000000091600000| Untracked 
| 279|0x0000000091700000, 0x0000000091700000, 0x0000000091800000|  0%| F|  |TAMS 0x0000000091700000, 0x0000000091700000| Untracked 
| 280|0x0000000091800000, 0x0000000091800000, 0x0000000091900000|  0%| F|  |TAMS 0x0000000091800000, 0x0000000091800000| Untracked 
| 281|0x0000000091900000, 0x0000000091900000, 0x0000000091a00000|  0%| F|  |TAMS 0x0000000091900000, 0x0000000091900000| Untracked 
| 282|0x0000000091a00000, 0x0000000091a00000, 0x0000000091b00000|  0%| F|  |TAMS 0x0000000091a00000, 0x0000000091a00000| Untracked 
| 283|0x0000000091b00000, 0x0000000091b00000, 0x0000000091c00000|  0%| F|  |TAMS 0x0000000091b00000, 0x0000000091b00000| Untracked 
| 284|0x0000000091c00000, 0x0000000091c00000, 0x0000000091d00000|  0%| F|  |TAMS 0x0000000091c00000, 0x0000000091c00000| Untracked 
| 285|0x0000000091d00000, 0x0000000091d00000, 0x0000000091e00000|  0%| F|  |TAMS 0x0000000091d00000, 0x0000000091d00000| Untracked 
| 286|0x0000000091e00000, 0x0000000091e00000, 0x0000000091f00000|  0%| F|  |TAMS 0x0000000091e00000, 0x0000000091e00000| Untracked 
| 287|0x0000000091f00000, 0x0000000091f00000, 0x0000000092000000|  0%| F|  |TAMS 0x0000000091f00000, 0x0000000091f00000| Untracked 
| 288|0x0000000092000000, 0x0000000092000000, 0x0000000092100000|  0%| F|  |TAMS 0x0000000092000000, 0x0000000092000000| Untracked 
| 289|0x0000000092100000, 0x0000000092100000, 0x0000000092200000|  0%| F|  |TAMS 0x0000000092100000, 0x0000000092100000| Untracked 
| 290|0x0000000092200000, 0x0000000092200000, 0x0000000092300000|  0%| F|  |TAMS 0x0000000092200000, 0x0000000092200000| Untracked 
| 291|0x0000000092300000, 0x0000000092300000, 0x0000000092400000|  0%| F|  |TAMS 0x0000000092300000, 0x0000000092300000| Untracked 
| 292|0x0000000092400000, 0x0000000092400000, 0x0000000092500000|  0%| F|  |TAMS 0x0000000092400000, 0x0000000092400000| Untracked 
| 293|0x0000000092500000, 0x0000000092500000, 0x0000000092600000|  0%| F|  |TAMS 0x0000000092500000, 0x0000000092500000| Untracked 
| 294|0x0000000092600000, 0x0000000092600000, 0x0000000092700000|  0%| F|  |TAMS 0x0000000092600000, 0x0000000092600000| Untracked 
| 295|0x0000000092700000, 0x0000000092700000, 0x0000000092800000|  0%| F|  |TAMS 0x0000000092700000, 0x0000000092700000| Untracked 
| 296|0x0000000092800000, 0x0000000092800000, 0x0000000092900000|  0%| F|  |TAMS 0x0000000092800000, 0x0000000092800000| Untracked 
| 297|0x0000000092900000, 0x0000000092900000, 0x0000000092a00000|  0%| F|  |TAMS 0x0000000092900000, 0x0000000092900000| Untracked 
| 298|0x0000000092a00000, 0x0000000092a00000, 0x0000000092b00000|  0%| F|  |TAMS 0x0000000092a00000, 0x0000000092a00000| Untracked 
| 299|0x0000000092b00000, 0x0000000092b00000, 0x0000000092c00000|  0%| F|  |TAMS 0x0000000092b00000, 0x0000000092b00000| Untracked 
| 300|0x0000000092c00000, 0x0000000092c00000, 0x0000000092d00000|  0%| F|  |TAMS 0x0000000092c00000, 0x0000000092c00000| Untracked 
| 301|0x0000000092d00000, 0x0000000092d00000, 0x0000000092e00000|  0%| F|  |TAMS 0x0000000092d00000, 0x0000000092d00000| Untracked 
| 302|0x0000000092e00000, 0x0000000092e00000, 0x0000000092f00000|  0%| F|  |TAMS 0x0000000092e00000, 0x0000000092e00000| Untracked 
| 303|0x0000000092f00000, 0x0000000092f00000, 0x0000000093000000|  0%| F|  |TAMS 0x0000000092f00000, 0x0000000092f00000| Untracked 
| 304|0x0000000093000000, 0x0000000093000000, 0x0000000093100000|  0%| F|  |TAMS 0x0000000093000000, 0x0000000093000000| Untracked 
| 305|0x0000000093100000, 0x0000000093100000, 0x0000000093200000|  0%| F|  |TAMS 0x0000000093100000, 0x0000000093100000| Untracked 
| 306|0x0000000093200000, 0x0000000093200000, 0x0000000093300000|  0%| F|  |TAMS 0x0000000093200000, 0x0000000093200000| Untracked 
| 307|0x0000000093300000, 0x0000000093300000, 0x0000000093400000|  0%| F|  |TAMS 0x0000000093300000, 0x0000000093300000| Untracked 
| 308|0x0000000093400000, 0x0000000093400000, 0x0000000093500000|  0%| F|  |TAMS 0x0000000093400000, 0x0000000093400000| Untracked 
| 309|0x0000000093500000, 0x0000000093500000, 0x0000000093600000|  0%| F|  |TAMS 0x0000000093500000, 0x0000000093500000| Untracked 
| 310|0x0000000093600000, 0x0000000093600000, 0x0000000093700000|  0%| F|  |TAMS 0x0000000093600000, 0x0000000093600000| Untracked 
| 311|0x0000000093700000, 0x0000000093700000, 0x0000000093800000|  0%| F|  |TAMS 0x0000000093700000, 0x0000000093700000| Untracked 
| 312|0x0000000093800000, 0x0000000093800000, 0x0000000093900000|  0%| F|  |TAMS 0x0000000093800000, 0x0000000093800000| Untracked 
| 313|0x0000000093900000, 0x0000000093900000, 0x0000000093a00000|  0%| F|  |TAMS 0x0000000093900000, 0x0000000093900000| Untracked 
| 314|0x0000000093a00000, 0x0000000093a00000, 0x0000000093b00000|  0%| F|  |TAMS 0x0000000093a00000, 0x0000000093a00000| Untracked 
| 315|0x0000000093b00000, 0x0000000093b00000, 0x0000000093c00000|  0%| F|  |TAMS 0x0000000093b00000, 0x0000000093b00000| Untracked 
| 316|0x0000000093c00000, 0x0000000093c00000, 0x0000000093d00000|  0%| F|  |TAMS 0x0000000093c00000, 0x0000000093c00000| Untracked 
| 317|0x0000000093d00000, 0x0000000093d00000, 0x0000000093e00000|  0%| F|  |TAMS 0x0000000093d00000, 0x0000000093d00000| Untracked 
| 318|0x0000000093e00000, 0x0000000093e00000, 0x0000000093f00000|  0%| F|  |TAMS 0x0000000093e00000, 0x0000000093e00000| Untracked 
| 319|0x0000000093f00000, 0x0000000093f00000, 0x0000000094000000|  0%| F|  |TAMS 0x0000000093f00000, 0x0000000093f00000| Untracked 
| 320|0x0000000094000000, 0x0000000094000000, 0x0000000094100000|  0%| F|  |TAMS 0x0000000094000000, 0x0000000094000000| Untracked 
| 321|0x0000000094100000, 0x0000000094100000, 0x0000000094200000|  0%| F|  |TAMS 0x0000000094100000, 0x0000000094100000| Untracked 
| 322|0x0000000094200000, 0x0000000094200000, 0x0000000094300000|  0%| F|  |TAMS 0x0000000094200000, 0x0000000094200000| Untracked 
| 323|0x0000000094300000, 0x000000009432b880, 0x0000000094400000| 17%| S|CS|TAMS 0x0000000094300000, 0x0000000094300000| Complete 
| 324|0x0000000094400000, 0x0000000094500000, 0x0000000094500000|100%| S|CS|TAMS 0x0000000094400000, 0x0000000094400000| Complete 
| 325|0x0000000094500000, 0x0000000094600000, 0x0000000094600000|100%| S|CS|TAMS 0x0000000094500000, 0x0000000094500000| Complete 
| 326|0x0000000094600000, 0x0000000094700000, 0x0000000094700000|100%| S|CS|TAMS 0x0000000094600000, 0x0000000094600000| Complete 
| 327|0x0000000094700000, 0x0000000094800000, 0x0000000094800000|100%| S|CS|TAMS 0x0000000094700000, 0x0000000094700000| Complete 
| 328|0x0000000094800000, 0x0000000094900000, 0x0000000094900000|100%| S|CS|TAMS 0x0000000094800000, 0x0000000094800000| Complete 
| 329|0x0000000094900000, 0x0000000094a00000, 0x0000000094a00000|100%| S|CS|TAMS 0x0000000094900000, 0x0000000094900000| Complete 
| 330|0x0000000094a00000, 0x0000000094b00000, 0x0000000094b00000|100%| S|CS|TAMS 0x0000000094a00000, 0x0000000094a00000| Complete 
| 331|0x0000000094b00000, 0x0000000094c00000, 0x0000000094c00000|100%| S|CS|TAMS 0x0000000094b00000, 0x0000000094b00000| Complete 
| 332|0x0000000094c00000, 0x0000000094d00000, 0x0000000094d00000|100%| S|CS|TAMS 0x0000000094c00000, 0x0000000094c00000| Complete 
| 333|0x0000000094d00000, 0x0000000094e00000, 0x0000000094e00000|100%| S|CS|TAMS 0x0000000094d00000, 0x0000000094d00000| Complete 
| 334|0x0000000094e00000, 0x0000000094f00000, 0x0000000094f00000|100%| S|CS|TAMS 0x0000000094e00000, 0x0000000094e00000| Complete 
| 335|0x0000000094f00000, 0x0000000095000000, 0x0000000095000000|100%| S|CS|TAMS 0x0000000094f00000, 0x0000000094f00000| Complete 
| 336|0x0000000095000000, 0x0000000095100000, 0x0000000095100000|100%| S|CS|TAMS 0x0000000095000000, 0x0000000095000000| Complete 
| 337|0x0000000095100000, 0x0000000095200000, 0x0000000095200000|100%| S|CS|TAMS 0x0000000095100000, 0x0000000095100000| Complete 
| 338|0x0000000095200000, 0x0000000095300000, 0x0000000095300000|100%| S|CS|TAMS 0x0000000095200000, 0x0000000095200000| Complete 
| 339|0x0000000095300000, 0x0000000095300000, 0x0000000095400000|  0%| F|  |TAMS 0x0000000095300000, 0x0000000095300000| Untracked 
| 340|0x0000000095400000, 0x0000000095400000, 0x0000000095500000|  0%| F|  |TAMS 0x0000000095400000, 0x0000000095400000| Untracked 
| 341|0x0000000095500000, 0x0000000095500000, 0x0000000095600000|  0%| F|  |TAMS 0x0000000095500000, 0x0000000095500000| Untracked 
| 342|0x0000000095600000, 0x0000000095600000, 0x0000000095700000|  0%| F|  |TAMS 0x0000000095600000, 0x0000000095600000| Untracked 
| 343|0x0000000095700000, 0x0000000095700000, 0x0000000095800000|  0%| F|  |TAMS 0x0000000095700000, 0x0000000095700000| Untracked 
| 344|0x0000000095800000, 0x0000000095800000, 0x0000000095900000|  0%| F|  |TAMS 0x0000000095800000, 0x0000000095800000| Untracked 
| 345|0x0000000095900000, 0x0000000095900000, 0x0000000095a00000|  0%| F|  |TAMS 0x0000000095900000, 0x0000000095900000| Untracked 
| 346|0x0000000095a00000, 0x0000000095a00000, 0x0000000095b00000|  0%| F|  |TAMS 0x0000000095a00000, 0x0000000095a00000| Untracked 
| 347|0x0000000095b00000, 0x0000000095b00000, 0x0000000095c00000|  0%| F|  |TAMS 0x0000000095b00000, 0x0000000095b00000| Untracked 
| 348|0x0000000095c00000, 0x0000000095c00000, 0x0000000095d00000|  0%| F|  |TAMS 0x0000000095c00000, 0x0000000095c00000| Untracked 
| 349|0x0000000095d00000, 0x0000000095d00000, 0x0000000095e00000|  0%| F|  |TAMS 0x0000000095d00000, 0x0000000095d00000| Untracked 
| 350|0x0000000095e00000, 0x0000000095e00000, 0x0000000095f00000|  0%| F|  |TAMS 0x0000000095e00000, 0x0000000095e00000| Untracked 
| 351|0x0000000095f00000, 0x0000000095f00000, 0x0000000096000000|  0%| F|  |TAMS 0x0000000095f00000, 0x0000000095f00000| Untracked 
| 352|0x0000000096000000, 0x0000000096000000, 0x0000000096100000|  0%| F|  |TAMS 0x0000000096000000, 0x0000000096000000| Untracked 
| 353|0x0000000096100000, 0x0000000096100000, 0x0000000096200000|  0%| F|  |TAMS 0x0000000096100000, 0x0000000096100000| Untracked 
| 354|0x0000000096200000, 0x0000000096200000, 0x0000000096300000|  0%| F|  |TAMS 0x0000000096200000, 0x0000000096200000| Untracked 
| 355|0x0000000096300000, 0x0000000096300000, 0x0000000096400000|  0%| F|  |TAMS 0x0000000096300000, 0x0000000096300000| Untracked 
| 356|0x0000000096400000, 0x0000000096400000, 0x0000000096500000|  0%| F|  |TAMS 0x0000000096400000, 0x0000000096400000| Untracked 
| 357|0x0000000096500000, 0x0000000096500000, 0x0000000096600000|  0%| F|  |TAMS 0x0000000096500000, 0x0000000096500000| Untracked 
| 358|0x0000000096600000, 0x0000000096600000, 0x0000000096700000|  0%| F|  |TAMS 0x0000000096600000, 0x0000000096600000| Untracked 
| 359|0x0000000096700000, 0x0000000096700000, 0x0000000096800000|  0%| F|  |TAMS 0x0000000096700000, 0x0000000096700000| Untracked 
| 360|0x0000000096800000, 0x0000000096800000, 0x0000000096900000|  0%| F|  |TAMS 0x0000000096800000, 0x0000000096800000| Untracked 
| 361|0x0000000096900000, 0x0000000096900000, 0x0000000096a00000|  0%| F|  |TAMS 0x0000000096900000, 0x0000000096900000| Untracked 
| 362|0x0000000096a00000, 0x0000000096a00000, 0x0000000096b00000|  0%| F|  |TAMS 0x0000000096a00000, 0x0000000096a00000| Untracked 
| 363|0x0000000096b00000, 0x0000000096b00000, 0x0000000096c00000|  0%| F|  |TAMS 0x0000000096b00000, 0x0000000096b00000| Untracked 
| 364|0x0000000096c00000, 0x0000000096c00000, 0x0000000096d00000|  0%| F|  |TAMS 0x0000000096c00000, 0x0000000096c00000| Untracked 
| 365|0x0000000096d00000, 0x0000000096d00000, 0x0000000096e00000|  0%| F|  |TAMS 0x0000000096d00000, 0x0000000096d00000| Untracked 
| 366|0x0000000096e00000, 0x0000000096e00000, 0x0000000096f00000|  0%| F|  |TAMS 0x0000000096e00000, 0x0000000096e00000| Untracked 
| 367|0x0000000096f00000, 0x0000000096f00000, 0x0000000097000000|  0%| F|  |TAMS 0x0000000096f00000, 0x0000000096f00000| Untracked 
| 368|0x0000000097000000, 0x0000000097000000, 0x0000000097100000|  0%| F|  |TAMS 0x0000000097000000, 0x0000000097000000| Untracked 
| 369|0x0000000097100000, 0x0000000097100000, 0x0000000097200000|  0%| F|  |TAMS 0x0000000097100000, 0x0000000097100000| Untracked 
| 370|0x0000000097200000, 0x0000000097200000, 0x0000000097300000|  0%| F|  |TAMS 0x0000000097200000, 0x0000000097200000| Untracked 
| 371|0x0000000097300000, 0x0000000097300000, 0x0000000097400000|  0%| F|  |TAMS 0x0000000097300000, 0x0000000097300000| Untracked 
| 372|0x0000000097400000, 0x0000000097400000, 0x0000000097500000|  0%| F|  |TAMS 0x0000000097400000, 0x0000000097400000| Untracked 
| 373|0x0000000097500000, 0x0000000097500000, 0x0000000097600000|  0%| F|  |TAMS 0x0000000097500000, 0x0000000097500000| Untracked 
| 374|0x0000000097600000, 0x0000000097600000, 0x0000000097700000|  0%| F|  |TAMS 0x0000000097600000, 0x0000000097600000| Untracked 
| 375|0x0000000097700000, 0x0000000097700000, 0x0000000097800000|  0%| F|  |TAMS 0x0000000097700000, 0x0000000097700000| Untracked 
| 376|0x0000000097800000, 0x0000000097800000, 0x0000000097900000|  0%| F|  |TAMS 0x0000000097800000, 0x0000000097800000| Untracked 
| 377|0x0000000097900000, 0x0000000097900000, 0x0000000097a00000|  0%| F|  |TAMS 0x0000000097900000, 0x0000000097900000| Untracked 
| 378|0x0000000097a00000, 0x0000000097a00000, 0x0000000097b00000|  0%| F|  |TAMS 0x0000000097a00000, 0x0000000097a00000| Untracked 
| 379|0x0000000097b00000, 0x0000000097b00000, 0x0000000097c00000|  0%| F|  |TAMS 0x0000000097b00000, 0x0000000097b00000| Untracked 
| 380|0x0000000097c00000, 0x0000000097c00000, 0x0000000097d00000|  0%| F|  |TAMS 0x0000000097c00000, 0x0000000097c00000| Untracked 
| 381|0x0000000097d00000, 0x0000000097d00000, 0x0000000097e00000|  0%| F|  |TAMS 0x0000000097d00000, 0x0000000097d00000| Untracked 
| 382|0x0000000097e00000, 0x0000000097e00000, 0x0000000097f00000|  0%| F|  |TAMS 0x0000000097e00000, 0x0000000097e00000| Untracked 
| 383|0x0000000097f00000, 0x0000000097f00000, 0x0000000098000000|  0%| F|  |TAMS 0x0000000097f00000, 0x0000000097f00000| Untracked 
| 384|0x0000000098000000, 0x0000000098000000, 0x0000000098100000|  0%| F|  |TAMS 0x0000000098000000, 0x0000000098000000| Untracked 
| 385|0x0000000098100000, 0x0000000098100000, 0x0000000098200000|  0%| F|  |TAMS 0x0000000098100000, 0x0000000098100000| Untracked 
| 386|0x0000000098200000, 0x0000000098200000, 0x0000000098300000|  0%| F|  |TAMS 0x0000000098200000, 0x0000000098200000| Untracked 
| 387|0x0000000098300000, 0x0000000098300000, 0x0000000098400000|  0%| F|  |TAMS 0x0000000098300000, 0x0000000098300000| Untracked 
| 388|0x0000000098400000, 0x0000000098400000, 0x0000000098500000|  0%| F|  |TAMS 0x0000000098400000, 0x0000000098400000| Untracked 
| 389|0x0000000098500000, 0x0000000098500000, 0x0000000098600000|  0%| F|  |TAMS 0x0000000098500000, 0x0000000098500000| Untracked 
| 390|0x0000000098600000, 0x0000000098600000, 0x0000000098700000|  0%| F|  |TAMS 0x0000000098600000, 0x0000000098600000| Untracked 
| 391|0x0000000098700000, 0x0000000098700000, 0x0000000098800000|  0%| F|  |TAMS 0x0000000098700000, 0x0000000098700000| Untracked 
| 392|0x0000000098800000, 0x0000000098800000, 0x0000000098900000|  0%| F|  |TAMS 0x0000000098800000, 0x0000000098800000| Untracked 
| 393|0x0000000098900000, 0x0000000098900000, 0x0000000098a00000|  0%| F|  |TAMS 0x0000000098900000, 0x0000000098900000| Untracked 
| 394|0x0000000098a00000, 0x0000000098a00000, 0x0000000098b00000|  0%| F|  |TAMS 0x0000000098a00000, 0x0000000098a00000| Untracked 
| 395|0x0000000098b00000, 0x0000000098b00000, 0x0000000098c00000|  0%| F|  |TAMS 0x0000000098b00000, 0x0000000098b00000| Untracked 
| 396|0x0000000098c00000, 0x0000000098c00000, 0x0000000098d00000|  0%| F|  |TAMS 0x0000000098c00000, 0x0000000098c00000| Untracked 
| 397|0x0000000098d00000, 0x0000000098d00000, 0x0000000098e00000|  0%| F|  |TAMS 0x0000000098d00000, 0x0000000098d00000| Untracked 
| 398|0x0000000098e00000, 0x0000000098e00000, 0x0000000098f00000|  0%| F|  |TAMS 0x0000000098e00000, 0x0000000098e00000| Untracked 
| 399|0x0000000098f00000, 0x0000000098f00000, 0x0000000099000000|  0%| F|  |TAMS 0x0000000098f00000, 0x0000000098f00000| Untracked 
| 400|0x0000000099000000, 0x0000000099000000, 0x0000000099100000|  0%| F|  |TAMS 0x0000000099000000, 0x0000000099000000| Untracked 
| 401|0x0000000099100000, 0x0000000099100000, 0x0000000099200000|  0%| F|  |TAMS 0x0000000099100000, 0x0000000099100000| Untracked 
| 402|0x0000000099200000, 0x0000000099200000, 0x0000000099300000|  0%| F|  |TAMS 0x0000000099200000, 0x0000000099200000| Untracked 
| 403|0x0000000099300000, 0x0000000099300000, 0x0000000099400000|  0%| F|  |TAMS 0x0000000099300000, 0x0000000099300000| Untracked 
| 404|0x0000000099400000, 0x0000000099400000, 0x0000000099500000|  0%| F|  |TAMS 0x0000000099400000, 0x0000000099400000| Untracked 
| 405|0x0000000099500000, 0x0000000099500000, 0x0000000099600000|  0%| F|  |TAMS 0x0000000099500000, 0x0000000099500000| Untracked 
| 406|0x0000000099600000, 0x0000000099600000, 0x0000000099700000|  0%| F|  |TAMS 0x0000000099600000, 0x0000000099600000| Untracked 
| 407|0x0000000099700000, 0x0000000099700000, 0x0000000099800000|  0%| F|  |TAMS 0x0000000099700000, 0x0000000099700000| Untracked 
| 408|0x0000000099800000, 0x0000000099800000, 0x0000000099900000|  0%| F|  |TAMS 0x0000000099800000, 0x0000000099800000| Untracked 
| 409|0x0000000099900000, 0x0000000099900000, 0x0000000099a00000|  0%| F|  |TAMS 0x0000000099900000, 0x0000000099900000| Untracked 
| 410|0x0000000099a00000, 0x0000000099a00000, 0x0000000099b00000|  0%| F|  |TAMS 0x0000000099a00000, 0x0000000099a00000| Untracked 
| 411|0x0000000099b00000, 0x0000000099b00000, 0x0000000099c00000|  0%| F|  |TAMS 0x0000000099b00000, 0x0000000099b00000| Untracked 
| 412|0x0000000099c00000, 0x0000000099c00000, 0x0000000099d00000|  0%| F|  |TAMS 0x0000000099c00000, 0x0000000099c00000| Untracked 
| 413|0x0000000099d00000, 0x0000000099d00000, 0x0000000099e00000|  0%| F|  |TAMS 0x0000000099d00000, 0x0000000099d00000| Untracked 
| 414|0x0000000099e00000, 0x0000000099e00000, 0x0000000099f00000|  0%| F|  |TAMS 0x0000000099e00000, 0x0000000099e00000| Untracked 
| 415|0x0000000099f00000, 0x0000000099f00000, 0x000000009a000000|  0%| F|  |TAMS 0x0000000099f00000, 0x0000000099f00000| Untracked 
| 416|0x000000009a000000, 0x000000009a000000, 0x000000009a100000|  0%| F|  |TAMS 0x000000009a000000, 0x000000009a000000| Untracked 
| 417|0x000000009a100000, 0x000000009a100000, 0x000000009a200000|  0%| F|  |TAMS 0x000000009a100000, 0x000000009a100000| Untracked 
| 418|0x000000009a200000, 0x000000009a200000, 0x000000009a300000|  0%| F|  |TAMS 0x000000009a200000, 0x000000009a200000| Untracked 
| 419|0x000000009a300000, 0x000000009a300000, 0x000000009a400000|  0%| F|  |TAMS 0x000000009a300000, 0x000000009a300000| Untracked 
| 420|0x000000009a400000, 0x000000009a400000, 0x000000009a500000|  0%| F|  |TAMS 0x000000009a400000, 0x000000009a400000| Untracked 
| 421|0x000000009a500000, 0x000000009a500000, 0x000000009a600000|  0%| F|  |TAMS 0x000000009a500000, 0x000000009a500000| Untracked 
| 422|0x000000009a600000, 0x000000009a600000, 0x000000009a700000|  0%| F|  |TAMS 0x000000009a600000, 0x000000009a600000| Untracked 
| 423|0x000000009a700000, 0x000000009a700000, 0x000000009a800000|  0%| F|  |TAMS 0x000000009a700000, 0x000000009a700000| Untracked 
| 424|0x000000009a800000, 0x000000009a800000, 0x000000009a900000|  0%| F|  |TAMS 0x000000009a800000, 0x000000009a800000| Untracked 
| 425|0x000000009a900000, 0x000000009a900000, 0x000000009aa00000|  0%| F|  |TAMS 0x000000009a900000, 0x000000009a900000| Untracked 
| 426|0x000000009aa00000, 0x000000009aa00000, 0x000000009ab00000|  0%| F|  |TAMS 0x000000009aa00000, 0x000000009aa00000| Untracked 
| 427|0x000000009ab00000, 0x000000009ab00000, 0x000000009ac00000|  0%| F|  |TAMS 0x000000009ab00000, 0x000000009ab00000| Untracked 
| 428|0x000000009ac00000, 0x000000009ac00000, 0x000000009ad00000|  0%| F|  |TAMS 0x000000009ac00000, 0x000000009ac00000| Untracked 
| 429|0x000000009ad00000, 0x000000009ad00000, 0x000000009ae00000|  0%| F|  |TAMS 0x000000009ad00000, 0x000000009ad00000| Untracked 
| 430|0x000000009ae00000, 0x000000009ae00000, 0x000000009af00000|  0%| F|  |TAMS 0x000000009ae00000, 0x000000009ae00000| Untracked 
| 431|0x000000009af00000, 0x000000009af00000, 0x000000009b000000|  0%| F|  |TAMS 0x000000009af00000, 0x000000009af00000| Untracked 
| 432|0x000000009b000000, 0x000000009b000000, 0x000000009b100000|  0%| F|  |TAMS 0x000000009b000000, 0x000000009b000000| Untracked 
| 433|0x000000009b100000, 0x000000009b100000, 0x000000009b200000|  0%| F|  |TAMS 0x000000009b100000, 0x000000009b100000| Untracked 
| 434|0x000000009b200000, 0x000000009b200000, 0x000000009b300000|  0%| F|  |TAMS 0x000000009b200000, 0x000000009b200000| Untracked 
| 435|0x000000009b300000, 0x000000009b300000, 0x000000009b400000|  0%| F|  |TAMS 0x000000009b300000, 0x000000009b300000| Untracked 
| 436|0x000000009b400000, 0x000000009b400000, 0x000000009b500000|  0%| F|  |TAMS 0x000000009b400000, 0x000000009b400000| Untracked 
| 437|0x000000009b500000, 0x000000009b500000, 0x000000009b600000|  0%| F|  |TAMS 0x000000009b500000, 0x000000009b500000| Untracked 
| 438|0x000000009b600000, 0x000000009b600000, 0x000000009b700000|  0%| F|  |TAMS 0x000000009b600000, 0x000000009b600000| Untracked 
| 439|0x000000009b700000, 0x000000009b700000, 0x000000009b800000|  0%| F|  |TAMS 0x000000009b700000, 0x000000009b700000| Untracked 
| 440|0x000000009b800000, 0x000000009b800000, 0x000000009b900000|  0%| F|  |TAMS 0x000000009b800000, 0x000000009b800000| Untracked 
| 441|0x000000009b900000, 0x000000009b900000, 0x000000009ba00000|  0%| F|  |TAMS 0x000000009b900000, 0x000000009b900000| Untracked 
| 442|0x000000009ba00000, 0x000000009ba00000, 0x000000009bb00000|  0%| F|  |TAMS 0x000000009ba00000, 0x000000009ba00000| Untracked 
| 443|0x000000009bb00000, 0x000000009bb00000, 0x000000009bc00000|  0%| F|  |TAMS 0x000000009bb00000, 0x000000009bb00000| Untracked 
| 444|0x000000009bc00000, 0x000000009bc00000, 0x000000009bd00000|  0%| F|  |TAMS 0x000000009bc00000, 0x000000009bc00000| Untracked 
| 445|0x000000009bd00000, 0x000000009bd00000, 0x000000009be00000|  0%| F|  |TAMS 0x000000009bd00000, 0x000000009bd00000| Untracked 
| 446|0x000000009be00000, 0x000000009be00000, 0x000000009bf00000|  0%| F|  |TAMS 0x000000009be00000, 0x000000009be00000| Untracked 
| 447|0x000000009bf00000, 0x000000009bf00000, 0x000000009c000000|  0%| F|  |TAMS 0x000000009bf00000, 0x000000009bf00000| Untracked 
| 448|0x000000009c000000, 0x000000009c000000, 0x000000009c100000|  0%| F|  |TAMS 0x000000009c000000, 0x000000009c000000| Untracked 
| 449|0x000000009c100000, 0x000000009c100000, 0x000000009c200000|  0%| F|  |TAMS 0x000000009c100000, 0x000000009c100000| Untracked 
| 450|0x000000009c200000, 0x000000009c200000, 0x000000009c300000|  0%| F|  |TAMS 0x000000009c200000, 0x000000009c200000| Untracked 
| 451|0x000000009c300000, 0x000000009c300000, 0x000000009c400000|  0%| F|  |TAMS 0x000000009c300000, 0x000000009c300000| Untracked 
| 452|0x000000009c400000, 0x000000009c400000, 0x000000009c500000|  0%| F|  |TAMS 0x000000009c400000, 0x000000009c400000| Untracked 
| 453|0x000000009c500000, 0x000000009c500000, 0x000000009c600000|  0%| F|  |TAMS 0x000000009c500000, 0x000000009c500000| Untracked 
| 454|0x000000009c600000, 0x000000009c600000, 0x000000009c700000|  0%| F|  |TAMS 0x000000009c600000, 0x000000009c600000| Untracked 
| 455|0x000000009c700000, 0x000000009c700000, 0x000000009c800000|  0%| F|  |TAMS 0x000000009c700000, 0x000000009c700000| Untracked 
| 456|0x000000009c800000, 0x000000009c800000, 0x000000009c900000|  0%| F|  |TAMS 0x000000009c800000, 0x000000009c800000| Untracked 
| 457|0x000000009c900000, 0x000000009c900000, 0x000000009ca00000|  0%| F|  |TAMS 0x000000009c900000, 0x000000009c900000| Untracked 
| 458|0x000000009ca00000, 0x000000009ca00000, 0x000000009cb00000|  0%| F|  |TAMS 0x000000009ca00000, 0x000000009ca00000| Untracked 
| 459|0x000000009cb00000, 0x000000009cb00000, 0x000000009cc00000|  0%| F|  |TAMS 0x000000009cb00000, 0x000000009cb00000| Untracked 
| 460|0x000000009cc00000, 0x000000009cc00000, 0x000000009cd00000|  0%| F|  |TAMS 0x000000009cc00000, 0x000000009cc00000| Untracked 
| 461|0x000000009cd00000, 0x000000009cd00000, 0x000000009ce00000|  0%| F|  |TAMS 0x000000009cd00000, 0x000000009cd00000| Untracked 
| 462|0x000000009ce00000, 0x000000009ce00000, 0x000000009cf00000|  0%| F|  |TAMS 0x000000009ce00000, 0x000000009ce00000| Untracked 
| 463|0x000000009cf00000, 0x000000009cf00000, 0x000000009d000000|  0%| F|  |TAMS 0x000000009cf00000, 0x000000009cf00000| Untracked 
| 464|0x000000009d000000, 0x000000009d000000, 0x000000009d100000|  0%| F|  |TAMS 0x000000009d000000, 0x000000009d000000| Untracked 
| 465|0x000000009d100000, 0x000000009d100000, 0x000000009d200000|  0%| F|  |TAMS 0x000000009d100000, 0x000000009d100000| Untracked 
| 466|0x000000009d200000, 0x000000009d200000, 0x000000009d300000|  0%| F|  |TAMS 0x000000009d200000, 0x000000009d200000| Untracked 
| 467|0x000000009d300000, 0x000000009d300000, 0x000000009d400000|  0%| F|  |TAMS 0x000000009d300000, 0x000000009d300000| Untracked 
| 468|0x000000009d400000, 0x000000009d400000, 0x000000009d500000|  0%| F|  |TAMS 0x000000009d400000, 0x000000009d400000| Untracked 
| 469|0x000000009d500000, 0x000000009d500000, 0x000000009d600000|  0%| F|  |TAMS 0x000000009d500000, 0x000000009d500000| Untracked 
| 470|0x000000009d600000, 0x000000009d600000, 0x000000009d700000|  0%| F|  |TAMS 0x000000009d600000, 0x000000009d600000| Untracked 
| 471|0x000000009d700000, 0x000000009d700000, 0x000000009d800000|  0%| F|  |TAMS 0x000000009d700000, 0x000000009d700000| Untracked 
| 472|0x000000009d800000, 0x000000009d800000, 0x000000009d900000|  0%| F|  |TAMS 0x000000009d800000, 0x000000009d800000| Untracked 
| 473|0x000000009d900000, 0x000000009d900000, 0x000000009da00000|  0%| F|  |TAMS 0x000000009d900000, 0x000000009d900000| Untracked 
| 474|0x000000009da00000, 0x000000009da00000, 0x000000009db00000|  0%| F|  |TAMS 0x000000009da00000, 0x000000009da00000| Untracked 
| 475|0x000000009db00000, 0x000000009db00000, 0x000000009dc00000|  0%| F|  |TAMS 0x000000009db00000, 0x000000009db00000| Untracked 
| 476|0x000000009dc00000, 0x000000009dc00000, 0x000000009dd00000|  0%| F|  |TAMS 0x000000009dc00000, 0x000000009dc00000| Untracked 
| 477|0x000000009dd00000, 0x000000009dd00000, 0x000000009de00000|  0%| F|  |TAMS 0x000000009dd00000, 0x000000009dd00000| Untracked 
| 478|0x000000009de00000, 0x000000009de00000, 0x000000009df00000|  0%| F|  |TAMS 0x000000009de00000, 0x000000009de00000| Untracked 
| 479|0x000000009df00000, 0x000000009df00000, 0x000000009e000000|  0%| F|  |TAMS 0x000000009df00000, 0x000000009df00000| Untracked 
| 480|0x000000009e000000, 0x000000009e000000, 0x000000009e100000|  0%| F|  |TAMS 0x000000009e000000, 0x000000009e000000| Untracked 
| 481|0x000000009e100000, 0x000000009e100000, 0x000000009e200000|  0%| F|  |TAMS 0x000000009e100000, 0x000000009e100000| Untracked 
| 482|0x000000009e200000, 0x000000009e200000, 0x000000009e300000|  0%| F|  |TAMS 0x000000009e200000, 0x000000009e200000| Untracked 
| 483|0x000000009e300000, 0x000000009e300000, 0x000000009e400000|  0%| F|  |TAMS 0x000000009e300000, 0x000000009e300000| Untracked 
| 484|0x000000009e400000, 0x000000009e400000, 0x000000009e500000|  0%| F|  |TAMS 0x000000009e400000, 0x000000009e400000| Untracked 
| 485|0x000000009e500000, 0x000000009e500000, 0x000000009e600000|  0%| F|  |TAMS 0x000000009e500000, 0x000000009e500000| Untracked 
| 486|0x000000009e600000, 0x000000009e600000, 0x000000009e700000|  0%| F|  |TAMS 0x000000009e600000, 0x000000009e600000| Untracked 
| 487|0x000000009e700000, 0x000000009e700000, 0x000000009e800000|  0%| F|  |TAMS 0x000000009e700000, 0x000000009e700000| Untracked 
| 488|0x000000009e800000, 0x000000009e800000, 0x000000009e900000|  0%| F|  |TAMS 0x000000009e800000, 0x000000009e800000| Untracked 
| 489|0x000000009e900000, 0x000000009e900000, 0x000000009ea00000|  0%| F|  |TAMS 0x000000009e900000, 0x000000009e900000| Untracked 
| 490|0x000000009ea00000, 0x000000009ea00000, 0x000000009eb00000|  0%| F|  |TAMS 0x000000009ea00000, 0x000000009ea00000| Untracked 
| 491|0x000000009eb00000, 0x000000009eb00000, 0x000000009ec00000|  0%| F|  |TAMS 0x000000009eb00000, 0x000000009eb00000| Untracked 
| 492|0x000000009ec00000, 0x000000009ec00000, 0x000000009ed00000|  0%| F|  |TAMS 0x000000009ec00000, 0x000000009ec00000| Untracked 
| 493|0x000000009ed00000, 0x000000009ed00000, 0x000000009ee00000|  0%| F|  |TAMS 0x000000009ed00000, 0x000000009ed00000| Untracked 
| 494|0x000000009ee00000, 0x000000009ee00000, 0x000000009ef00000|  0%| F|  |TAMS 0x000000009ee00000, 0x000000009ee00000| Untracked 
| 495|0x000000009ef00000, 0x000000009ef00000, 0x000000009f000000|  0%| F|  |TAMS 0x000000009ef00000, 0x000000009ef00000| Untracked 
| 496|0x000000009f000000, 0x000000009f000000, 0x000000009f100000|  0%| F|  |TAMS 0x000000009f000000, 0x000000009f000000| Untracked 
| 497|0x000000009f100000, 0x000000009f100000, 0x000000009f200000|  0%| F|  |TAMS 0x000000009f100000, 0x000000009f100000| Untracked 
| 498|0x000000009f200000, 0x000000009f200000, 0x000000009f300000|  0%| F|  |TAMS 0x000000009f200000, 0x000000009f200000| Untracked 
| 499|0x000000009f300000, 0x000000009f300000, 0x000000009f400000|  0%| F|  |TAMS 0x000000009f300000, 0x000000009f300000| Untracked 
| 500|0x000000009f400000, 0x000000009f400000, 0x000000009f500000|  0%| F|  |TAMS 0x000000009f400000, 0x000000009f400000| Untracked 
| 501|0x000000009f500000, 0x000000009f500000, 0x000000009f600000|  0%| F|  |TAMS 0x000000009f500000, 0x000000009f500000| Untracked 
| 502|0x000000009f600000, 0x000000009f600000, 0x000000009f700000|  0%| F|  |TAMS 0x000000009f600000, 0x000000009f600000| Untracked 
| 503|0x000000009f700000, 0x000000009f700000, 0x000000009f800000|  0%| F|  |TAMS 0x000000009f700000, 0x000000009f700000| Untracked 
| 504|0x000000009f800000, 0x000000009f800000, 0x000000009f900000|  0%| F|  |TAMS 0x000000009f800000, 0x000000009f800000| Untracked 
| 505|0x000000009f900000, 0x000000009f900000, 0x000000009fa00000|  0%| F|  |TAMS 0x000000009f900000, 0x000000009f900000| Untracked 
| 506|0x000000009fa00000, 0x000000009fa00000, 0x000000009fb00000|  0%| F|  |TAMS 0x000000009fa00000, 0x000000009fa00000| Untracked 
| 507|0x000000009fb00000, 0x000000009fb00000, 0x000000009fc00000|  0%| F|  |TAMS 0x000000009fb00000, 0x000000009fb00000| Untracked 
| 508|0x000000009fc00000, 0x000000009fc00000, 0x000000009fd00000|  0%| F|  |TAMS 0x000000009fc00000, 0x000000009fc00000| Untracked 
| 509|0x000000009fd00000, 0x000000009fd00000, 0x000000009fe00000|  0%| F|  |TAMS 0x000000009fd00000, 0x000000009fd00000| Untracked 
| 510|0x000000009fe00000, 0x000000009fe00000, 0x000000009ff00000|  0%| F|  |TAMS 0x000000009fe00000, 0x000000009fe00000| Untracked 
| 511|0x000000009ff00000, 0x000000009ff00000, 0x00000000a0000000|  0%| F|  |TAMS 0x000000009ff00000, 0x000000009ff00000| Untracked 
| 512|0x00000000a0000000, 0x00000000a0000000, 0x00000000a0100000|  0%| F|  |TAMS 0x00000000a0000000, 0x00000000a0000000| Untracked 
| 513|0x00000000a0100000, 0x00000000a0100000, 0x00000000a0200000|  0%| F|  |TAMS 0x00000000a0100000, 0x00000000a0100000| Untracked 
| 514|0x00000000a0200000, 0x00000000a0200000, 0x00000000a0300000|  0%| F|  |TAMS 0x00000000a0200000, 0x00000000a0200000| Untracked 
| 515|0x00000000a0300000, 0x00000000a0300000, 0x00000000a0400000|  0%| F|  |TAMS 0x00000000a0300000, 0x00000000a0300000| Untracked 
| 516|0x00000000a0400000, 0x00000000a0400000, 0x00000000a0500000|  0%| F|  |TAMS 0x00000000a0400000, 0x00000000a0400000| Untracked 
| 517|0x00000000a0500000, 0x00000000a0500000, 0x00000000a0600000|  0%| F|  |TAMS 0x00000000a0500000, 0x00000000a0500000| Untracked 
| 518|0x00000000a0600000, 0x00000000a0600000, 0x00000000a0700000|  0%| F|  |TAMS 0x00000000a0600000, 0x00000000a0600000| Untracked 
| 519|0x00000000a0700000, 0x00000000a0700000, 0x00000000a0800000|  0%| F|  |TAMS 0x00000000a0700000, 0x00000000a0700000| Untracked 
| 520|0x00000000a0800000, 0x00000000a0800000, 0x00000000a0900000|  0%| F|  |TAMS 0x00000000a0800000, 0x00000000a0800000| Untracked 
| 521|0x00000000a0900000, 0x00000000a0900000, 0x00000000a0a00000|  0%| F|  |TAMS 0x00000000a0900000, 0x00000000a0900000| Untracked 
| 522|0x00000000a0a00000, 0x00000000a0a00000, 0x00000000a0b00000|  0%| F|  |TAMS 0x00000000a0a00000, 0x00000000a0a00000| Untracked 
| 523|0x00000000a0b00000, 0x00000000a0b00000, 0x00000000a0c00000|  0%| F|  |TAMS 0x00000000a0b00000, 0x00000000a0b00000| Untracked 
| 524|0x00000000a0c00000, 0x00000000a0c00000, 0x00000000a0d00000|  0%| F|  |TAMS 0x00000000a0c00000, 0x00000000a0c00000| Untracked 
| 525|0x00000000a0d00000, 0x00000000a0d00000, 0x00000000a0e00000|  0%| F|  |TAMS 0x00000000a0d00000, 0x00000000a0d00000| Untracked 
| 526|0x00000000a0e00000, 0x00000000a0e00000, 0x00000000a0f00000|  0%| F|  |TAMS 0x00000000a0e00000, 0x00000000a0e00000| Untracked 
| 527|0x00000000a0f00000, 0x00000000a0f00000, 0x00000000a1000000|  0%| F|  |TAMS 0x00000000a0f00000, 0x00000000a0f00000| Untracked 
| 528|0x00000000a1000000, 0x00000000a1000000, 0x00000000a1100000|  0%| F|  |TAMS 0x00000000a1000000, 0x00000000a1000000| Untracked 
| 529|0x00000000a1100000, 0x00000000a1100000, 0x00000000a1200000|  0%| F|  |TAMS 0x00000000a1100000, 0x00000000a1100000| Untracked 
| 530|0x00000000a1200000, 0x00000000a1200000, 0x00000000a1300000|  0%| F|  |TAMS 0x00000000a1200000, 0x00000000a1200000| Untracked 
| 531|0x00000000a1300000, 0x00000000a1300000, 0x00000000a1400000|  0%| F|  |TAMS 0x00000000a1300000, 0x00000000a1300000| Untracked 
| 532|0x00000000a1400000, 0x00000000a1400000, 0x00000000a1500000|  0%| F|  |TAMS 0x00000000a1400000, 0x00000000a1400000| Untracked 
| 533|0x00000000a1500000, 0x00000000a1500000, 0x00000000a1600000|  0%| F|  |TAMS 0x00000000a1500000, 0x00000000a1500000| Untracked 
| 534|0x00000000a1600000, 0x00000000a1600000, 0x00000000a1700000|  0%| F|  |TAMS 0x00000000a1600000, 0x00000000a1600000| Untracked 
| 535|0x00000000a1700000, 0x00000000a1700000, 0x00000000a1800000|  0%| F|  |TAMS 0x00000000a1700000, 0x00000000a1700000| Untracked 
| 536|0x00000000a1800000, 0x00000000a1800000, 0x00000000a1900000|  0%| F|  |TAMS 0x00000000a1800000, 0x00000000a1800000| Untracked 
| 537|0x00000000a1900000, 0x00000000a1900000, 0x00000000a1a00000|  0%| F|  |TAMS 0x00000000a1900000, 0x00000000a1900000| Untracked 
| 538|0x00000000a1a00000, 0x00000000a1a00000, 0x00000000a1b00000|  0%| F|  |TAMS 0x00000000a1a00000, 0x00000000a1a00000| Untracked 
| 539|0x00000000a1b00000, 0x00000000a1b00000, 0x00000000a1c00000|  0%| F|  |TAMS 0x00000000a1b00000, 0x00000000a1b00000| Untracked 
| 540|0x00000000a1c00000, 0x00000000a1c00000, 0x00000000a1d00000|  0%| F|  |TAMS 0x00000000a1c00000, 0x00000000a1c00000| Untracked 
| 541|0x00000000a1d00000, 0x00000000a1d00000, 0x00000000a1e00000|  0%| F|  |TAMS 0x00000000a1d00000, 0x00000000a1d00000| Untracked 
| 542|0x00000000a1e00000, 0x00000000a1e00000, 0x00000000a1f00000|  0%| F|  |TAMS 0x00000000a1e00000, 0x00000000a1e00000| Untracked 
| 543|0x00000000a1f00000, 0x00000000a1f00000, 0x00000000a2000000|  0%| F|  |TAMS 0x00000000a1f00000, 0x00000000a1f00000| Untracked 
| 544|0x00000000a2000000, 0x00000000a2000000, 0x00000000a2100000|  0%| F|  |TAMS 0x00000000a2000000, 0x00000000a2000000| Untracked 
| 545|0x00000000a2100000, 0x00000000a2100000, 0x00000000a2200000|  0%| F|  |TAMS 0x00000000a2100000, 0x00000000a2100000| Untracked 
| 546|0x00000000a2200000, 0x00000000a2200000, 0x00000000a2300000|  0%| F|  |TAMS 0x00000000a2200000, 0x00000000a2200000| Untracked 
| 547|0x00000000a2300000, 0x00000000a2300000, 0x00000000a2400000|  0%| F|  |TAMS 0x00000000a2300000, 0x00000000a2300000| Untracked 
| 548|0x00000000a2400000, 0x00000000a2400000, 0x00000000a2500000|  0%| F|  |TAMS 0x00000000a2400000, 0x00000000a2400000| Untracked 
| 549|0x00000000a2500000, 0x00000000a2500000, 0x00000000a2600000|  0%| F|  |TAMS 0x00000000a2500000, 0x00000000a2500000| Untracked 
| 550|0x00000000a2600000, 0x00000000a2600000, 0x00000000a2700000|  0%| F|  |TAMS 0x00000000a2600000, 0x00000000a2600000| Untracked 
| 551|0x00000000a2700000, 0x00000000a2700000, 0x00000000a2800000|  0%| F|  |TAMS 0x00000000a2700000, 0x00000000a2700000| Untracked 
| 552|0x00000000a2800000, 0x00000000a2800000, 0x00000000a2900000|  0%| F|  |TAMS 0x00000000a2800000, 0x00000000a2800000| Untracked 
| 553|0x00000000a2900000, 0x00000000a2900000, 0x00000000a2a00000|  0%| F|  |TAMS 0x00000000a2900000, 0x00000000a2900000| Untracked 
| 554|0x00000000a2a00000, 0x00000000a2a00000, 0x00000000a2b00000|  0%| F|  |TAMS 0x00000000a2a00000, 0x00000000a2a00000| Untracked 
| 555|0x00000000a2b00000, 0x00000000a2b00000, 0x00000000a2c00000|  0%| F|  |TAMS 0x00000000a2b00000, 0x00000000a2b00000| Untracked 
| 556|0x00000000a2c00000, 0x00000000a2c00000, 0x00000000a2d00000|  0%| F|  |TAMS 0x00000000a2c00000, 0x00000000a2c00000| Untracked 
| 557|0x00000000a2d00000, 0x00000000a2d00000, 0x00000000a2e00000|  0%| F|  |TAMS 0x00000000a2d00000, 0x00000000a2d00000| Untracked 
| 558|0x00000000a2e00000, 0x00000000a2e00000, 0x00000000a2f00000|  0%| F|  |TAMS 0x00000000a2e00000, 0x00000000a2e00000| Untracked 
| 559|0x00000000a2f00000, 0x00000000a2f00000, 0x00000000a3000000|  0%| F|  |TAMS 0x00000000a2f00000, 0x00000000a2f00000| Untracked 
| 560|0x00000000a3000000, 0x00000000a3000000, 0x00000000a3100000|  0%| F|  |TAMS 0x00000000a3000000, 0x00000000a3000000| Untracked 
| 561|0x00000000a3100000, 0x00000000a3100000, 0x00000000a3200000|  0%| F|  |TAMS 0x00000000a3100000, 0x00000000a3100000| Untracked 
| 562|0x00000000a3200000, 0x00000000a3200000, 0x00000000a3300000|  0%| F|  |TAMS 0x00000000a3200000, 0x00000000a3200000| Untracked 
| 563|0x00000000a3300000, 0x00000000a3300000, 0x00000000a3400000|  0%| F|  |TAMS 0x00000000a3300000, 0x00000000a3300000| Untracked 
| 564|0x00000000a3400000, 0x00000000a3400000, 0x00000000a3500000|  0%| F|  |TAMS 0x00000000a3400000, 0x00000000a3400000| Untracked 
| 565|0x00000000a3500000, 0x00000000a3500000, 0x00000000a3600000|  0%| F|  |TAMS 0x00000000a3500000, 0x00000000a3500000| Untracked 
| 566|0x00000000a3600000, 0x00000000a3600000, 0x00000000a3700000|  0%| F|  |TAMS 0x00000000a3600000, 0x00000000a3600000| Untracked 
| 567|0x00000000a3700000, 0x00000000a3700000, 0x00000000a3800000|  0%| F|  |TAMS 0x00000000a3700000, 0x00000000a3700000| Untracked 
| 568|0x00000000a3800000, 0x00000000a3800000, 0x00000000a3900000|  0%| F|  |TAMS 0x00000000a3800000, 0x00000000a3800000| Untracked 
| 569|0x00000000a3900000, 0x00000000a3900000, 0x00000000a3a00000|  0%| F|  |TAMS 0x00000000a3900000, 0x00000000a3900000| Untracked 
| 570|0x00000000a3a00000, 0x00000000a3a00000, 0x00000000a3b00000|  0%| F|  |TAMS 0x00000000a3a00000, 0x00000000a3a00000| Untracked 
| 571|0x00000000a3b00000, 0x00000000a3b00000, 0x00000000a3c00000|  0%| F|  |TAMS 0x00000000a3b00000, 0x00000000a3b00000| Untracked 
| 572|0x00000000a3c00000, 0x00000000a3c00000, 0x00000000a3d00000|  0%| F|  |TAMS 0x00000000a3c00000, 0x00000000a3c00000| Untracked 
| 573|0x00000000a3d00000, 0x00000000a3d00000, 0x00000000a3e00000|  0%| F|  |TAMS 0x00000000a3d00000, 0x00000000a3d00000| Untracked 
| 574|0x00000000a3e00000, 0x00000000a3e00000, 0x00000000a3f00000|  0%| F|  |TAMS 0x00000000a3e00000, 0x00000000a3e00000| Untracked 
| 575|0x00000000a3f00000, 0x00000000a3f00000, 0x00000000a4000000|  0%| F|  |TAMS 0x00000000a3f00000, 0x00000000a3f00000| Untracked 
| 576|0x00000000a4000000, 0x00000000a4000000, 0x00000000a4100000|  0%| F|  |TAMS 0x00000000a4000000, 0x00000000a4000000| Untracked 
| 577|0x00000000a4100000, 0x00000000a4100000, 0x00000000a4200000|  0%| F|  |TAMS 0x00000000a4100000, 0x00000000a4100000| Untracked 
| 578|0x00000000a4200000, 0x00000000a4200000, 0x00000000a4300000|  0%| F|  |TAMS 0x00000000a4200000, 0x00000000a4200000| Untracked 
| 579|0x00000000a4300000, 0x00000000a4300000, 0x00000000a4400000|  0%| F|  |TAMS 0x00000000a4300000, 0x00000000a4300000| Untracked 
| 580|0x00000000a4400000, 0x00000000a4400000, 0x00000000a4500000|  0%| F|  |TAMS 0x00000000a4400000, 0x00000000a4400000| Untracked 
| 581|0x00000000a4500000, 0x00000000a4500000, 0x00000000a4600000|  0%| F|  |TAMS 0x00000000a4500000, 0x00000000a4500000| Untracked 
| 582|0x00000000a4600000, 0x00000000a4600000, 0x00000000a4700000|  0%| F|  |TAMS 0x00000000a4600000, 0x00000000a4600000| Untracked 
| 583|0x00000000a4700000, 0x00000000a4700000, 0x00000000a4800000|  0%| F|  |TAMS 0x00000000a4700000, 0x00000000a4700000| Untracked 
| 584|0x00000000a4800000, 0x00000000a4800000, 0x00000000a4900000|  0%| F|  |TAMS 0x00000000a4800000, 0x00000000a4800000| Untracked 
| 585|0x00000000a4900000, 0x00000000a4900000, 0x00000000a4a00000|  0%| F|  |TAMS 0x00000000a4900000, 0x00000000a4900000| Untracked 
| 586|0x00000000a4a00000, 0x00000000a4a00000, 0x00000000a4b00000|  0%| F|  |TAMS 0x00000000a4a00000, 0x00000000a4a00000| Untracked 
| 587|0x00000000a4b00000, 0x00000000a4b00000, 0x00000000a4c00000|  0%| F|  |TAMS 0x00000000a4b00000, 0x00000000a4b00000| Untracked 
| 588|0x00000000a4c00000, 0x00000000a4c00000, 0x00000000a4d00000|  0%| F|  |TAMS 0x00000000a4c00000, 0x00000000a4c00000| Untracked 
| 589|0x00000000a4d00000, 0x00000000a4d00000, 0x00000000a4e00000|  0%| F|  |TAMS 0x00000000a4d00000, 0x00000000a4d00000| Untracked 
| 590|0x00000000a4e00000, 0x00000000a4e00000, 0x00000000a4f00000|  0%| F|  |TAMS 0x00000000a4e00000, 0x00000000a4e00000| Untracked 
| 591|0x00000000a4f00000, 0x00000000a4f00000, 0x00000000a5000000|  0%| F|  |TAMS 0x00000000a4f00000, 0x00000000a4f00000| Untracked 
| 592|0x00000000a5000000, 0x00000000a5000000, 0x00000000a5100000|  0%| F|  |TAMS 0x00000000a5000000, 0x00000000a5000000| Untracked 
| 593|0x00000000a5100000, 0x00000000a5100000, 0x00000000a5200000|  0%| F|  |TAMS 0x00000000a5100000, 0x00000000a5100000| Untracked 
| 594|0x00000000a5200000, 0x00000000a5200000, 0x00000000a5300000|  0%| F|  |TAMS 0x00000000a5200000, 0x00000000a5200000| Untracked 
| 595|0x00000000a5300000, 0x00000000a5300000, 0x00000000a5400000|  0%| F|  |TAMS 0x00000000a5300000, 0x00000000a5300000| Untracked 
| 596|0x00000000a5400000, 0x00000000a5400000, 0x00000000a5500000|  0%| F|  |TAMS 0x00000000a5400000, 0x00000000a5400000| Untracked 
| 597|0x00000000a5500000, 0x00000000a5500000, 0x00000000a5600000|  0%| F|  |TAMS 0x00000000a5500000, 0x00000000a5500000| Untracked 
| 598|0x00000000a5600000, 0x00000000a5600000, 0x00000000a5700000|  0%| F|  |TAMS 0x00000000a5600000, 0x00000000a5600000| Untracked 
| 599|0x00000000a5700000, 0x00000000a5700000, 0x00000000a5800000|  0%| F|  |TAMS 0x00000000a5700000, 0x00000000a5700000| Untracked 
| 600|0x00000000a5800000, 0x00000000a5800000, 0x00000000a5900000|  0%| F|  |TAMS 0x00000000a5800000, 0x00000000a5800000| Untracked 
| 601|0x00000000a5900000, 0x00000000a5900000, 0x00000000a5a00000|  0%| F|  |TAMS 0x00000000a5900000, 0x00000000a5900000| Untracked 
| 602|0x00000000a5a00000, 0x00000000a5a00000, 0x00000000a5b00000|  0%| F|  |TAMS 0x00000000a5a00000, 0x00000000a5a00000| Untracked 
| 603|0x00000000a5b00000, 0x00000000a5b00000, 0x00000000a5c00000|  0%| F|  |TAMS 0x00000000a5b00000, 0x00000000a5b00000| Untracked 
| 604|0x00000000a5c00000, 0x00000000a5c00000, 0x00000000a5d00000|  0%| F|  |TAMS 0x00000000a5c00000, 0x00000000a5c00000| Untracked 
| 605|0x00000000a5d00000, 0x00000000a5d00000, 0x00000000a5e00000|  0%| F|  |TAMS 0x00000000a5d00000, 0x00000000a5d00000| Untracked 
| 606|0x00000000a5e00000, 0x00000000a5e00000, 0x00000000a5f00000|  0%| F|  |TAMS 0x00000000a5e00000, 0x00000000a5e00000| Untracked 
| 607|0x00000000a5f00000, 0x00000000a5f00000, 0x00000000a6000000|  0%| F|  |TAMS 0x00000000a5f00000, 0x00000000a5f00000| Untracked 
| 608|0x00000000a6000000, 0x00000000a6000000, 0x00000000a6100000|  0%| F|  |TAMS 0x00000000a6000000, 0x00000000a6000000| Untracked 
| 609|0x00000000a6100000, 0x00000000a6100000, 0x00000000a6200000|  0%| F|  |TAMS 0x00000000a6100000, 0x00000000a6100000| Untracked 
| 610|0x00000000a6200000, 0x00000000a6200000, 0x00000000a6300000|  0%| F|  |TAMS 0x00000000a6200000, 0x00000000a6200000| Untracked 
| 611|0x00000000a6300000, 0x00000000a6300000, 0x00000000a6400000|  0%| F|  |TAMS 0x00000000a6300000, 0x00000000a6300000| Untracked 
| 612|0x00000000a6400000, 0x00000000a6400000, 0x00000000a6500000|  0%| F|  |TAMS 0x00000000a6400000, 0x00000000a6400000| Untracked 
| 613|0x00000000a6500000, 0x00000000a6500000, 0x00000000a6600000|  0%| F|  |TAMS 0x00000000a6500000, 0x00000000a6500000| Untracked 
| 614|0x00000000a6600000, 0x00000000a6600000, 0x00000000a6700000|  0%| F|  |TAMS 0x00000000a6600000, 0x00000000a6600000| Untracked 
| 615|0x00000000a6700000, 0x00000000a6700000, 0x00000000a6800000|  0%| F|  |TAMS 0x00000000a6700000, 0x00000000a6700000| Untracked 
| 616|0x00000000a6800000, 0x00000000a6800000, 0x00000000a6900000|  0%| F|  |TAMS 0x00000000a6800000, 0x00000000a6800000| Untracked 
| 617|0x00000000a6900000, 0x00000000a6900000, 0x00000000a6a00000|  0%| F|  |TAMS 0x00000000a6900000, 0x00000000a6900000| Untracked 
| 618|0x00000000a6a00000, 0x00000000a6a00000, 0x00000000a6b00000|  0%| F|  |TAMS 0x00000000a6a00000, 0x00000000a6a00000| Untracked 
| 619|0x00000000a6b00000, 0x00000000a6b00000, 0x00000000a6c00000|  0%| F|  |TAMS 0x00000000a6b00000, 0x00000000a6b00000| Untracked 
| 620|0x00000000a6c00000, 0x00000000a6c00000, 0x00000000a6d00000|  0%| F|  |TAMS 0x00000000a6c00000, 0x00000000a6c00000| Untracked 
| 621|0x00000000a6d00000, 0x00000000a6d00000, 0x00000000a6e00000|  0%| F|  |TAMS 0x00000000a6d00000, 0x00000000a6d00000| Untracked 
| 622|0x00000000a6e00000, 0x00000000a6e00000, 0x00000000a6f00000|  0%| F|  |TAMS 0x00000000a6e00000, 0x00000000a6e00000| Untracked 
| 623|0x00000000a6f00000, 0x00000000a6f00000, 0x00000000a7000000|  0%| F|  |TAMS 0x00000000a6f00000, 0x00000000a6f00000| Untracked 
| 624|0x00000000a7000000, 0x00000000a7000000, 0x00000000a7100000|  0%| F|  |TAMS 0x00000000a7000000, 0x00000000a7000000| Untracked 
| 625|0x00000000a7100000, 0x00000000a7100000, 0x00000000a7200000|  0%| F|  |TAMS 0x00000000a7100000, 0x00000000a7100000| Untracked 
| 626|0x00000000a7200000, 0x00000000a7200000, 0x00000000a7300000|  0%| F|  |TAMS 0x00000000a7200000, 0x00000000a7200000| Untracked 
| 627|0x00000000a7300000, 0x00000000a7300000, 0x00000000a7400000|  0%| F|  |TAMS 0x00000000a7300000, 0x00000000a7300000| Untracked 
| 628|0x00000000a7400000, 0x00000000a7400000, 0x00000000a7500000|  0%| F|  |TAMS 0x00000000a7400000, 0x00000000a7400000| Untracked 
| 629|0x00000000a7500000, 0x00000000a7500000, 0x00000000a7600000|  0%| F|  |TAMS 0x00000000a7500000, 0x00000000a7500000| Untracked 
| 630|0x00000000a7600000, 0x00000000a7600000, 0x00000000a7700000|  0%| F|  |TAMS 0x00000000a7600000, 0x00000000a7600000| Untracked 
| 631|0x00000000a7700000, 0x00000000a7700000, 0x00000000a7800000|  0%| F|  |TAMS 0x00000000a7700000, 0x00000000a7700000| Untracked 
| 632|0x00000000a7800000, 0x00000000a7800000, 0x00000000a7900000|  0%| F|  |TAMS 0x00000000a7800000, 0x00000000a7800000| Untracked 
| 633|0x00000000a7900000, 0x00000000a7900000, 0x00000000a7a00000|  0%| F|  |TAMS 0x00000000a7900000, 0x00000000a7900000| Untracked 
| 634|0x00000000a7a00000, 0x00000000a7a00000, 0x00000000a7b00000|  0%| F|  |TAMS 0x00000000a7a00000, 0x00000000a7a00000| Untracked 
| 635|0x00000000a7b00000, 0x00000000a7b00000, 0x00000000a7c00000|  0%| F|  |TAMS 0x00000000a7b00000, 0x00000000a7b00000| Untracked 
| 636|0x00000000a7c00000, 0x00000000a7c00000, 0x00000000a7d00000|  0%| F|  |TAMS 0x00000000a7c00000, 0x00000000a7c00000| Untracked 
| 637|0x00000000a7d00000, 0x00000000a7d00000, 0x00000000a7e00000|  0%| F|  |TAMS 0x00000000a7d00000, 0x00000000a7d00000| Untracked 
| 638|0x00000000a7e00000, 0x00000000a7e00000, 0x00000000a7f00000|  0%| F|  |TAMS 0x00000000a7e00000, 0x00000000a7e00000| Untracked 
| 639|0x00000000a7f00000, 0x00000000a7f00000, 0x00000000a8000000|  0%| F|  |TAMS 0x00000000a7f00000, 0x00000000a7f00000| Untracked 
| 640|0x00000000a8000000, 0x00000000a8000000, 0x00000000a8100000|  0%| F|  |TAMS 0x00000000a8000000, 0x00000000a8000000| Untracked 
| 641|0x00000000a8100000, 0x00000000a8100000, 0x00000000a8200000|  0%| F|  |TAMS 0x00000000a8100000, 0x00000000a8100000| Untracked 
| 642|0x00000000a8200000, 0x00000000a8200000, 0x00000000a8300000|  0%| F|  |TAMS 0x00000000a8200000, 0x00000000a8200000| Untracked 
| 643|0x00000000a8300000, 0x00000000a8300000, 0x00000000a8400000|  0%| F|  |TAMS 0x00000000a8300000, 0x00000000a8300000| Untracked 
| 644|0x00000000a8400000, 0x00000000a8400000, 0x00000000a8500000|  0%| F|  |TAMS 0x00000000a8400000, 0x00000000a8400000| Untracked 
| 645|0x00000000a8500000, 0x00000000a8500000, 0x00000000a8600000|  0%| F|  |TAMS 0x00000000a8500000, 0x00000000a8500000| Untracked 
| 646|0x00000000a8600000, 0x00000000a8600000, 0x00000000a8700000|  0%| F|  |TAMS 0x00000000a8600000, 0x00000000a8600000| Untracked 
| 647|0x00000000a8700000, 0x00000000a8700000, 0x00000000a8800000|  0%| F|  |TAMS 0x00000000a8700000, 0x00000000a8700000| Untracked 
| 648|0x00000000a8800000, 0x00000000a8800000, 0x00000000a8900000|  0%| F|  |TAMS 0x00000000a8800000, 0x00000000a8800000| Untracked 
| 649|0x00000000a8900000, 0x00000000a8900000, 0x00000000a8a00000|  0%| F|  |TAMS 0x00000000a8900000, 0x00000000a8900000| Untracked 
| 650|0x00000000a8a00000, 0x00000000a8a00000, 0x00000000a8b00000|  0%| F|  |TAMS 0x00000000a8a00000, 0x00000000a8a00000| Untracked 
| 651|0x00000000a8b00000, 0x00000000a8b00000, 0x00000000a8c00000|  0%| F|  |TAMS 0x00000000a8b00000, 0x00000000a8b00000| Untracked 
| 652|0x00000000a8c00000, 0x00000000a8c00000, 0x00000000a8d00000|  0%| F|  |TAMS 0x00000000a8c00000, 0x00000000a8c00000| Untracked 
| 653|0x00000000a8d00000, 0x00000000a8d00000, 0x00000000a8e00000|  0%| F|  |TAMS 0x00000000a8d00000, 0x00000000a8d00000| Untracked 
| 654|0x00000000a8e00000, 0x00000000a8e00000, 0x00000000a8f00000|  0%| F|  |TAMS 0x00000000a8e00000, 0x00000000a8e00000| Untracked 
| 655|0x00000000a8f00000, 0x00000000a8f00000, 0x00000000a9000000|  0%| F|  |TAMS 0x00000000a8f00000, 0x00000000a8f00000| Untracked 
| 656|0x00000000a9000000, 0x00000000a9000000, 0x00000000a9100000|  0%| F|  |TAMS 0x00000000a9000000, 0x00000000a9000000| Untracked 
| 657|0x00000000a9100000, 0x00000000a9100000, 0x00000000a9200000|  0%| F|  |TAMS 0x00000000a9100000, 0x00000000a9100000| Untracked 
| 658|0x00000000a9200000, 0x00000000a9200000, 0x00000000a9300000|  0%| F|  |TAMS 0x00000000a9200000, 0x00000000a9200000| Untracked 
| 659|0x00000000a9300000, 0x00000000a9300000, 0x00000000a9400000|  0%| F|  |TAMS 0x00000000a9300000, 0x00000000a9300000| Untracked 
| 660|0x00000000a9400000, 0x00000000a9400000, 0x00000000a9500000|  0%| F|  |TAMS 0x00000000a9400000, 0x00000000a9400000| Untracked 
| 661|0x00000000a9500000, 0x00000000a9500000, 0x00000000a9600000|  0%| F|  |TAMS 0x00000000a9500000, 0x00000000a9500000| Untracked 
| 662|0x00000000a9600000, 0x00000000a9600000, 0x00000000a9700000|  0%| F|  |TAMS 0x00000000a9600000, 0x00000000a9600000| Untracked 
| 663|0x00000000a9700000, 0x00000000a9700000, 0x00000000a9800000|  0%| F|  |TAMS 0x00000000a9700000, 0x00000000a9700000| Untracked 
| 664|0x00000000a9800000, 0x00000000a9800000, 0x00000000a9900000|  0%| F|  |TAMS 0x00000000a9800000, 0x00000000a9800000| Untracked 
| 665|0x00000000a9900000, 0x00000000a9900000, 0x00000000a9a00000|  0%| F|  |TAMS 0x00000000a9900000, 0x00000000a9900000| Untracked 
| 666|0x00000000a9a00000, 0x00000000a9a00000, 0x00000000a9b00000|  0%| F|  |TAMS 0x00000000a9a00000, 0x00000000a9a00000| Untracked 
| 667|0x00000000a9b00000, 0x00000000a9b00000, 0x00000000a9c00000|  0%| F|  |TAMS 0x00000000a9b00000, 0x00000000a9b00000| Untracked 
| 668|0x00000000a9c00000, 0x00000000a9c00000, 0x00000000a9d00000|  0%| F|  |TAMS 0x00000000a9c00000, 0x00000000a9c00000| Untracked 
| 669|0x00000000a9d00000, 0x00000000a9d00000, 0x00000000a9e00000|  0%| F|  |TAMS 0x00000000a9d00000, 0x00000000a9d00000| Untracked 
| 670|0x00000000a9e00000, 0x00000000a9e00000, 0x00000000a9f00000|  0%| F|  |TAMS 0x00000000a9e00000, 0x00000000a9e00000| Untracked 
| 671|0x00000000a9f00000, 0x00000000a9f00000, 0x00000000aa000000|  0%| F|  |TAMS 0x00000000a9f00000, 0x00000000a9f00000| Untracked 
| 672|0x00000000aa000000, 0x00000000aa000000, 0x00000000aa100000|  0%| F|  |TAMS 0x00000000aa000000, 0x00000000aa000000| Untracked 
| 673|0x00000000aa100000, 0x00000000aa100000, 0x00000000aa200000|  0%| F|  |TAMS 0x00000000aa100000, 0x00000000aa100000| Untracked 
| 674|0x00000000aa200000, 0x00000000aa200000, 0x00000000aa300000|  0%| F|  |TAMS 0x00000000aa200000, 0x00000000aa200000| Untracked 
| 675|0x00000000aa300000, 0x00000000aa300000, 0x00000000aa400000|  0%| F|  |TAMS 0x00000000aa300000, 0x00000000aa300000| Untracked 
| 676|0x00000000aa400000, 0x00000000aa400000, 0x00000000aa500000|  0%| F|  |TAMS 0x00000000aa400000, 0x00000000aa400000| Untracked 
| 677|0x00000000aa500000, 0x00000000aa500000, 0x00000000aa600000|  0%| F|  |TAMS 0x00000000aa500000, 0x00000000aa500000| Untracked 
| 678|0x00000000aa600000, 0x00000000aa600000, 0x00000000aa700000|  0%| F|  |TAMS 0x00000000aa600000, 0x00000000aa600000| Untracked 
| 679|0x00000000aa700000, 0x00000000aa700000, 0x00000000aa800000|  0%| F|  |TAMS 0x00000000aa700000, 0x00000000aa700000| Untracked 
| 680|0x00000000aa800000, 0x00000000aa800000, 0x00000000aa900000|  0%| F|  |TAMS 0x00000000aa800000, 0x00000000aa800000| Untracked 
| 681|0x00000000aa900000, 0x00000000aa900000, 0x00000000aaa00000|  0%| F|  |TAMS 0x00000000aa900000, 0x00000000aa900000| Untracked 
| 682|0x00000000aaa00000, 0x00000000aaa00000, 0x00000000aab00000|  0%| F|  |TAMS 0x00000000aaa00000, 0x00000000aaa00000| Untracked 
| 683|0x00000000aab00000, 0x00000000aab00000, 0x00000000aac00000|  0%| F|  |TAMS 0x00000000aab00000, 0x00000000aab00000| Untracked 
| 684|0x00000000aac00000, 0x00000000aac00000, 0x00000000aad00000|  0%| F|  |TAMS 0x00000000aac00000, 0x00000000aac00000| Untracked 
| 685|0x00000000aad00000, 0x00000000aad00000, 0x00000000aae00000|  0%| F|  |TAMS 0x00000000aad00000, 0x00000000aad00000| Untracked 
| 686|0x00000000aae00000, 0x00000000aae00000, 0x00000000aaf00000|  0%| F|  |TAMS 0x00000000aae00000, 0x00000000aae00000| Untracked 
| 687|0x00000000aaf00000, 0x00000000aaf00000, 0x00000000ab000000|  0%| F|  |TAMS 0x00000000aaf00000, 0x00000000aaf00000| Untracked 
| 688|0x00000000ab000000, 0x00000000ab000000, 0x00000000ab100000|  0%| F|  |TAMS 0x00000000ab000000, 0x00000000ab000000| Untracked 
| 689|0x00000000ab100000, 0x00000000ab100000, 0x00000000ab200000|  0%| F|  |TAMS 0x00000000ab100000, 0x00000000ab100000| Untracked 
| 690|0x00000000ab200000, 0x00000000ab200000, 0x00000000ab300000|  0%| F|  |TAMS 0x00000000ab200000, 0x00000000ab200000| Untracked 
| 691|0x00000000ab300000, 0x00000000ab300000, 0x00000000ab400000|  0%| F|  |TAMS 0x00000000ab300000, 0x00000000ab300000| Untracked 
| 692|0x00000000ab400000, 0x00000000ab400000, 0x00000000ab500000|  0%| F|  |TAMS 0x00000000ab400000, 0x00000000ab400000| Untracked 
| 693|0x00000000ab500000, 0x00000000ab500000, 0x00000000ab600000|  0%| F|  |TAMS 0x00000000ab500000, 0x00000000ab500000| Untracked 
| 694|0x00000000ab600000, 0x00000000ab600000, 0x00000000ab700000|  0%| F|  |TAMS 0x00000000ab600000, 0x00000000ab600000| Untracked 
| 695|0x00000000ab700000, 0x00000000ab700000, 0x00000000ab800000|  0%| F|  |TAMS 0x00000000ab700000, 0x00000000ab700000| Untracked 
| 696|0x00000000ab800000, 0x00000000ab800000, 0x00000000ab900000|  0%| F|  |TAMS 0x00000000ab800000, 0x00000000ab800000| Untracked 
| 697|0x00000000ab900000, 0x00000000ab900000, 0x00000000aba00000|  0%| F|  |TAMS 0x00000000ab900000, 0x00000000ab900000| Untracked 
| 698|0x00000000aba00000, 0x00000000aba00000, 0x00000000abb00000|  0%| F|  |TAMS 0x00000000aba00000, 0x00000000aba00000| Untracked 
| 699|0x00000000abb00000, 0x00000000abb00000, 0x00000000abc00000|  0%| F|  |TAMS 0x00000000abb00000, 0x00000000abb00000| Untracked 
| 700|0x00000000abc00000, 0x00000000abc00000, 0x00000000abd00000|  0%| F|  |TAMS 0x00000000abc00000, 0x00000000abc00000| Untracked 
| 701|0x00000000abd00000, 0x00000000abd00000, 0x00000000abe00000|  0%| F|  |TAMS 0x00000000abd00000, 0x00000000abd00000| Untracked 
| 702|0x00000000abe00000, 0x00000000abe00000, 0x00000000abf00000|  0%| F|  |TAMS 0x00000000abe00000, 0x00000000abe00000| Untracked 
| 703|0x00000000abf00000, 0x00000000abf00000, 0x00000000ac000000|  0%| F|  |TAMS 0x00000000abf00000, 0x00000000abf00000| Untracked 
| 704|0x00000000ac000000, 0x00000000ac000000, 0x00000000ac100000|  0%| F|  |TAMS 0x00000000ac000000, 0x00000000ac000000| Untracked 
| 705|0x00000000ac100000, 0x00000000ac100000, 0x00000000ac200000|  0%| F|  |TAMS 0x00000000ac100000, 0x00000000ac100000| Untracked 
| 706|0x00000000ac200000, 0x00000000ac200000, 0x00000000ac300000|  0%| F|  |TAMS 0x00000000ac200000, 0x00000000ac200000| Untracked 
| 707|0x00000000ac300000, 0x00000000ac300000, 0x00000000ac400000|  0%| F|  |TAMS 0x00000000ac300000, 0x00000000ac300000| Untracked 
| 708|0x00000000ac400000, 0x00000000ac400000, 0x00000000ac500000|  0%| F|  |TAMS 0x00000000ac400000, 0x00000000ac400000| Untracked 
| 709|0x00000000ac500000, 0x00000000ac500000, 0x00000000ac600000|  0%| F|  |TAMS 0x00000000ac500000, 0x00000000ac500000| Untracked 
| 710|0x00000000ac600000, 0x00000000ac600000, 0x00000000ac700000|  0%| F|  |TAMS 0x00000000ac600000, 0x00000000ac600000| Untracked 
| 711|0x00000000ac700000, 0x00000000ac700000, 0x00000000ac800000|  0%| F|  |TAMS 0x00000000ac700000, 0x00000000ac700000| Untracked 
| 712|0x00000000ac800000, 0x00000000ac800000, 0x00000000ac900000|  0%| F|  |TAMS 0x00000000ac800000, 0x00000000ac800000| Untracked 
| 713|0x00000000ac900000, 0x00000000ac900000, 0x00000000aca00000|  0%| F|  |TAMS 0x00000000ac900000, 0x00000000ac900000| Untracked 
| 714|0x00000000aca00000, 0x00000000aca00000, 0x00000000acb00000|  0%| F|  |TAMS 0x00000000aca00000, 0x00000000aca00000| Untracked 
| 715|0x00000000acb00000, 0x00000000acb00000, 0x00000000acc00000|  0%| F|  |TAMS 0x00000000acb00000, 0x00000000acb00000| Untracked 
| 716|0x00000000acc00000, 0x00000000acc00000, 0x00000000acd00000|  0%| F|  |TAMS 0x00000000acc00000, 0x00000000acc00000| Untracked 
| 717|0x00000000acd00000, 0x00000000acd00000, 0x00000000ace00000|  0%| F|  |TAMS 0x00000000acd00000, 0x00000000acd00000| Untracked 
| 718|0x00000000ace00000, 0x00000000ace00000, 0x00000000acf00000|  0%| F|  |TAMS 0x00000000ace00000, 0x00000000ace00000| Untracked 
| 719|0x00000000acf00000, 0x00000000acf00000, 0x00000000ad000000|  0%| F|  |TAMS 0x00000000acf00000, 0x00000000acf00000| Untracked 
| 720|0x00000000ad000000, 0x00000000ad000000, 0x00000000ad100000|  0%| F|  |TAMS 0x00000000ad000000, 0x00000000ad000000| Untracked 
| 721|0x00000000ad100000, 0x00000000ad100000, 0x00000000ad200000|  0%| F|  |TAMS 0x00000000ad100000, 0x00000000ad100000| Untracked 
| 722|0x00000000ad200000, 0x00000000ad200000, 0x00000000ad300000|  0%| F|  |TAMS 0x00000000ad200000, 0x00000000ad200000| Untracked 
| 723|0x00000000ad300000, 0x00000000ad300000, 0x00000000ad400000|  0%| F|  |TAMS 0x00000000ad300000, 0x00000000ad300000| Untracked 
| 724|0x00000000ad400000, 0x00000000ad400000, 0x00000000ad500000|  0%| F|  |TAMS 0x00000000ad400000, 0x00000000ad400000| Untracked 
| 725|0x00000000ad500000, 0x00000000ad500000, 0x00000000ad600000|  0%| F|  |TAMS 0x00000000ad500000, 0x00000000ad500000| Untracked 
| 726|0x00000000ad600000, 0x00000000ad600000, 0x00000000ad700000|  0%| F|  |TAMS 0x00000000ad600000, 0x00000000ad600000| Untracked 
| 727|0x00000000ad700000, 0x00000000ad700000, 0x00000000ad800000|  0%| F|  |TAMS 0x00000000ad700000, 0x00000000ad700000| Untracked 
| 728|0x00000000ad800000, 0x00000000ad800000, 0x00000000ad900000|  0%| F|  |TAMS 0x00000000ad800000, 0x00000000ad800000| Untracked 
| 729|0x00000000ad900000, 0x00000000ad900000, 0x00000000ada00000|  0%| F|  |TAMS 0x00000000ad900000, 0x00000000ad900000| Untracked 
| 730|0x00000000ada00000, 0x00000000ada00000, 0x00000000adb00000|  0%| F|  |TAMS 0x00000000ada00000, 0x00000000ada00000| Untracked 
| 731|0x00000000adb00000, 0x00000000adb00000, 0x00000000adc00000|  0%| F|  |TAMS 0x00000000adb00000, 0x00000000adb00000| Untracked 
| 732|0x00000000adc00000, 0x00000000adc00000, 0x00000000add00000|  0%| F|  |TAMS 0x00000000adc00000, 0x00000000adc00000| Untracked 
| 733|0x00000000add00000, 0x00000000add00000, 0x00000000ade00000|  0%| F|  |TAMS 0x00000000add00000, 0x00000000add00000| Untracked 
| 734|0x00000000ade00000, 0x00000000ade00000, 0x00000000adf00000|  0%| F|  |TAMS 0x00000000ade00000, 0x00000000ade00000| Untracked 
| 735|0x00000000adf00000, 0x00000000adf00000, 0x00000000ae000000|  0%| F|  |TAMS 0x00000000adf00000, 0x00000000adf00000| Untracked 
|2044|0x00000000ffc00000, 0x00000000ffc00000, 0x00000000ffd00000|  0%| F|  |TAMS 0x00000000ffc00000, 0x00000000ffc00000| Untracked 
|2045|0x00000000ffd00000, 0x00000000ffd00000, 0x00000000ffe00000|  0%| F|  |TAMS 0x00000000ffd00000, 0x00000000ffd00000| Untracked 
|2046|0x00000000ffe00000, 0x00000000ffe00000, 0x00000000fff00000|  0%| F|  |TAMS 0x00000000ffe00000, 0x00000000ffe00000| Untracked 
|2047|0x00000000fff00000, 0x00000000fff00000, 0x0000000100000000|  0%| F|  |TAMS 0x00000000fff00000, 0x00000000fff00000| Untracked 

Card table byte_map: [0x0000017669dd0000,0x000001766a1d0000] _byte_map_base: 0x00000176699d0000

Marking Bits (Prev, Next): (CMBitMap*) 0x0000017656cf1560, (CMBitMap*) 0x0000017656cf15a0
 Prev Bits: [0x000001766a5d0000, 0x000001766c5d0000)
 Next Bits: [0x000001766c5d0000, 0x000001766e5d0000)

Polling page: 0x0000017654c50000

Metaspace:

Usage:
  Non-class:    122.82 MB used.
      Class:     19.42 MB used.
       Both:    142.24 MB used.

Virtual space:
  Non-class space:      128.00 MB reserved,     123.56 MB ( 97%) committed,  16 nodes.
      Class space:        1.00 GB reserved,      20.06 MB (  2%) committed,  1 nodes.
             Both:        1.12 GB reserved,     143.62 MB ( 12%) committed. 

Chunk freelists:
   Non-Class:  368.00 KB
       Class:  3.80 MB
        Both:  4.16 MB

MaxMetaspaceSize: unlimited
CompressedClassSpaceSize: 1.00 GB
Initial GC threshold: 21.00 MB
Current GC threshold: 238.56 MB
CDS: off
MetaspaceReclaimPolicy: balanced
 - commit_granule_bytes: 65536.
 - commit_granule_words: 8192.
 - virtual_space_node_default_size: 1048576.
 - enlarge_chunks_in_place: 1.
 - new_chunks_are_fully_committed: 0.
 - uncommit_free_chunks: 1.
 - use_allocation_guard: 0.
 - handle_deallocations: 1.


Internal statistics:

num_allocs_failed_limit: 6.
num_arena_births: 2708.
num_arena_deaths: 340.
num_vsnodes_births: 17.
num_vsnodes_deaths: 0.
num_space_committed: 2296.
num_space_uncommitted: 0.
num_chunks_returned_to_freelist: 457.
num_chunks_taken_from_freelist: 8968.
num_chunk_merges: 180.
num_chunk_splits: 5488.
num_chunks_enlarged: 3230.
num_purges: 10.
num_inconsistent_stats: 0.

CodeHeap 'non-profiled nmethods': size=119168Kb used=20559Kb max_used=20559Kb free=98608Kb
 bounds [0x0000017661cf0000, 0x0000017663110000, 0x0000017669150000]
CodeHeap 'profiled nmethods': size=119104Kb used=51062Kb max_used=51890Kb free=68041Kb
 bounds [0x000001765a150000, 0x000001765d400000, 0x00000176615a0000]
CodeHeap 'non-nmethods': size=7488Kb used=3040Kb max_used=4237Kb free=4447Kb
 bounds [0x00000176615a0000, 0x00000176619d0000, 0x0000017661cf0000]
 total_blobs=25834 nmethods=24812 adapters=931
 compilation: enabled
              stopped_count=0, restarted_count=0
 full_count=0

Compilation events (20 events):
Event: 2198.571 Thread 0x00000176720b9510 32318 %     3       com.android.tools.r8.internal.ll::c @ 29 (149 bytes)
Event: 2198.572 Thread 0x00000176720b9510 nmethod 32318% 0x000001765cc9d910 code [0x000001765cc9dc20, 0x000001765cc9f2a8]
Event: 2198.573 Thread 0x00000176720b9510 32319       3       com.android.tools.r8.graph.H0::a (1039 bytes)
Event: 2198.576 Thread 0x00000176720b9510 nmethod 32319 0x000001765c068190 code [0x000001765c068800, 0x000001765c06cc68]
Event: 2198.580 Thread 0x000001767204e060 nmethod 32096 0x00000176630f1c10 code [0x00000176630f2100, 0x00000176630f7a00]
Event: 2198.580 Thread 0x000001767204e060 32298       4       com.android.tools.r8.internal.hl::b (624 bytes)
Event: 2198.581 Thread 0x00000176720b9510 32322       2       com.android.tools.r8.internal.V7::a (9 bytes)
Event: 2198.581 Thread 0x00000176763f4f30 32323       2       com.android.tools.r8.internal.Dd::d (1 bytes)
Event: 2198.581 Thread 0x00000176763f4f30 nmethod 32323 0x000001765ac7fc90 code [0x000001765ac7fe20, 0x000001765ac7ff18]
Event: 2198.581 Thread 0x00000176720b9510 nmethod 32322 0x000001765a18db90 code [0x000001765a18dd20, 0x000001765a18de38]
Event: 2198.581 Thread 0x00000176720b9510 32324       2       com.android.tools.r8.origin.c::a (4 bytes)
Event: 2198.581 Thread 0x00000176763f4f30 32325       2       com.android.builder.dexing.D8DesugarGraphConsumerAdapter::originToFile (68 bytes)
Event: 2198.581 Thread 0x00000176720b9510 nmethod 32324 0x000001765b433090 code [0x000001765b433220, 0x000001765b433318]
Event: 2198.581 Thread 0x00000176763f4f30 nmethod 32325 0x000001765c414610 code [0x000001765c414820, 0x000001765c414c38]
Event: 2198.582 Thread 0x00000176763f4f30 32327       1       com.android.tools.r8.graph.q3::n (2 bytes)
Event: 2198.582 Thread 0x00000176763f4f30 nmethod 32327 0x00000176630fc610 code [0x00000176630fc7a0, 0x00000176630fc878]
Event: 2198.584 Thread 0x00000176720b9510 32331       2       com.android.tools.r8.internal.y4::a (285 bytes)
Event: 2198.585 Thread 0x00000176720b9510 nmethod 32331 0x000001765c413890 code [0x000001765c413b20, 0x000001765c4141e8]
Event: 2198.626 Thread 0x000001767e30ab80 nmethod 32168 0x00000176630fc910 code [0x00000176630fcd00, 0x0000017663100ed8]
Event: 2198.627 Thread 0x000001767e30ab80 32180 %     4       com.android.tools.r8.ir.regalloc.b::a @ 854 (1313 bytes)

GC Heap History (20 events):
Event: 1987.159 GC heap after
{Heap after GC invocations=94 (full 0):
 garbage-first heap   total 722944K, used 199241K [0x0000000080000000, 0x0000000100000000)
  region size 1024K, 5 young (5120K), 5 survivors (5120K)
 Metaspace       used 144089K, committed 145216K, reserved 1179648K
  class space    used 19739K, committed 20288K, reserved 1048576K
}
Event: 1990.403 GC heap before
{Heap before GC invocations=94 (full 0):
 garbage-first heap   total 722944K, used 577097K [0x0000000080000000, 0x0000000100000000)
  region size 1024K, 375 young (384000K), 5 survivors (5120K)
 Metaspace       used 144379K, committed 145600K, reserved 1179648K
  class space    used 19775K, committed 20352K, reserved 1048576K
}
Event: 1990.416 GC heap after
{Heap after GC invocations=95 (full 0):
 garbage-first heap   total 722944K, used 219264K [0x0000000080000000, 0x0000000100000000)
  region size 1024K, 25 young (25600K), 25 survivors (25600K)
 Metaspace       used 144379K, committed 145600K, reserved 1179648K
  class space    used 19775K, committed 20352K, reserved 1048576K
}
Event: 1990.801 GC heap before
{Heap before GC invocations=96 (full 0):
 garbage-first heap   total 757760K, used 580736K [0x0000000080000000, 0x0000000100000000)
  region size 1024K, 379 young (388096K), 25 survivors (25600K)
 Metaspace       used 144390K, committed 145600K, reserved 1179648K
  class space    used 19775K, committed 20352K, reserved 1048576K
}
Event: 1990.809 GC heap after
{Heap after GC invocations=97 (full 0):
 garbage-first heap   total 757760K, used 216021K [0x0000000080000000, 0x0000000100000000)
  region size 1024K, 21 young (21504K), 21 survivors (21504K)
 Metaspace       used 144390K, committed 145600K, reserved 1179648K
  class space    used 19775K, committed 20352K, reserved 1048576K
}
Event: 1990.827 GC heap before
{Heap before GC invocations=97 (full 0):
 garbage-first heap   total 757760K, used 231381K [0x0000000080000000, 0x0000000100000000)
  region size 1024K, 37 young (37888K), 21 survivors (21504K)
 Metaspace       used 144390K, committed 145600K, reserved 1179648K
  class space    used 19775K, committed 20352K, reserved 1048576K
}
Event: 1990.967 GC heap after
{Heap after GC invocations=98 (full 0):
 garbage-first heap   total 757760K, used 195305K [0x0000000080000000, 0x0000000100000000)
  region size 1024K, 3 young (3072K), 3 survivors (3072K)
 Metaspace       used 144390K, committed 145600K, reserved 1179648K
  class space    used 19775K, committed 20352K, reserved 1048576K
}
Event: 1992.079 GC heap before
{Heap before GC invocations=98 (full 0):
 garbage-first heap   total 757760K, used 313065K [0x0000000080000000, 0x0000000100000000)
  region size 1024K, 120 young (122880K), 3 survivors (3072K)
 Metaspace       used 144440K, committed 145664K, reserved 1179648K
  class space    used 19778K, committed 20352K, reserved 1048576K
}
Event: 1992.082 GC heap after
{Heap after GC invocations=99 (full 0):
 garbage-first heap   total 757760K, used 195114K [0x0000000080000000, 0x0000000100000000)
  region size 1024K, 3 young (3072K), 3 survivors (3072K)
 Metaspace       used 144440K, committed 145664K, reserved 1179648K
  class space    used 19778K, committed 20352K, reserved 1048576K
}
Event: 2082.584 GC heap before
{Heap before GC invocations=100 (full 0):
 garbage-first heap   total 757760K, used 728618K [0x0000000080000000, 0x0000000100000000)
  region size 1024K, 388 young (397312K), 3 survivors (3072K)
 Metaspace       used 145241K, committed 146560K, reserved 1179648K
  class space    used 19868K, committed 20480K, reserved 1048576K
}
Event: 2082.627 GC heap after
{Heap after GC invocations=101 (full 0):
 garbage-first heap   total 757760K, used 218067K [0x0000000080000000, 0x0000000100000000)
  region size 1024K, 26 young (26624K), 26 survivors (26624K)
 Metaspace       used 145241K, committed 146560K, reserved 1179648K
  class space    used 19868K, committed 20480K, reserved 1048576K
}
Event: 2082.638 GC heap before
{Heap before GC invocations=101 (full 0):
 garbage-first heap   total 757760K, used 229331K [0x0000000080000000, 0x0000000100000000)
  region size 1024K, 37 young (37888K), 26 survivors (26624K)
 Metaspace       used 145242K, committed 146560K, reserved 1179648K
  class space    used 19868K, committed 20480K, reserved 1048576K
}
Event: 2082.680 GC heap after
{Heap after GC invocations=102 (full 0):
 garbage-first heap   total 757760K, used 213544K [0x0000000080000000, 0x0000000100000000)
  region size 1024K, 3 young (3072K), 3 survivors (3072K)
 Metaspace       used 145242K, committed 146560K, reserved 1179648K
  class space    used 19868K, committed 20480K, reserved 1048576K
}
Event: 2083.209 GC heap before
{Heap before GC invocations=102 (full 0):
 garbage-first heap   total 757760K, used 295464K [0x0000000080000000, 0x0000000100000000)
  region size 1024K, 85 young (87040K), 3 survivors (3072K)
 Metaspace       used 145263K, committed 146560K, reserved 1179648K
  class space    used 19869K, committed 20480K, reserved 1048576K
}
Event: 2083.212 GC heap after
{Heap after GC invocations=103 (full 0):
 garbage-first heap   total 757760K, used 213992K [0x0000000080000000, 0x0000000100000000)
  region size 1024K, 4 young (4096K), 4 survivors (4096K)
 Metaspace       used 145263K, committed 146560K, reserved 1179648K
  class space    used 19869K, committed 20480K, reserved 1048576K
}
Event: 2198.397 GC heap before
{Heap before GC invocations=104 (full 0):
 garbage-first heap   total 757760K, used 728040K [0x0000000080000000, 0x0000000100000000)
  region size 1024K, 370 young (378880K), 4 survivors (4096K)
 Metaspace       used 145649K, committed 147072K, reserved 1179648K
  class space    used 19883K, committed 20544K, reserved 1048576K
}
Event: 2198.429 GC heap after
{Heap after GC invocations=105 (full 0):
 garbage-first heap   total 757760K, used 234165K [0x0000000080000000, 0x0000000100000000)
  region size 1024K, 24 young (24576K), 24 survivors (24576K)
 Metaspace       used 145649K, committed 147072K, reserved 1179648K
  class space    used 19883K, committed 20544K, reserved 1048576K
}
Event: 2198.434 GC heap before
{Heap before GC invocations=105 (full 0):
 garbage-first heap   total 757760K, used 247477K [0x0000000080000000, 0x0000000100000000)
  region size 1024K, 37 young (37888K), 24 survivors (24576K)
 Metaspace       used 145649K, committed 147072K, reserved 1179648K
  class space    used 19883K, committed 20544K, reserved 1048576K
}
Event: 2198.466 GC heap after
{Heap after GC invocations=106 (full 0):
 garbage-first heap   total 757760K, used 217021K [0x0000000080000000, 0x0000000100000000)
  region size 1024K, 3 young (3072K), 3 survivors (3072K)
 Metaspace       used 145649K, committed 147072K, reserved 1179648K
  class space    used 19883K, committed 20544K, reserved 1048576K
}
Event: 2198.643 GC heap before
{Heap before GC invocations=106 (full 0):
 garbage-first heap   total 757760K, used 623549K [0x0000000080000000, 0x0000000100000000)
  region size 1024K, 401 young (410624K), 3 survivors (3072K)
 Metaspace       used 145655K, committed 147072K, reserved 1179648K
  class space    used 19883K, committed 20544K, reserved 1048576K
}

Dll operation events (2 events):
Event: 0.084 Loaded shared library D:\Android\Android Studio\jbr\bin\java.dll
Event: 3.668 Loaded shared library D:\Android\Android Studio\jbr\bin\verify.dll

Deoptimization events (20 events):
Event: 2198.535 Thread 0x000001767b7d6020 DEOPT PACKING pc=0x0000017662f953f8 sp=0x0000003fb0ffc3c0
Event: 2198.535 Thread 0x000001767b7d6020 DEOPT UNPACKING pc=0x00000176615f69a3 sp=0x0000003fb0ffc3b8 mode 2
Event: 2198.536 Thread 0x000001760582d530 DEOPT PACKING pc=0x000001765c159001 sp=0x0000003fb12fc560
Event: 2198.536 Thread 0x000001760582d530 DEOPT UNPACKING pc=0x00000176615f7143 sp=0x0000003fb12fba78 mode 0
Event: 2198.539 Thread 0x000001760582d530 DEOPT PACKING pc=0x000001765c159001 sp=0x0000003fb12fc200
Event: 2198.539 Thread 0x000001760582d530 DEOPT UNPACKING pc=0x00000176615f7143 sp=0x0000003fb12fb718 mode 0
Event: 2198.540 Thread 0x0000017675792140 DEOPT PACKING pc=0x000001765c24739a sp=0x0000003faf5fc170
Event: 2198.541 Thread 0x0000017675792140 DEOPT UNPACKING pc=0x00000176615f7143 sp=0x0000003faf5fb750 mode 0
Event: 2198.546 Thread 0x000001767b7d64f0 DEOPT PACKING pc=0x000001765c15f233 sp=0x0000003fb10fc430
Event: 2198.546 Thread 0x000001767b7d64f0 DEOPT UNPACKING pc=0x00000176615f7143 sp=0x0000003fb10fb8e8 mode 0
Event: 2198.548 Thread 0x00000176755d16e0 DEOPT PACKING pc=0x000001765c158f8f sp=0x0000003fa09fc8c0
Event: 2198.548 Thread 0x00000176755d16e0 DEOPT UNPACKING pc=0x00000176615f7143 sp=0x0000003fa09fbdd8 mode 0
Event: 2198.561 Thread 0x0000017605830550 DEOPT PACKING pc=0x000001765c158f8f sp=0x0000003fb11fc390
Event: 2198.561 Thread 0x0000017605830550 DEOPT UNPACKING pc=0x00000176615f7143 sp=0x0000003fb11fb8a8 mode 0
Event: 2198.583 Thread 0x0000017605830550 DEOPT PACKING pc=0x000001765c158f8f sp=0x0000003fb11fc540
Event: 2198.583 Thread 0x0000017605830550 DEOPT UNPACKING pc=0x00000176615f7143 sp=0x0000003fb11fba58 mode 0
Event: 2198.588 Thread 0x0000017605830550 DEOPT PACKING pc=0x000001765c24739a sp=0x0000003fb11fc1a0
Event: 2198.588 Thread 0x0000017605830550 DEOPT UNPACKING pc=0x00000176615f7143 sp=0x0000003fb11fb788 mode 0
Event: 2198.642 Thread 0x00000176755d16e0 DEOPT PACKING pc=0x000001765c04cb90 sp=0x0000003fa09fc560
Event: 2198.642 Thread 0x00000176755d16e0 DEOPT UNPACKING pc=0x00000176615f7143 sp=0x0000003fa09fbbd8 mode 0

Classes unloaded (20 events):
Event: 1948.591 Thread 0x00000176715be740 Unloading class 0x000000010028f800 'java/lang/invoke/LambdaForm$MH+0x000000010028f800'
Event: 1948.591 Thread 0x00000176715be740 Unloading class 0x000000010028f400 'java/lang/invoke/LambdaForm$MH+0x000000010028f400'
Event: 1948.591 Thread 0x00000176715be740 Unloading class 0x000000010028f000 'java/lang/invoke/LambdaForm$MH+0x000000010028f000'
Event: 1948.591 Thread 0x00000176715be740 Unloading class 0x000000010028ec00 'java/lang/invoke/LambdaForm$MH+0x000000010028ec00'
Event: 1948.591 Thread 0x00000176715be740 Unloading class 0x000000010028e800 'java/lang/invoke/LambdaForm$MH+0x000000010028e800'
Event: 1948.591 Thread 0x00000176715be740 Unloading class 0x000000010028e400 'java/lang/invoke/LambdaForm$MH+0x000000010028e400'
Event: 1948.591 Thread 0x00000176715be740 Unloading class 0x000000010028e000 'java/lang/invoke/LambdaForm$MH+0x000000010028e000'
Event: 1948.591 Thread 0x00000176715be740 Unloading class 0x000000010028dc00 'java/lang/invoke/LambdaForm$MH+0x000000010028dc00'
Event: 1948.591 Thread 0x00000176715be740 Unloading class 0x000000010028d800 'java/lang/invoke/LambdaForm$MH+0x000000010028d800'
Event: 1948.591 Thread 0x00000176715be740 Unloading class 0x000000010028c800 'java/lang/invoke/LambdaForm$MH+0x000000010028c800'
Event: 1948.591 Thread 0x00000176715be740 Unloading class 0x000000010028c400 'java/lang/invoke/LambdaForm$BMH+0x000000010028c400'
Event: 1948.591 Thread 0x00000176715be740 Unloading class 0x0000000100200400 'java/lang/invoke/LambdaForm$DMH+0x0000000100200400'
Event: 1948.591 Thread 0x00000176715be740 Unloading class 0x00000001001bdc00 'java/lang/invoke/LambdaForm$DMH+0x00000001001bdc00'
Event: 1948.591 Thread 0x00000176715be740 Unloading class 0x00000001001bd800 'java/lang/invoke/LambdaForm$MH+0x00000001001bd800'
Event: 1948.591 Thread 0x00000176715be740 Unloading class 0x00000001001bd400 'java/lang/invoke/LambdaForm$MH+0x00000001001bd400'
Event: 1948.591 Thread 0x00000176715be740 Unloading class 0x00000001001bd000 'java/lang/invoke/LambdaForm$MH+0x00000001001bd000'
Event: 1948.591 Thread 0x00000176715be740 Unloading class 0x00000001001bcc00 'java/lang/invoke/LambdaForm$MH+0x00000001001bcc00'
Event: 1948.591 Thread 0x00000176715be740 Unloading class 0x00000001000a6c00 'java/lang/invoke/LambdaForm$MH+0x00000001000a6c00'
Event: 1948.591 Thread 0x00000176715be740 Unloading class 0x00000001000a6800 'java/lang/invoke/LambdaForm$MH+0x00000001000a6800'
Event: 1948.591 Thread 0x00000176715be740 Unloading class 0x00000001000a4400 'java/lang/invoke/LambdaForm$MH+0x00000001000a4400'

Classes redefined (0 events):
No events

Internal exceptions (20 events):
Event: 2198.591 Thread 0x000001767b7d64f0 Exception <a 'sun/nio/fs/WindowsException'{0x0000000096c8d1f8}> (0x0000000096c8d1f8) 
thrown [s\src\hotspot\share\prims\jni.cpp, line 517]
Event: 2198.592 Thread 0x0000017605830080 Exception <a 'sun/nio/fs/WindowsException'{0x0000000096fee200}> (0x0000000096fee200) 
thrown [s\src\hotspot\share\prims\jni.cpp, line 517]
Event: 2198.592 Thread 0x000001767b7d64f0 Exception <a 'sun/nio/fs/WindowsException'{0x0000000096c985c0}> (0x0000000096c985c0) 
thrown [s\src\hotspot\share\prims\jni.cpp, line 517]
Event: 2198.592 Thread 0x0000017605830080 Exception <a 'sun/nio/fs/WindowsException'{0x0000000096ff47a8}> (0x0000000096ff47a8) 
thrown [s\src\hotspot\share\prims\jni.cpp, line 517]
Event: 2198.592 Thread 0x000001767b7d64f0 Exception <a 'sun/nio/fs/WindowsException'{0x0000000096c9f5d8}> (0x0000000096c9f5d8) 
thrown [s\src\hotspot\share\prims\jni.cpp, line 517]
Event: 2198.594 Thread 0x0000017605830080 Exception <a 'sun/nio/fs/WindowsException'{0x0000000096ffd7c0}> (0x0000000096ffd7c0) 
thrown [s\src\hotspot\share\prims\jni.cpp, line 517]
Event: 2198.597 Thread 0x0000017605830080 Exception <a 'sun/nio/fs/WindowsException'{0x00000000962f0850}> (0x00000000962f0850) 
thrown [s\src\hotspot\share\prims\jni.cpp, line 517]
Event: 2198.598 Thread 0x0000017605830080 Exception <a 'sun/nio/fs/WindowsException'{0x00000000962f7880}> (0x00000000962f7880) 
thrown [s\src\hotspot\share\prims\jni.cpp, line 517]
Event: 2198.598 Thread 0x0000017605830080 Exception <a 'sun/nio/fs/WindowsException'{0x0000000095fe6bb8}> (0x0000000095fe6bb8) 
thrown [s\src\hotspot\share\prims\jni.cpp, line 517]
Event: 2198.609 Thread 0x000001767b7d64f0 Exception <a 'sun/nio/fs/WindowsException'{0x0000000096ca64d8}> (0x0000000096ca64d8) 
thrown [s\src\hotspot\share\prims\jni.cpp, line 517]
Event: 2198.617 Thread 0x0000017605830080 Exception <a 'sun/nio/fs/WindowsException'{0x0000000095fedf80}> (0x0000000095fedf80) 
thrown [s\src\hotspot\share\prims\jni.cpp, line 517]
Event: 2198.618 Thread 0x0000017605830080 Exception <a 'sun/nio/fs/WindowsException'{0x0000000095ff28a0}> (0x0000000095ff28a0) 
thrown [s\src\hotspot\share\prims\jni.cpp, line 517]
Event: 2198.619 Thread 0x0000017605830080 Exception <a 'sun/nio/fs/WindowsException'{0x0000000095ff8b08}> (0x0000000095ff8b08) 
thrown [s\src\hotspot\share\prims\jni.cpp, line 517]
Event: 2198.619 Thread 0x000001767b7d64f0 Exception <a 'sun/nio/fs/WindowsException'{0x0000000095be4eb8}> (0x0000000095be4eb8) 
thrown [s\src\hotspot\share\prims\jni.cpp, line 517]
Event: 2198.621 Thread 0x0000017605830080 Exception <a 'sun/nio/fs/WindowsException'{0x0000000095ae36e0}> (0x0000000095ae36e0) 
thrown [s\src\hotspot\share\prims\jni.cpp, line 517]
Event: 2198.639 Thread 0x0000017605830080 Exception <a 'sun/nio/fs/WindowsException'{0x0000000095aeba38}> (0x0000000095aeba38) 
thrown [s\src\hotspot\share\prims\jni.cpp, line 517]
Event: 2198.639 Thread 0x000001767b7d64f0 Exception <a 'sun/nio/fs/WindowsException'{0x0000000095bee598}> (0x0000000095bee598) 
thrown [s\src\hotspot\share\prims\jni.cpp, line 517]
Event: 2198.641 Thread 0x0000017605830080 Exception <a 'sun/nio/fs/WindowsException'{0x0000000095af3840}> (0x0000000095af3840) 
thrown [s\src\hotspot\share\prims\jni.cpp, line 517]
Event: 2198.641 Thread 0x000001767b7d64f0 Exception <a 'sun/nio/fs/WindowsException'{0x0000000095bf5cf0}> (0x0000000095bf5cf0) 
thrown [s\src\hotspot\share\prims\jni.cpp, line 517]
Event: 2198.642 Thread 0x000001767b7d64f0 Exception <a 'sun/nio/fs/WindowsException'{0x0000000095bfef20}> (0x0000000095bfef20) 
thrown [s\src\hotspot\share\prims\jni.cpp, line 517]

VM Operations (20 events):
Event: 2083.524 Executing VM operation: G1Concurrent done
Event: 2083.542 Executing VM operation: HandshakeAllThreads
Event: 2083.542 Executing VM operation: HandshakeAllThreads done
Event: 2084.543 Executing VM operation: Cleanup
Event: 2084.543 Executing VM operation: Cleanup done
Event: 2171.581 Executing VM operation: Cleanup
Event: 2171.581 Executing VM operation: Cleanup done
Event: 2175.583 Executing VM operation: Cleanup
Event: 2175.583 Executing VM operation: Cleanup done
Event: 2194.591 Executing VM operation: Cleanup
Event: 2194.592 Executing VM operation: Cleanup done
Event: 2195.592 Executing VM operation: Cleanup
Event: 2195.592 Executing VM operation: Cleanup done
Event: 2196.593 Executing VM operation: Cleanup
Event: 2196.593 Executing VM operation: Cleanup done
Event: 2198.397 Executing VM operation: G1CollectForAllocation
Event: 2198.429 Executing VM operation: G1CollectForAllocation done
Event: 2198.434 Executing VM operation: G1CollectForAllocation
Event: 2198.466 Executing VM operation: G1CollectForAllocation done
Event: 2198.643 Executing VM operation: G1CollectForAllocation

Events (20 events):
Event: 2198.257 Thread 0x000001767eefeda0 Thread added: 0x000001767eefeda0
Event: 2198.257 Thread 0x000001767eeff270 Thread added: 0x000001767eeff270
Event: 2198.257 Thread 0x00000176756231e0 Thread added: 0x00000176756231e0
Event: 2198.287 Thread 0x000001767e30ab80 Thread added: 0x000001767e30ab80
Event: 2198.333 Thread 0x000001767b7d6020 Thread added: 0x000001767b7d6020
Event: 2198.334 Thread 0x000001767b7d64f0 Thread added: 0x000001767b7d64f0
Event: 2198.334 Thread 0x0000017605830550 Thread added: 0x0000017605830550
Event: 2198.334 Thread 0x000001760582d530 Thread added: 0x000001760582d530
Event: 2198.335 Thread 0x0000017605830080 Thread added: 0x0000017605830080
Event: 2198.335 Thread 0x000001760582f210 Thread added: 0x000001760582f210
Event: 2198.336 Thread 0x0000017673a7ff60 Thread added: 0x0000017673a7ff60
Event: 2198.336 Thread 0x000001767eb359f0 Thread added: 0x000001767eb359f0
Event: 2198.337 Thread 0x000001767eb35520 Thread added: 0x000001767eb35520
Event: 2198.338 Thread 0x0000017602dbd3b0 Thread added: 0x0000017602dbd3b0
Event: 2198.340 Thread 0x000001767e6c03e0 Thread added: 0x000001767e6c03e0
Event: 2198.341 Thread 0x000001767e6bff10 Thread added: 0x000001767e6bff10
Event: 2198.342 Thread 0x000001767323bd10 Thread added: 0x000001767323bd10
Event: 2198.343 Thread 0x000001767e79f0f0 Thread added: 0x000001767e79f0f0
Event: 2198.431 Thread 0x0000017673a82ab0 Thread exited: 0x0000017673a82ab0
Event: 2198.432 Thread 0x0000017675792610 Thread exited: 0x0000017675792610


Dynamic libraries:
0x00007ff615020000 - 0x00007ff61502a000 	D:\Android\Android Studio\jbr\bin\java.exe
0x00007ffa51450000 - 0x00007ffa51667000 	C:\WINDOWS\SYSTEM32\ntdll.dll
0x00007ffa4f760000 - 0x00007ffa4f824000 	C:\WINDOWS\System32\KERNEL32.DLL
0x00007ffa4ea70000 - 0x00007ffa4ee17000 	C:\WINDOWS\System32\KERNELBASE.dll
0x00007ffa4f030000 - 0x00007ffa4f141000 	C:\WINDOWS\System32\ucrtbase.dll
0x00007ffa1ab20000 - 0x00007ffa1ab3b000 	D:\Android\Android Studio\jbr\bin\VCRUNTIME140.dll
0x00007ffa1b560000 - 0x00007ffa1b577000 	D:\Android\Android Studio\jbr\bin\jli.dll
0x00007ffa50010000 - 0x00007ffa501be000 	C:\WINDOWS\System32\USER32.dll
0x00007ffa3d2f0000 - 0x00007ffa3d583000 	C:\WINDOWS\WinSxS\amd64_microsoft.windows.common-controls_6595b64144ccf1df_6.0.22621.3527_none_270e469b73872a76\COMCTL32.dll
0x00007ffa4e9d0000 - 0x00007ffa4e9f6000 	C:\WINDOWS\System32\win32u.dll
0x00007ffa4f480000 - 0x00007ffa4f527000 	C:\WINDOWS\System32\msvcrt.dll
0x00007ffa4ffe0000 - 0x00007ffa50009000 	C:\WINDOWS\System32\GDI32.dll
0x00007ffa4e770000 - 0x00007ffa4e889000 	C:\WINDOWS\System32\gdi32full.dll
0x00007ffa4ee20000 - 0x00007ffa4eeba000 	C:\WINDOWS\System32\msvcp_win.dll
0x00007ffa4f720000 - 0x00007ffa4f751000 	C:\WINDOWS\System32\IMM32.DLL
0x00007ffa22be0000 - 0x00007ffa22bec000 	D:\Android\Android Studio\jbr\bin\vcruntime140_1.dll
0x00007ff9cd470000 - 0x00007ff9cd4fd000 	D:\Android\Android Studio\jbr\bin\msvcp140.dll
0x00007ff991c70000 - 0x00007ff9928de000 	D:\Android\Android Studio\jbr\bin\server\jvm.dll
0x00007ffa50e40000 - 0x00007ffa50ef2000 	C:\WINDOWS\System32\ADVAPI32.dll
0x00007ffa4fb60000 - 0x00007ffa4fc08000 	C:\WINDOWS\System32\sechost.dll
0x00007ffa4f150000 - 0x00007ffa4f178000 	C:\WINDOWS\System32\bcrypt.dll
0x00007ffa4f970000 - 0x00007ffa4fa85000 	C:\WINDOWS\System32\RPCRT4.dll
0x00007ffa47be0000 - 0x00007ffa47c14000 	C:\WINDOWS\SYSTEM32\WINMM.dll
0x00007ffa47320000 - 0x00007ffa4732a000 	C:\WINDOWS\SYSTEM32\VERSION.dll
0x00007ffa49d10000 - 0x00007ffa49d19000 	C:\WINDOWS\SYSTEM32\WSOCK32.dll
0x00007ffa4ff60000 - 0x00007ffa4ffd1000 	C:\WINDOWS\System32\WS2_32.dll
0x00007ffa4d790000 - 0x00007ffa4d7a8000 	C:\WINDOWS\SYSTEM32\kernel.appcore.dll
0x00007ffa49c00000 - 0x00007ffa49c0a000 	D:\Android\Android Studio\jbr\bin\jimage.dll
0x00007ffa464b0000 - 0x00007ffa466e2000 	C:\WINDOWS\SYSTEM32\DBGHELP.DLL
0x00007ffa50250000 - 0x00007ffa505d8000 	C:\WINDOWS\System32\combase.dll
0x00007ffa4f890000 - 0x00007ffa4f967000 	C:\WINDOWS\System32\OLEAUT32.dll
0x00007ffa3af90000 - 0x00007ffa3afc2000 	C:\WINDOWS\SYSTEM32\dbgcore.DLL
0x00007ffa4e890000 - 0x00007ffa4e909000 	C:\WINDOWS\System32\bcryptPrimitives.dll
0x00007ffa285d0000 - 0x00007ffa285f5000 	D:\Android\Android Studio\jbr\bin\java.dll
0x00007ffa22750000 - 0x00007ffa22768000 	D:\Android\Android Studio\jbr\bin\zip.dll
0x00007ffa505e0000 - 0x00007ffa50e3c000 	C:\WINDOWS\System32\SHELL32.dll
0x00007ffa4c6b0000 - 0x00007ffa4cfa6000 	C:\WINDOWS\SYSTEM32\windows.storage.dll
0x00007ffa4c570000 - 0x00007ffa4c6ae000 	C:\WINDOWS\SYSTEM32\wintypes.dll
0x00007ffa4f180000 - 0x00007ffa4f275000 	C:\WINDOWS\System32\SHCORE.dll
0x00007ffa4fb00000 - 0x00007ffa4fb5e000 	C:\WINDOWS\System32\shlwapi.dll
0x00007ffa4e6a0000 - 0x00007ffa4e6c1000 	C:\WINDOWS\SYSTEM32\profapi.dll
0x00007ffa22730000 - 0x00007ffa22749000 	D:\Android\Android Studio\jbr\bin\net.dll
0x00007ffa48f20000 - 0x00007ffa49056000 	C:\WINDOWS\SYSTEM32\WINHTTP.dll
0x00007ffa4dc00000 - 0x00007ffa4dc69000 	C:\WINDOWS\system32\mswsock.dll
0x00007ffa1b580000 - 0x00007ffa1b596000 	D:\Android\Android Studio\jbr\bin\nio.dll
0x00007ffa42910000 - 0x00007ffa42920000 	D:\Android\Android Studio\jbr\bin\verify.dll
0x00007ff98a090000 - 0x00007ff98a0b7000 	C:\Users\liubov\.gradle\native\68d5fa5c4cc2d200863cafc0d521ce42e7d3e7ee720ec0a83991735586a16f82\windows-amd64\native-platform.dll
0x00007ff998010000 - 0x00007ff998154000 	C:\Users\liubov\.gradle\native\e376f236ea51e6404a007f0833ffe2c6e607c4080706a723a18a27aeea778392\windows-amd64\native-platform-file-events.dll
0x00007ffa3cc90000 - 0x00007ffa3cc99000 	D:\Android\Android Studio\jbr\bin\management.dll
0x00007ffa39ed0000 - 0x00007ffa39edb000 	D:\Android\Android Studio\jbr\bin\management_ext.dll
0x00007ffa50f80000 - 0x00007ffa50f88000 	C:\WINDOWS\System32\PSAPI.DLL
0x00007ffa4de60000 - 0x00007ffa4de7b000 	C:\WINDOWS\SYSTEM32\CRYPTSP.dll
0x00007ffa4d6f0000 - 0x00007ffa4d725000 	C:\WINDOWS\system32\rsaenh.dll
0x00007ffa4dd00000 - 0x00007ffa4dd28000 	C:\WINDOWS\SYSTEM32\USERENV.dll
0x00007ffa4de80000 - 0x00007ffa4de8c000 	C:\WINDOWS\SYSTEM32\CRYPTBASE.dll
0x00007ffa4d210000 - 0x00007ffa4d23d000 	C:\WINDOWS\SYSTEM32\IPHLPAPI.DLL
0x00007ffa4fd90000 - 0x00007ffa4fd99000 	C:\WINDOWS\System32\NSI.dll
0x00007ffa489a0000 - 0x00007ffa489b9000 	C:\WINDOWS\SYSTEM32\dhcpcsvc6.DLL
0x00007ffa48590000 - 0x00007ffa485af000 	C:\WINDOWS\SYSTEM32\dhcpcsvc.DLL
0x00007ffa4d240000 - 0x00007ffa4d338000 	C:\WINDOWS\SYSTEM32\DNSAPI.dll
0x00007ffa28580000 - 0x00007ffa28588000 	C:\WINDOWS\system32\wshunix.dll
0x00007ffa49c80000 - 0x00007ffa49c97000 	C:\WINDOWS\system32\napinsp.dll
0x00007ffa49b70000 - 0x00007ffa49b8b000 	C:\WINDOWS\system32\pnrpnsp.dll
0x00007ffa47c30000 - 0x00007ffa47c41000 	C:\WINDOWS\System32\winrnr.dll
0x00007ffa2f830000 - 0x00007ffa2f845000 	C:\WINDOWS\system32\wshbth.dll
0x00007ffa3d970000 - 0x00007ffa3d997000 	C:\WINDOWS\system32\nlansp_c.dll
0x00007ffa47740000 - 0x00007ffa4774a000 	C:\Windows\System32\rasadhlp.dll
0x00007ffa47880000 - 0x00007ffa47903000 	C:\WINDOWS\System32\fwpuclnt.dll
0x00007ffa49d00000 - 0x00007ffa49d07000 	D:\Android\Android Studio\jbr\bin\rmi.dll

dbghelp: loaded successfully - version: 4.0.5 - missing functions: none
symbol engine: initialized successfully - sym options: 0x614 - pdb path: .;D:\Android\Android Studio\jbr\bin;C:\WINDOWS\SYSTEM32;C:\WINDOWS\WinSxS\amd64_microsoft.windows.common-controls_6595b64144ccf1df_6.0.22621.3527_none_270e469b73872a76;D:\Android\Android Studio\jbr\bin\server;C:\Users\liubov\.gradle\native\68d5fa5c4cc2d200863cafc0d521ce42e7d3e7ee720ec0a83991735586a16f82\windows-amd64;C:\Users\liubov\.gradle\native\e376f236ea51e6404a007f0833ffe2c6e607c4080706a723a18a27aeea778392\windows-amd64

VM Arguments:
jvm_args: --add-opens=java.base/java.util=ALL-UNNAMED --add-opens=java.base/java.lang=ALL-UNNAMED --add-opens=java.base/java.lang.invoke=ALL-UNNAMED --add-opens=java.prefs/java.util.prefs=ALL-UNNAMED --add-opens=java.base/java.nio.charset=ALL-UNNAMED --add-opens=java.base/java.net=ALL-UNNAMED --add-opens=java.base/java.util.concurrent.atomic=ALL-UNNAMED -Xmx2048m -Dfile.encoding=UTF-8 -Duser.country=UA -Duser.language=uk -Duser.variant 
java_command: org.gradle.launcher.daemon.bootstrap.GradleDaemon 8.0
java_class_path (initial): C:\Users\liubov\.gradle\wrapper\dists\gradle-8.0-bin\ca5e32bp14vu59qr306oxotwh\gradle-8.0\lib\gradle-launcher-8.0.jar
Launcher Type: SUN_STANDARD

[Global flags]
     intx CICompilerCount                          = 12                                        {product} {ergonomic}
     uint ConcGCThreads                            = 3                                         {product} {ergonomic}
     uint G1ConcRefinementThreads                  = 13                                        {product} {ergonomic}
   size_t G1HeapRegionSize                         = 1048576                                   {product} {ergonomic}
    uintx GCDrainStackTargetSize                   = 64                                        {product} {ergonomic}
   size_t InitialHeapSize                          = 255852544                                 {product} {ergonomic}
   size_t MarkStackSize                            = 4194304                                   {product} {ergonomic}
   size_t MaxHeapSize                              = 2147483648                                {product} {command line}
   size_t MaxNewSize                               = 1287651328                                {product} {ergonomic}
   size_t MinHeapDeltaBytes                        = 1048576                                   {product} {ergonomic}
   size_t MinHeapSize                              = 8388608                                   {product} {ergonomic}
    uintx NonNMethodCodeHeapSize                   = 7602480                                {pd product} {ergonomic}
    uintx NonProfiledCodeHeapSize                  = 122027880                              {pd product} {ergonomic}
    uintx ProfiledCodeHeapSize                     = 122027880                              {pd product} {ergonomic}
    uintx ReservedCodeCacheSize                    = 251658240                              {pd product} {ergonomic}
     bool SegmentedCodeCache                       = true                                      {product} {ergonomic}
   size_t SoftMaxHeapSize                          = 2147483648                             {manageable} {ergonomic}
     bool UseCompressedClassPointers               = true                           {product lp64_product} {ergonomic}
     bool UseCompressedOops                        = true                           {product lp64_product} {ergonomic}
     bool UseG1GC                                  = true                                      {product} {ergonomic}
     bool UseLargePagesIndividualAllocation        = false                                  {pd product} {ergonomic}

Logging:
Log output configuration:
 #0: stdout all=warning uptime,level,tags
 #1: stderr all=off uptime,level,tags

Environment Variables:
PATH=D:\VMware\bin\;C:\Program Files\NVIDIA GPU Computing Toolkit\CUDA\v12.4\bin;C:\Program Files\NVIDIA GPU Computing Toolkit\CUDA\v12.4\libnvvp;C:\Program Files\Common Files\Oracle\Java\javapath;C:\WINDOWS\system32;C:\WINDOWS;C:\WINDOWS\System32\Wbem;C:\WINDOWS\System32\WindowsPowerShell\v1.0\;C:\WINDOWS\System32\OpenSSH\;C:\Program Files (x86)\NVIDIA Corporation\PhysX\Common;C:\Program Files\NVIDIA Corporation\NVIDIA NvDLISR;C:\Program Files\Git\cmd;C:\Program Files (x86)\Windows Kits\10\Windows Performance Toolkit\;D:\nodejs\;D:\opencv\opencv\build\x64\vc16\bin\;C:\Program Files\Amazon\AWSCLIV2\;C:\Program Files\NVIDIA Corporation\Nsight Compute 2024.1.0\;C:\Program Files\NVIDIA GPU Computing Toolkit\CUDA\v12.4\bin\\..\extras\CUPTI\lib64;C:\Program Files\Microsoft SDKs\Azure\CLI2\wbin;C:\Program Files\NVIDIA GPU Computing Toolkit\CUDA\v12.4\bin;C:\Program Files\NVIDIA GPU Computing Toolkit\CUDA\v12.4\libnvvp;C:\Program Files\Common Files\Oracle\Java\javapath;C:\WINDOWS\system32;C:\WINDOWS;C:\WINDOWS\System32\Wbem;C:\WINDOWS\System32\WindowsPowerShell\v1.0\;C:\WINDOWS\System32\OpenSSH\;C:\Program Files (x86)\NVIDIA Corporation\PhysX\Common;C:\Program Files\NVIDIA Corporation\NVIDIA NvDLISR;C:\Program Files\Git\cmd;C:\Program Files (x86)\Windows Kits\10\Windows Performance Toolkit\;D:\nodejs\;D:\opencv\opencv\build\x64\vc16\bin\;C:\Program Files\Amazon\AWSCLIV2\;C:\Program Files\NVIDIA Corporation\Nsight Compute 2024.1.0\;C:\Program Files\NVIDIA GPU Computing Toolkit\CUDA\v12.4\bin\\..\extras\CUPTI\lib64;C:\Program Files\NVIDIA GPU Computing Toolkit\CUDA\v12.4\bin;C:\Program Files\NVIDIA GPU Computing Toolkit\CUDA\v12.4\libnvvp;C:\Program Files\Common Files\Orac;D:\Microsoft\Microsoft VS Code\bin
USERNAME=liubov
OS=Windows_NT
PROCESSOR_IDENTIFIER=AMD64 Family 25 Model 68 Stepping 1, AuthenticAMD
TMP=C:\Users\liubov\AppData\Local\Temp
TEMP=C:\Users\liubov\AppData\Local\Temp


JNI global refs:
JNI global refs: 37, weak refs: 133

JNI global refs memory usage: 843, weak refs: 2105


---------------  S Y S T E M  ---------------

OS:
 Windows 11 , 64 bit Build 22621 (10.0.22621.3527)
OS uptime: 5 days 8:58 hours

CPU: total 16 (initial active 16) (16 cores per cpu, 2 threads per core) family 25 model 68 stepping 1 microcode 0x0, cx8, cmov, fxsr, ht, mmx, 3dnowpref, sse, sse2, sse3, ssse3, sse4a, sse4.1, sse4.2, popcnt, lzcnt, tsc, tscinvbit, avx, avx2, aes, erms, clmul, bmi1, bmi2, adx, sha, fma, vzeroupper, clflush, clflushopt

Memory: 4k page, system-wide physical 15557M (332M free)
TotalPageFile size 32097M (AvailPageFile size 502M)
current process WorkingSet (physical memory assigned to process): 968M, peak: 1017M
current process commit charge ("private bytes"): 1242M, peak: 1766M

vm_info: OpenJDK 64-Bit Server VM (17.0.6+0-b2043.56-10027231) for windows-amd64 JRE (17.0.6+0-b2043.56-10027231), built on Apr 28 2023 00:43:19 by "androidbuild" with MS VC++ 16.10 / 16.11 (VS2019)

END.
