#
# There is insufficient memory for the Java Runtime Environment to continue.
# Native memory allocation (mmap) failed to map 574619648 bytes for G1 virtual space
# Possible reasons:
#   The system is out of physical RAM or swap space
#   The process is running with CompressedOops enabled, and the Java Heap may be blocking the growth of the native heap
# Possible solutions:
#   Reduce memory load on the system
#   Increase physical memory or swap space
#   Check if swap backing store is full
#   Decrease Java heap size (-Xmx/-Xms)
#   Decrease number of Java threads
#   Decrease Java thread stack sizes (-Xss)
#   Set larger code cache with -XX:ReservedCodeCacheSize=
#   JVM is running with Unscaled Compressed Oops mode in which the Java heap is
#     placed in the first 4GB address space. The Java Heap base address is the
#     maximum limit for the native heap growth. Please use -XX:HeapBaseMinAddress
#     to set the Java Heap base and to place the Java Heap above 4GB virtual address.
# This output file may be truncated or incomplete.
#
#  Out of Memory Error (os_windows.cpp:3769), pid=108872, tid=111160
#
# JRE version: OpenJDK Runtime Environment (17.0.6) (build 17.0.6+0-b2043.56-10027231)
# Java VM: OpenJDK 64-Bit Server VM (17.0.6+0-b2043.56-10027231, mixed mode, tiered, compressed oops, compressed class ptrs, g1 gc, windows-amd64)
# No core dump will be written. Minidumps are not enabled by default on client versions of Windows
#

---------------  S U M M A R Y ------------

Command Line: --add-opens=java.base/java.util=ALL-UNNAMED --add-opens=java.base/java.lang=ALL-UNNAMED --add-opens=java.base/java.lang.invoke=ALL-UNNAMED --add-opens=java.prefs/java.util.prefs=ALL-UNNAMED --add-opens=java.base/java.nio.charset=ALL-UNNAMED --add-opens=java.base/java.net=ALL-UNNAMED --add-opens=java.base/java.util.concurrent.atomic=ALL-UNNAMED -Xmx2048m -Dfile.encoding=UTF-8 -Duser.country=UA -Duser.language=uk -Duser.variant org.gradle.launcher.daemon.bootstrap.GradleDaemon 8.0

Host: AMD Ryzen 7 6800H with Radeon Graphics         , 16 cores, 15G,  Windows 11 , 64 bit Build 22621 (10.0.22621.3527)
Time: Mon Jun 10 00:25:10 2024  Windows 11 , 64 bit Build 22621 (10.0.22621.3527) elapsed time: 1197.460293 seconds (0d 0h 19m 57s)

---------------  T H R E A D  ---------------

Current thread (0x000001d766849a50):  VMThread "VM Thread" [stack: 0x0000007530500000,0x0000007530600000] [id=111160]

Stack: [0x0000007530500000,0x0000007530600000]
Native frames: (J=compiled Java code, j=interpreted, Vv=VM code, C=native code)
V  [jvm.dll+0x683c9a]
V  [jvm.dll+0x8427a4]
V  [jvm.dll+0x843f9e]
V  [jvm.dll+0x844603]
V  [jvm.dll+0x249b75]
V  [jvm.dll+0x680b69]
V  [jvm.dll+0x67505a]
V  [jvm.dll+0x309acb]
V  [jvm.dll+0x310f86]
V  [jvm.dll+0x3608ee]
V  [jvm.dll+0x360b1f]
V  [jvm.dll+0x2dfbf8]
V  [jvm.dll+0x2ddec4]
V  [jvm.dll+0x2dd4cc]
V  [jvm.dll+0x321f3b]
V  [jvm.dll+0x848ccb]
V  [jvm.dll+0x849a04]
V  [jvm.dll+0x849f1d]
V  [jvm.dll+0x84a2f4]
V  [jvm.dll+0x84a3c0]
V  [jvm.dll+0x7f274a]
V  [jvm.dll+0x682ad5]
C  [ucrtbase.dll+0x29333]
C  [KERNEL32.DLL+0x1257d]
C  [ntdll.dll+0x5aa48]

VM_Operation (0x0000007542efcd00): G1CollectForAllocation, mode: safepoint, requested by thread 0x000001d774a4d6c0


---------------  P R O C E S S  ---------------

Threads class SMR info:
_java_thread_list=0x000001d771b97760, length=289, elements={
0x000001d74b5933c0, 0x000001d76686c260, 0x000001d76686fef0, 0x000001d7668a4ab0,
0x000001d7668a5460, 0x000001d7668a6020, 0x000001d7668a69d0, 0x000001d7668a76b0,
0x000001d7668ab580, 0x000001d7668c9910, 0x000001d766a4de40, 0x000001d766a50730,
0x000001d7693d1050, 0x000001d767946d20, 0x000001d767945510, 0x000001d767946850,
0x000001d7679471f0, 0x000001d767943d00, 0x000001d769aaaa10, 0x000001d769aabd50,
0x000001d769aacbc0, 0x000001d769aad090, 0x000001d769aada30, 0x000001d769aaaee0,
0x000001d76d1a7f70, 0x000001d76d1a7100, 0x000001d76d1a58f0, 0x000001d76d1ab460,
0x000001d76fc91d90, 0x000001d76fc913f0, 0x000001d76fc93f40, 0x000001d76fc95280,
0x000001d76fc965c0, 0x000001d76fc96a90, 0x000001d76fc918c0, 0x000001d76fc96f60,
0x000001d76fc95750, 0x000001d76fc93a70, 0x000001d76fc90580, 0x000001d76fc90a50,
0x000001d76db77cc0, 0x000001d76c60a830, 0x000001d771b73a20, 0x000001d7712e57c0,
0x000001d7712e5c90, 0x000001d76728b600, 0x000001d775fb0a80, 0x000001d771a4a760,
0x000001d771737ce0, 0x000001d76d6b6370, 0x000001d776525e00, 0x000001d76a5a33b0,
0x000001d774d26120, 0x000001d774a4f3a0, 0x000001d7758bc4c0, 0x000001d771a452a0,
0x000001d76d6d6fc0, 0x000001d774d25780, 0x000001d774d26ac0, 0x000001d774d24910,
0x000001d771a46ab0, 0x000001d771a482c0, 0x000001d771a46f80, 0x000001d771a41410,
0x000001d771a41db0, 0x000001d771a43f60, 0x000001d771a430f0, 0x000001d771a48790,
0x000001d771a42280, 0x000001d771a46110, 0x000001d771a44430, 0x000001d771a418e0,
0x000001d771a42c20, 0x000001d771a42750, 0x000001d771a435c0, 0x000001d771a43a90,
0x000001d76be17ca0, 0x000001d76be15620, 0x000001d76be15af0, 0x000001d76be177d0,
0x000001d76be142e0, 0x000001d76be15fc0, 0x000001d76be147b0, 0x000001d76be16490,
0x000001d76be14c80, 0x000001d76be15150, 0x000001d76be17300, 0x000001d76a7039a0,
0x000001d76a702b30, 0x000001d76a704340, 0x000001d76bf8fc50, 0x000001d76bf91e00,
0x000001d76bf905f0, 0x000001d76bf90f90, 0x000001d76bf90ac0, 0x000001d76bf91460,
0x000001d76bf91930, 0x000001d76bf90120, 0x000001d76bf922d0, 0x000001d76bf8ede0,
0x000001d76bf927a0, 0x000001d775edff50, 0x000001d775edfa80, 0x000001d775ee0dc0,
0x000001d775ee1290, 0x000001d775ee08f0, 0x000001d775ee1760, 0x000001d775ee1c30,
0x000001d775ee25d0, 0x000001d775ee2aa0, 0x000001d775edf0e0, 0x000001d775edf5b0,
0x000001d770424550, 0x000001d770424a20, 0x000001d7704223a0, 0x000001d770421060,
0x000001d7704236e0, 0x000001d770421ed0, 0x000001d770422870, 0x000001d770422d40,
0x000001d770421530, 0x000001d770423bb0, 0x000001d770421a00, 0x000001d770423210,
0x000001d770424080, 0x000001d7679d1d20, 0x000001d7679d0eb0, 0x000001d7679d3ed0,
0x000001d7679d21f0, 0x000001d7679d1380, 0x000001d7679d1850, 0x000001d76bf8f2b0,
0x000001d76bf8f780, 0x000001d77057afd0, 0x000001d77057a630, 0x000001d77057c310,
0x000001d770579c90, 0x000001d77057a160, 0x000001d77057ab00, 0x000001d77057b4a0,
0x000001d77057b970, 0x000001d77057d180, 0x000001d77057d650, 0x000001d76d6da4b0,
0x000001d76d6d7e30, 0x000001d77057ccb0, 0x000001d77057c7e0, 0x000001d768059670,
0x000001d76805a9b0, 0x000001d76805c1c0, 0x000001d7679d26c0, 0x000001d7679d2b90,
0x000001d7679d3530, 0x000001d7679d3a00, 0x000001d7679d43a0, 0x000001d76805ae80,
0x000001d768059b40, 0x000001d76805b350, 0x000001d76805a010, 0x000001d76805c690,
0x000001d768058cd0, 0x000001d76805b820, 0x000001d7680591a0, 0x000001d76805a4e0,
0x000001d76805bcf0, 0x000001d7679d3060, 0x000001d7679d4870, 0x000001d777163e30,
0x000001d777165170, 0x000001d777165fe0, 0x000001d777165b10, 0x000001d777163960,
0x000001d76d6d8ca0, 0x000001d774a4eed0, 0x000001d774a4f870, 0x000001d774a4fd40,
0x000001d771a44900, 0x000001d771a44dd0, 0x000001d771a45c40, 0x000001d771a48c60,
0x000001d771a465e0, 0x000001d771a47450, 0x000001d771a47920, 0x000001d76d1a8910,
0x000001d76d1a4f50, 0x000001d76d1aaac0, 0x000001d76d1a5dc0, 0x000001d76d1aaf90,
0x000001d777164300, 0x000001d777163490, 0x000001d777164ca0, 0x000001d7771647d0,
0x000001d777165640, 0x000001d7771664b0, 0x000001d777166980, 0x000001d777166e50,
0x000001d774952430, 0x000001d7749515c0, 0x000001d76d1ab930, 0x000001d76d1a92b0,
0x000001d76c702130, 0x000001d76c703e10, 0x000001d76c702fa0, 0x000001d76c7047b0,
0x000001d76c7042e0, 0x000001d76c702600, 0x000001d76c701790, 0x000001d76c704c80,
0x000001d76c7012c0, 0x000001d76c701c60, 0x000001d76c703470, 0x000001d76c703940,
0x000001d77057be40, 0x000001d77444d8b0, 0x000001d774450400, 0x000001d7744508d0,
0x000001d77444f0c0, 0x000001d77444dd80, 0x000001d774451270, 0x000001d77444ebf0,
0x000001d77444e250, 0x000001d77444e720, 0x000001d77444f590, 0x000001d77444fa60,
0x000001d77444ff30, 0x000001d76d1a4a80, 0x000001d76d1a40e0, 0x000001d76d85cc50,
0x000001d76d1a45b0, 0x000001d771738680, 0x000001d771737340, 0x000001d76d04da40,
0x000001d76d051400, 0x000001d76d04e3e0, 0x000001d7712e6160, 0x000001d7712e4e20,
0x000001d7765232b0, 0x000001d776523c50, 0x000001d776525930, 0x000001d776522440,
0x000001d776524120, 0x000001d7765245f0, 0x000001d776525460, 0x000001d776522910,
0x000001d776522de0, 0x000001d76da268c0, 0x000001d76d04f720, 0x000001d774d27e00,
0x000001d774d265f0, 0x000001d774d26f90, 0x000001d76d0500c0, 0x000001d76a5a3d50,
0x000001d76da27730, 0x000001d76a8b0860, 0x000001d774a50210, 0x000001d774a4c850,
0x000001d774a4e530, 0x000001d76a8b0d30, 0x000001d76a8b16d0, 0x000001d774d27930,
0x000001d76a99c4e0, 0x000001d76a8af9f0, 0x000001d76a8afec0, 0x000001d76a8b1200,
0x000001d76a8ae6b0, 0x000001d76a8b0390, 0x000001d76a8b1ba0, 0x000001d76a8af050,
0x000001d76a8b2070, 0x000001d76a8aeb80, 0x000001d76bfb0e50, 0x000001d76bfb04b0,
0x000001d76bfb1320, 0x000001d76bfb0980, 0x000001d76bfb17f0, 0x000001d76bfb1cc0,
0x000001d76bfb2190, 0x000001d76be5d7a0, 0x000001d76bfb2660, 0x000001d774a4d1f0,
0x000001d774a4ea00, 0x000001d774a4cd20, 0x000001d774a4d6c0, 0x000001d774a4db90,
0x000001d774a4e060, 0x000001d770d93820, 0x000001d770d93cf0, 0x000001d76a5a4bc0,
0x000001d76d85ee00
}

Java Threads: ( => current thread )
  0x000001d74b5933c0 JavaThread "main" [_thread_blocked, id=111156, stack(0x000000752ff00000,0x0000007530000000)]
  0x000001d76686c260 JavaThread "Reference Handler" daemon [_thread_blocked, id=109848, stack(0x0000007530600000,0x0000007530700000)]
  0x000001d76686fef0 JavaThread "Finalizer" daemon [_thread_blocked, id=101564, stack(0x0000007530700000,0x0000007530800000)]
  0x000001d7668a4ab0 JavaThread "Signal Dispatcher" daemon [_thread_blocked, id=111140, stack(0x0000007530800000,0x0000007530900000)]
  0x000001d7668a5460 JavaThread "Attach Listener" daemon [_thread_blocked, id=102392, stack(0x0000007530900000,0x0000007530a00000)]
  0x000001d7668a6020 JavaThread "Service Thread" daemon [_thread_blocked, id=43288, stack(0x0000007530a00000,0x0000007530b00000)]
  0x000001d7668a69d0 JavaThread "Monitor Deflation Thread" daemon [_thread_blocked, id=109112, stack(0x0000007530b00000,0x0000007530c00000)]
  0x000001d7668a76b0 JavaThread "C2 CompilerThread0" daemon [_thread_blocked, id=111124, stack(0x0000007530c00000,0x0000007530d00000)]
  0x000001d7668ab580 JavaThread "C1 CompilerThread0" daemon [_thread_blocked, id=109716, stack(0x0000007530d00000,0x0000007530e00000)]
  0x000001d7668c9910 JavaThread "Sweeper thread" daemon [_thread_blocked, id=89556, stack(0x0000007530e00000,0x0000007530f00000)]
  0x000001d766a4de40 JavaThread "Common-Cleaner" daemon [_thread_blocked, id=107576, stack(0x0000007531100000,0x0000007531200000)]
  0x000001d766a50730 JavaThread "Notification Thread" daemon [_thread_blocked, id=110148, stack(0x0000007531200000,0x0000007531300000)]
  0x000001d7693d1050 JavaThread "Daemon health stats" [_thread_blocked, id=110724, stack(0x0000007531c00000,0x0000007531d00000)]
  0x000001d767946d20 JavaThread "Incoming local TCP Connector on port 59491" [_thread_in_native, id=93004, stack(0x0000007531d00000,0x0000007531e00000)]
  0x000001d767945510 JavaThread "Daemon periodic checks" [_thread_blocked, id=111388, stack(0x0000007531e00000,0x0000007531f00000)]
  0x000001d767946850 JavaThread "Cache worker for journal cache (C:\Users\liubov\.gradle\caches\journal-1)" [_thread_blocked, id=111224, stack(0x0000007533000000,0x0000007533100000)]
  0x000001d7679471f0 JavaThread "File lock request listener" [_thread_in_native, id=111236, stack(0x0000007533100000,0x0000007533200000)]
  0x000001d767943d00 JavaThread "Cache worker for file hash cache (C:\Users\liubov\.gradle\caches\8.0\fileHashes)" [_thread_blocked, id=110240, stack(0x0000007533200000,0x0000007533300000)]
  0x000001d769aaaa10 JavaThread "File watcher server" daemon [_thread_blocked, id=107680, stack(0x0000007533300000,0x0000007533400000)]
  0x000001d769aabd50 JavaThread "File watcher consumer" daemon [_thread_blocked, id=111408, stack(0x0000007533400000,0x0000007533500000)]
  0x000001d769aacbc0 JavaThread "Cache worker for file content cache (C:\Users\liubov\.gradle\caches\8.0\fileContent)" [_thread_blocked, id=110760, stack(0x0000007533700000,0x0000007533800000)]
  0x000001d769aad090 JavaThread "Cache worker for execution history cache (C:\Users\liubov\.gradle\caches\8.0\executionHistory)" [_thread_blocked, id=109908, stack(0x0000007533a00000,0x0000007533b00000)]
  0x000001d769aada30 JavaThread "jar transforms" [_thread_blocked, id=111744, stack(0x0000007533b00000,0x0000007533c00000)]
  0x000001d769aaaee0 JavaThread "jar transforms Thread 2" [_thread_blocked, id=111748, stack(0x0000007533c00000,0x0000007533d00000)]
  0x000001d76d1a7f70 JavaThread "Cache worker for kotlin-dsl (C:\Users\liubov\.gradle\caches\8.0\kotlin-dsl)" [_thread_blocked, id=111768, stack(0x0000007533d00000,0x0000007533e00000)]
  0x000001d76d1a7100 JavaThread "jar transforms Thread 3" [_thread_blocked, id=111772, stack(0x0000007533e00000,0x0000007533f00000)]
  0x000001d76d1a58f0 JavaThread "jar transforms Thread 4" [_thread_blocked, id=111776, stack(0x0000007533f00000,0x0000007534000000)]
  0x000001d76d1ab460 JavaThread "jar transforms Thread 5" [_thread_blocked, id=111788, stack(0x0000007534200000,0x0000007534300000)]
  0x000001d76fc91d90 JavaThread "jar transforms Thread 6" [_thread_blocked, id=112292, stack(0x000000753e000000,0x000000753e100000)]
  0x000001d76fc913f0 JavaThread "jar transforms Thread 7" [_thread_blocked, id=112384, stack(0x000000753e100000,0x000000753e200000)]
  0x000001d76fc93f40 JavaThread "jar transforms Thread 8" [_thread_blocked, id=112376, stack(0x000000753e200000,0x000000753e300000)]
  0x000001d76fc95280 JavaThread "jar transforms Thread 9" [_thread_blocked, id=112380, stack(0x000000753e300000,0x000000753e400000)]
  0x000001d76fc965c0 JavaThread "jar transforms Thread 10" [_thread_blocked, id=112372, stack(0x000000753e400000,0x000000753e500000)]
  0x000001d76fc96a90 JavaThread "jar transforms Thread 11" [_thread_blocked, id=112452, stack(0x000000753e500000,0x000000753e600000)]
  0x000001d76fc918c0 JavaThread "jar transforms Thread 12" [_thread_blocked, id=112448, stack(0x000000753e600000,0x000000753e700000)]
  0x000001d76fc96f60 JavaThread "jar transforms Thread 13" [_thread_blocked, id=112444, stack(0x000000753e700000,0x000000753e800000)]
  0x000001d76fc95750 JavaThread "jar transforms Thread 14" [_thread_blocked, id=112432, stack(0x000000753e800000,0x000000753e900000)]
  0x000001d76fc93a70 JavaThread "jar transforms Thread 15" [_thread_blocked, id=112428, stack(0x000000753e900000,0x000000753ea00000)]
  0x000001d76fc90580 JavaThread "jar transforms Thread 16" [_thread_blocked, id=112424, stack(0x000000753ea00000,0x000000753eb00000)]
  0x000001d76fc90a50 JavaThread "Memory manager" [_thread_blocked, id=112400, stack(0x000000753ec00000,0x000000753ed00000)]
  0x000001d76db77cc0 JavaThread "pool-3-thread-1" [_thread_blocked, id=112520, stack(0x0000007537500000,0x0000007537600000)]
  0x000001d76c60a830 JavaThread "RMI Scheduler(0)" daemon [_thread_blocked, id=109924, stack(0x0000007540800000,0x0000007540900000)]
  0x000001d771b73a20 JavaThread "RMI GC Daemon" daemon [_thread_blocked, id=110104, stack(0x0000007540a00000,0x0000007540b00000)]
  0x000001d7712e57c0 JavaThread "RMI TCP Accept-0" daemon [_thread_in_native, id=109916, stack(0x0000007540b00000,0x0000007540c00000)]
  0x000001d7712e5c90 JavaThread "RMI Reaper" [_thread_blocked, id=109884, stack(0x0000007540c00000,0x0000007540d00000)]
  0x000001d76728b600 JavaThread "Cache worker for Java compile cache (C:\Users\liubov\.gradle\caches\8.0\javaCompile)" [_thread_blocked, id=111804, stack(0x0000007531600000,0x0000007531700000)]
  0x000001d775fb0a80 JavaThread "ForkJoinPool.commonPool-worker-1" daemon [_thread_blocked, id=109704, stack(0x0000007542f00000,0x0000007543000000)]
  0x000001d771a4a760 JavaThread "ForkJoinPool.commonPool-worker-8" daemon [_thread_blocked, id=84668, stack(0x0000007543600000,0x0000007543700000)]
  0x000001d771737ce0 JavaThread "ForkJoinPool.commonPool-worker-13" daemon [_thread_blocked, id=110572, stack(0x0000007543b00000,0x0000007543c00000)]
  0x000001d76d6b6370 JavaThread "pool-7-thread-1" [_thread_blocked, id=112924, stack(0x000000753df00000,0x000000753e000000)]
  0x000001d776525e00 JavaThread "pool-11-thread-1" [_thread_blocked, id=116220, stack(0x000000753de00000,0x000000753df00000)]
  0x000001d76a5a33b0 JavaThread "pool-14-thread-1" [_thread_blocked, id=104872, stack(0x000000753dd00000,0x000000753de00000)]
  0x000001d774d26120 JavaThread "ForkJoinPool.commonPool-worker-22" daemon [_thread_blocked, id=116996, stack(0x0000007532400000,0x0000007532500000)]
  0x000001d774a4f3a0 JavaThread "ForkJoinPool.commonPool-worker-23" daemon [_thread_blocked, id=117000, stack(0x0000007543900000,0x0000007543a00000)]
  0x000001d7758bc4c0 JavaThread "ForkJoinPool.commonPool-worker-24" daemon [_thread_blocked, id=117004, stack(0x0000007543e00000,0x0000007543f00000)]
  0x000001d771a452a0 JavaThread "RMI TCP Connection(22)-127.0.0.1" daemon [_thread_in_native, id=117860, stack(0x000000752fc00000,0x000000752fd00000)]
  0x000001d76d6d6fc0 JavaThread "Daemon Thread 5" [_thread_blocked, id=119392, stack(0x000000752fd00000,0x000000752fe00000)]
  0x000001d774d25780 JavaThread "Handler for socket connection from /127.0.0.1:59491 to /127.0.0.1:60714" [_thread_in_native, id=76956, stack(0x000000752fe00000,0x000000752ff00000)]
  0x000001d774d26ac0 JavaThread "Cancel handler" [_thread_blocked, id=119752, stack(0x0000007530f00000,0x0000007531000000)]
  0x000001d774d24910 JavaThread "Daemon worker Thread 5" [_thread_blocked, id=119048, stack(0x0000007531000000,0x0000007531100000)]
  0x000001d771a46ab0 JavaThread "Asynchronous log dispatcher for DefaultDaemonConnection: socket connection from /127.0.0.1:59491 to /127.0.0.1:60714" [_thread_blocked, id=118120, stack(0x0000007531400000,0x0000007531500000)]
  0x000001d771a482c0 JavaThread "Stdin handler" [_thread_blocked, id=118992, stack(0x0000007531500000,0x0000007531600000)]
  0x000001d771a46f80 JavaThread "Daemon client event forwarder" [_thread_blocked, id=118116, stack(0x0000007531b00000,0x0000007531c00000)]
  0x000001d771a41410 JavaThread "Cache worker for checksums cache (D:\StudioProjects\placement_example\.gradle\8.0\checksums)" [_thread_blocked, id=119668, stack(0x0000007531f00000,0x0000007532000000)]
  0x000001d771a41db0 JavaThread "Cache worker for cache directory md-rule (C:\Users\liubov\.gradle\caches\8.0\md-rule)" [_thread_blocked, id=119656, stack(0x0000007532000000,0x0000007532100000)]
  0x000001d771a43f60 JavaThread "Cache worker for file hash cache (D:\StudioProjects\placement_example\.gradle\8.0\fileHashes)" [_thread_blocked, id=118328, stack(0x0000007532100000,0x0000007532200000)]
  0x000001d771a430f0 JavaThread "Cache worker for cache directory md-supplier (C:\Users\liubov\.gradle\caches\8.0\md-supplier)" [_thread_blocked, id=118132, stack(0x0000007532200000,0x0000007532300000)]
  0x000001d771a48790 JavaThread "Cache worker for dependencies-accessors (D:\StudioProjects\placement_example\.gradle\8.0\dependencies-accessors)" [_thread_blocked, id=118012, stack(0x0000007532300000,0x0000007532400000)]
  0x000001d771a42280 JavaThread "Cache worker for Build Output Cleanup Cache (D:\StudioProjects\placement_example\.gradle\buildOutputCleanup)" [_thread_blocked, id=118332, stack(0x0000007532500000,0x0000007532600000)]
  0x000001d771a46110 JavaThread "Unconstrained build operations" [_thread_blocked, id=118344, stack(0x0000007533500000,0x0000007533600000)]
  0x000001d771a44430 JavaThread "Unconstrained build operations Thread 2" [_thread_blocked, id=118684, stack(0x0000007533600000,0x0000007533700000)]
  0x000001d771a418e0 JavaThread "Unconstrained build operations Thread 3" [_thread_blocked, id=119716, stack(0x0000007533800000,0x0000007533900000)]
  0x000001d771a42c20 JavaThread "Unconstrained build operations Thread 4" [_thread_blocked, id=119516, stack(0x0000007533900000,0x0000007533a00000)]
  0x000001d771a42750 JavaThread "Unconstrained build operations Thread 5" [_thread_blocked, id=119508, stack(0x0000007534000000,0x0000007534100000)]
  0x000001d771a435c0 JavaThread "Unconstrained build operations Thread 6" [_thread_blocked, id=119512, stack(0x0000007534100000,0x0000007534200000)]
  0x000001d771a43a90 JavaThread "Unconstrained build operations Thread 7" [_thread_blocked, id=119212, stack(0x0000007534300000,0x0000007534400000)]
  0x000001d76be17ca0 JavaThread "Unconstrained build operations Thread 8" [_thread_blocked, id=119524, stack(0x0000007534400000,0x0000007534500000)]
  0x000001d76be15620 JavaThread "Unconstrained build operations Thread 9" [_thread_blocked, id=118984, stack(0x0000007534500000,0x0000007534600000)]
  0x000001d76be15af0 JavaThread "Unconstrained build operations Thread 10" [_thread_blocked, id=119548, stack(0x0000007534600000,0x0000007534700000)]
  0x000001d76be177d0 JavaThread "Unconstrained build operations Thread 11" [_thread_blocked, id=119540, stack(0x0000007534700000,0x0000007534800000)]
  0x000001d76be142e0 JavaThread "Unconstrained build operations Thread 12" [_thread_blocked, id=114260, stack(0x0000007534800000,0x0000007534900000)]
  0x000001d76be15fc0 JavaThread "Unconstrained build operations Thread 13" [_thread_blocked, id=119696, stack(0x0000007534900000,0x0000007534a00000)]
  0x000001d76be147b0 JavaThread "Unconstrained build operations Thread 14" [_thread_blocked, id=119680, stack(0x0000007534a00000,0x0000007534b00000)]
  0x000001d76be16490 JavaThread "Unconstrained build operations Thread 15" [_thread_blocked, id=119556, stack(0x0000007534b00000,0x0000007534c00000)]
  0x000001d76be14c80 JavaThread "Unconstrained build operations Thread 16" [_thread_blocked, id=119528, stack(0x0000007534c00000,0x0000007534d00000)]
  0x000001d76be15150 JavaThread "Unconstrained build operations Thread 17" [_thread_blocked, id=119500, stack(0x0000007534d00000,0x0000007534e00000)]
  0x000001d76be17300 JavaThread "Unconstrained build operations Thread 18" [_thread_blocked, id=114092, stack(0x0000007534e00000,0x0000007534f00000)]
  0x000001d76a7039a0 JavaThread "Unconstrained build operations Thread 19" [_thread_blocked, id=119080, stack(0x0000007534f00000,0x0000007535000000)]
  0x000001d76a702b30 JavaThread "Unconstrained build operations Thread 20" [_thread_blocked, id=119016, stack(0x0000007535000000,0x0000007535100000)]
  0x000001d76a704340 JavaThread "Unconstrained build operations Thread 21" [_thread_blocked, id=118760, stack(0x0000007535100000,0x0000007535200000)]
  0x000001d76bf8fc50 JavaThread "Unconstrained build operations Thread 22" [_thread_blocked, id=117708, stack(0x0000007535200000,0x0000007535300000)]
  0x000001d76bf91e00 JavaThread "Unconstrained build operations Thread 23" [_thread_blocked, id=119148, stack(0x0000007535300000,0x0000007535400000)]
  0x000001d76bf905f0 JavaThread "Unconstrained build operations Thread 24" [_thread_blocked, id=119520, stack(0x0000007535400000,0x0000007535500000)]
  0x000001d76bf90f90 JavaThread "Unconstrained build operations Thread 25" [_thread_blocked, id=119120, stack(0x0000007535500000,0x0000007535600000)]
  0x000001d76bf90ac0 JavaThread "Unconstrained build operations Thread 26" [_thread_blocked, id=117524, stack(0x0000007535600000,0x0000007535700000)]
  0x000001d76bf91460 JavaThread "Unconstrained build operations Thread 27" [_thread_blocked, id=119116, stack(0x0000007535700000,0x0000007535800000)]
  0x000001d76bf91930 JavaThread "Unconstrained build operations Thread 28" [_thread_blocked, id=119124, stack(0x0000007535800000,0x0000007535900000)]
  0x000001d76bf90120 JavaThread "Unconstrained build operations Thread 29" [_thread_blocked, id=118908, stack(0x0000007535900000,0x0000007535a00000)]
  0x000001d76bf922d0 JavaThread "Unconstrained build operations Thread 30" [_thread_blocked, id=119640, stack(0x0000007535a00000,0x0000007535b00000)]
  0x000001d76bf8ede0 JavaThread "Unconstrained build operations Thread 31" [_thread_blocked, id=116700, stack(0x0000007535b00000,0x0000007535c00000)]
  0x000001d76bf927a0 JavaThread "Unconstrained build operations Thread 32" [_thread_blocked, id=119276, stack(0x0000007535c00000,0x0000007535d00000)]
  0x000001d775edff50 JavaThread "Unconstrained build operations Thread 33" [_thread_blocked, id=119272, stack(0x0000007535d00000,0x0000007535e00000)]
  0x000001d775edfa80 JavaThread "Unconstrained build operations Thread 34" [_thread_blocked, id=117792, stack(0x0000007535e00000,0x0000007535f00000)]
  0x000001d775ee0dc0 JavaThread "Unconstrained build operations Thread 35" [_thread_blocked, id=119676, stack(0x0000007535f00000,0x0000007536000000)]
  0x000001d775ee1290 JavaThread "Unconstrained build operations Thread 36" [_thread_blocked, id=119684, stack(0x0000007536000000,0x0000007536100000)]
  0x000001d775ee08f0 JavaThread "Unconstrained build operations Thread 37" [_thread_blocked, id=119616, stack(0x0000007536100000,0x0000007536200000)]
  0x000001d775ee1760 JavaThread "Unconstrained build operations Thread 38" [_thread_blocked, id=117908, stack(0x0000007536200000,0x0000007536300000)]
  0x000001d775ee1c30 JavaThread "Unconstrained build operations Thread 39" [_thread_blocked, id=119436, stack(0x0000007536300000,0x0000007536400000)]
  0x000001d775ee25d0 JavaThread "Unconstrained build operations Thread 40" [_thread_blocked, id=119636, stack(0x0000007536400000,0x0000007536500000)]
  0x000001d775ee2aa0 JavaThread "Unconstrained build operations Thread 41" [_thread_blocked, id=119632, stack(0x0000007536500000,0x0000007536600000)]
  0x000001d775edf0e0 JavaThread "Unconstrained build operations Thread 42" [_thread_blocked, id=119724, stack(0x0000007536600000,0x0000007536700000)]
  0x000001d775edf5b0 JavaThread "Unconstrained build operations Thread 43" [_thread_blocked, id=117800, stack(0x0000007536700000,0x0000007536800000)]
  0x000001d770424550 JavaThread "Unconstrained build operations Thread 44" [_thread_blocked, id=119092, stack(0x0000007536800000,0x0000007536900000)]
  0x000001d770424a20 JavaThread "Unconstrained build operations Thread 45" [_thread_blocked, id=118312, stack(0x0000007536900000,0x0000007536a00000)]
  0x000001d7704223a0 JavaThread "Unconstrained build operations Thread 46" [_thread_blocked, id=119264, stack(0x0000007536a00000,0x0000007536b00000)]
  0x000001d770421060 JavaThread "Unconstrained build operations Thread 47" [_thread_blocked, id=115972, stack(0x0000007536b00000,0x0000007536c00000)]
  0x000001d7704236e0 JavaThread "Unconstrained build operations Thread 48" [_thread_blocked, id=119536, stack(0x0000007536c00000,0x0000007536d00000)]
  0x000001d770421ed0 JavaThread "Unconstrained build operations Thread 49" [_thread_blocked, id=119396, stack(0x0000007536d00000,0x0000007536e00000)]
  0x000001d770422870 JavaThread "Unconstrained build operations Thread 50" [_thread_blocked, id=117936, stack(0x0000007536e00000,0x0000007536f00000)]
  0x000001d770422d40 JavaThread "Unconstrained build operations Thread 51" [_thread_blocked, id=116716, stack(0x0000007536f00000,0x0000007537000000)]
  0x000001d770421530 JavaThread "Unconstrained build operations Thread 52" [_thread_blocked, id=109216, stack(0x0000007537000000,0x0000007537100000)]
  0x000001d770423bb0 JavaThread "Unconstrained build operations Thread 53" [_thread_blocked, id=106980, stack(0x0000007537100000,0x0000007537200000)]
  0x000001d770421a00 JavaThread "Unconstrained build operations Thread 54" [_thread_blocked, id=119168, stack(0x0000007537200000,0x0000007537300000)]
  0x000001d770423210 JavaThread "Unconstrained build operations Thread 55" [_thread_blocked, id=118860, stack(0x0000007537300000,0x0000007537400000)]
  0x000001d770424080 JavaThread "Unconstrained build operations Thread 56" [_thread_blocked, id=115644, stack(0x0000007537400000,0x0000007537500000)]
  0x000001d7679d1d20 JavaThread "Unconstrained build operations Thread 57" [_thread_blocked, id=114256, stack(0x0000007537600000,0x0000007537700000)]
  0x000001d7679d0eb0 JavaThread "Unconstrained build operations Thread 58" [_thread_blocked, id=119484, stack(0x0000007537700000,0x0000007537800000)]
  0x000001d7679d3ed0 JavaThread "Unconstrained build operations Thread 59" [_thread_blocked, id=119472, stack(0x0000007537800000,0x0000007537900000)]
  0x000001d7679d21f0 JavaThread "Unconstrained build operations Thread 60" [_thread_blocked, id=119488, stack(0x0000007537900000,0x0000007537a00000)]
  0x000001d7679d1380 JavaThread "Unconstrained build operations Thread 61" [_thread_blocked, id=119740, stack(0x0000007537a00000,0x0000007537b00000)]
  0x000001d7679d1850 JavaThread "Unconstrained build operations Thread 62" [_thread_blocked, id=119280, stack(0x0000007537b00000,0x0000007537c00000)]
  0x000001d76bf8f2b0 JavaThread "Unconstrained build operations Thread 63" [_thread_blocked, id=118788, stack(0x0000007537c00000,0x0000007537d00000)]
  0x000001d76bf8f780 JavaThread "Unconstrained build operations Thread 64" [_thread_blocked, id=118016, stack(0x0000007537d00000,0x0000007537e00000)]
  0x000001d77057afd0 JavaThread "Unconstrained build operations Thread 65" [_thread_blocked, id=118000, stack(0x0000007537e00000,0x0000007537f00000)]
  0x000001d77057a630 JavaThread "Unconstrained build operations Thread 66" [_thread_blocked, id=114320, stack(0x0000007537f00000,0x0000007538000000)]
  0x000001d77057c310 JavaThread "Unconstrained build operations Thread 67" [_thread_blocked, id=119776, stack(0x0000007538000000,0x0000007538100000)]
  0x000001d770579c90 JavaThread "Unconstrained build operations Thread 68" [_thread_blocked, id=119792, stack(0x0000007538100000,0x0000007538200000)]
  0x000001d77057a160 JavaThread "Unconstrained build operations Thread 69" [_thread_blocked, id=118676, stack(0x0000007538200000,0x0000007538300000)]
  0x000001d77057ab00 JavaThread "Unconstrained build operations Thread 70" [_thread_blocked, id=119136, stack(0x0000007538300000,0x0000007538400000)]
  0x000001d77057b4a0 JavaThread "Unconstrained build operations Thread 71" [_thread_blocked, id=119784, stack(0x0000007538400000,0x0000007538500000)]
  0x000001d77057b970 JavaThread "Unconstrained build operations Thread 72" [_thread_blocked, id=27192, stack(0x0000007538500000,0x0000007538600000)]
  0x000001d77057d180 JavaThread "Unconstrained build operations Thread 73" [_thread_blocked, id=119780, stack(0x0000007538600000,0x0000007538700000)]
  0x000001d77057d650 JavaThread "Unconstrained build operations Thread 74" [_thread_blocked, id=118768, stack(0x0000007538700000,0x0000007538800000)]
  0x000001d76d6da4b0 JavaThread "Unconstrained build operations Thread 75" [_thread_blocked, id=119312, stack(0x0000007538800000,0x0000007538900000)]
  0x000001d76d6d7e30 JavaThread "Unconstrained build operations Thread 76" [_thread_blocked, id=119296, stack(0x0000007538900000,0x0000007538a00000)]
  0x000001d77057ccb0 JavaThread "Unconstrained build operations Thread 77" [_thread_blocked, id=119316, stack(0x0000007538a00000,0x0000007538b00000)]
  0x000001d77057c7e0 JavaThread "Unconstrained build operations Thread 78" [_thread_blocked, id=119748, stack(0x0000007538b00000,0x0000007538c00000)]
  0x000001d768059670 JavaThread "Unconstrained build operations Thread 79" [_thread_blocked, id=114000, stack(0x0000007538c00000,0x0000007538d00000)]
  0x000001d76805a9b0 JavaThread "Unconstrained build operations Thread 80" [_thread_blocked, id=119180, stack(0x0000007538d00000,0x0000007538e00000)]
  0x000001d76805c1c0 JavaThread "Unconstrained build operations Thread 81" [_thread_blocked, id=117924, stack(0x0000007538e00000,0x0000007538f00000)]
  0x000001d7679d26c0 JavaThread "Unconstrained build operations Thread 82" [_thread_blocked, id=117896, stack(0x0000007538f00000,0x0000007539000000)]
  0x000001d7679d2b90 JavaThread "Unconstrained build operations Thread 83" [_thread_blocked, id=119552, stack(0x0000007539000000,0x0000007539100000)]
  0x000001d7679d3530 JavaThread "Unconstrained build operations Thread 84" [_thread_blocked, id=119492, stack(0x0000007539100000,0x0000007539200000)]
  0x000001d7679d3a00 JavaThread "Unconstrained build operations Thread 85" [_thread_blocked, id=118896, stack(0x0000007539200000,0x0000007539300000)]
  0x000001d7679d43a0 JavaThread "Unconstrained build operations Thread 86" [_thread_blocked, id=119468, stack(0x0000007539300000,0x0000007539400000)]
  0x000001d76805ae80 JavaThread "Unconstrained build operations Thread 87" [_thread_blocked, id=119300, stack(0x0000007539400000,0x0000007539500000)]
  0x000001d768059b40 JavaThread "Unconstrained build operations Thread 88" [_thread_blocked, id=119456, stack(0x0000007539500000,0x0000007539600000)]
  0x000001d76805b350 JavaThread "Unconstrained build operations Thread 89" [_thread_blocked, id=119452, stack(0x0000007539600000,0x0000007539700000)]
  0x000001d76805a010 JavaThread "Unconstrained build operations Thread 90" [_thread_blocked, id=119464, stack(0x0000007539700000,0x0000007539800000)]
  0x000001d76805c690 JavaThread "Unconstrained build operations Thread 91" [_thread_blocked, id=118656, stack(0x0000007539800000,0x0000007539900000)]
  0x000001d768058cd0 JavaThread "Unconstrained build operations Thread 92" [_thread_blocked, id=119304, stack(0x0000007539900000,0x0000007539a00000)]
  0x000001d76805b820 JavaThread "Unconstrained build operations Thread 93" [_thread_blocked, id=118872, stack(0x0000007539a00000,0x0000007539b00000)]
  0x000001d7680591a0 JavaThread "Unconstrained build operations Thread 94" [_thread_blocked, id=118340, stack(0x0000007539b00000,0x0000007539c00000)]
  0x000001d76805a4e0 JavaThread "Unconstrained build operations Thread 95" [_thread_blocked, id=117976, stack(0x0000007539c00000,0x0000007539d00000)]
  0x000001d76805bcf0 JavaThread "Unconstrained build operations Thread 96" [_thread_blocked, id=118820, stack(0x0000007539d00000,0x0000007539e00000)]
  0x000001d7679d3060 JavaThread "Unconstrained build operations Thread 97" [_thread_blocked, id=118824, stack(0x0000007539e00000,0x0000007539f00000)]
  0x000001d7679d4870 JavaThread "Unconstrained build operations Thread 98" [_thread_blocked, id=119152, stack(0x0000007539f00000,0x000000753a000000)]
  0x000001d777163e30 JavaThread "Unconstrained build operations Thread 99" [_thread_blocked, id=117920, stack(0x000000753a000000,0x000000753a100000)]
  0x000001d777165170 JavaThread "Unconstrained build operations Thread 100" [_thread_blocked, id=114448, stack(0x000000753a100000,0x000000753a200000)]
  0x000001d777165fe0 JavaThread "Unconstrained build operations Thread 101" [_thread_blocked, id=118292, stack(0x000000753a200000,0x000000753a300000)]
  0x000001d777165b10 JavaThread "Unconstrained build operations Thread 102" [_thread_blocked, id=118124, stack(0x000000753a300000,0x000000753a400000)]
  0x000001d777163960 JavaThread "Unconstrained build operations Thread 103" [_thread_blocked, id=117932, stack(0x000000753a400000,0x000000753a500000)]
  0x000001d76d6d8ca0 JavaThread "Unconstrained build operations Thread 104" [_thread_blocked, id=118064, stack(0x000000753a500000,0x000000753a600000)]
  0x000001d774a4eed0 JavaThread "Unconstrained build operations Thread 105" [_thread_blocked, id=119248, stack(0x000000753a600000,0x000000753a700000)]
  0x000001d774a4f870 JavaThread "Unconstrained build operations Thread 106" [_thread_blocked, id=119800, stack(0x000000753a700000,0x000000753a800000)]
  0x000001d774a4fd40 JavaThread "Unconstrained build operations Thread 107" [_thread_blocked, id=97056, stack(0x000000753a800000,0x000000753a900000)]
  0x000001d771a44900 JavaThread "Unconstrained build operations Thread 108" [_thread_blocked, id=118348, stack(0x000000753a900000,0x000000753aa00000)]
  0x000001d771a44dd0 JavaThread "Unconstrained build operations Thread 109" [_thread_blocked, id=115280, stack(0x000000753aa00000,0x000000753ab00000)]
  0x000001d771a45c40 JavaThread "Unconstrained build operations Thread 110" [_thread_blocked, id=80720, stack(0x000000753ab00000,0x000000753ac00000)]
  0x000001d771a48c60 JavaThread "Unconstrained build operations Thread 111" [_thread_blocked, id=118308, stack(0x000000753ac00000,0x000000753ad00000)]
  0x000001d771a465e0 JavaThread "Unconstrained build operations Thread 112" [_thread_blocked, id=117844, stack(0x000000753ad00000,0x000000753ae00000)]
  0x000001d771a47450 JavaThread "Unconstrained build operations Thread 113" [_thread_blocked, id=110192, stack(0x000000753ae00000,0x000000753af00000)]
  0x000001d771a47920 JavaThread "Unconstrained build operations Thread 114" [_thread_blocked, id=68720, stack(0x000000753af00000,0x000000753b000000)]
  0x000001d76d1a8910 JavaThread "Unconstrained build operations Thread 115" [_thread_blocked, id=118688, stack(0x000000753b000000,0x000000753b100000)]
  0x000001d76d1a4f50 JavaThread "Unconstrained build operations Thread 116" [_thread_blocked, id=113404, stack(0x000000753b100000,0x000000753b200000)]
  0x000001d76d1aaac0 JavaThread "Unconstrained build operations Thread 117" [_thread_blocked, id=119204, stack(0x000000753b200000,0x000000753b300000)]
  0x000001d76d1a5dc0 JavaThread "Unconstrained build operations Thread 118" [_thread_blocked, id=118812, stack(0x000000753b300000,0x000000753b400000)]
  0x000001d76d1aaf90 JavaThread "Unconstrained build operations Thread 119" [_thread_blocked, id=112712, stack(0x000000753b400000,0x000000753b500000)]
  0x000001d777164300 JavaThread "Unconstrained build operations Thread 120" [_thread_blocked, id=113848, stack(0x000000753b500000,0x000000753b600000)]
  0x000001d777163490 JavaThread "Unconstrained build operations Thread 121" [_thread_blocked, id=111568, stack(0x000000753b600000,0x000000753b700000)]
  0x000001d777164ca0 JavaThread "Unconstrained build operations Thread 122" [_thread_blocked, id=115844, stack(0x000000753b700000,0x000000753b800000)]
  0x000001d7771647d0 JavaThread "Unconstrained build operations Thread 123" [_thread_blocked, id=118544, stack(0x000000753b800000,0x000000753b900000)]
  0x000001d777165640 JavaThread "Unconstrained build operations Thread 124" [_thread_blocked, id=113088, stack(0x000000753b900000,0x000000753ba00000)]
  0x000001d7771664b0 JavaThread "Unconstrained build operations Thread 125" [_thread_blocked, id=118880, stack(0x000000753ba00000,0x000000753bb00000)]
  0x000001d777166980 JavaThread "Unconstrained build operations Thread 126" [_thread_blocked, id=105632, stack(0x000000753bb00000,0x000000753bc00000)]
  0x000001d777166e50 JavaThread "Unconstrained build operations Thread 127" [_thread_blocked, id=118956, stack(0x000000753bc00000,0x000000753bd00000)]
  0x000001d774952430 JavaThread "Unconstrained build operations Thread 128" [_thread_blocked, id=112476, stack(0x000000753bd00000,0x000000753be00000)]
  0x000001d7749515c0 JavaThread "Unconstrained build operations Thread 129" [_thread_blocked, id=117768, stack(0x000000753be00000,0x000000753bf00000)]
  0x000001d76d1ab930 JavaThread "Unconstrained build operations Thread 130" [_thread_blocked, id=119020, stack(0x000000753bf00000,0x000000753c000000)]
  0x000001d76d1a92b0 JavaThread "Unconstrained build operations Thread 131" [_thread_blocked, id=119160, stack(0x000000753c000000,0x000000753c100000)]
  0x000001d76c702130 JavaThread "Unconstrained build operations Thread 132" [_thread_blocked, id=118948, stack(0x000000753c100000,0x000000753c200000)]
  0x000001d76c703e10 JavaThread "Unconstrained build operations Thread 133" [_thread_blocked, id=113544, stack(0x000000753c200000,0x000000753c300000)]
  0x000001d76c702fa0 JavaThread "Unconstrained build operations Thread 134" [_thread_blocked, id=118888, stack(0x000000753c300000,0x000000753c400000)]
  0x000001d76c7047b0 JavaThread "Unconstrained build operations Thread 135" [_thread_blocked, id=118916, stack(0x000000753c400000,0x000000753c500000)]
  0x000001d76c7042e0 JavaThread "Unconstrained build operations Thread 136" [_thread_blocked, id=118976, stack(0x000000753c500000,0x000000753c600000)]
  0x000001d76c702600 JavaThread "Unconstrained build operations Thread 137" [_thread_blocked, id=119448, stack(0x000000753c600000,0x000000753c700000)]
  0x000001d76c701790 JavaThread "Unconstrained build operations Thread 138" [_thread_blocked, id=119032, stack(0x000000753c700000,0x000000753c800000)]
  0x000001d76c704c80 JavaThread "Unconstrained build operations Thread 139" [_thread_blocked, id=118008, stack(0x000000753c800000,0x000000753c900000)]
  0x000001d76c7012c0 JavaThread "Unconstrained build operations Thread 140" [_thread_blocked, id=119004, stack(0x000000753c900000,0x000000753ca00000)]
  0x000001d76c701c60 JavaThread "Unconstrained build operations Thread 141" [_thread_blocked, id=119084, stack(0x000000753ca00000,0x000000753cb00000)]
  0x000001d76c703470 JavaThread "Unconstrained build operations Thread 142" [_thread_blocked, id=118148, stack(0x000000753cb00000,0x000000753cc00000)]
  0x000001d76c703940 JavaThread "Unconstrained build operations Thread 143" [_thread_blocked, id=118952, stack(0x000000753cc00000,0x000000753cd00000)]
  0x000001d77057be40 JavaThread "Unconstrained build operations Thread 144" [_thread_blocked, id=119028, stack(0x000000753cd00000,0x000000753ce00000)]
  0x000001d77444d8b0 JavaThread "Unconstrained build operations Thread 145" [_thread_blocked, id=119100, stack(0x000000753ce00000,0x000000753cf00000)]
  0x000001d774450400 JavaThread "Unconstrained build operations Thread 146" [_thread_blocked, id=118816, stack(0x000000753cf00000,0x000000753d000000)]
  0x000001d7744508d0 JavaThread "Unconstrained build operations Thread 147" [_thread_blocked, id=119112, stack(0x000000753d000000,0x000000753d100000)]
  0x000001d77444f0c0 JavaThread "Unconstrained build operations Thread 148" [_thread_blocked, id=114308, stack(0x000000753d100000,0x000000753d200000)]
  0x000001d77444dd80 JavaThread "Unconstrained build operations Thread 149" [_thread_blocked, id=119476, stack(0x000000753d200000,0x000000753d300000)]
  0x000001d774451270 JavaThread "Unconstrained build operations Thread 150" [_thread_blocked, id=118616, stack(0x000000753d300000,0x000000753d400000)]
  0x000001d77444ebf0 JavaThread "Unconstrained build operations Thread 151" [_thread_blocked, id=118944, stack(0x000000753d400000,0x000000753d500000)]
  0x000001d77444e250 JavaThread "Unconstrained build operations Thread 152" [_thread_blocked, id=119812, stack(0x000000753d500000,0x000000753d600000)]
  0x000001d77444e720 JavaThread "Unconstrained build operations Thread 153" [_thread_blocked, id=119816, stack(0x000000753d600000,0x000000753d700000)]
  0x000001d77444f590 JavaThread "Unconstrained build operations Thread 154" [_thread_blocked, id=119820, stack(0x000000753d700000,0x000000753d800000)]
  0x000001d77444fa60 JavaThread "Unconstrained build operations Thread 155" [_thread_blocked, id=119824, stack(0x000000753d800000,0x000000753d900000)]
  0x000001d77444ff30 JavaThread "Unconstrained build operations Thread 156" [_thread_blocked, id=119828, stack(0x000000753d900000,0x000000753da00000)]
  0x000001d76d1a4a80 JavaThread "build event listener" [_thread_blocked, id=119836, stack(0x000000753da00000,0x000000753db00000)]
  0x000001d76d1a40e0 JavaThread "build event listener" [_thread_blocked, id=119896, stack(0x000000753db00000,0x000000753dc00000)]
  0x000001d76d85cc50 JavaThread "build event listener" [_thread_blocked, id=119900, stack(0x000000753dc00000,0x000000753dd00000)]
  0x000001d76d1a45b0 JavaThread "pool-18-thread-1" [_thread_blocked, id=119972, stack(0x000000753ed00000,0x000000753ee00000)]
  0x000001d771738680 JavaThread "build event listener" [_thread_blocked, id=119976, stack(0x000000753ee00000,0x000000753ef00000)]
  0x000001d771737340 JavaThread "included builds" [_thread_blocked, id=119980, stack(0x000000753ef00000,0x000000753f000000)]
  0x000001d76d04da40 JavaThread "Execution worker" [_thread_blocked, id=119984, stack(0x000000753f000000,0x000000753f100000)]
  0x000001d76d051400 JavaThread "Execution worker Thread 2" [_thread_blocked, id=119988, stack(0x000000753f100000,0x000000753f200000)]
  0x000001d76d04e3e0 JavaThread "Execution worker Thread 3" [_thread_blocked, id=119992, stack(0x000000753f200000,0x000000753f300000)]
  0x000001d7712e6160 JavaThread "Execution worker Thread 4" [_thread_blocked, id=119996, stack(0x000000753f300000,0x000000753f400000)]
  0x000001d7712e4e20 JavaThread "Execution worker Thread 5" [_thread_blocked, id=120000, stack(0x000000753f400000,0x000000753f500000)]
  0x000001d7765232b0 JavaThread "Execution worker Thread 6" [_thread_blocked, id=120004, stack(0x000000753f500000,0x000000753f600000)]
  0x000001d776523c50 JavaThread "Execution worker Thread 7" [_thread_blocked, id=120008, stack(0x000000753f600000,0x000000753f700000)]
  0x000001d776525930 JavaThread "Execution worker Thread 8" [_thread_blocked, id=120012, stack(0x000000753f700000,0x000000753f800000)]
  0x000001d776522440 JavaThread "Execution worker Thread 9" [_thread_blocked, id=120016, stack(0x000000753f800000,0x000000753f900000)]
  0x000001d776524120 JavaThread "Execution worker Thread 10" [_thread_blocked, id=120020, stack(0x000000753f900000,0x000000753fa00000)]
  0x000001d7765245f0 JavaThread "Execution worker Thread 11" [_thread_blocked, id=120024, stack(0x000000753fa00000,0x000000753fb00000)]
  0x000001d776525460 JavaThread "Execution worker Thread 12" [_thread_blocked, id=120028, stack(0x000000753fb00000,0x000000753fc00000)]
  0x000001d776522910 JavaThread "Execution worker Thread 13" [_thread_blocked, id=120032, stack(0x000000753fe00000,0x000000753ff00000)]
  0x000001d776522de0 JavaThread "Execution worker Thread 14" [_thread_blocked, id=120036, stack(0x000000753ff00000,0x0000007540000000)]
  0x000001d76da268c0 JavaThread "Execution worker Thread 15" [_thread_blocked, id=120040, stack(0x0000007540100000,0x0000007540200000)]
  0x000001d76d04f720 JavaThread "Cache worker for execution history cache (D:\StudioProjects\placement_example\.gradle\8.0\executionHistory)" [_thread_blocked, id=120044, stack(0x0000007540200000,0x0000007540300000)]
  0x000001d774d27e00 JavaThread "Unconstrained build operations Thread 157" [_thread_blocked, id=120072, stack(0x0000007540400000,0x0000007540500000)]
  0x000001d774d265f0 JavaThread "Unconstrained build operations Thread 158" [_thread_blocked, id=120076, stack(0x0000007540500000,0x0000007540600000)]
  0x000001d774d26f90 JavaThread "Unconstrained build operations Thread 159" [_thread_blocked, id=120080, stack(0x0000007540600000,0x0000007540700000)]
  0x000001d76d0500c0 JavaThread "Unconstrained build operations Thread 160" [_thread_blocked, id=120084, stack(0x0000007540900000,0x0000007540a00000)]
  0x000001d76a5a3d50 JavaThread "WorkerExecutor Queue" [_thread_blocked, id=120136, stack(0x0000007540d00000,0x0000007540e00000)]
  0x000001d76da27730 JavaThread "WorkerExecutor Queue Thread 2" [_thread_blocked, id=120148, stack(0x0000007540f00000,0x0000007541000000)]
  0x000001d76a8b0860 JavaThread "WorkerExecutor Queue Thread 3" [_thread_blocked, id=120200, stack(0x0000007541000000,0x0000007541100000)]
  0x000001d774a50210 JavaThread "pool-19-thread-1" [_thread_blocked, id=120204, stack(0x0000007541100000,0x0000007541200000)]
  0x000001d774a4c850 JavaThread "stderr" [_thread_in_native, id=120220, stack(0x0000007541200000,0x0000007541300000)]
  0x000001d774a4e530 JavaThread "stdout" [_thread_in_native, id=120224, stack(0x0000007541300000,0x0000007541400000)]
  0x000001d76a8b0d30 JavaThread "WorkerExecutor Queue Thread 4" [_thread_blocked, id=120312, stack(0x0000007541600000,0x0000007541700000)]
  0x000001d76a8b16d0 JavaThread "WorkerExecutor Queue Thread 5" [_thread_blocked, id=120424, stack(0x0000007540300000,0x0000007540400000)]
  0x000001d774d27930 JavaThread "RMI TCP Connection(21)-127.0.0.1" daemon [_thread_in_native, id=120440, stack(0x0000007541500000,0x0000007541600000)]
  0x000001d76a99c4e0 JavaThread "C1 CompilerThread1" daemon [_thread_blocked, id=120560, stack(0x000000753eb00000,0x000000753ec00000)]
  0x000001d76a8af9f0 JavaThread "Build operations" [_thread_blocked, id=120568, stack(0x0000007541800000,0x0000007541900000)]
  0x000001d76a8afec0 JavaThread "Build operations Thread 2" [_thread_blocked, id=120572, stack(0x0000007541900000,0x0000007541a00000)]
  0x000001d76a8b1200 JavaThread "Build operations Thread 3" [_thread_blocked, id=120576, stack(0x0000007541a00000,0x0000007541b00000)]
  0x000001d76a8ae6b0 JavaThread "Build operations Thread 4" [_thread_blocked, id=120580, stack(0x0000007541b00000,0x0000007541c00000)]
  0x000001d76a8b0390 JavaThread "Build operations Thread 5" [_thread_blocked, id=120584, stack(0x0000007541c00000,0x0000007541d00000)]
  0x000001d76a8b1ba0 JavaThread "Build operations Thread 6" [_thread_blocked, id=120588, stack(0x0000007541d00000,0x0000007541e00000)]
  0x000001d76a8af050 JavaThread "Build operations Thread 7" [_thread_blocked, id=120592, stack(0x0000007541e00000,0x0000007541f00000)]
  0x000001d76a8b2070 JavaThread "Build operations Thread 8" [_thread_blocked, id=120596, stack(0x0000007542000000,0x0000007542100000)]
  0x000001d76a8aeb80 JavaThread "Build operations Thread 9" [_thread_blocked, id=120600, stack(0x0000007542100000,0x0000007542200000)]
  0x000001d76bfb0e50 JavaThread "Build operations Thread 10" [_thread_blocked, id=120604, stack(0x0000007542200000,0x0000007542300000)]
  0x000001d76bfb04b0 JavaThread "Build operations Thread 11" [_thread_blocked, id=120608, stack(0x0000007542300000,0x0000007542400000)]
  0x000001d76bfb1320 JavaThread "Build operations Thread 12" [_thread_blocked, id=120612, stack(0x0000007542400000,0x0000007542500000)]
  0x000001d76bfb0980 JavaThread "Build operations Thread 13" [_thread_blocked, id=120616, stack(0x0000007542500000,0x0000007542600000)]
  0x000001d76bfb17f0 JavaThread "Build operations Thread 14" [_thread_blocked, id=120620, stack(0x0000007542600000,0x0000007542700000)]
  0x000001d76bfb1cc0 JavaThread "Build operations Thread 15" [_thread_blocked, id=120624, stack(0x0000007542700000,0x0000007542800000)]
  0x000001d76bfb2190 JavaThread "Build operations Thread 16" [_thread_blocked, id=120628, stack(0x0000007542800000,0x0000007542900000)]
  0x000001d76be5d7a0 JavaThread "C1 CompilerThread2" daemon [_thread_blocked, id=120632, stack(0x0000007542900000,0x0000007542a00000)]
  0x000001d76bfb2660 JavaThread "WorkerExecutor Queue Thread 6" [_thread_blocked, id=120656, stack(0x0000007541400000,0x0000007541500000)]
  0x000001d774a4d1f0 JavaThread "WorkerExecutor Queue Thread 7" [_thread_blocked, id=120660, stack(0x0000007541700000,0x0000007541800000)]
  0x000001d774a4ea00 JavaThread "WorkerExecutor Queue Thread 8" [_thread_blocked, id=120664, stack(0x0000007542a00000,0x0000007542b00000)]
  0x000001d774a4cd20 JavaThread "WorkerExecutor Queue Thread 9" [_thread_blocked, id=120668, stack(0x0000007542b00000,0x0000007542c00000)]
  0x000001d774a4d6c0 JavaThread "WorkerExecutor Queue Thread 10" [_thread_blocked, id=120672, stack(0x0000007542e00000,0x0000007542f00000)]
  0x000001d774a4db90 JavaThread "WorkerExecutor Queue Thread 11" [_thread_blocked, id=120676, stack(0x0000007543000000,0x0000007543100000)]
  0x000001d774a4e060 JavaThread "WorkerExecutor Queue Thread 12" [_thread_blocked, id=120680, stack(0x0000007543100000,0x0000007543200000)]
  0x000001d770d93820 JavaThread "WorkerExecutor Queue Thread 13" [_thread_blocked, id=120684, stack(0x0000007543200000,0x0000007543300000)]
  0x000001d770d93cf0 JavaThread "WorkerExecutor Queue Thread 14" [_thread_blocked, id=120688, stack(0x0000007543300000,0x0000007543400000)]
  0x000001d76a5a4bc0 JavaThread "WorkerExecutor Queue Thread 15" [_thread_blocked, id=120692, stack(0x0000007543400000,0x0000007543500000)]
  0x000001d76d85ee00 JavaThread "WorkerExecutor Queue Thread 16" [_thread_blocked, id=120696, stack(0x0000007543500000,0x0000007543600000)]

Other Threads:
=>0x000001d766849a50 VMThread "VM Thread" [stack: 0x0000007530500000,0x0000007530600000] [id=111160]
  0x000001d74b61d460 WatcherThread [stack: 0x0000007531300000,0x0000007531400000] [id=103592]
  0x000001d74b5f77b0 GCTaskThread "GC Thread#0" [stack: 0x0000007530000000,0x0000007530100000] [id=108876]
  0x000001d767133620 GCTaskThread "GC Thread#1" [stack: 0x0000007531700000,0x0000007531800000] [id=111112]
  0x000001d7671338d0 GCTaskThread "GC Thread#2" [stack: 0x0000007531800000,0x0000007531900000] [id=110948]
  0x000001d767133b80 GCTaskThread "GC Thread#3" [stack: 0x0000007531900000,0x0000007531a00000] [id=109120]
  0x000001d767495730 GCTaskThread "GC Thread#4" [stack: 0x0000007531a00000,0x0000007531b00000] [id=111132]
  0x000001d767665910 GCTaskThread "GC Thread#5" [stack: 0x0000007532600000,0x0000007532700000] [id=111852]
  0x000001d769495850 GCTaskThread "GC Thread#6" [stack: 0x0000007532700000,0x0000007532800000] [id=106964]
  0x000001d7696e34e0 GCTaskThread "GC Thread#7" [stack: 0x0000007532800000,0x0000007532900000] [id=111432]
  0x000001d767b12bb0 GCTaskThread "GC Thread#8" [stack: 0x0000007532900000,0x0000007532a00000] [id=107328]
  0x000001d767b12e60 GCTaskThread "GC Thread#9" [stack: 0x0000007532a00000,0x0000007532b00000] [id=111276]
  0x000001d769789b00 GCTaskThread "GC Thread#10" [stack: 0x0000007532b00000,0x0000007532c00000] [id=109356]
  0x000001d769788830 GCTaskThread "GC Thread#11" [stack: 0x0000007532c00000,0x0000007532d00000] [id=107456]
  0x000001d769789850 GCTaskThread "GC Thread#12" [stack: 0x0000007532d00000,0x0000007532e00000] [id=110280]
  0x000001d74b6085f0 ConcurrentGCThread "G1 Main Marker" [stack: 0x0000007530100000,0x0000007530200000] [id=108512]
  0x000001d74b6096a0 ConcurrentGCThread "G1 Conc#0" [stack: 0x0000007530200000,0x0000007530300000] [id=104576]
  0x000001d769789040 ConcurrentGCThread "G1 Conc#1" [stack: 0x0000007532e00000,0x0000007532f00000] [id=108248]
  0x000001d769788580 ConcurrentGCThread "G1 Conc#2" [stack: 0x0000007532f00000,0x0000007533000000] [id=12184]
  0x000001d74b64de80 ConcurrentGCThread "G1 Refine#0" [stack: 0x0000007530300000,0x0000007530400000] [id=110704]
  0x000001d77007b910 ConcurrentGCThread "G1 Refine#1" [stack: 0x0000007541f00000,0x0000007542000000] [id=105236]
  0x000001d771665c30 ConcurrentGCThread "G1 Refine#2" [stack: 0x0000007542c00000,0x0000007542d00000] [id=113340]
  0x000001d7716637d0 ConcurrentGCThread "G1 Refine#3" [stack: 0x0000007542d00000,0x0000007542e00000] [id=113344]
  0x000001d77007b630 ConcurrentGCThread "G1 Refine#4" [stack: 0x0000007540700000,0x0000007540800000] [id=113356]
  0x000001d776758110 ConcurrentGCThread "G1 Refine#5" [stack: 0x0000007540000000,0x0000007540100000] [id=116408]
  0x000001d74b64e7a0 ConcurrentGCThread "G1 Service" [stack: 0x0000007530400000,0x0000007530500000] [id=108344]

Threads with active compile tasks:
C2 CompilerThread0  1197515 31806       4       com.android.tools.r8.ir.regalloc.b::a (269 bytes)

VM state: at safepoint (normal execution)

VM Mutex/Monitor currently owned by a thread:  ([mutex/lock_event])
[0x000001d74b58f760] Threads_lock - owner thread: 0x000001d766849a50
[0x000001d74b58dbd0] Heap_lock - owner thread: 0x000001d774a4d6c0

Heap address: 0x0000000080000000, size: 2048 MB, Compressed Oops mode: 32-bit

CDS archive(s) not mapped
Compressed class space mapped at: 0x0000000100000000-0x0000000140000000, reserved size: 1073741824
Narrow klass base: 0x0000000000000000, Narrow klass shift: 3, Narrow klass range: 0x140000000

GC Precious Log:
 CPUs: 16 total, 16 available
 Memory: 15557M
 Large Page Support: Disabled
 NUMA Support: Disabled
 Compressed Oops: Enabled (32-bit)
 Heap Region Size: 1M
 Heap Min Capacity: 8M
 Heap Initial Capacity: 244M
 Heap Max Capacity: 2G
 Pre-touch: Disabled
 Parallel Workers: 13
 Concurrent Workers: 3
 Concurrent Refinement Workers: 13
 Periodic GC: Disabled

Heap:
 garbage-first heap   total 695296K, used 255747K [0x0000000080000000, 0x0000000100000000)
  region size 1024K, 21 young (21504K), 21 survivors (21504K)
 Metaspace       used 154382K, committed 155776K, reserved 1187840K
  class space    used 20848K, committed 21568K, reserved 1048576K

Heap Regions: E=young(eden), S=young(survivor), O=old, HS=humongous(starts), HC=humongous(continues), CS=collection set, F=free, OA=open archive, CA=closed archive, TAMS=top-at-mark-start (previous, next)
|   0|0x0000000080000000, 0x0000000080100000, 0x0000000080100000|100%|HS|  |TAMS 0x0000000080100000, 0x0000000080100000| Complete 
|   1|0x0000000080100000, 0x0000000080200000, 0x0000000080200000|100%|HC|  |TAMS 0x0000000080200000, 0x0000000080200000| Complete 
|   2|0x0000000080200000, 0x0000000080300000, 0x0000000080300000|100%|HC|  |TAMS 0x0000000080300000, 0x0000000080300000| Complete 
|   3|0x0000000080300000, 0x0000000080400000, 0x0000000080400000|100%|HC|  |TAMS 0x0000000080400000, 0x0000000080400000| Complete 
|   4|0x0000000080400000, 0x0000000080500000, 0x0000000080500000|100%| O|  |TAMS 0x0000000080500000, 0x0000000080500000| Untracked 
|   5|0x0000000080500000, 0x0000000080600000, 0x0000000080600000|100%| O|  |TAMS 0x0000000080600000, 0x0000000080600000| Untracked 
|   6|0x0000000080600000, 0x0000000080700000, 0x0000000080700000|100%| O|  |TAMS 0x0000000080700000, 0x0000000080700000| Untracked 
|   7|0x0000000080700000, 0x0000000080800000, 0x0000000080800000|100%| O|  |TAMS 0x0000000080800000, 0x0000000080800000| Untracked 
|   8|0x0000000080800000, 0x0000000080900000, 0x0000000080900000|100%| O|  |TAMS 0x0000000080900000, 0x0000000080900000| Untracked 
|   9|0x0000000080900000, 0x0000000080a00000, 0x0000000080a00000|100%| O|  |TAMS 0x0000000080a00000, 0x0000000080a00000| Untracked 
|  10|0x0000000080a00000, 0x0000000080b00000, 0x0000000080b00000|100%| O|  |TAMS 0x0000000080b00000, 0x0000000080b00000| Untracked 
|  11|0x0000000080b00000, 0x0000000080c00000, 0x0000000080c00000|100%| O|  |TAMS 0x0000000080c00000, 0x0000000080c00000| Untracked 
|  12|0x0000000080c00000, 0x0000000080d00000, 0x0000000080d00000|100%| O|  |TAMS 0x0000000080d00000, 0x0000000080d00000| Untracked 
|  13|0x0000000080d00000, 0x0000000080e00000, 0x0000000080e00000|100%| O|  |TAMS 0x0000000080e00000, 0x0000000080e00000| Untracked 
|  14|0x0000000080e00000, 0x0000000080f00000, 0x0000000080f00000|100%| O|  |TAMS 0x0000000080f00000, 0x0000000080f00000| Untracked 
|  15|0x0000000080f00000, 0x0000000081000000, 0x0000000081000000|100%| O|  |TAMS 0x0000000081000000, 0x0000000081000000| Untracked 
|  16|0x0000000081000000, 0x0000000081100000, 0x0000000081100000|100%| O|  |TAMS 0x0000000081100000, 0x0000000081100000| Untracked 
|  17|0x0000000081100000, 0x0000000081200000, 0x0000000081200000|100%| O|  |TAMS 0x0000000081200000, 0x0000000081200000| Untracked 
|  18|0x0000000081200000, 0x0000000081300000, 0x0000000081300000|100%| O|  |TAMS 0x0000000081300000, 0x0000000081300000| Untracked 
|  19|0x0000000081300000, 0x0000000081400000, 0x0000000081400000|100%| O|  |TAMS 0x0000000081400000, 0x0000000081400000| Untracked 
|  20|0x0000000081400000, 0x0000000081500000, 0x0000000081500000|100%| O|  |TAMS 0x0000000081500000, 0x0000000081500000| Untracked 
|  21|0x0000000081500000, 0x0000000081600000, 0x0000000081600000|100%| O|  |TAMS 0x0000000081600000, 0x0000000081600000| Untracked 
|  22|0x0000000081600000, 0x0000000081700000, 0x0000000081700000|100%| O|  |TAMS 0x0000000081700000, 0x0000000081700000| Untracked 
|  23|0x0000000081700000, 0x0000000081800000, 0x0000000081800000|100%| O|  |TAMS 0x0000000081800000, 0x0000000081800000| Untracked 
|  24|0x0000000081800000, 0x0000000081900000, 0x0000000081900000|100%| O|  |TAMS 0x0000000081900000, 0x0000000081900000| Untracked 
|  25|0x0000000081900000, 0x0000000081a00000, 0x0000000081a00000|100%| O|  |TAMS 0x0000000081a00000, 0x0000000081a00000| Untracked 
|  26|0x0000000081a00000, 0x0000000081b00000, 0x0000000081b00000|100%| O|  |TAMS 0x0000000081b00000, 0x0000000081b00000| Untracked 
|  27|0x0000000081b00000, 0x0000000081c00000, 0x0000000081c00000|100%| O|  |TAMS 0x0000000081c00000, 0x0000000081c00000| Untracked 
|  28|0x0000000081c00000, 0x0000000081d00000, 0x0000000081d00000|100%| O|  |TAMS 0x0000000081d00000, 0x0000000081d00000| Untracked 
|  29|0x0000000081d00000, 0x0000000081e00000, 0x0000000081e00000|100%| O|  |TAMS 0x0000000081e00000, 0x0000000081e00000| Untracked 
|  30|0x0000000081e00000, 0x0000000081f00000, 0x0000000081f00000|100%| O|  |TAMS 0x0000000081f00000, 0x0000000081f00000| Untracked 
|  31|0x0000000081f00000, 0x0000000082000000, 0x0000000082000000|100%| O|  |TAMS 0x0000000082000000, 0x0000000082000000| Untracked 
|  32|0x0000000082000000, 0x0000000082100000, 0x0000000082100000|100%| O|  |TAMS 0x0000000082100000, 0x0000000082100000| Untracked 
|  33|0x0000000082100000, 0x0000000082200000, 0x0000000082200000|100%| O|  |TAMS 0x0000000082200000, 0x0000000082200000| Untracked 
|  34|0x0000000082200000, 0x0000000082300000, 0x0000000082300000|100%| O|  |TAMS 0x0000000082300000, 0x0000000082300000| Untracked 
|  35|0x0000000082300000, 0x0000000082400000, 0x0000000082400000|100%| O|  |TAMS 0x0000000082400000, 0x0000000082400000| Untracked 
|  36|0x0000000082400000, 0x0000000082500000, 0x0000000082500000|100%|HS|  |TAMS 0x0000000082500000, 0x0000000082500000| Complete 
|  37|0x0000000082500000, 0x0000000082600000, 0x0000000082600000|100%|HS|  |TAMS 0x0000000082600000, 0x0000000082600000| Complete 
|  38|0x0000000082600000, 0x0000000082700000, 0x0000000082700000|100%|HS|  |TAMS 0x0000000082700000, 0x0000000082700000| Complete 
|  39|0x0000000082700000, 0x0000000082800000, 0x0000000082800000|100%| O|  |TAMS 0x0000000082800000, 0x0000000082800000| Untracked 
|  40|0x0000000082800000, 0x0000000082900000, 0x0000000082900000|100%| O|  |TAMS 0x0000000082900000, 0x0000000082900000| Untracked 
|  41|0x0000000082900000, 0x0000000082a00000, 0x0000000082a00000|100%| O|  |TAMS 0x0000000082a00000, 0x0000000082a00000| Untracked 
|  42|0x0000000082a00000, 0x0000000082b00000, 0x0000000082b00000|100%|HS|  |TAMS 0x0000000082b00000, 0x0000000082b00000| Complete 
|  43|0x0000000082b00000, 0x0000000082c00000, 0x0000000082c00000|100%|HC|  |TAMS 0x0000000082c00000, 0x0000000082c00000| Complete 
|  44|0x0000000082c00000, 0x0000000082d00000, 0x0000000082d00000|100%|HS|  |TAMS 0x0000000082d00000, 0x0000000082d00000| Complete 
|  45|0x0000000082d00000, 0x0000000082e00000, 0x0000000082e00000|100%|HC|  |TAMS 0x0000000082e00000, 0x0000000082e00000| Complete 
|  46|0x0000000082e00000, 0x0000000082f00000, 0x0000000082f00000|100%|HC|  |TAMS 0x0000000082f00000, 0x0000000082f00000| Complete 
|  47|0x0000000082f00000, 0x0000000083000000, 0x0000000083000000|100%|HC|  |TAMS 0x0000000083000000, 0x0000000083000000| Complete 
|  48|0x0000000083000000, 0x0000000083100000, 0x0000000083100000|100%| O|  |TAMS 0x0000000083100000, 0x0000000083100000| Untracked 
|  49|0x0000000083100000, 0x0000000083200000, 0x0000000083200000|100%| O|  |TAMS 0x0000000083200000, 0x0000000083200000| Untracked 
|  50|0x0000000083200000, 0x0000000083300000, 0x0000000083300000|100%| O|  |TAMS 0x0000000083300000, 0x0000000083300000| Untracked 
|  51|0x0000000083300000, 0x0000000083400000, 0x0000000083400000|100%| O|  |TAMS 0x0000000083400000, 0x0000000083400000| Untracked 
|  52|0x0000000083400000, 0x0000000083500000, 0x0000000083500000|100%| O|  |TAMS 0x0000000083500000, 0x0000000083500000| Untracked 
|  53|0x0000000083500000, 0x0000000083600000, 0x0000000083600000|100%| O|  |TAMS 0x0000000083600000, 0x0000000083600000| Untracked 
|  54|0x0000000083600000, 0x0000000083700000, 0x0000000083700000|100%| O|  |TAMS 0x0000000083700000, 0x0000000083700000| Untracked 
|  55|0x0000000083700000, 0x0000000083800000, 0x0000000083800000|100%| O|  |TAMS 0x0000000083800000, 0x0000000083800000| Untracked 
|  56|0x0000000083800000, 0x0000000083900000, 0x0000000083900000|100%| O|  |TAMS 0x0000000083900000, 0x0000000083900000| Untracked 
|  57|0x0000000083900000, 0x0000000083a00000, 0x0000000083a00000|100%| O|  |TAMS 0x0000000083a00000, 0x0000000083a00000| Untracked 
|  58|0x0000000083a00000, 0x0000000083b00000, 0x0000000083b00000|100%| O|  |TAMS 0x0000000083b00000, 0x0000000083b00000| Untracked 
|  59|0x0000000083b00000, 0x0000000083c00000, 0x0000000083c00000|100%| O|  |TAMS 0x0000000083c00000, 0x0000000083c00000| Untracked 
|  60|0x0000000083c00000, 0x0000000083d00000, 0x0000000083d00000|100%| O|  |TAMS 0x0000000083d00000, 0x0000000083d00000| Untracked 
|  61|0x0000000083d00000, 0x0000000083e00000, 0x0000000083e00000|100%| O|  |TAMS 0x0000000083e00000, 0x0000000083e00000| Untracked 
|  62|0x0000000083e00000, 0x0000000083f00000, 0x0000000083f00000|100%| O|  |TAMS 0x0000000083f00000, 0x0000000083f00000| Untracked 
|  63|0x0000000083f00000, 0x0000000084000000, 0x0000000084000000|100%| O|  |TAMS 0x0000000084000000, 0x0000000084000000| Untracked 
|  64|0x0000000084000000, 0x0000000084100000, 0x0000000084100000|100%| O|  |TAMS 0x0000000084100000, 0x0000000084100000| Untracked 
|  65|0x0000000084100000, 0x0000000084200000, 0x0000000084200000|100%| O|  |TAMS 0x0000000084200000, 0x0000000084200000| Untracked 
|  66|0x0000000084200000, 0x0000000084300000, 0x0000000084300000|100%| O|  |TAMS 0x0000000084300000, 0x0000000084300000| Untracked 
|  67|0x0000000084300000, 0x0000000084400000, 0x0000000084400000|100%| O|  |TAMS 0x0000000084400000, 0x0000000084400000| Untracked 
|  68|0x0000000084400000, 0x0000000084500000, 0x0000000084500000|100%| O|  |TAMS 0x0000000084500000, 0x0000000084500000| Untracked 
|  69|0x0000000084500000, 0x0000000084600000, 0x0000000084600000|100%| O|  |TAMS 0x0000000084600000, 0x0000000084600000| Untracked 
|  70|0x0000000084600000, 0x0000000084700000, 0x0000000084700000|100%| O|  |TAMS 0x0000000084700000, 0x0000000084700000| Untracked 
|  71|0x0000000084700000, 0x0000000084800000, 0x0000000084800000|100%| O|  |TAMS 0x0000000084800000, 0x0000000084800000| Untracked 
|  72|0x0000000084800000, 0x0000000084900000, 0x0000000084900000|100%| O|  |TAMS 0x0000000084900000, 0x0000000084900000| Untracked 
|  73|0x0000000084900000, 0x0000000084a00000, 0x0000000084a00000|100%| O|  |TAMS 0x0000000084a00000, 0x0000000084a00000| Untracked 
|  74|0x0000000084a00000, 0x0000000084b00000, 0x0000000084b00000|100%| O|  |TAMS 0x0000000084b00000, 0x0000000084b00000| Untracked 
|  75|0x0000000084b00000, 0x0000000084c00000, 0x0000000084c00000|100%| O|  |TAMS 0x0000000084c00000, 0x0000000084c00000| Untracked 
|  76|0x0000000084c00000, 0x0000000084d00000, 0x0000000084d00000|100%| O|  |TAMS 0x0000000084d00000, 0x0000000084d00000| Untracked 
|  77|0x0000000084d00000, 0x0000000084e00000, 0x0000000084e00000|100%| O|  |TAMS 0x0000000084e00000, 0x0000000084e00000| Untracked 
|  78|0x0000000084e00000, 0x0000000084f00000, 0x0000000084f00000|100%| O|  |TAMS 0x0000000084f00000, 0x0000000084f00000| Untracked 
|  79|0x0000000084f00000, 0x0000000085000000, 0x0000000085000000|100%| O|  |TAMS 0x0000000085000000, 0x0000000085000000| Untracked 
|  80|0x0000000085000000, 0x0000000085100000, 0x0000000085100000|100%| O|  |TAMS 0x0000000085100000, 0x0000000085100000| Untracked 
|  81|0x0000000085100000, 0x0000000085200000, 0x0000000085200000|100%| O|  |TAMS 0x0000000085200000, 0x0000000085200000| Untracked 
|  82|0x0000000085200000, 0x0000000085200000, 0x0000000085300000|  0%| F|  |TAMS 0x0000000085200000, 0x0000000085200000| Untracked 
|  83|0x0000000085300000, 0x0000000085400000, 0x0000000085400000|100%| O|  |TAMS 0x0000000085400000, 0x0000000085400000| Untracked 
|  84|0x0000000085400000, 0x0000000085500000, 0x0000000085500000|100%| O|  |TAMS 0x0000000085500000, 0x0000000085500000| Untracked 
|  85|0x0000000085500000, 0x0000000085600000, 0x0000000085600000|100%| O|  |TAMS 0x0000000085600000, 0x0000000085600000| Untracked 
|  86|0x0000000085600000, 0x0000000085700000, 0x0000000085700000|100%| O|  |TAMS 0x0000000085700000, 0x0000000085700000| Untracked 
|  87|0x0000000085700000, 0x0000000085800000, 0x0000000085800000|100%| O|  |TAMS 0x0000000085800000, 0x0000000085800000| Untracked 
|  88|0x0000000085800000, 0x0000000085900000, 0x0000000085900000|100%| O|  |TAMS 0x0000000085900000, 0x0000000085900000| Untracked 
|  89|0x0000000085900000, 0x0000000085a00000, 0x0000000085a00000|100%| O|  |TAMS 0x0000000085a00000, 0x0000000085a00000| Untracked 
|  90|0x0000000085a00000, 0x0000000085b00000, 0x0000000085b00000|100%| O|  |TAMS 0x0000000085b00000, 0x0000000085b00000| Untracked 
|  91|0x0000000085b00000, 0x0000000085c00000, 0x0000000085c00000|100%| O|  |TAMS 0x0000000085c00000, 0x0000000085c00000| Untracked 
|  92|0x0000000085c00000, 0x0000000085d00000, 0x0000000085d00000|100%| O|  |TAMS 0x0000000085d00000, 0x0000000085d00000| Untracked 
|  93|0x0000000085d00000, 0x0000000085e00000, 0x0000000085e00000|100%| O|  |TAMS 0x0000000085e00000, 0x0000000085e00000| Untracked 
|  94|0x0000000085e00000, 0x0000000085f00000, 0x0000000085f00000|100%| O|  |TAMS 0x0000000085f00000, 0x0000000085f00000| Untracked 
|  95|0x0000000085f00000, 0x0000000086000000, 0x0000000086000000|100%| O|  |TAMS 0x0000000086000000, 0x0000000086000000| Untracked 
|  96|0x0000000086000000, 0x0000000086100000, 0x0000000086100000|100%| O|  |TAMS 0x0000000086100000, 0x0000000086100000| Untracked 
|  97|0x0000000086100000, 0x0000000086200000, 0x0000000086200000|100%| O|  |TAMS 0x0000000086200000, 0x0000000086200000| Untracked 
|  98|0x0000000086200000, 0x0000000086300000, 0x0000000086300000|100%| O|  |TAMS 0x0000000086300000, 0x0000000086300000| Untracked 
|  99|0x0000000086300000, 0x0000000086400000, 0x0000000086400000|100%| O|  |TAMS 0x0000000086400000, 0x0000000086400000| Untracked 
| 100|0x0000000086400000, 0x0000000086500000, 0x0000000086500000|100%| O|  |TAMS 0x0000000086500000, 0x0000000086500000| Untracked 
| 101|0x0000000086500000, 0x0000000086600000, 0x0000000086600000|100%| O|  |TAMS 0x0000000086600000, 0x0000000086600000| Untracked 
| 102|0x0000000086600000, 0x0000000086700000, 0x0000000086700000|100%| O|  |TAMS 0x0000000086700000, 0x0000000086700000| Untracked 
| 103|0x0000000086700000, 0x0000000086800000, 0x0000000086800000|100%| O|  |TAMS 0x0000000086800000, 0x0000000086800000| Untracked 
| 104|0x0000000086800000, 0x0000000086800000, 0x0000000086900000|  0%| F|  |TAMS 0x0000000086800000, 0x0000000086800000| Untracked 
| 105|0x0000000086900000, 0x0000000086a00000, 0x0000000086a00000|100%| O|  |TAMS 0x0000000086a00000, 0x0000000086a00000| Untracked 
| 106|0x0000000086a00000, 0x0000000086b00000, 0x0000000086b00000|100%| O|  |TAMS 0x0000000086b00000, 0x0000000086b00000| Untracked 
| 107|0x0000000086b00000, 0x0000000086c00000, 0x0000000086c00000|100%| O|  |TAMS 0x0000000086c00000, 0x0000000086c00000| Untracked 
| 108|0x0000000086c00000, 0x0000000086d00000, 0x0000000086d00000|100%| O|  |TAMS 0x0000000086d00000, 0x0000000086d00000| Untracked 
| 109|0x0000000086d00000, 0x0000000086e00000, 0x0000000086e00000|100%| O|  |TAMS 0x0000000086e00000, 0x0000000086e00000| Untracked 
| 110|0x0000000086e00000, 0x0000000086e00000, 0x0000000086f00000|  0%| F|  |TAMS 0x0000000086e00000, 0x0000000086e00000| Untracked 
| 111|0x0000000086f00000, 0x0000000087000000, 0x0000000087000000|100%| O|  |TAMS 0x0000000087000000, 0x0000000087000000| Untracked 
| 112|0x0000000087000000, 0x0000000087100000, 0x0000000087100000|100%| O|  |TAMS 0x0000000087100000, 0x0000000087100000| Untracked 
| 113|0x0000000087100000, 0x0000000087200000, 0x0000000087200000|100%| O|  |TAMS 0x0000000087200000, 0x0000000087200000| Untracked 
| 114|0x0000000087200000, 0x0000000087300000, 0x0000000087300000|100%| O|  |TAMS 0x0000000087300000, 0x0000000087300000| Untracked 
| 115|0x0000000087300000, 0x0000000087300000, 0x0000000087400000|  0%| F|  |TAMS 0x0000000087300000, 0x0000000087300000| Untracked 
| 116|0x0000000087400000, 0x0000000087500000, 0x0000000087500000|100%| O|  |TAMS 0x0000000087400000, 0x0000000087500000| Untracked 
| 117|0x0000000087500000, 0x0000000087500000, 0x0000000087600000|  0%| F|  |TAMS 0x0000000087500000, 0x0000000087500000| Untracked 
| 118|0x0000000087600000, 0x0000000087700000, 0x0000000087700000|100%| O|  |TAMS 0x0000000087600000, 0x0000000087700000| Untracked 
| 119|0x0000000087700000, 0x0000000087800000, 0x0000000087800000|100%| O|  |TAMS 0x0000000087800000, 0x0000000087800000| Untracked 
| 120|0x0000000087800000, 0x0000000087900000, 0x0000000087900000|100%| O|  |TAMS 0x0000000087900000, 0x0000000087900000| Untracked 
| 121|0x0000000087900000, 0x0000000087a00000, 0x0000000087a00000|100%| O|  |TAMS 0x0000000087a00000, 0x0000000087a00000| Untracked 
| 122|0x0000000087a00000, 0x0000000087b00000, 0x0000000087b00000|100%| O|  |TAMS 0x0000000087b00000, 0x0000000087b00000| Untracked 
| 123|0x0000000087b00000, 0x0000000087c00000, 0x0000000087c00000|100%| O|  |TAMS 0x0000000087b00000, 0x0000000087c00000| Untracked 
| 124|0x0000000087c00000, 0x0000000087d00000, 0x0000000087d00000|100%| O|  |TAMS 0x0000000087d00000, 0x0000000087d00000| Untracked 
| 125|0x0000000087d00000, 0x0000000087e00000, 0x0000000087e00000|100%| O|  |TAMS 0x0000000087e00000, 0x0000000087e00000| Untracked 
| 126|0x0000000087e00000, 0x0000000087f00000, 0x0000000087f00000|100%| O|  |TAMS 0x0000000087f00000, 0x0000000087f00000| Untracked 
| 127|0x0000000087f00000, 0x0000000088000000, 0x0000000088000000|100%| O|  |TAMS 0x0000000088000000, 0x0000000088000000| Untracked 
| 128|0x0000000088000000, 0x0000000088100000, 0x0000000088100000|100%| O|  |TAMS 0x0000000088100000, 0x0000000088100000| Untracked 
| 129|0x0000000088100000, 0x0000000088200000, 0x0000000088200000|100%| O|  |TAMS 0x0000000088200000, 0x0000000088200000| Untracked 
| 130|0x0000000088200000, 0x0000000088300000, 0x0000000088300000|100%| O|  |TAMS 0x0000000088300000, 0x0000000088300000| Untracked 
| 131|0x0000000088300000, 0x0000000088400000, 0x0000000088400000|100%| O|  |TAMS 0x0000000088400000, 0x0000000088400000| Untracked 
| 132|0x0000000088400000, 0x0000000088500000, 0x0000000088500000|100%| O|  |TAMS 0x0000000088500000, 0x0000000088500000| Untracked 
| 133|0x0000000088500000, 0x0000000088600000, 0x0000000088600000|100%| O|  |TAMS 0x0000000088600000, 0x0000000088600000| Untracked 
| 134|0x0000000088600000, 0x0000000088700000, 0x0000000088700000|100%| O|  |TAMS 0x0000000088700000, 0x0000000088700000| Untracked 
| 135|0x0000000088700000, 0x0000000088800000, 0x0000000088800000|100%| O|  |TAMS 0x0000000088800000, 0x0000000088800000| Untracked 
| 136|0x0000000088800000, 0x0000000088900000, 0x0000000088900000|100%| O|  |TAMS 0x0000000088900000, 0x0000000088900000| Untracked 
| 137|0x0000000088900000, 0x0000000088a00000, 0x0000000088a00000|100%| O|  |TAMS 0x0000000088a00000, 0x0000000088a00000| Untracked 
| 138|0x0000000088a00000, 0x0000000088b00000, 0x0000000088b00000|100%| O|  |TAMS 0x0000000088b00000, 0x0000000088b00000| Untracked 
| 139|0x0000000088b00000, 0x0000000088c00000, 0x0000000088c00000|100%| O|  |TAMS 0x0000000088c00000, 0x0000000088c00000| Untracked 
| 140|0x0000000088c00000, 0x0000000088d00000, 0x0000000088d00000|100%| O|  |TAMS 0x0000000088c00000, 0x0000000088d00000| Untracked 
| 141|0x0000000088d00000, 0x0000000088e00000, 0x0000000088e00000|100%| O|  |TAMS 0x0000000088e00000, 0x0000000088e00000| Untracked 
| 142|0x0000000088e00000, 0x0000000088f00000, 0x0000000088f00000|100%| O|  |TAMS 0x0000000088f00000, 0x0000000088f00000| Untracked 
| 143|0x0000000088f00000, 0x0000000089000000, 0x0000000089000000|100%| O|  |TAMS 0x0000000089000000, 0x0000000089000000| Untracked 
| 144|0x0000000089000000, 0x0000000089100000, 0x0000000089100000|100%| O|  |TAMS 0x0000000089100000, 0x0000000089100000| Untracked 
| 145|0x0000000089100000, 0x0000000089200000, 0x0000000089200000|100%| O|  |TAMS 0x0000000089200000, 0x0000000089200000| Untracked 
| 146|0x0000000089200000, 0x0000000089300000, 0x0000000089300000|100%| O|  |TAMS 0x0000000089300000, 0x0000000089300000| Untracked 
| 147|0x0000000089300000, 0x0000000089400000, 0x0000000089400000|100%| O|  |TAMS 0x0000000089400000, 0x0000000089400000| Untracked 
| 148|0x0000000089400000, 0x0000000089500000, 0x0000000089500000|100%| O|  |TAMS 0x0000000089500000, 0x0000000089500000| Untracked 
| 149|0x0000000089500000, 0x0000000089600000, 0x0000000089600000|100%| O|  |TAMS 0x0000000089600000, 0x0000000089600000| Untracked 
| 150|0x0000000089600000, 0x0000000089700000, 0x0000000089700000|100%| O|  |TAMS 0x0000000089700000, 0x0000000089700000| Untracked 
| 151|0x0000000089700000, 0x0000000089800000, 0x0000000089800000|100%| O|  |TAMS 0x0000000089800000, 0x0000000089800000| Untracked 
| 152|0x0000000089800000, 0x0000000089900000, 0x0000000089900000|100%| O|  |TAMS 0x0000000089900000, 0x0000000089900000| Untracked 
| 153|0x0000000089900000, 0x0000000089a00000, 0x0000000089a00000|100%| O|  |TAMS 0x0000000089a00000, 0x0000000089a00000| Untracked 
| 154|0x0000000089a00000, 0x0000000089b00000, 0x0000000089b00000|100%| O|  |TAMS 0x0000000089b00000, 0x0000000089b00000| Untracked 
| 155|0x0000000089b00000, 0x0000000089c00000, 0x0000000089c00000|100%| O|  |TAMS 0x0000000089c00000, 0x0000000089c00000| Untracked 
| 156|0x0000000089c00000, 0x0000000089d00000, 0x0000000089d00000|100%| O|  |TAMS 0x0000000089d00000, 0x0000000089d00000| Untracked 
| 157|0x0000000089d00000, 0x0000000089e00000, 0x0000000089e00000|100%| O|  |TAMS 0x0000000089e00000, 0x0000000089e00000| Untracked 
| 158|0x0000000089e00000, 0x0000000089f00000, 0x0000000089f00000|100%| O|  |TAMS 0x0000000089f00000, 0x0000000089f00000| Untracked 
| 159|0x0000000089f00000, 0x000000008a000000, 0x000000008a000000|100%| O|  |TAMS 0x000000008a000000, 0x000000008a000000| Untracked 
| 160|0x000000008a000000, 0x000000008a100000, 0x000000008a100000|100%| O|  |TAMS 0x000000008a100000, 0x000000008a100000| Untracked 
| 161|0x000000008a100000, 0x000000008a200000, 0x000000008a200000|100%| O|  |TAMS 0x000000008a200000, 0x000000008a200000| Untracked 
| 162|0x000000008a200000, 0x000000008a300000, 0x000000008a300000|100%| O|  |TAMS 0x000000008a300000, 0x000000008a300000| Untracked 
| 163|0x000000008a300000, 0x000000008a400000, 0x000000008a400000|100%| O|  |TAMS 0x000000008a400000, 0x000000008a400000| Untracked 
| 164|0x000000008a400000, 0x000000008a500000, 0x000000008a500000|100%| O|  |TAMS 0x000000008a400000, 0x000000008a500000| Untracked 
| 165|0x000000008a500000, 0x000000008a600000, 0x000000008a600000|100%| O|  |TAMS 0x000000008a600000, 0x000000008a600000| Untracked 
| 166|0x000000008a600000, 0x000000008a700000, 0x000000008a700000|100%| O|  |TAMS 0x000000008a700000, 0x000000008a700000| Untracked 
| 167|0x000000008a700000, 0x000000008a800000, 0x000000008a800000|100%| O|  |TAMS 0x000000008a800000, 0x000000008a800000| Untracked 
| 168|0x000000008a800000, 0x000000008a900000, 0x000000008a900000|100%| O|  |TAMS 0x000000008a900000, 0x000000008a900000| Untracked 
| 169|0x000000008a900000, 0x000000008aa00000, 0x000000008aa00000|100%| O|  |TAMS 0x000000008aa00000, 0x000000008aa00000| Untracked 
| 170|0x000000008aa00000, 0x000000008ab00000, 0x000000008ab00000|100%| O|  |TAMS 0x000000008ab00000, 0x000000008ab00000| Untracked 
| 171|0x000000008ab00000, 0x000000008ab00000, 0x000000008ac00000|  0%| F|  |TAMS 0x000000008ab00000, 0x000000008ab00000| Untracked 
| 172|0x000000008ac00000, 0x000000008ad00000, 0x000000008ad00000|100%| O|  |TAMS 0x000000008ad00000, 0x000000008ad00000| Untracked 
| 173|0x000000008ad00000, 0x000000008ae00000, 0x000000008ae00000|100%| O|  |TAMS 0x000000008ae00000, 0x000000008ae00000| Untracked 
| 174|0x000000008ae00000, 0x000000008af00000, 0x000000008af00000|100%| O|  |TAMS 0x000000008af00000, 0x000000008af00000| Untracked 
| 175|0x000000008af00000, 0x000000008b000000, 0x000000008b000000|100%| O|  |TAMS 0x000000008b000000, 0x000000008b000000| Untracked 
| 176|0x000000008b000000, 0x000000008b100000, 0x000000008b100000|100%| O|  |TAMS 0x000000008b100000, 0x000000008b100000| Untracked 
| 177|0x000000008b100000, 0x000000008b200000, 0x000000008b200000|100%| O|  |TAMS 0x000000008b200000, 0x000000008b200000| Untracked 
| 178|0x000000008b200000, 0x000000008b300000, 0x000000008b300000|100%| O|  |TAMS 0x000000008b300000, 0x000000008b300000| Untracked 
| 179|0x000000008b300000, 0x000000008b400000, 0x000000008b400000|100%| O|  |TAMS 0x000000008b400000, 0x000000008b400000| Untracked 
| 180|0x000000008b400000, 0x000000008b500000, 0x000000008b500000|100%| O|  |TAMS 0x000000008b500000, 0x000000008b500000| Untracked 
| 181|0x000000008b500000, 0x000000008b600000, 0x000000008b600000|100%| O|  |TAMS 0x000000008b600000, 0x000000008b600000| Untracked 
| 182|0x000000008b600000, 0x000000008b700000, 0x000000008b700000|100%| O|  |TAMS 0x000000008b600000, 0x000000008b700000| Untracked 
| 183|0x000000008b700000, 0x000000008b700000, 0x000000008b800000|  0%| F|  |TAMS 0x000000008b700000, 0x000000008b700000| Untracked 
| 184|0x000000008b800000, 0x000000008b900000, 0x000000008b900000|100%| O|  |TAMS 0x000000008b900000, 0x000000008b900000| Untracked 
| 185|0x000000008b900000, 0x000000008ba00000, 0x000000008ba00000|100%| O|  |TAMS 0x000000008ba00000, 0x000000008ba00000| Untracked 
| 186|0x000000008ba00000, 0x000000008bb00000, 0x000000008bb00000|100%| O|  |TAMS 0x000000008bb00000, 0x000000008bb00000| Untracked 
| 187|0x000000008bb00000, 0x000000008bc00000, 0x000000008bc00000|100%| O|  |TAMS 0x000000008bc00000, 0x000000008bc00000| Untracked 
| 188|0x000000008bc00000, 0x000000008bd00000, 0x000000008bd00000|100%| O|  |TAMS 0x000000008bc00000, 0x000000008bd00000| Untracked 
| 189|0x000000008bd00000, 0x000000008be00000, 0x000000008be00000|100%| O|  |TAMS 0x000000008be00000, 0x000000008be00000| Untracked 
| 190|0x000000008be00000, 0x000000008bf00000, 0x000000008bf00000|100%| O|  |TAMS 0x000000008bf00000, 0x000000008bf00000| Untracked 
| 191|0x000000008bf00000, 0x000000008c000000, 0x000000008c000000|100%| O|  |TAMS 0x000000008c000000, 0x000000008c000000| Untracked 
| 192|0x000000008c000000, 0x000000008c100000, 0x000000008c100000|100%| O|  |TAMS 0x000000008c100000, 0x000000008c100000| Untracked 
| 193|0x000000008c100000, 0x000000008c200000, 0x000000008c200000|100%| O|  |TAMS 0x000000008c200000, 0x000000008c200000| Untracked 
| 194|0x000000008c200000, 0x000000008c300000, 0x000000008c300000|100%| O|  |TAMS 0x000000008c300000, 0x000000008c300000| Untracked 
| 195|0x000000008c300000, 0x000000008c400000, 0x000000008c400000|100%| O|  |TAMS 0x000000008c400000, 0x000000008c400000| Untracked 
| 196|0x000000008c400000, 0x000000008c500000, 0x000000008c500000|100%| O|  |TAMS 0x000000008c500000, 0x000000008c500000| Untracked 
| 197|0x000000008c500000, 0x000000008c600000, 0x000000008c600000|100%| O|  |TAMS 0x000000008c600000, 0x000000008c600000| Untracked 
| 198|0x000000008c600000, 0x000000008c700000, 0x000000008c700000|100%| O|  |TAMS 0x000000008c700000, 0x000000008c700000| Untracked 
| 199|0x000000008c700000, 0x000000008c800000, 0x000000008c800000|100%| O|  |TAMS 0x000000008c800000, 0x000000008c800000| Untracked 
| 200|0x000000008c800000, 0x000000008c900000, 0x000000008c900000|100%| O|  |TAMS 0x000000008c900000, 0x000000008c900000| Untracked 
| 201|0x000000008c900000, 0x000000008ca00000, 0x000000008ca00000|100%| O|  |TAMS 0x000000008c900000, 0x000000008ca00000| Untracked 
| 202|0x000000008ca00000, 0x000000008ca00000, 0x000000008cb00000|  0%| F|  |TAMS 0x000000008ca00000, 0x000000008ca00000| Untracked 
| 203|0x000000008cb00000, 0x000000008cc00000, 0x000000008cc00000|100%| O|  |TAMS 0x000000008cb00000, 0x000000008cc00000| Untracked 
| 204|0x000000008cc00000, 0x000000008cc00000, 0x000000008cd00000|  0%| F|  |TAMS 0x000000008cc00000, 0x000000008cc00000| Untracked 
| 205|0x000000008cd00000, 0x000000008ce00000, 0x000000008ce00000|100%| O|  |TAMS 0x000000008cd00000, 0x000000008ce00000| Untracked 
| 206|0x000000008ce00000, 0x000000008cf00000, 0x000000008cf00000|100%| O|  |TAMS 0x000000008ce00000, 0x000000008cf00000| Untracked 
| 207|0x000000008cf00000, 0x000000008d000000, 0x000000008d000000|100%| O|  |TAMS 0x000000008cf00000, 0x000000008d000000| Untracked 
| 208|0x000000008d000000, 0x000000008d100000, 0x000000008d100000|100%| O|  |TAMS 0x000000008d000000, 0x000000008d100000| Untracked 
| 209|0x000000008d100000, 0x000000008d200000, 0x000000008d200000|100%| O|  |TAMS 0x000000008d100000, 0x000000008d200000| Untracked 
| 210|0x000000008d200000, 0x000000008d300000, 0x000000008d300000|100%| O|  |TAMS 0x000000008d200000, 0x000000008d300000| Untracked 
| 211|0x000000008d300000, 0x000000008d400000, 0x000000008d400000|100%| O|  |TAMS 0x000000008d300000, 0x000000008d400000| Untracked 
| 212|0x000000008d400000, 0x000000008d500000, 0x000000008d500000|100%| O|  |TAMS 0x000000008d400000, 0x000000008d500000| Untracked 
| 213|0x000000008d500000, 0x000000008d600000, 0x000000008d600000|100%| O|  |TAMS 0x000000008d500000, 0x000000008d600000| Untracked 
| 214|0x000000008d600000, 0x000000008d700000, 0x000000008d700000|100%| O|  |TAMS 0x000000008d600000, 0x000000008d700000| Untracked 
| 215|0x000000008d700000, 0x000000008d7f9000, 0x000000008d800000| 97%| O|  |TAMS 0x000000008d700000, 0x000000008d7f9000| Untracked 
| 216|0x000000008d800000, 0x000000008d800000, 0x000000008d900000|  0%| F|  |TAMS 0x000000008d800000, 0x000000008d800000| Untracked 
| 217|0x000000008d900000, 0x000000008d900000, 0x000000008da00000|  0%| F|  |TAMS 0x000000008d900000, 0x000000008d900000| Untracked 
| 218|0x000000008da00000, 0x000000008da00000, 0x000000008db00000|  0%| F|  |TAMS 0x000000008da00000, 0x000000008da00000| Untracked 
| 219|0x000000008db00000, 0x000000008db00000, 0x000000008dc00000|  0%| F|  |TAMS 0x000000008db00000, 0x000000008db00000| Untracked 
| 220|0x000000008dc00000, 0x000000008dc00000, 0x000000008dd00000|  0%| F|  |TAMS 0x000000008dc00000, 0x000000008dc00000| Untracked 
| 221|0x000000008dd00000, 0x000000008dd00000, 0x000000008de00000|  0%| F|  |TAMS 0x000000008dd00000, 0x000000008dd00000| Untracked 
| 222|0x000000008de00000, 0x000000008de00000, 0x000000008df00000|  0%| F|  |TAMS 0x000000008de00000, 0x000000008de00000| Untracked 
| 223|0x000000008df00000, 0x000000008e000000, 0x000000008e000000|100%| O|  |TAMS 0x000000008e000000, 0x000000008e000000| Untracked 
| 224|0x000000008e000000, 0x000000008e100000, 0x000000008e100000|100%| O|  |TAMS 0x000000008e100000, 0x000000008e100000| Untracked 
| 225|0x000000008e100000, 0x000000008e200000, 0x000000008e200000|100%| O|  |TAMS 0x000000008e200000, 0x000000008e200000| Untracked 
| 226|0x000000008e200000, 0x000000008e300000, 0x000000008e300000|100%| O|  |TAMS 0x000000008e300000, 0x000000008e300000| Untracked 
| 227|0x000000008e300000, 0x000000008e400000, 0x000000008e400000|100%| O|  |TAMS 0x000000008e400000, 0x000000008e400000| Untracked 
| 228|0x000000008e400000, 0x000000008e500000, 0x000000008e500000|100%| O|  |TAMS 0x000000008e500000, 0x000000008e500000| Untracked 
| 229|0x000000008e500000, 0x000000008e600000, 0x000000008e600000|100%| O|  |TAMS 0x000000008e600000, 0x000000008e600000| Untracked 
| 230|0x000000008e600000, 0x000000008e700000, 0x000000008e700000|100%| O|  |TAMS 0x000000008e700000, 0x000000008e700000| Untracked 
| 231|0x000000008e700000, 0x000000008e800000, 0x000000008e800000|100%| O|  |TAMS 0x000000008e800000, 0x000000008e800000| Untracked 
| 232|0x000000008e800000, 0x000000008e900000, 0x000000008e900000|100%| O|  |TAMS 0x000000008e900000, 0x000000008e900000| Untracked 
| 233|0x000000008e900000, 0x000000008ea00000, 0x000000008ea00000|100%| O|  |TAMS 0x000000008ea00000, 0x000000008ea00000| Untracked 
| 234|0x000000008ea00000, 0x000000008eb00000, 0x000000008eb00000|100%| O|  |TAMS 0x000000008eb00000, 0x000000008eb00000| Untracked 
| 235|0x000000008eb00000, 0x000000008ec00000, 0x000000008ec00000|100%| O|  |TAMS 0x000000008ec00000, 0x000000008ec00000| Untracked 
| 236|0x000000008ec00000, 0x000000008ed00000, 0x000000008ed00000|100%| O|  |TAMS 0x000000008ed00000, 0x000000008ed00000| Untracked 
| 237|0x000000008ed00000, 0x000000008ee00000, 0x000000008ee00000|100%| O|  |TAMS 0x000000008ee00000, 0x000000008ee00000| Untracked 
| 238|0x000000008ee00000, 0x000000008ef00000, 0x000000008ef00000|100%| O|  |TAMS 0x000000008ef00000, 0x000000008ef00000| Untracked 
| 239|0x000000008ef00000, 0x000000008f000000, 0x000000008f000000|100%| O|  |TAMS 0x000000008f000000, 0x000000008f000000| Untracked 
| 240|0x000000008f000000, 0x000000008f100000, 0x000000008f100000|100%| O|  |TAMS 0x000000008f100000, 0x000000008f100000| Untracked 
| 241|0x000000008f100000, 0x000000008f200000, 0x000000008f200000|100%| O|  |TAMS 0x000000008f200000, 0x000000008f200000| Untracked 
| 242|0x000000008f200000, 0x000000008f300000, 0x000000008f300000|100%| O|  |TAMS 0x000000008f2d3600, 0x000000008f300000| Untracked 
| 243|0x000000008f300000, 0x000000008f300000, 0x000000008f400000|  0%| F|  |TAMS 0x000000008f300000, 0x000000008f300000| Untracked 
| 244|0x000000008f400000, 0x000000008f400000, 0x000000008f500000|  0%| F|  |TAMS 0x000000008f400000, 0x000000008f400000| Untracked 
| 245|0x000000008f500000, 0x000000008f600000, 0x000000008f600000|100%| O|  |TAMS 0x000000008f600000, 0x000000008f600000| Untracked 
| 246|0x000000008f600000, 0x000000008f600000, 0x000000008f700000|  0%| F|  |TAMS 0x000000008f600000, 0x000000008f600000| Untracked 
| 247|0x000000008f700000, 0x000000008f700000, 0x000000008f800000|  0%| F|  |TAMS 0x000000008f700000, 0x000000008f700000| Untracked 
| 248|0x000000008f800000, 0x000000008f900000, 0x000000008f900000|100%| O|  |TAMS 0x000000008f900000, 0x000000008f900000| Untracked 
| 249|0x000000008f900000, 0x000000008f900000, 0x000000008fa00000|  0%| F|  |TAMS 0x000000008f900000, 0x000000008f900000| Untracked 
| 250|0x000000008fa00000, 0x000000008fa00000, 0x000000008fb00000|  0%| F|  |TAMS 0x000000008fa00000, 0x000000008fa00000| Untracked 
| 251|0x000000008fb00000, 0x000000008fb00000, 0x000000008fc00000|  0%| F|  |TAMS 0x000000008fb00000, 0x000000008fb00000| Untracked 
| 252|0x000000008fc00000, 0x000000008fc00000, 0x000000008fd00000|  0%| F|  |TAMS 0x000000008fc00000, 0x000000008fc00000| Untracked 
| 253|0x000000008fd00000, 0x000000008fd00000, 0x000000008fe00000|  0%| F|  |TAMS 0x000000008fd00000, 0x000000008fd00000| Untracked 
| 254|0x000000008fe00000, 0x000000008fe00000, 0x000000008ff00000|  0%| F|  |TAMS 0x000000008fe00000, 0x000000008fe00000| Untracked 
| 255|0x000000008ff00000, 0x000000008ff00000, 0x0000000090000000|  0%| F|  |TAMS 0x000000008ff00000, 0x000000008ff00000| Untracked 
| 256|0x0000000090000000, 0x0000000090000000, 0x0000000090100000|  0%| F|  |TAMS 0x0000000090000000, 0x0000000090000000| Untracked 
| 257|0x0000000090100000, 0x0000000090100000, 0x0000000090200000|  0%| F|  |TAMS 0x0000000090100000, 0x0000000090100000| Untracked 
| 258|0x0000000090200000, 0x0000000090200000, 0x0000000090300000|  0%| F|  |TAMS 0x0000000090200000, 0x0000000090200000| Untracked 
| 259|0x0000000090300000, 0x0000000090300000, 0x0000000090400000|  0%| F|  |TAMS 0x0000000090300000, 0x0000000090300000| Untracked 
| 260|0x0000000090400000, 0x0000000090400000, 0x0000000090500000|  0%| F|  |TAMS 0x0000000090400000, 0x0000000090400000| Untracked 
| 261|0x0000000090500000, 0x0000000090500000, 0x0000000090600000|  0%| F|  |TAMS 0x0000000090500000, 0x0000000090500000| Untracked 
| 262|0x0000000090600000, 0x0000000090600000, 0x0000000090700000|  0%| F|  |TAMS 0x0000000090600000, 0x0000000090600000| Untracked 
| 263|0x0000000090700000, 0x0000000090700000, 0x0000000090800000|  0%| F|  |TAMS 0x0000000090700000, 0x0000000090700000| Untracked 
| 264|0x0000000090800000, 0x0000000090800000, 0x0000000090900000|  0%| F|  |TAMS 0x0000000090800000, 0x0000000090800000| Untracked 
| 265|0x0000000090900000, 0x0000000090900000, 0x0000000090a00000|  0%| F|  |TAMS 0x0000000090900000, 0x0000000090900000| Untracked 
| 266|0x0000000090a00000, 0x0000000090a00000, 0x0000000090b00000|  0%| F|  |TAMS 0x0000000090a00000, 0x0000000090a00000| Untracked 
| 267|0x0000000090b00000, 0x0000000090b00000, 0x0000000090c00000|  0%| F|  |TAMS 0x0000000090b00000, 0x0000000090b00000| Untracked 
| 268|0x0000000090c00000, 0x0000000090c00000, 0x0000000090d00000|  0%| F|  |TAMS 0x0000000090c00000, 0x0000000090c00000| Untracked 
| 269|0x0000000090d00000, 0x0000000090d00000, 0x0000000090e00000|  0%| F|  |TAMS 0x0000000090d00000, 0x0000000090d00000| Untracked 
| 270|0x0000000090e00000, 0x0000000090e00000, 0x0000000090f00000|  0%| F|  |TAMS 0x0000000090e00000, 0x0000000090e00000| Untracked 
| 271|0x0000000090f00000, 0x0000000090f00000, 0x0000000091000000|  0%| F|  |TAMS 0x0000000090f00000, 0x0000000090f00000| Untracked 
| 272|0x0000000091000000, 0x0000000091000000, 0x0000000091100000|  0%| F|  |TAMS 0x0000000091000000, 0x0000000091000000| Untracked 
| 273|0x0000000091100000, 0x0000000091100000, 0x0000000091200000|  0%| F|  |TAMS 0x0000000091100000, 0x0000000091100000| Untracked 
| 274|0x0000000091200000, 0x0000000091200000, 0x0000000091300000|  0%| F|  |TAMS 0x0000000091200000, 0x0000000091200000| Untracked 
| 275|0x0000000091300000, 0x0000000091300000, 0x0000000091400000|  0%| F|  |TAMS 0x0000000091300000, 0x0000000091300000| Untracked 
| 276|0x0000000091400000, 0x0000000091400000, 0x0000000091500000|  0%| F|  |TAMS 0x0000000091400000, 0x0000000091400000| Untracked 
| 277|0x0000000091500000, 0x0000000091500000, 0x0000000091600000|  0%| F|  |TAMS 0x0000000091500000, 0x0000000091500000| Untracked 
| 278|0x0000000091600000, 0x0000000091600000, 0x0000000091700000|  0%| F|  |TAMS 0x0000000091600000, 0x0000000091600000| Untracked 
| 279|0x0000000091700000, 0x0000000091700000, 0x0000000091800000|  0%| F|  |TAMS 0x0000000091700000, 0x0000000091700000| Untracked 
| 280|0x0000000091800000, 0x0000000091800000, 0x0000000091900000|  0%| F|  |TAMS 0x0000000091800000, 0x0000000091800000| Untracked 
| 281|0x0000000091900000, 0x0000000091900000, 0x0000000091a00000|  0%| F|  |TAMS 0x0000000091900000, 0x0000000091900000| Untracked 
| 282|0x0000000091a00000, 0x0000000091a00000, 0x0000000091b00000|  0%| F|  |TAMS 0x0000000091a00000, 0x0000000091a00000| Untracked 
| 283|0x0000000091b00000, 0x0000000091b00000, 0x0000000091c00000|  0%| F|  |TAMS 0x0000000091b00000, 0x0000000091b00000| Untracked 
| 284|0x0000000091c00000, 0x0000000091c00000, 0x0000000091d00000|  0%| F|  |TAMS 0x0000000091c00000, 0x0000000091c00000| Untracked 
| 285|0x0000000091d00000, 0x0000000091d00000, 0x0000000091e00000|  0%| F|  |TAMS 0x0000000091d00000, 0x0000000091d00000| Untracked 
| 286|0x0000000091e00000, 0x0000000091e00000, 0x0000000091f00000|  0%| F|  |TAMS 0x0000000091e00000, 0x0000000091e00000| Untracked 
| 287|0x0000000091f00000, 0x0000000091f00000, 0x0000000092000000|  0%| F|  |TAMS 0x0000000091f00000, 0x0000000091f00000| Untracked 
| 288|0x0000000092000000, 0x0000000092000000, 0x0000000092100000|  0%| F|  |TAMS 0x0000000092000000, 0x0000000092000000| Untracked 
| 289|0x0000000092100000, 0x0000000092100000, 0x0000000092200000|  0%| F|  |TAMS 0x0000000092100000, 0x0000000092100000| Untracked 
| 290|0x0000000092200000, 0x0000000092200000, 0x0000000092300000|  0%| F|  |TAMS 0x0000000092200000, 0x0000000092200000| Untracked 
| 291|0x0000000092300000, 0x0000000092300000, 0x0000000092400000|  0%| F|  |TAMS 0x0000000092300000, 0x0000000092300000| Untracked 
| 292|0x0000000092400000, 0x0000000092400000, 0x0000000092500000|  0%| F|  |TAMS 0x0000000092400000, 0x0000000092400000| Untracked 
| 293|0x0000000092500000, 0x0000000092500000, 0x0000000092600000|  0%| F|  |TAMS 0x0000000092500000, 0x0000000092500000| Untracked 
| 294|0x0000000092600000, 0x0000000092600000, 0x0000000092700000|  0%| F|  |TAMS 0x0000000092600000, 0x0000000092600000| Untracked 
| 295|0x0000000092700000, 0x0000000092700000, 0x0000000092800000|  0%| F|  |TAMS 0x0000000092700000, 0x0000000092700000| Untracked 
| 296|0x0000000092800000, 0x0000000092800000, 0x0000000092900000|  0%| F|  |TAMS 0x0000000092800000, 0x0000000092800000| Untracked 
| 297|0x0000000092900000, 0x0000000092900000, 0x0000000092a00000|  0%| F|  |TAMS 0x0000000092900000, 0x0000000092900000| Untracked 
| 298|0x0000000092a00000, 0x0000000092a00000, 0x0000000092b00000|  0%| F|  |TAMS 0x0000000092a00000, 0x0000000092a00000| Untracked 
| 299|0x0000000092b00000, 0x0000000092b00000, 0x0000000092c00000|  0%| F|  |TAMS 0x0000000092b00000, 0x0000000092b00000| Untracked 
| 300|0x0000000092c00000, 0x0000000092c00000, 0x0000000092d00000|  0%| F|  |TAMS 0x0000000092c00000, 0x0000000092c00000| Untracked 
| 301|0x0000000092d00000, 0x0000000092d00000, 0x0000000092e00000|  0%| F|  |TAMS 0x0000000092d00000, 0x0000000092d00000| Untracked 
| 302|0x0000000092e00000, 0x0000000092e00000, 0x0000000092f00000|  0%| F|  |TAMS 0x0000000092e00000, 0x0000000092e00000| Untracked 
| 303|0x0000000092f00000, 0x0000000092f00000, 0x0000000093000000|  0%| F|  |TAMS 0x0000000092f00000, 0x0000000092f00000| Untracked 
| 304|0x0000000093000000, 0x0000000093000000, 0x0000000093100000|  0%| F|  |TAMS 0x0000000093000000, 0x0000000093000000| Untracked 
| 305|0x0000000093100000, 0x0000000093100000, 0x0000000093200000|  0%| F|  |TAMS 0x0000000093100000, 0x0000000093100000| Untracked 
| 306|0x0000000093200000, 0x0000000093200000, 0x0000000093300000|  0%| F|  |TAMS 0x0000000093200000, 0x0000000093200000| Untracked 
| 307|0x0000000093300000, 0x0000000093300000, 0x0000000093400000|  0%| F|  |TAMS 0x0000000093300000, 0x0000000093300000| Untracked 
| 308|0x0000000093400000, 0x0000000093400000, 0x0000000093500000|  0%| F|  |TAMS 0x0000000093400000, 0x0000000093400000| Untracked 
| 309|0x0000000093500000, 0x0000000093500000, 0x0000000093600000|  0%| F|  |TAMS 0x0000000093500000, 0x0000000093500000| Untracked 
| 310|0x0000000093600000, 0x0000000093600000, 0x0000000093700000|  0%| F|  |TAMS 0x0000000093600000, 0x0000000093600000| Untracked 
| 311|0x0000000093700000, 0x0000000093700000, 0x0000000093800000|  0%| F|  |TAMS 0x0000000093700000, 0x0000000093700000| Untracked 
| 312|0x0000000093800000, 0x0000000093800000, 0x0000000093900000|  0%| F|  |TAMS 0x0000000093800000, 0x0000000093800000| Untracked 
| 313|0x0000000093900000, 0x0000000093900000, 0x0000000093a00000|  0%| F|  |TAMS 0x0000000093900000, 0x0000000093900000| Untracked 
| 314|0x0000000093a00000, 0x0000000093a00000, 0x0000000093b00000|  0%| F|  |TAMS 0x0000000093a00000, 0x0000000093a00000| Untracked 
| 315|0x0000000093b00000, 0x0000000093b00000, 0x0000000093c00000|  0%| F|  |TAMS 0x0000000093b00000, 0x0000000093b00000| Untracked 
| 316|0x0000000093c00000, 0x0000000093c00000, 0x0000000093d00000|  0%| F|  |TAMS 0x0000000093c00000, 0x0000000093c00000| Untracked 
| 317|0x0000000093d00000, 0x0000000093d00000, 0x0000000093e00000|  0%| F|  |TAMS 0x0000000093d00000, 0x0000000093d00000| Untracked 
| 318|0x0000000093e00000, 0x0000000093e00000, 0x0000000093f00000|  0%| F|  |TAMS 0x0000000093e00000, 0x0000000093e00000| Untracked 
| 319|0x0000000093f00000, 0x0000000093f00000, 0x0000000094000000|  0%| F|  |TAMS 0x0000000093f00000, 0x0000000093f00000| Untracked 
| 320|0x0000000094000000, 0x0000000094000000, 0x0000000094100000|  0%| F|  |TAMS 0x0000000094000000, 0x0000000094000000| Untracked 
| 321|0x0000000094100000, 0x00000000941c7c50, 0x0000000094200000| 78%| S|CS|TAMS 0x0000000094100000, 0x0000000094100000| Complete 
| 322|0x0000000094200000, 0x0000000094300000, 0x0000000094300000|100%| S|CS|TAMS 0x0000000094200000, 0x0000000094200000| Complete 
| 323|0x0000000094300000, 0x0000000094400000, 0x0000000094400000|100%| S|CS|TAMS 0x0000000094300000, 0x0000000094300000| Complete 
| 324|0x0000000094400000, 0x0000000094500000, 0x0000000094500000|100%| S|CS|TAMS 0x0000000094400000, 0x0000000094400000| Complete 
| 325|0x0000000094500000, 0x0000000094600000, 0x0000000094600000|100%| S|CS|TAMS 0x0000000094500000, 0x0000000094500000| Complete 
| 326|0x0000000094600000, 0x0000000094700000, 0x0000000094700000|100%| S|CS|TAMS 0x0000000094600000, 0x0000000094600000| Complete 
| 327|0x0000000094700000, 0x0000000094800000, 0x0000000094800000|100%| S|CS|TAMS 0x0000000094700000, 0x0000000094700000| Complete 
| 328|0x0000000094800000, 0x0000000094900000, 0x0000000094900000|100%| S|CS|TAMS 0x0000000094800000, 0x0000000094800000| Complete 
| 329|0x0000000094900000, 0x0000000094a00000, 0x0000000094a00000|100%| S|CS|TAMS 0x0000000094900000, 0x0000000094900000| Complete 
| 330|0x0000000094a00000, 0x0000000094b00000, 0x0000000094b00000|100%| S|CS|TAMS 0x0000000094a00000, 0x0000000094a00000| Complete 
| 331|0x0000000094b00000, 0x0000000094c00000, 0x0000000094c00000|100%| S|CS|TAMS 0x0000000094b00000, 0x0000000094b00000| Complete 
| 332|0x0000000094c00000, 0x0000000094d00000, 0x0000000094d00000|100%| S|CS|TAMS 0x0000000094c00000, 0x0000000094c00000| Complete 
| 333|0x0000000094d00000, 0x0000000094e00000, 0x0000000094e00000|100%| S|CS|TAMS 0x0000000094d00000, 0x0000000094d00000| Complete 
| 334|0x0000000094e00000, 0x0000000094f00000, 0x0000000094f00000|100%| S|CS|TAMS 0x0000000094e00000, 0x0000000094e00000| Complete 
| 335|0x0000000094f00000, 0x0000000095000000, 0x0000000095000000|100%| S|CS|TAMS 0x0000000094f00000, 0x0000000094f00000| Complete 
| 336|0x0000000095000000, 0x0000000095100000, 0x0000000095100000|100%| S|CS|TAMS 0x0000000095000000, 0x0000000095000000| Complete 
| 337|0x0000000095100000, 0x0000000095200000, 0x0000000095200000|100%| S|CS|TAMS 0x0000000095100000, 0x0000000095100000| Complete 
| 338|0x0000000095200000, 0x0000000095300000, 0x0000000095300000|100%| S|CS|TAMS 0x0000000095200000, 0x0000000095200000| Complete 
| 339|0x0000000095300000, 0x0000000095400000, 0x0000000095400000|100%| S|CS|TAMS 0x0000000095300000, 0x0000000095300000| Complete 
| 340|0x0000000095400000, 0x0000000095500000, 0x0000000095500000|100%| S|CS|TAMS 0x0000000095400000, 0x0000000095400000| Complete 
| 341|0x0000000095500000, 0x0000000095600000, 0x0000000095600000|100%| S|CS|TAMS 0x0000000095500000, 0x0000000095500000| Complete 
| 342|0x0000000095600000, 0x0000000095600000, 0x0000000095700000|  0%| F|  |TAMS 0x0000000095600000, 0x0000000095600000| Untracked 
| 343|0x0000000095700000, 0x0000000095700000, 0x0000000095800000|  0%| F|  |TAMS 0x0000000095700000, 0x0000000095700000| Untracked 
| 344|0x0000000095800000, 0x0000000095800000, 0x0000000095900000|  0%| F|  |TAMS 0x0000000095800000, 0x0000000095800000| Untracked 
| 345|0x0000000095900000, 0x0000000095900000, 0x0000000095a00000|  0%| F|  |TAMS 0x0000000095900000, 0x0000000095900000| Untracked 
| 346|0x0000000095a00000, 0x0000000095a00000, 0x0000000095b00000|  0%| F|  |TAMS 0x0000000095a00000, 0x0000000095a00000| Untracked 
| 347|0x0000000095b00000, 0x0000000095b00000, 0x0000000095c00000|  0%| F|  |TAMS 0x0000000095b00000, 0x0000000095b00000| Untracked 
| 348|0x0000000095c00000, 0x0000000095c00000, 0x0000000095d00000|  0%| F|  |TAMS 0x0000000095c00000, 0x0000000095c00000| Untracked 
| 349|0x0000000095d00000, 0x0000000095d00000, 0x0000000095e00000|  0%| F|  |TAMS 0x0000000095d00000, 0x0000000095d00000| Untracked 
| 350|0x0000000095e00000, 0x0000000095e00000, 0x0000000095f00000|  0%| F|  |TAMS 0x0000000095e00000, 0x0000000095e00000| Untracked 
| 351|0x0000000095f00000, 0x0000000095f00000, 0x0000000096000000|  0%| F|  |TAMS 0x0000000095f00000, 0x0000000095f00000| Untracked 
| 352|0x0000000096000000, 0x0000000096000000, 0x0000000096100000|  0%| F|  |TAMS 0x0000000096000000, 0x0000000096000000| Untracked 
| 353|0x0000000096100000, 0x0000000096100000, 0x0000000096200000|  0%| F|  |TAMS 0x0000000096100000, 0x0000000096100000| Untracked 
| 354|0x0000000096200000, 0x0000000096200000, 0x0000000096300000|  0%| F|  |TAMS 0x0000000096200000, 0x0000000096200000| Untracked 
| 355|0x0000000096300000, 0x0000000096300000, 0x0000000096400000|  0%| F|  |TAMS 0x0000000096300000, 0x0000000096300000| Untracked 
| 356|0x0000000096400000, 0x0000000096400000, 0x0000000096500000|  0%| F|  |TAMS 0x0000000096400000, 0x0000000096400000| Untracked 
| 357|0x0000000096500000, 0x0000000096500000, 0x0000000096600000|  0%| F|  |TAMS 0x0000000096500000, 0x0000000096500000| Untracked 
| 358|0x0000000096600000, 0x0000000096600000, 0x0000000096700000|  0%| F|  |TAMS 0x0000000096600000, 0x0000000096600000| Untracked 
| 359|0x0000000096700000, 0x0000000096700000, 0x0000000096800000|  0%| F|  |TAMS 0x0000000096700000, 0x0000000096700000| Untracked 
| 360|0x0000000096800000, 0x0000000096800000, 0x0000000096900000|  0%| F|  |TAMS 0x0000000096800000, 0x0000000096800000| Untracked 
| 361|0x0000000096900000, 0x0000000096900000, 0x0000000096a00000|  0%| F|  |TAMS 0x0000000096900000, 0x0000000096900000| Untracked 
| 362|0x0000000096a00000, 0x0000000096a00000, 0x0000000096b00000|  0%| F|  |TAMS 0x0000000096a00000, 0x0000000096a00000| Untracked 
| 363|0x0000000096b00000, 0x0000000096b00000, 0x0000000096c00000|  0%| F|  |TAMS 0x0000000096b00000, 0x0000000096b00000| Untracked 
| 364|0x0000000096c00000, 0x0000000096c00000, 0x0000000096d00000|  0%| F|  |TAMS 0x0000000096c00000, 0x0000000096c00000| Untracked 
| 365|0x0000000096d00000, 0x0000000096d00000, 0x0000000096e00000|  0%| F|  |TAMS 0x0000000096d00000, 0x0000000096d00000| Untracked 
| 366|0x0000000096e00000, 0x0000000096e00000, 0x0000000096f00000|  0%| F|  |TAMS 0x0000000096e00000, 0x0000000096e00000| Untracked 
| 367|0x0000000096f00000, 0x0000000096f00000, 0x0000000097000000|  0%| F|  |TAMS 0x0000000096f00000, 0x0000000096f00000| Untracked 
| 368|0x0000000097000000, 0x0000000097000000, 0x0000000097100000|  0%| F|  |TAMS 0x0000000097000000, 0x0000000097000000| Untracked 
| 369|0x0000000097100000, 0x0000000097100000, 0x0000000097200000|  0%| F|  |TAMS 0x0000000097100000, 0x0000000097100000| Untracked 
| 370|0x0000000097200000, 0x0000000097200000, 0x0000000097300000|  0%| F|  |TAMS 0x0000000097200000, 0x0000000097200000| Untracked 
| 371|0x0000000097300000, 0x0000000097300000, 0x0000000097400000|  0%| F|  |TAMS 0x0000000097300000, 0x0000000097300000| Untracked 
| 372|0x0000000097400000, 0x0000000097400000, 0x0000000097500000|  0%| F|  |TAMS 0x0000000097400000, 0x0000000097400000| Untracked 
| 373|0x0000000097500000, 0x0000000097500000, 0x0000000097600000|  0%| F|  |TAMS 0x0000000097500000, 0x0000000097500000| Untracked 
| 374|0x0000000097600000, 0x0000000097600000, 0x0000000097700000|  0%| F|  |TAMS 0x0000000097600000, 0x0000000097600000| Untracked 
| 375|0x0000000097700000, 0x0000000097700000, 0x0000000097800000|  0%| F|  |TAMS 0x0000000097700000, 0x0000000097700000| Untracked 
| 376|0x0000000097800000, 0x0000000097800000, 0x0000000097900000|  0%| F|  |TAMS 0x0000000097800000, 0x0000000097800000| Untracked 
| 377|0x0000000097900000, 0x0000000097900000, 0x0000000097a00000|  0%| F|  |TAMS 0x0000000097900000, 0x0000000097900000| Untracked 
| 378|0x0000000097a00000, 0x0000000097a00000, 0x0000000097b00000|  0%| F|  |TAMS 0x0000000097a00000, 0x0000000097a00000| Untracked 
| 379|0x0000000097b00000, 0x0000000097b00000, 0x0000000097c00000|  0%| F|  |TAMS 0x0000000097b00000, 0x0000000097b00000| Untracked 
| 380|0x0000000097c00000, 0x0000000097c00000, 0x0000000097d00000|  0%| F|  |TAMS 0x0000000097c00000, 0x0000000097c00000| Untracked 
| 381|0x0000000097d00000, 0x0000000097d00000, 0x0000000097e00000|  0%| F|  |TAMS 0x0000000097d00000, 0x0000000097d00000| Untracked 
| 382|0x0000000097e00000, 0x0000000097e00000, 0x0000000097f00000|  0%| F|  |TAMS 0x0000000097e00000, 0x0000000097e00000| Untracked 
| 383|0x0000000097f00000, 0x0000000097f00000, 0x0000000098000000|  0%| F|  |TAMS 0x0000000097f00000, 0x0000000097f00000| Untracked 
| 384|0x0000000098000000, 0x0000000098000000, 0x0000000098100000|  0%| F|  |TAMS 0x0000000098000000, 0x0000000098000000| Untracked 
| 385|0x0000000098100000, 0x0000000098100000, 0x0000000098200000|  0%| F|  |TAMS 0x0000000098100000, 0x0000000098100000| Untracked 
| 386|0x0000000098200000, 0x0000000098200000, 0x0000000098300000|  0%| F|  |TAMS 0x0000000098200000, 0x0000000098200000| Untracked 
| 387|0x0000000098300000, 0x0000000098300000, 0x0000000098400000|  0%| F|  |TAMS 0x0000000098300000, 0x0000000098300000| Untracked 
| 388|0x0000000098400000, 0x0000000098400000, 0x0000000098500000|  0%| F|  |TAMS 0x0000000098400000, 0x0000000098400000| Untracked 
| 389|0x0000000098500000, 0x0000000098500000, 0x0000000098600000|  0%| F|  |TAMS 0x0000000098500000, 0x0000000098500000| Untracked 
| 390|0x0000000098600000, 0x0000000098600000, 0x0000000098700000|  0%| F|  |TAMS 0x0000000098600000, 0x0000000098600000| Untracked 
| 391|0x0000000098700000, 0x0000000098700000, 0x0000000098800000|  0%| F|  |TAMS 0x0000000098700000, 0x0000000098700000| Untracked 
| 392|0x0000000098800000, 0x0000000098800000, 0x0000000098900000|  0%| F|  |TAMS 0x0000000098800000, 0x0000000098800000| Untracked 
| 393|0x0000000098900000, 0x0000000098900000, 0x0000000098a00000|  0%| F|  |TAMS 0x0000000098900000, 0x0000000098900000| Untracked 
| 394|0x0000000098a00000, 0x0000000098a00000, 0x0000000098b00000|  0%| F|  |TAMS 0x0000000098a00000, 0x0000000098a00000| Untracked 
| 395|0x0000000098b00000, 0x0000000098b00000, 0x0000000098c00000|  0%| F|  |TAMS 0x0000000098b00000, 0x0000000098b00000| Untracked 
| 396|0x0000000098c00000, 0x0000000098c00000, 0x0000000098d00000|  0%| F|  |TAMS 0x0000000098c00000, 0x0000000098c00000| Untracked 
| 397|0x0000000098d00000, 0x0000000098d00000, 0x0000000098e00000|  0%| F|  |TAMS 0x0000000098d00000, 0x0000000098d00000| Untracked 
| 398|0x0000000098e00000, 0x0000000098e00000, 0x0000000098f00000|  0%| F|  |TAMS 0x0000000098e00000, 0x0000000098e00000| Untracked 
| 399|0x0000000098f00000, 0x0000000098f00000, 0x0000000099000000|  0%| F|  |TAMS 0x0000000098f00000, 0x0000000098f00000| Untracked 
| 400|0x0000000099000000, 0x0000000099000000, 0x0000000099100000|  0%| F|  |TAMS 0x0000000099000000, 0x0000000099000000| Untracked 
| 401|0x0000000099100000, 0x0000000099100000, 0x0000000099200000|  0%| F|  |TAMS 0x0000000099100000, 0x0000000099100000| Untracked 
| 402|0x0000000099200000, 0x0000000099200000, 0x0000000099300000|  0%| F|  |TAMS 0x0000000099200000, 0x0000000099200000| Untracked 
| 403|0x0000000099300000, 0x0000000099300000, 0x0000000099400000|  0%| F|  |TAMS 0x0000000099300000, 0x0000000099300000| Untracked 
| 404|0x0000000099400000, 0x0000000099400000, 0x0000000099500000|  0%| F|  |TAMS 0x0000000099400000, 0x0000000099400000| Untracked 
| 405|0x0000000099500000, 0x0000000099500000, 0x0000000099600000|  0%| F|  |TAMS 0x0000000099500000, 0x0000000099500000| Untracked 
| 406|0x0000000099600000, 0x0000000099600000, 0x0000000099700000|  0%| F|  |TAMS 0x0000000099600000, 0x0000000099600000| Untracked 
| 407|0x0000000099700000, 0x0000000099700000, 0x0000000099800000|  0%| F|  |TAMS 0x0000000099700000, 0x0000000099700000| Untracked 
| 408|0x0000000099800000, 0x0000000099800000, 0x0000000099900000|  0%| F|  |TAMS 0x0000000099800000, 0x0000000099800000| Untracked 
| 409|0x0000000099900000, 0x0000000099900000, 0x0000000099a00000|  0%| F|  |TAMS 0x0000000099900000, 0x0000000099900000| Untracked 
| 410|0x0000000099a00000, 0x0000000099a00000, 0x0000000099b00000|  0%| F|  |TAMS 0x0000000099a00000, 0x0000000099a00000| Untracked 
| 411|0x0000000099b00000, 0x0000000099b00000, 0x0000000099c00000|  0%| F|  |TAMS 0x0000000099b00000, 0x0000000099b00000| Untracked 
| 412|0x0000000099c00000, 0x0000000099c00000, 0x0000000099d00000|  0%| F|  |TAMS 0x0000000099c00000, 0x0000000099c00000| Untracked 
| 413|0x0000000099d00000, 0x0000000099d00000, 0x0000000099e00000|  0%| F|  |TAMS 0x0000000099d00000, 0x0000000099d00000| Untracked 
| 414|0x0000000099e00000, 0x0000000099e00000, 0x0000000099f00000|  0%| F|  |TAMS 0x0000000099e00000, 0x0000000099e00000| Untracked 
| 415|0x0000000099f00000, 0x0000000099f00000, 0x000000009a000000|  0%| F|  |TAMS 0x0000000099f00000, 0x0000000099f00000| Untracked 
| 416|0x000000009a000000, 0x000000009a000000, 0x000000009a100000|  0%| F|  |TAMS 0x000000009a000000, 0x000000009a000000| Untracked 
| 417|0x000000009a100000, 0x000000009a100000, 0x000000009a200000|  0%| F|  |TAMS 0x000000009a100000, 0x000000009a100000| Untracked 
| 418|0x000000009a200000, 0x000000009a200000, 0x000000009a300000|  0%| F|  |TAMS 0x000000009a200000, 0x000000009a200000| Untracked 
| 419|0x000000009a300000, 0x000000009a300000, 0x000000009a400000|  0%| F|  |TAMS 0x000000009a300000, 0x000000009a300000| Untracked 
| 420|0x000000009a400000, 0x000000009a400000, 0x000000009a500000|  0%| F|  |TAMS 0x000000009a400000, 0x000000009a400000| Untracked 
| 421|0x000000009a500000, 0x000000009a500000, 0x000000009a600000|  0%| F|  |TAMS 0x000000009a500000, 0x000000009a500000| Untracked 
| 422|0x000000009a600000, 0x000000009a600000, 0x000000009a700000|  0%| F|  |TAMS 0x000000009a600000, 0x000000009a600000| Untracked 
| 423|0x000000009a700000, 0x000000009a700000, 0x000000009a800000|  0%| F|  |TAMS 0x000000009a700000, 0x000000009a700000| Untracked 
| 424|0x000000009a800000, 0x000000009a800000, 0x000000009a900000|  0%| F|  |TAMS 0x000000009a800000, 0x000000009a800000| Untracked 
| 425|0x000000009a900000, 0x000000009a900000, 0x000000009aa00000|  0%| F|  |TAMS 0x000000009a900000, 0x000000009a900000| Untracked 
| 426|0x000000009aa00000, 0x000000009aa00000, 0x000000009ab00000|  0%| F|  |TAMS 0x000000009aa00000, 0x000000009aa00000| Untracked 
| 427|0x000000009ab00000, 0x000000009ab00000, 0x000000009ac00000|  0%| F|  |TAMS 0x000000009ab00000, 0x000000009ab00000| Untracked 
| 428|0x000000009ac00000, 0x000000009ac00000, 0x000000009ad00000|  0%| F|  |TAMS 0x000000009ac00000, 0x000000009ac00000| Untracked 
| 429|0x000000009ad00000, 0x000000009ad00000, 0x000000009ae00000|  0%| F|  |TAMS 0x000000009ad00000, 0x000000009ad00000| Untracked 
| 430|0x000000009ae00000, 0x000000009ae00000, 0x000000009af00000|  0%| F|  |TAMS 0x000000009ae00000, 0x000000009ae00000| Untracked 
| 431|0x000000009af00000, 0x000000009af00000, 0x000000009b000000|  0%| F|  |TAMS 0x000000009af00000, 0x000000009af00000| Untracked 
| 432|0x000000009b000000, 0x000000009b000000, 0x000000009b100000|  0%| F|  |TAMS 0x000000009b000000, 0x000000009b000000| Untracked 
| 433|0x000000009b100000, 0x000000009b100000, 0x000000009b200000|  0%| F|  |TAMS 0x000000009b100000, 0x000000009b100000| Untracked 
| 434|0x000000009b200000, 0x000000009b200000, 0x000000009b300000|  0%| F|  |TAMS 0x000000009b200000, 0x000000009b200000| Untracked 
| 435|0x000000009b300000, 0x000000009b300000, 0x000000009b400000|  0%| F|  |TAMS 0x000000009b300000, 0x000000009b300000| Untracked 
| 436|0x000000009b400000, 0x000000009b400000, 0x000000009b500000|  0%| F|  |TAMS 0x000000009b400000, 0x000000009b400000| Untracked 
| 437|0x000000009b500000, 0x000000009b500000, 0x000000009b600000|  0%| F|  |TAMS 0x000000009b500000, 0x000000009b500000| Untracked 
| 438|0x000000009b600000, 0x000000009b600000, 0x000000009b700000|  0%| F|  |TAMS 0x000000009b600000, 0x000000009b600000| Untracked 
| 439|0x000000009b700000, 0x000000009b700000, 0x000000009b800000|  0%| F|  |TAMS 0x000000009b700000, 0x000000009b700000| Untracked 
| 440|0x000000009b800000, 0x000000009b800000, 0x000000009b900000|  0%| F|  |TAMS 0x000000009b800000, 0x000000009b800000| Untracked 
| 441|0x000000009b900000, 0x000000009b900000, 0x000000009ba00000|  0%| F|  |TAMS 0x000000009b900000, 0x000000009b900000| Untracked 
| 442|0x000000009ba00000, 0x000000009ba00000, 0x000000009bb00000|  0%| F|  |TAMS 0x000000009ba00000, 0x000000009ba00000| Untracked 
| 443|0x000000009bb00000, 0x000000009bb00000, 0x000000009bc00000|  0%| F|  |TAMS 0x000000009bb00000, 0x000000009bb00000| Untracked 
| 444|0x000000009bc00000, 0x000000009bc00000, 0x000000009bd00000|  0%| F|  |TAMS 0x000000009bc00000, 0x000000009bc00000| Untracked 
| 445|0x000000009bd00000, 0x000000009bd00000, 0x000000009be00000|  0%| F|  |TAMS 0x000000009bd00000, 0x000000009bd00000| Untracked 
| 446|0x000000009be00000, 0x000000009be00000, 0x000000009bf00000|  0%| F|  |TAMS 0x000000009be00000, 0x000000009be00000| Untracked 
| 447|0x000000009bf00000, 0x000000009bf00000, 0x000000009c000000|  0%| F|  |TAMS 0x000000009bf00000, 0x000000009bf00000| Untracked 
| 448|0x000000009c000000, 0x000000009c000000, 0x000000009c100000|  0%| F|  |TAMS 0x000000009c000000, 0x000000009c000000| Untracked 
| 449|0x000000009c100000, 0x000000009c100000, 0x000000009c200000|  0%| F|  |TAMS 0x000000009c100000, 0x000000009c100000| Untracked 
| 450|0x000000009c200000, 0x000000009c200000, 0x000000009c300000|  0%| F|  |TAMS 0x000000009c200000, 0x000000009c200000| Untracked 
| 451|0x000000009c300000, 0x000000009c300000, 0x000000009c400000|  0%| F|  |TAMS 0x000000009c300000, 0x000000009c300000| Untracked 
| 452|0x000000009c400000, 0x000000009c400000, 0x000000009c500000|  0%| F|  |TAMS 0x000000009c400000, 0x000000009c400000| Untracked 
| 453|0x000000009c500000, 0x000000009c500000, 0x000000009c600000|  0%| F|  |TAMS 0x000000009c500000, 0x000000009c500000| Untracked 
| 454|0x000000009c600000, 0x000000009c600000, 0x000000009c700000|  0%| F|  |TAMS 0x000000009c600000, 0x000000009c600000| Untracked 
| 455|0x000000009c700000, 0x000000009c700000, 0x000000009c800000|  0%| F|  |TAMS 0x000000009c700000, 0x000000009c700000| Untracked 
| 456|0x000000009c800000, 0x000000009c800000, 0x000000009c900000|  0%| F|  |TAMS 0x000000009c800000, 0x000000009c800000| Untracked 
| 457|0x000000009c900000, 0x000000009c900000, 0x000000009ca00000|  0%| F|  |TAMS 0x000000009c900000, 0x000000009c900000| Untracked 
| 458|0x000000009ca00000, 0x000000009ca00000, 0x000000009cb00000|  0%| F|  |TAMS 0x000000009ca00000, 0x000000009ca00000| Untracked 
| 459|0x000000009cb00000, 0x000000009cb00000, 0x000000009cc00000|  0%| F|  |TAMS 0x000000009cb00000, 0x000000009cb00000| Untracked 
| 460|0x000000009cc00000, 0x000000009cc00000, 0x000000009cd00000|  0%| F|  |TAMS 0x000000009cc00000, 0x000000009cc00000| Untracked 
| 461|0x000000009cd00000, 0x000000009cd00000, 0x000000009ce00000|  0%| F|  |TAMS 0x000000009cd00000, 0x000000009cd00000| Untracked 
| 462|0x000000009ce00000, 0x000000009ce00000, 0x000000009cf00000|  0%| F|  |TAMS 0x000000009ce00000, 0x000000009ce00000| Untracked 
| 463|0x000000009cf00000, 0x000000009cf00000, 0x000000009d000000|  0%| F|  |TAMS 0x000000009cf00000, 0x000000009cf00000| Untracked 
| 464|0x000000009d000000, 0x000000009d000000, 0x000000009d100000|  0%| F|  |TAMS 0x000000009d000000, 0x000000009d000000| Untracked 
| 465|0x000000009d100000, 0x000000009d100000, 0x000000009d200000|  0%| F|  |TAMS 0x000000009d100000, 0x000000009d100000| Untracked 
| 466|0x000000009d200000, 0x000000009d200000, 0x000000009d300000|  0%| F|  |TAMS 0x000000009d200000, 0x000000009d200000| Untracked 
| 467|0x000000009d300000, 0x000000009d300000, 0x000000009d400000|  0%| F|  |TAMS 0x000000009d300000, 0x000000009d300000| Untracked 
| 468|0x000000009d400000, 0x000000009d400000, 0x000000009d500000|  0%| F|  |TAMS 0x000000009d400000, 0x000000009d400000| Untracked 
| 469|0x000000009d500000, 0x000000009d500000, 0x000000009d600000|  0%| F|  |TAMS 0x000000009d500000, 0x000000009d500000| Untracked 
| 470|0x000000009d600000, 0x000000009d600000, 0x000000009d700000|  0%| F|  |TAMS 0x000000009d600000, 0x000000009d600000| Untracked 
| 471|0x000000009d700000, 0x000000009d700000, 0x000000009d800000|  0%| F|  |TAMS 0x000000009d700000, 0x000000009d700000| Untracked 
| 472|0x000000009d800000, 0x000000009d800000, 0x000000009d900000|  0%| F|  |TAMS 0x000000009d800000, 0x000000009d800000| Untracked 
| 473|0x000000009d900000, 0x000000009d900000, 0x000000009da00000|  0%| F|  |TAMS 0x000000009d900000, 0x000000009d900000| Untracked 
| 474|0x000000009da00000, 0x000000009da00000, 0x000000009db00000|  0%| F|  |TAMS 0x000000009da00000, 0x000000009da00000| Untracked 
| 475|0x000000009db00000, 0x000000009db00000, 0x000000009dc00000|  0%| F|  |TAMS 0x000000009db00000, 0x000000009db00000| Untracked 
| 476|0x000000009dc00000, 0x000000009dc00000, 0x000000009dd00000|  0%| F|  |TAMS 0x000000009dc00000, 0x000000009dc00000| Untracked 
| 477|0x000000009dd00000, 0x000000009dd00000, 0x000000009de00000|  0%| F|  |TAMS 0x000000009dd00000, 0x000000009dd00000| Untracked 
| 478|0x000000009de00000, 0x000000009de00000, 0x000000009df00000|  0%| F|  |TAMS 0x000000009de00000, 0x000000009de00000| Untracked 
| 479|0x000000009df00000, 0x000000009df00000, 0x000000009e000000|  0%| F|  |TAMS 0x000000009df00000, 0x000000009df00000| Untracked 
| 480|0x000000009e000000, 0x000000009e000000, 0x000000009e100000|  0%| F|  |TAMS 0x000000009e000000, 0x000000009e000000| Untracked 
| 481|0x000000009e100000, 0x000000009e100000, 0x000000009e200000|  0%| F|  |TAMS 0x000000009e100000, 0x000000009e100000| Untracked 
| 482|0x000000009e200000, 0x000000009e200000, 0x000000009e300000|  0%| F|  |TAMS 0x000000009e200000, 0x000000009e200000| Untracked 
| 483|0x000000009e300000, 0x000000009e300000, 0x000000009e400000|  0%| F|  |TAMS 0x000000009e300000, 0x000000009e300000| Untracked 
| 484|0x000000009e400000, 0x000000009e400000, 0x000000009e500000|  0%| F|  |TAMS 0x000000009e400000, 0x000000009e400000| Untracked 
| 485|0x000000009e500000, 0x000000009e500000, 0x000000009e600000|  0%| F|  |TAMS 0x000000009e500000, 0x000000009e500000| Untracked 
| 486|0x000000009e600000, 0x000000009e600000, 0x000000009e700000|  0%| F|  |TAMS 0x000000009e600000, 0x000000009e600000| Untracked 
| 487|0x000000009e700000, 0x000000009e700000, 0x000000009e800000|  0%| F|  |TAMS 0x000000009e700000, 0x000000009e700000| Untracked 
| 488|0x000000009e800000, 0x000000009e800000, 0x000000009e900000|  0%| F|  |TAMS 0x000000009e800000, 0x000000009e800000| Untracked 
| 489|0x000000009e900000, 0x000000009e900000, 0x000000009ea00000|  0%| F|  |TAMS 0x000000009e900000, 0x000000009e900000| Untracked 
| 490|0x000000009ea00000, 0x000000009ea00000, 0x000000009eb00000|  0%| F|  |TAMS 0x000000009ea00000, 0x000000009ea00000| Untracked 
| 491|0x000000009eb00000, 0x000000009eb00000, 0x000000009ec00000|  0%| F|  |TAMS 0x000000009eb00000, 0x000000009eb00000| Untracked 
| 492|0x000000009ec00000, 0x000000009ec00000, 0x000000009ed00000|  0%| F|  |TAMS 0x000000009ec00000, 0x000000009ec00000| Untracked 
| 493|0x000000009ed00000, 0x000000009ed00000, 0x000000009ee00000|  0%| F|  |TAMS 0x000000009ed00000, 0x000000009ed00000| Untracked 
| 494|0x000000009ee00000, 0x000000009ee00000, 0x000000009ef00000|  0%| F|  |TAMS 0x000000009ee00000, 0x000000009ee00000| Untracked 
| 495|0x000000009ef00000, 0x000000009ef00000, 0x000000009f000000|  0%| F|  |TAMS 0x000000009ef00000, 0x000000009ef00000| Untracked 
| 496|0x000000009f000000, 0x000000009f000000, 0x000000009f100000|  0%| F|  |TAMS 0x000000009f000000, 0x000000009f000000| Untracked 
| 497|0x000000009f100000, 0x000000009f100000, 0x000000009f200000|  0%| F|  |TAMS 0x000000009f100000, 0x000000009f100000| Untracked 
| 498|0x000000009f200000, 0x000000009f200000, 0x000000009f300000|  0%| F|  |TAMS 0x000000009f200000, 0x000000009f200000| Untracked 
| 499|0x000000009f300000, 0x000000009f300000, 0x000000009f400000|  0%| F|  |TAMS 0x000000009f300000, 0x000000009f300000| Untracked 
| 500|0x000000009f400000, 0x000000009f400000, 0x000000009f500000|  0%| F|  |TAMS 0x000000009f400000, 0x000000009f400000| Untracked 
| 501|0x000000009f500000, 0x000000009f500000, 0x000000009f600000|  0%| F|  |TAMS 0x000000009f500000, 0x000000009f500000| Untracked 
| 502|0x000000009f600000, 0x000000009f600000, 0x000000009f700000|  0%| F|  |TAMS 0x000000009f600000, 0x000000009f600000| Untracked 
| 503|0x000000009f700000, 0x000000009f700000, 0x000000009f800000|  0%| F|  |TAMS 0x000000009f700000, 0x000000009f700000| Untracked 
| 504|0x000000009f800000, 0x000000009f800000, 0x000000009f900000|  0%| F|  |TAMS 0x000000009f800000, 0x000000009f800000| Untracked 
| 505|0x000000009f900000, 0x000000009f900000, 0x000000009fa00000|  0%| F|  |TAMS 0x000000009f900000, 0x000000009f900000| Untracked 
| 506|0x000000009fa00000, 0x000000009fa00000, 0x000000009fb00000|  0%| F|  |TAMS 0x000000009fa00000, 0x000000009fa00000| Untracked 
| 507|0x000000009fb00000, 0x000000009fb00000, 0x000000009fc00000|  0%| F|  |TAMS 0x000000009fb00000, 0x000000009fb00000| Untracked 
| 508|0x000000009fc00000, 0x000000009fc00000, 0x000000009fd00000|  0%| F|  |TAMS 0x000000009fc00000, 0x000000009fc00000| Untracked 
| 509|0x000000009fd00000, 0x000000009fd00000, 0x000000009fe00000|  0%| F|  |TAMS 0x000000009fd00000, 0x000000009fd00000| Untracked 
| 510|0x000000009fe00000, 0x000000009fe00000, 0x000000009ff00000|  0%| F|  |TAMS 0x000000009fe00000, 0x000000009fe00000| Untracked 
| 511|0x000000009ff00000, 0x000000009ff00000, 0x00000000a0000000|  0%| F|  |TAMS 0x000000009ff00000, 0x000000009ff00000| Untracked 
| 512|0x00000000a0000000, 0x00000000a0000000, 0x00000000a0100000|  0%| F|  |TAMS 0x00000000a0000000, 0x00000000a0000000| Untracked 
| 513|0x00000000a0100000, 0x00000000a0100000, 0x00000000a0200000|  0%| F|  |TAMS 0x00000000a0100000, 0x00000000a0100000| Untracked 
| 514|0x00000000a0200000, 0x00000000a0200000, 0x00000000a0300000|  0%| F|  |TAMS 0x00000000a0200000, 0x00000000a0200000| Untracked 
| 515|0x00000000a0300000, 0x00000000a0300000, 0x00000000a0400000|  0%| F|  |TAMS 0x00000000a0300000, 0x00000000a0300000| Untracked 
| 516|0x00000000a0400000, 0x00000000a0400000, 0x00000000a0500000|  0%| F|  |TAMS 0x00000000a0400000, 0x00000000a0400000| Untracked 
| 517|0x00000000a0500000, 0x00000000a0500000, 0x00000000a0600000|  0%| F|  |TAMS 0x00000000a0500000, 0x00000000a0500000| Untracked 
| 518|0x00000000a0600000, 0x00000000a0600000, 0x00000000a0700000|  0%| F|  |TAMS 0x00000000a0600000, 0x00000000a0600000| Untracked 
| 519|0x00000000a0700000, 0x00000000a0700000, 0x00000000a0800000|  0%| F|  |TAMS 0x00000000a0700000, 0x00000000a0700000| Untracked 
| 520|0x00000000a0800000, 0x00000000a0800000, 0x00000000a0900000|  0%| F|  |TAMS 0x00000000a0800000, 0x00000000a0800000| Untracked 
| 521|0x00000000a0900000, 0x00000000a0900000, 0x00000000a0a00000|  0%| F|  |TAMS 0x00000000a0900000, 0x00000000a0900000| Untracked 
| 522|0x00000000a0a00000, 0x00000000a0a00000, 0x00000000a0b00000|  0%| F|  |TAMS 0x00000000a0a00000, 0x00000000a0a00000| Untracked 
| 523|0x00000000a0b00000, 0x00000000a0b00000, 0x00000000a0c00000|  0%| F|  |TAMS 0x00000000a0b00000, 0x00000000a0b00000| Untracked 
| 524|0x00000000a0c00000, 0x00000000a0c00000, 0x00000000a0d00000|  0%| F|  |TAMS 0x00000000a0c00000, 0x00000000a0c00000| Untracked 
| 525|0x00000000a0d00000, 0x00000000a0d00000, 0x00000000a0e00000|  0%| F|  |TAMS 0x00000000a0d00000, 0x00000000a0d00000| Untracked 
| 526|0x00000000a0e00000, 0x00000000a0e00000, 0x00000000a0f00000|  0%| F|  |TAMS 0x00000000a0e00000, 0x00000000a0e00000| Untracked 
| 527|0x00000000a0f00000, 0x00000000a0f00000, 0x00000000a1000000|  0%| F|  |TAMS 0x00000000a0f00000, 0x00000000a0f00000| Untracked 
| 528|0x00000000a1000000, 0x00000000a1000000, 0x00000000a1100000|  0%| F|  |TAMS 0x00000000a1000000, 0x00000000a1000000| Untracked 
| 529|0x00000000a1100000, 0x00000000a1100000, 0x00000000a1200000|  0%| F|  |TAMS 0x00000000a1100000, 0x00000000a1100000| Untracked 
| 530|0x00000000a1200000, 0x00000000a1200000, 0x00000000a1300000|  0%| F|  |TAMS 0x00000000a1200000, 0x00000000a1200000| Untracked 
| 531|0x00000000a1300000, 0x00000000a1300000, 0x00000000a1400000|  0%| F|  |TAMS 0x00000000a1300000, 0x00000000a1300000| Untracked 
| 532|0x00000000a1400000, 0x00000000a1400000, 0x00000000a1500000|  0%| F|  |TAMS 0x00000000a1400000, 0x00000000a1400000| Untracked 
| 533|0x00000000a1500000, 0x00000000a1500000, 0x00000000a1600000|  0%| F|  |TAMS 0x00000000a1500000, 0x00000000a1500000| Untracked 
| 534|0x00000000a1600000, 0x00000000a1600000, 0x00000000a1700000|  0%| F|  |TAMS 0x00000000a1600000, 0x00000000a1600000| Untracked 
| 535|0x00000000a1700000, 0x00000000a1700000, 0x00000000a1800000|  0%| F|  |TAMS 0x00000000a1700000, 0x00000000a1700000| Untracked 
| 536|0x00000000a1800000, 0x00000000a1800000, 0x00000000a1900000|  0%| F|  |TAMS 0x00000000a1800000, 0x00000000a1800000| Untracked 
| 537|0x00000000a1900000, 0x00000000a1900000, 0x00000000a1a00000|  0%| F|  |TAMS 0x00000000a1900000, 0x00000000a1900000| Untracked 
| 538|0x00000000a1a00000, 0x00000000a1a00000, 0x00000000a1b00000|  0%| F|  |TAMS 0x00000000a1a00000, 0x00000000a1a00000| Untracked 
| 539|0x00000000a1b00000, 0x00000000a1b00000, 0x00000000a1c00000|  0%| F|  |TAMS 0x00000000a1b00000, 0x00000000a1b00000| Untracked 
| 540|0x00000000a1c00000, 0x00000000a1c00000, 0x00000000a1d00000|  0%| F|  |TAMS 0x00000000a1c00000, 0x00000000a1c00000| Untracked 
| 541|0x00000000a1d00000, 0x00000000a1d00000, 0x00000000a1e00000|  0%| F|  |TAMS 0x00000000a1d00000, 0x00000000a1d00000| Untracked 
| 542|0x00000000a1e00000, 0x00000000a1e00000, 0x00000000a1f00000|  0%| F|  |TAMS 0x00000000a1e00000, 0x00000000a1e00000| Untracked 
| 543|0x00000000a1f00000, 0x00000000a1f00000, 0x00000000a2000000|  0%| F|  |TAMS 0x00000000a1f00000, 0x00000000a1f00000| Untracked 
| 544|0x00000000a2000000, 0x00000000a2000000, 0x00000000a2100000|  0%| F|  |TAMS 0x00000000a2000000, 0x00000000a2000000| Untracked 
| 545|0x00000000a2100000, 0x00000000a2100000, 0x00000000a2200000|  0%| F|  |TAMS 0x00000000a2100000, 0x00000000a2100000| Untracked 
| 546|0x00000000a2200000, 0x00000000a2200000, 0x00000000a2300000|  0%| F|  |TAMS 0x00000000a2200000, 0x00000000a2200000| Untracked 
| 547|0x00000000a2300000, 0x00000000a2300000, 0x00000000a2400000|  0%| F|  |TAMS 0x00000000a2300000, 0x00000000a2300000| Untracked 
| 548|0x00000000a2400000, 0x00000000a2400000, 0x00000000a2500000|  0%| F|  |TAMS 0x00000000a2400000, 0x00000000a2400000| Untracked 
| 549|0x00000000a2500000, 0x00000000a2500000, 0x00000000a2600000|  0%| F|  |TAMS 0x00000000a2500000, 0x00000000a2500000| Untracked 
| 550|0x00000000a2600000, 0x00000000a2600000, 0x00000000a2700000|  0%| F|  |TAMS 0x00000000a2600000, 0x00000000a2600000| Untracked 
| 551|0x00000000a2700000, 0x00000000a2700000, 0x00000000a2800000|  0%| F|  |TAMS 0x00000000a2700000, 0x00000000a2700000| Untracked 
| 552|0x00000000a2800000, 0x00000000a2800000, 0x00000000a2900000|  0%| F|  |TAMS 0x00000000a2800000, 0x00000000a2800000| Untracked 
| 553|0x00000000a2900000, 0x00000000a2900000, 0x00000000a2a00000|  0%| F|  |TAMS 0x00000000a2900000, 0x00000000a2900000| Untracked 
| 554|0x00000000a2a00000, 0x00000000a2a00000, 0x00000000a2b00000|  0%| F|  |TAMS 0x00000000a2a00000, 0x00000000a2a00000| Untracked 
| 555|0x00000000a2b00000, 0x00000000a2b00000, 0x00000000a2c00000|  0%| F|  |TAMS 0x00000000a2b00000, 0x00000000a2b00000| Untracked 
| 556|0x00000000a2c00000, 0x00000000a2c00000, 0x00000000a2d00000|  0%| F|  |TAMS 0x00000000a2c00000, 0x00000000a2c00000| Untracked 
| 557|0x00000000a2d00000, 0x00000000a2d00000, 0x00000000a2e00000|  0%| F|  |TAMS 0x00000000a2d00000, 0x00000000a2d00000| Untracked 
| 558|0x00000000a2e00000, 0x00000000a2e00000, 0x00000000a2f00000|  0%| F|  |TAMS 0x00000000a2e00000, 0x00000000a2e00000| Untracked 
| 559|0x00000000a2f00000, 0x00000000a2f00000, 0x00000000a3000000|  0%| F|  |TAMS 0x00000000a2f00000, 0x00000000a2f00000| Untracked 
| 560|0x00000000a3000000, 0x00000000a3000000, 0x00000000a3100000|  0%| F|  |TAMS 0x00000000a3000000, 0x00000000a3000000| Untracked 
| 561|0x00000000a3100000, 0x00000000a3100000, 0x00000000a3200000|  0%| F|  |TAMS 0x00000000a3100000, 0x00000000a3100000| Untracked 
| 562|0x00000000a3200000, 0x00000000a3200000, 0x00000000a3300000|  0%| F|  |TAMS 0x00000000a3200000, 0x00000000a3200000| Untracked 
| 563|0x00000000a3300000, 0x00000000a3300000, 0x00000000a3400000|  0%| F|  |TAMS 0x00000000a3300000, 0x00000000a3300000| Untracked 
| 564|0x00000000a3400000, 0x00000000a3400000, 0x00000000a3500000|  0%| F|  |TAMS 0x00000000a3400000, 0x00000000a3400000| Untracked 
| 565|0x00000000a3500000, 0x00000000a3500000, 0x00000000a3600000|  0%| F|  |TAMS 0x00000000a3500000, 0x00000000a3500000| Untracked 
| 566|0x00000000a3600000, 0x00000000a3600000, 0x00000000a3700000|  0%| F|  |TAMS 0x00000000a3600000, 0x00000000a3600000| Untracked 
| 567|0x00000000a3700000, 0x00000000a3700000, 0x00000000a3800000|  0%| F|  |TAMS 0x00000000a3700000, 0x00000000a3700000| Untracked 
| 568|0x00000000a3800000, 0x00000000a3800000, 0x00000000a3900000|  0%| F|  |TAMS 0x00000000a3800000, 0x00000000a3800000| Untracked 
| 569|0x00000000a3900000, 0x00000000a3900000, 0x00000000a3a00000|  0%| F|  |TAMS 0x00000000a3900000, 0x00000000a3900000| Untracked 
| 570|0x00000000a3a00000, 0x00000000a3a00000, 0x00000000a3b00000|  0%| F|  |TAMS 0x00000000a3a00000, 0x00000000a3a00000| Untracked 
| 571|0x00000000a3b00000, 0x00000000a3b00000, 0x00000000a3c00000|  0%| F|  |TAMS 0x00000000a3b00000, 0x00000000a3b00000| Untracked 
| 572|0x00000000a3c00000, 0x00000000a3c00000, 0x00000000a3d00000|  0%| F|  |TAMS 0x00000000a3c00000, 0x00000000a3c00000| Untracked 
| 573|0x00000000a3d00000, 0x00000000a3d00000, 0x00000000a3e00000|  0%| F|  |TAMS 0x00000000a3d00000, 0x00000000a3d00000| Untracked 
| 574|0x00000000a3e00000, 0x00000000a3e00000, 0x00000000a3f00000|  0%| F|  |TAMS 0x00000000a3e00000, 0x00000000a3e00000| Untracked 
| 575|0x00000000a3f00000, 0x00000000a3f00000, 0x00000000a4000000|  0%| F|  |TAMS 0x00000000a3f00000, 0x00000000a3f00000| Untracked 
| 576|0x00000000a4000000, 0x00000000a4000000, 0x00000000a4100000|  0%| F|  |TAMS 0x00000000a4000000, 0x00000000a4000000| Untracked 
| 577|0x00000000a4100000, 0x00000000a4100000, 0x00000000a4200000|  0%| F|  |TAMS 0x00000000a4100000, 0x00000000a4100000| Untracked 
| 578|0x00000000a4200000, 0x00000000a4200000, 0x00000000a4300000|  0%| F|  |TAMS 0x00000000a4200000, 0x00000000a4200000| Untracked 
| 579|0x00000000a4300000, 0x00000000a4300000, 0x00000000a4400000|  0%| F|  |TAMS 0x00000000a4300000, 0x00000000a4300000| Untracked 
| 580|0x00000000a4400000, 0x00000000a4400000, 0x00000000a4500000|  0%| F|  |TAMS 0x00000000a4400000, 0x00000000a4400000| Untracked 
| 581|0x00000000a4500000, 0x00000000a4500000, 0x00000000a4600000|  0%| F|  |TAMS 0x00000000a4500000, 0x00000000a4500000| Untracked 
| 582|0x00000000a4600000, 0x00000000a4600000, 0x00000000a4700000|  0%| F|  |TAMS 0x00000000a4600000, 0x00000000a4600000| Untracked 
| 583|0x00000000a4700000, 0x00000000a4700000, 0x00000000a4800000|  0%| F|  |TAMS 0x00000000a4700000, 0x00000000a4700000| Untracked 
| 584|0x00000000a4800000, 0x00000000a4800000, 0x00000000a4900000|  0%| F|  |TAMS 0x00000000a4800000, 0x00000000a4800000| Untracked 
| 585|0x00000000a4900000, 0x00000000a4900000, 0x00000000a4a00000|  0%| F|  |TAMS 0x00000000a4900000, 0x00000000a4900000| Untracked 
| 586|0x00000000a4a00000, 0x00000000a4a00000, 0x00000000a4b00000|  0%| F|  |TAMS 0x00000000a4a00000, 0x00000000a4a00000| Untracked 
| 587|0x00000000a4b00000, 0x00000000a4b00000, 0x00000000a4c00000|  0%| F|  |TAMS 0x00000000a4b00000, 0x00000000a4b00000| Untracked 
| 588|0x00000000a4c00000, 0x00000000a4c00000, 0x00000000a4d00000|  0%| F|  |TAMS 0x00000000a4c00000, 0x00000000a4c00000| Untracked 
| 589|0x00000000a4d00000, 0x00000000a4d00000, 0x00000000a4e00000|  0%| F|  |TAMS 0x00000000a4d00000, 0x00000000a4d00000| Untracked 
| 590|0x00000000a4e00000, 0x00000000a4e00000, 0x00000000a4f00000|  0%| F|  |TAMS 0x00000000a4e00000, 0x00000000a4e00000| Untracked 
| 591|0x00000000a4f00000, 0x00000000a4f00000, 0x00000000a5000000|  0%| F|  |TAMS 0x00000000a4f00000, 0x00000000a4f00000| Untracked 
| 592|0x00000000a5000000, 0x00000000a5000000, 0x00000000a5100000|  0%| F|  |TAMS 0x00000000a5000000, 0x00000000a5000000| Untracked 
| 593|0x00000000a5100000, 0x00000000a5100000, 0x00000000a5200000|  0%| F|  |TAMS 0x00000000a5100000, 0x00000000a5100000| Untracked 
| 594|0x00000000a5200000, 0x00000000a5200000, 0x00000000a5300000|  0%| F|  |TAMS 0x00000000a5200000, 0x00000000a5200000| Untracked 
| 595|0x00000000a5300000, 0x00000000a5300000, 0x00000000a5400000|  0%| F|  |TAMS 0x00000000a5300000, 0x00000000a5300000| Untracked 
| 596|0x00000000a5400000, 0x00000000a5400000, 0x00000000a5500000|  0%| F|  |TAMS 0x00000000a5400000, 0x00000000a5400000| Untracked 
| 597|0x00000000a5500000, 0x00000000a5500000, 0x00000000a5600000|  0%| F|  |TAMS 0x00000000a5500000, 0x00000000a5500000| Untracked 
| 598|0x00000000a5600000, 0x00000000a5600000, 0x00000000a5700000|  0%| F|  |TAMS 0x00000000a5600000, 0x00000000a5600000| Untracked 
| 599|0x00000000a5700000, 0x00000000a5700000, 0x00000000a5800000|  0%| F|  |TAMS 0x00000000a5700000, 0x00000000a5700000| Untracked 
| 600|0x00000000a5800000, 0x00000000a5800000, 0x00000000a5900000|  0%| F|  |TAMS 0x00000000a5800000, 0x00000000a5800000| Untracked 
| 601|0x00000000a5900000, 0x00000000a5900000, 0x00000000a5a00000|  0%| F|  |TAMS 0x00000000a5900000, 0x00000000a5900000| Untracked 
| 602|0x00000000a5a00000, 0x00000000a5a00000, 0x00000000a5b00000|  0%| F|  |TAMS 0x00000000a5a00000, 0x00000000a5a00000| Untracked 
| 603|0x00000000a5b00000, 0x00000000a5b00000, 0x00000000a5c00000|  0%| F|  |TAMS 0x00000000a5b00000, 0x00000000a5b00000| Untracked 
| 604|0x00000000a5c00000, 0x00000000a5c00000, 0x00000000a5d00000|  0%| F|  |TAMS 0x00000000a5c00000, 0x00000000a5c00000| Untracked 
| 605|0x00000000a5d00000, 0x00000000a5d00000, 0x00000000a5e00000|  0%| F|  |TAMS 0x00000000a5d00000, 0x00000000a5d00000| Untracked 
| 606|0x00000000a5e00000, 0x00000000a5e00000, 0x00000000a5f00000|  0%| F|  |TAMS 0x00000000a5e00000, 0x00000000a5e00000| Untracked 
| 607|0x00000000a5f00000, 0x00000000a5f00000, 0x00000000a6000000|  0%| F|  |TAMS 0x00000000a5f00000, 0x00000000a5f00000| Untracked 
| 608|0x00000000a6000000, 0x00000000a6000000, 0x00000000a6100000|  0%| F|  |TAMS 0x00000000a6000000, 0x00000000a6000000| Untracked 
| 609|0x00000000a6100000, 0x00000000a6100000, 0x00000000a6200000|  0%| F|  |TAMS 0x00000000a6100000, 0x00000000a6100000| Untracked 
| 610|0x00000000a6200000, 0x00000000a6200000, 0x00000000a6300000|  0%| F|  |TAMS 0x00000000a6200000, 0x00000000a6200000| Untracked 
| 611|0x00000000a6300000, 0x00000000a6300000, 0x00000000a6400000|  0%| F|  |TAMS 0x00000000a6300000, 0x00000000a6300000| Untracked 
| 612|0x00000000a6400000, 0x00000000a6400000, 0x00000000a6500000|  0%| F|  |TAMS 0x00000000a6400000, 0x00000000a6400000| Untracked 
| 613|0x00000000a6500000, 0x00000000a6500000, 0x00000000a6600000|  0%| F|  |TAMS 0x00000000a6500000, 0x00000000a6500000| Untracked 
| 614|0x00000000a6600000, 0x00000000a6600000, 0x00000000a6700000|  0%| F|  |TAMS 0x00000000a6600000, 0x00000000a6600000| Untracked 
| 615|0x00000000a6700000, 0x00000000a6700000, 0x00000000a6800000|  0%| F|  |TAMS 0x00000000a6700000, 0x00000000a6700000| Untracked 
| 616|0x00000000a6800000, 0x00000000a6800000, 0x00000000a6900000|  0%| F|  |TAMS 0x00000000a6800000, 0x00000000a6800000| Untracked 
| 617|0x00000000a6900000, 0x00000000a6900000, 0x00000000a6a00000|  0%| F|  |TAMS 0x00000000a6900000, 0x00000000a6900000| Untracked 
| 618|0x00000000a6a00000, 0x00000000a6a00000, 0x00000000a6b00000|  0%| F|  |TAMS 0x00000000a6a00000, 0x00000000a6a00000| Untracked 
| 619|0x00000000a6b00000, 0x00000000a6b00000, 0x00000000a6c00000|  0%| F|  |TAMS 0x00000000a6b00000, 0x00000000a6b00000| Untracked 
| 620|0x00000000a6c00000, 0x00000000a6c00000, 0x00000000a6d00000|  0%| F|  |TAMS 0x00000000a6c00000, 0x00000000a6c00000| Untracked 
| 621|0x00000000a6d00000, 0x00000000a6d00000, 0x00000000a6e00000|  0%| F|  |TAMS 0x00000000a6d00000, 0x00000000a6d00000| Untracked 
| 622|0x00000000a6e00000, 0x00000000a6e00000, 0x00000000a6f00000|  0%| F|  |TAMS 0x00000000a6e00000, 0x00000000a6e00000| Untracked 
| 623|0x00000000a6f00000, 0x00000000a6f00000, 0x00000000a7000000|  0%| F|  |TAMS 0x00000000a6f00000, 0x00000000a6f00000| Untracked 
| 624|0x00000000a7000000, 0x00000000a7000000, 0x00000000a7100000|  0%| F|  |TAMS 0x00000000a7000000, 0x00000000a7000000| Untracked 
| 625|0x00000000a7100000, 0x00000000a7100000, 0x00000000a7200000|  0%| F|  |TAMS 0x00000000a7100000, 0x00000000a7100000| Untracked 
| 626|0x00000000a7200000, 0x00000000a7200000, 0x00000000a7300000|  0%| F|  |TAMS 0x00000000a7200000, 0x00000000a7200000| Untracked 
| 627|0x00000000a7300000, 0x00000000a7300000, 0x00000000a7400000|  0%| F|  |TAMS 0x00000000a7300000, 0x00000000a7300000| Untracked 
| 628|0x00000000a7400000, 0x00000000a7400000, 0x00000000a7500000|  0%| F|  |TAMS 0x00000000a7400000, 0x00000000a7400000| Untracked 
| 629|0x00000000a7500000, 0x00000000a7500000, 0x00000000a7600000|  0%| F|  |TAMS 0x00000000a7500000, 0x00000000a7500000| Untracked 
| 630|0x00000000a7600000, 0x00000000a7600000, 0x00000000a7700000|  0%| F|  |TAMS 0x00000000a7600000, 0x00000000a7600000| Untracked 
| 631|0x00000000a7700000, 0x00000000a7700000, 0x00000000a7800000|  0%| F|  |TAMS 0x00000000a7700000, 0x00000000a7700000| Untracked 
| 632|0x00000000a7800000, 0x00000000a7800000, 0x00000000a7900000|  0%| F|  |TAMS 0x00000000a7800000, 0x00000000a7800000| Untracked 
| 633|0x00000000a7900000, 0x00000000a7900000, 0x00000000a7a00000|  0%| F|  |TAMS 0x00000000a7900000, 0x00000000a7900000| Untracked 
| 634|0x00000000a7a00000, 0x00000000a7a00000, 0x00000000a7b00000|  0%| F|  |TAMS 0x00000000a7a00000, 0x00000000a7a00000| Untracked 
| 635|0x00000000a7b00000, 0x00000000a7b00000, 0x00000000a7c00000|  0%| F|  |TAMS 0x00000000a7b00000, 0x00000000a7b00000| Untracked 
| 636|0x00000000a7c00000, 0x00000000a7c00000, 0x00000000a7d00000|  0%| F|  |TAMS 0x00000000a7c00000, 0x00000000a7c00000| Untracked 
| 637|0x00000000a7d00000, 0x00000000a7d00000, 0x00000000a7e00000|  0%| F|  |TAMS 0x00000000a7d00000, 0x00000000a7d00000| Untracked 
| 638|0x00000000a7e00000, 0x00000000a7e00000, 0x00000000a7f00000|  0%| F|  |TAMS 0x00000000a7e00000, 0x00000000a7e00000| Untracked 
| 639|0x00000000a7f00000, 0x00000000a7f00000, 0x00000000a8000000|  0%| F|  |TAMS 0x00000000a7f00000, 0x00000000a7f00000| Untracked 
| 640|0x00000000a8000000, 0x00000000a8000000, 0x00000000a8100000|  0%| F|  |TAMS 0x00000000a8000000, 0x00000000a8000000| Untracked 
| 641|0x00000000a8100000, 0x00000000a8100000, 0x00000000a8200000|  0%| F|  |TAMS 0x00000000a8100000, 0x00000000a8100000| Untracked 
| 642|0x00000000a8200000, 0x00000000a8200000, 0x00000000a8300000|  0%| F|  |TAMS 0x00000000a8200000, 0x00000000a8200000| Untracked 
| 643|0x00000000a8300000, 0x00000000a8300000, 0x00000000a8400000|  0%| F|  |TAMS 0x00000000a8300000, 0x00000000a8300000| Untracked 
| 644|0x00000000a8400000, 0x00000000a8400000, 0x00000000a8500000|  0%| F|  |TAMS 0x00000000a8400000, 0x00000000a8400000| Untracked 
| 645|0x00000000a8500000, 0x00000000a8500000, 0x00000000a8600000|  0%| F|  |TAMS 0x00000000a8500000, 0x00000000a8500000| Untracked 
| 646|0x00000000a8600000, 0x00000000a8600000, 0x00000000a8700000|  0%| F|  |TAMS 0x00000000a8600000, 0x00000000a8600000| Untracked 
| 647|0x00000000a8700000, 0x00000000a8700000, 0x00000000a8800000|  0%| F|  |TAMS 0x00000000a8700000, 0x00000000a8700000| Untracked 
| 648|0x00000000a8800000, 0x00000000a8800000, 0x00000000a8900000|  0%| F|  |TAMS 0x00000000a8800000, 0x00000000a8800000| Untracked 
| 649|0x00000000a8900000, 0x00000000a8900000, 0x00000000a8a00000|  0%| F|  |TAMS 0x00000000a8900000, 0x00000000a8900000| Untracked 
| 650|0x00000000a8a00000, 0x00000000a8a00000, 0x00000000a8b00000|  0%| F|  |TAMS 0x00000000a8a00000, 0x00000000a8a00000| Untracked 
| 651|0x00000000a8b00000, 0x00000000a8b00000, 0x00000000a8c00000|  0%| F|  |TAMS 0x00000000a8b00000, 0x00000000a8b00000| Untracked 
| 652|0x00000000a8c00000, 0x00000000a8c00000, 0x00000000a8d00000|  0%| F|  |TAMS 0x00000000a8c00000, 0x00000000a8c00000| Untracked 
| 653|0x00000000a8d00000, 0x00000000a8d00000, 0x00000000a8e00000|  0%| F|  |TAMS 0x00000000a8d00000, 0x00000000a8d00000| Untracked 
| 654|0x00000000a8e00000, 0x00000000a8e00000, 0x00000000a8f00000|  0%| F|  |TAMS 0x00000000a8e00000, 0x00000000a8e00000| Untracked 
| 655|0x00000000a8f00000, 0x00000000a8f00000, 0x00000000a9000000|  0%| F|  |TAMS 0x00000000a8f00000, 0x00000000a8f00000| Untracked 
| 656|0x00000000a9000000, 0x00000000a9000000, 0x00000000a9100000|  0%| F|  |TAMS 0x00000000a9000000, 0x00000000a9000000| Untracked 
| 657|0x00000000a9100000, 0x00000000a9100000, 0x00000000a9200000|  0%| F|  |TAMS 0x00000000a9100000, 0x00000000a9100000| Untracked 
| 658|0x00000000a9200000, 0x00000000a9200000, 0x00000000a9300000|  0%| F|  |TAMS 0x00000000a9200000, 0x00000000a9200000| Untracked 
| 659|0x00000000a9300000, 0x00000000a9300000, 0x00000000a9400000|  0%| F|  |TAMS 0x00000000a9300000, 0x00000000a9300000| Untracked 
| 660|0x00000000a9400000, 0x00000000a9400000, 0x00000000a9500000|  0%| F|  |TAMS 0x00000000a9400000, 0x00000000a9400000| Untracked 
| 661|0x00000000a9500000, 0x00000000a9500000, 0x00000000a9600000|  0%| F|  |TAMS 0x00000000a9500000, 0x00000000a9500000| Untracked 
| 662|0x00000000a9600000, 0x00000000a9600000, 0x00000000a9700000|  0%| F|  |TAMS 0x00000000a9600000, 0x00000000a9600000| Untracked 
| 663|0x00000000a9700000, 0x00000000a9700000, 0x00000000a9800000|  0%| F|  |TAMS 0x00000000a9700000, 0x00000000a9700000| Untracked 
| 664|0x00000000a9800000, 0x00000000a9800000, 0x00000000a9900000|  0%| F|  |TAMS 0x00000000a9800000, 0x00000000a9800000| Untracked 
| 665|0x00000000a9900000, 0x00000000a9900000, 0x00000000a9a00000|  0%| F|  |TAMS 0x00000000a9900000, 0x00000000a9900000| Untracked 
| 666|0x00000000a9a00000, 0x00000000a9a00000, 0x00000000a9b00000|  0%| F|  |TAMS 0x00000000a9a00000, 0x00000000a9a00000| Untracked 
| 667|0x00000000a9b00000, 0x00000000a9b00000, 0x00000000a9c00000|  0%| F|  |TAMS 0x00000000a9b00000, 0x00000000a9b00000| Untracked 
| 668|0x00000000a9c00000, 0x00000000a9c00000, 0x00000000a9d00000|  0%| F|  |TAMS 0x00000000a9c00000, 0x00000000a9c00000| Untracked 
| 669|0x00000000a9d00000, 0x00000000a9d00000, 0x00000000a9e00000|  0%| F|  |TAMS 0x00000000a9d00000, 0x00000000a9d00000| Untracked 
| 670|0x00000000a9e00000, 0x00000000a9e00000, 0x00000000a9f00000|  0%| F|  |TAMS 0x00000000a9e00000, 0x00000000a9e00000| Untracked 
| 671|0x00000000a9f00000, 0x00000000a9f00000, 0x00000000aa000000|  0%| F|  |TAMS 0x00000000a9f00000, 0x00000000a9f00000| Untracked 
| 672|0x00000000aa000000, 0x00000000aa000000, 0x00000000aa100000|  0%| F|  |TAMS 0x00000000aa000000, 0x00000000aa000000| Untracked 
| 673|0x00000000aa100000, 0x00000000aa100000, 0x00000000aa200000|  0%| F|  |TAMS 0x00000000aa100000, 0x00000000aa100000| Untracked 
|2043|0x00000000ffb00000, 0x00000000ffb00000, 0x00000000ffc00000|  0%| F|  |TAMS 0x00000000ffb00000, 0x00000000ffb00000| Untracked 
|2044|0x00000000ffc00000, 0x00000000ffc00000, 0x00000000ffd00000|  0%| F|  |TAMS 0x00000000ffc00000, 0x00000000ffc00000| Untracked 
|2045|0x00000000ffd00000, 0x00000000ffd00000, 0x00000000ffe00000|  0%| F|  |TAMS 0x00000000ffd00000, 0x00000000ffd00000| Untracked 
|2046|0x00000000ffe00000, 0x00000000ffe00000, 0x00000000fff00000|  0%| F|  |TAMS 0x00000000ffe00000, 0x00000000ffe00000| Untracked 
|2047|0x00000000fff00000, 0x00000000fff00000, 0x0000000100000000|  0%| F|  |TAMS 0x00000000fff00000, 0x00000000fff00000| Untracked 

Card table byte_map: [0x000001d75e6d0000,0x000001d75ead0000] _byte_map_base: 0x000001d75e2d0000

Marking Bits (Prev, Next): (CMBitMap*) 0x000001d74b5f7cc0, (CMBitMap*) 0x000001d74b5f7d00
 Prev Bits: [0x000001d75eed0000, 0x000001d760ed0000)
 Next Bits: [0x000001d760ed0000, 0x000001d762ed0000)

Polling page: 0x000001d749550000

Metaspace:

Usage:
  Non-class:    130.41 MB used.
      Class:     20.36 MB used.
       Both:    150.76 MB used.

Virtual space:
  Non-class space:      136.00 MB reserved,     131.06 MB ( 96%) committed,  17 nodes.
      Class space:        1.00 GB reserved,      21.06 MB (  2%) committed,  1 nodes.
             Both:        1.13 GB reserved,     152.12 MB ( 13%) committed. 

Chunk freelists:
   Non-Class:  577.00 KB
       Class:  3.00 MB
        Both:  3.56 MB

MaxMetaspaceSize: unlimited
CompressedClassSpaceSize: 1.00 GB
Initial GC threshold: 21.00 MB
Current GC threshold: 252.94 MB
CDS: off
MetaspaceReclaimPolicy: balanced
 - commit_granule_bytes: 65536.
 - commit_granule_words: 8192.
 - virtual_space_node_default_size: 1048576.
 - enlarge_chunks_in_place: 1.
 - new_chunks_are_fully_committed: 0.
 - uncommit_free_chunks: 1.
 - use_allocation_guard: 0.
 - handle_deallocations: 1.


Internal statistics:

num_allocs_failed_limit: 49.
num_arena_births: 2748.
num_arena_deaths: 184.
num_vsnodes_births: 18.
num_vsnodes_deaths: 0.
num_space_committed: 2431.
num_space_uncommitted: 0.
num_chunks_returned_to_freelist: 317.
num_chunks_taken_from_freelist: 9279.
num_chunk_merges: 154.
num_chunk_splits: 5833.
num_chunks_enlarged: 3475.
num_purges: 6.
num_inconsistent_stats: 0.

CodeHeap 'non-profiled nmethods': size=119168Kb used=17604Kb max_used=17604Kb free=101563Kb
 bounds [0x000001d7565f0000, 0x000001d757780000, 0x000001d75da50000]
CodeHeap 'profiled nmethods': size=119104Kb used=51994Kb max_used=52725Kb free=67109Kb
 bounds [0x000001d74ea50000, 0x000001d751df0000, 0x000001d755ea0000]
CodeHeap 'non-nmethods': size=7488Kb used=3616Kb max_used=4235Kb free=3871Kb
 bounds [0x000001d755ea0000, 0x000001d7562e0000, 0x000001d7565f0000]
 total_blobs=26731 nmethods=25691 adapters=948
 compilation: enabled
              stopped_count=0, restarted_count=0
 full_count=0

Compilation events (20 events):
Event: 1197.437 Thread 0x000001d76be5d7a0 32926       1       com.android.tools.r8.dex.code.q3::v (3 bytes)
Event: 1197.437 Thread 0x000001d76be5d7a0 nmethod 32926 0x000001d756d26410 code [0x000001d756d265a0, 0x000001d756d26678]
Event: 1197.438 Thread 0x000001d7668ab580 32932       2       com.android.tools.r8.dex.code.P3::<init> (13 bytes)
Event: 1197.438 Thread 0x000001d7668ab580 nmethod 32932 0x000001d751a38410 code [0x000001d751a385a0, 0x000001d751a386c8]
Event: 1197.439 Thread 0x000001d76be5d7a0 32936       2       com.android.tools.r8.dex.code.s1::<init> (13 bytes)
Event: 1197.439 Thread 0x000001d76a99c4e0 32937       2       com.android.tools.r8.dex.code.c1::<init> (6 bytes)
Event: 1197.439 Thread 0x000001d7668ab580 32938       2       com.android.tools.r8.dex.code.J0::<init> (14 bytes)
Event: 1197.439 Thread 0x000001d76be5d7a0 nmethod 32936 0x000001d751a37d90 code [0x000001d751a37f20, 0x000001d751a38048]
Event: 1197.440 Thread 0x000001d7668ab580 nmethod 32938 0x000001d74fc94410 code [0x000001d74fc945c0, 0x000001d74fc94788]
Event: 1197.440 Thread 0x000001d76a99c4e0 nmethod 32937 0x000001d74fc93f10 code [0x000001d74fc940c0, 0x000001d74fc94288]
Event: 1197.441 Thread 0x000001d76a99c4e0 32941       2       com.android.tools.r8.utils.Q1::a (101 bytes)
Event: 1197.441 Thread 0x000001d76a99c4e0 nmethod 32941 0x000001d74fc93910 code [0x000001d74fc93ac0, 0x000001d74fc93d18]
Event: 1197.441 Thread 0x000001d7668ab580 32942       2       com.android.tools.r8.dex.code.b3::a (57 bytes)
Event: 1197.442 Thread 0x000001d76a99c4e0 32943       2       com.android.tools.r8.dex.code.e4::<init> (7 bytes)
Event: 1197.442 Thread 0x000001d76a99c4e0 nmethod 32943 0x000001d74fc93510 code [0x000001d74fc936a0, 0x000001d74fc937f8]
Event: 1197.442 Thread 0x000001d7668ab580 nmethod 32942 0x000001d750189690 code [0x000001d750189860, 0x000001d750189ad8]
Event: 1197.442 Thread 0x000001d76a99c4e0 32944       1       com.android.tools.r8.dex.code.v::v (4 bytes)
Event: 1197.442 Thread 0x000001d76a99c4e0 nmethod 32944 0x000001d756d26110 code [0x000001d756d262a0, 0x000001d756d26378]
Event: 1197.444 Thread 0x000001d7668ab580 32946       2       com.android.tools.r8.internal.uo::get (37 bytes)
Event: 1197.444 Thread 0x000001d7668ab580 nmethod 32946 0x000001d750189110 code [0x000001d7501892c0, 0x000001d7501894f8]

GC Heap History (20 events):
Event: 1179.278 GC heap after
{Heap after GC invocations=79 (full 0):
 garbage-first heap   total 587776K, used 230760K [0x0000000080000000, 0x0000000100000000)
  region size 1024K, 9 young (9216K), 9 survivors (9216K)
 Metaspace       used 145957K, committed 147200K, reserved 1179648K
  class space    used 19994K, committed 20544K, reserved 1048576K
}
Event: 1183.330 GC heap before
{Heap before GC invocations=80 (full 0):
 garbage-first heap   total 587776K, used 483688K [0x0000000080000000, 0x0000000100000000)
  region size 1024K, 243 young (248832K), 9 survivors (9216K)
 Metaspace       used 152235K, committed 153536K, reserved 1187840K
  class space    used 20567K, committed 21184K, reserved 1048576K
}
Event: 1183.343 GC heap after
{Heap after GC invocations=81 (full 0):
 garbage-first heap   total 587776K, used 233035K [0x0000000080000000, 0x0000000100000000)
  region size 1024K, 14 young (14336K), 14 survivors (14336K)
 Metaspace       used 152235K, committed 153536K, reserved 1187840K
  class space    used 20567K, committed 21184K, reserved 1048576K
}
Event: 1183.398 GC heap before
{Heap before GC invocations=81 (full 0):
 garbage-first heap   total 587776K, used 246347K [0x0000000080000000, 0x0000000100000000)
  region size 1024K, 28 young (28672K), 14 survivors (14336K)
 Metaspace       used 152241K, committed 153536K, reserved 1187840K
  class space    used 20567K, committed 21184K, reserved 1048576K
}
Event: 1183.414 GC heap after
{Heap after GC invocations=82 (full 0):
 garbage-first heap   total 587776K, used 220190K [0x0000000080000000, 0x0000000100000000)
  region size 1024K, 4 young (4096K), 4 survivors (4096K)
 Metaspace       used 152241K, committed 153536K, reserved 1187840K
  class space    used 20567K, committed 21184K, reserved 1048576K
}
Event: 1191.769 GC heap before
{Heap before GC invocations=82 (full 0):
 garbage-first heap   total 587776K, used 366622K [0x0000000080000000, 0x0000000100000000)
  region size 1024K, 149 young (152576K), 4 survivors (4096K)
 Metaspace       used 153340K, committed 154752K, reserved 1187840K
  class space    used 20717K, committed 21376K, reserved 1048576K
}
Event: 1191.773 GC heap after
{Heap after GC invocations=83 (full 0):
 garbage-first heap   total 587776K, used 221373K [0x0000000080000000, 0x0000000100000000)
  region size 1024K, 6 young (6144K), 6 survivors (6144K)
 Metaspace       used 153340K, committed 154752K, reserved 1187840K
  class space    used 20717K, committed 21376K, reserved 1048576K
}
Event: 1192.150 GC heap before
{Heap before GC invocations=84 (full 0):
 garbage-first heap   total 587776K, used 481469K [0x0000000080000000, 0x0000000100000000)
  region size 1024K, 261 young (267264K), 6 survivors (6144K)
 Metaspace       used 153626K, committed 155072K, reserved 1187840K
  class space    used 20755K, committed 21440K, reserved 1048576K
}
Event: 1192.169 GC heap after
{Heap after GC invocations=85 (full 0):
 garbage-first heap   total 587776K, used 245021K [0x0000000080000000, 0x0000000100000000)
  region size 1024K, 33 young (33792K), 33 survivors (33792K)
 Metaspace       used 153626K, committed 155072K, reserved 1187840K
  class space    used 20755K, committed 21440K, reserved 1048576K
}
Event: 1192.171 GC heap before
{Heap before GC invocations=85 (full 0):
 garbage-first heap   total 587776K, used 246045K [0x0000000080000000, 0x0000000100000000)
  region size 1024K, 34 young (34816K), 33 survivors (33792K)
 Metaspace       used 153627K, committed 155072K, reserved 1187840K
  class space    used 20755K, committed 21440K, reserved 1048576K
}
Event: 1192.218 GC heap after
{Heap after GC invocations=86 (full 0):
 garbage-first heap   total 587776K, used 230221K [0x0000000080000000, 0x0000000100000000)
  region size 1024K, 4 young (4096K), 4 survivors (4096K)
 Metaspace       used 153627K, committed 155072K, reserved 1187840K
  class space    used 20755K, committed 21440K, reserved 1048576K
}
Event: 1192.446 GC heap before
{Heap before GC invocations=86 (full 0):
 garbage-first heap   total 587776K, used 471885K [0x0000000080000000, 0x0000000100000000)
  region size 1024K, 241 young (246784K), 4 survivors (4096K)
 Metaspace       used 153892K, committed 155328K, reserved 1187840K
  class space    used 20796K, committed 21504K, reserved 1048576K
}
Event: 1192.453 GC heap after
{Heap after GC invocations=87 (full 0):
 garbage-first heap   total 587776K, used 236365K [0x0000000080000000, 0x0000000100000000)
  region size 1024K, 10 young (10240K), 10 survivors (10240K)
 Metaspace       used 153892K, committed 155328K, reserved 1187840K
  class space    used 20796K, committed 21504K, reserved 1048576K
}
Event: 1192.727 GC heap before
{Heap before GC invocations=87 (full 0):
 garbage-first heap   total 695296K, used 478029K [0x0000000080000000, 0x0000000100000000)
  region size 1024K, 247 young (252928K), 10 survivors (10240K)
 Metaspace       used 153943K, committed 155392K, reserved 1187840K
  class space    used 20801K, committed 21504K, reserved 1048576K
}
Event: 1192.736 GC heap after
{Heap after GC invocations=88 (full 0):
 garbage-first heap   total 695296K, used 239835K [0x0000000080000000, 0x0000000100000000)
  region size 1024K, 14 young (14336K), 14 survivors (14336K)
 Metaspace       used 153943K, committed 155392K, reserved 1187840K
  class space    used 20801K, committed 21504K, reserved 1048576K
}
Event: 1193.030 GC heap before
{Heap before GC invocations=89 (full 0):
 garbage-first heap   total 695296K, used 546011K [0x0000000080000000, 0x0000000100000000)
  region size 1024K, 314 young (321536K), 14 survivors (14336K)
 Metaspace       used 154151K, committed 155584K, reserved 1187840K
  class space    used 20820K, committed 21504K, reserved 1048576K
}
Event: 1193.038 GC heap after
{Heap after GC invocations=90 (full 0):
 garbage-first heap   total 695296K, used 241485K [0x0000000080000000, 0x0000000100000000)
  region size 1024K, 15 young (15360K), 15 survivors (15360K)
 Metaspace       used 154151K, committed 155584K, reserved 1187840K
  class space    used 20820K, committed 21504K, reserved 1048576K
}
Event: 1193.059 GC heap before
{Heap before GC invocations=90 (full 0):
 garbage-first heap   total 695296K, used 258893K [0x0000000080000000, 0x0000000100000000)
  region size 1024K, 33 young (33792K), 15 survivors (15360K)
 Metaspace       used 154156K, committed 155584K, reserved 1187840K
  class space    used 20821K, committed 21504K, reserved 1048576K
}
Event: 1193.111 GC heap after
{Heap after GC invocations=91 (full 0):
 garbage-first heap   total 695296K, used 237749K [0x0000000080000000, 0x0000000100000000)
  region size 1024K, 4 young (4096K), 4 survivors (4096K)
 Metaspace       used 154156K, committed 155584K, reserved 1187840K
  class space    used 20821K, committed 21504K, reserved 1048576K
}
Event: 1197.445 GC heap before
{Heap before GC invocations=91 (full 0):
 garbage-first heap   total 695296K, used 577717K [0x0000000080000000, 0x0000000100000000)
  region size 1024K, 337 young (345088K), 4 survivors (4096K)
 Metaspace       used 154382K, committed 155776K, reserved 1187840K
  class space    used 20848K, committed 21568K, reserved 1048576K
}

Dll operation events (2 events):
Event: 0.004 Loaded shared library D:\Android\Android Studio\jbr\bin\java.dll
Event: 0.257 Loaded shared library D:\Android\Android Studio\jbr\bin\verify.dll

Deoptimization events (20 events):
Event: 1197.442 Thread 0x000001d76da27730 DEOPT PACKING pc=0x000001d74fe8e186 sp=0x0000007540ffc350
Event: 1197.442 Thread 0x000001d76da27730 DEOPT UNPACKING pc=0x000001d755ef7143 sp=0x0000007540ffb7c8 mode 0
Event: 1197.442 Thread 0x000001d76da27730 DEOPT PACKING pc=0x000001d74fe8e186 sp=0x0000007540ffc350
Event: 1197.442 Thread 0x000001d76da27730 DEOPT UNPACKING pc=0x000001d755ef7143 sp=0x0000007540ffb7c8 mode 0
Event: 1197.443 Thread 0x000001d774a4db90 DEOPT PACKING pc=0x000001d750d84e19 sp=0x00000075430fce40
Event: 1197.443 Thread 0x000001d774a4db90 DEOPT UNPACKING pc=0x000001d755ef7143 sp=0x00000075430fc3a8 mode 0
Event: 1197.443 Thread 0x000001d774a4db90 DEOPT PACKING pc=0x000001d74fe8e186 sp=0x00000075430fcf70
Event: 1197.443 Thread 0x000001d774a4db90 DEOPT UNPACKING pc=0x000001d755ef7143 sp=0x00000075430fc3e8 mode 0
Event: 1197.443 Thread 0x000001d774a4ea00 DEOPT PACKING pc=0x000001d74fe8e186 sp=0x0000007542afd600
Event: 1197.443 Thread 0x000001d774a4ea00 DEOPT UNPACKING pc=0x000001d755ef7143 sp=0x0000007542afca78 mode 0
Event: 1197.443 Thread 0x000001d774a4ea00 DEOPT PACKING pc=0x000001d74fe8e186 sp=0x0000007542afd600
Event: 1197.443 Thread 0x000001d774a4ea00 DEOPT UNPACKING pc=0x000001d755ef7143 sp=0x0000007542afca78 mode 0
Event: 1197.444 Thread 0x000001d774a4ea00 DEOPT PACKING pc=0x000001d74fe8e186 sp=0x0000007542afd600
Event: 1197.444 Thread 0x000001d774a4ea00 DEOPT UNPACKING pc=0x000001d755ef7143 sp=0x0000007542afca78 mode 0
Event: 1197.444 Thread 0x000001d774a4d6c0 DEOPT PACKING pc=0x000001d750d84e19 sp=0x0000007542efd360
Event: 1197.444 Thread 0x000001d774a4d6c0 DEOPT UNPACKING pc=0x000001d755ef7143 sp=0x0000007542efc8c8 mode 0
Event: 1197.444 Thread 0x000001d76a8b16d0 DEOPT PACKING pc=0x000001d750d84e19 sp=0x00000075403fcdd0
Event: 1197.444 Thread 0x000001d76a8b16d0 DEOPT UNPACKING pc=0x000001d755ef7143 sp=0x00000075403fc338 mode 0
Event: 1197.445 Thread 0x000001d76a5a3d50 DEOPT PACKING pc=0x000001d74fe8e186 sp=0x0000007540dfcd20
Event: 1197.445 Thread 0x000001d76a5a3d50 DEOPT UNPACKING pc=0x000001d755ef7143 sp=0x0000007540dfc198 mode 0

Classes unloaded (20 events):
Event: 15.824 Thread 0x000001d766849a50 Unloading class 0x0000000100fb8000 'java/lang/invoke/LambdaForm$DMH+0x0000000100fb8000'
Event: 15.824 Thread 0x000001d766849a50 Unloading class 0x0000000100fb8800 'java/lang/invoke/LambdaForm$DMH+0x0000000100fb8800'
Event: 15.824 Thread 0x000001d766849a50 Unloading class 0x0000000100fb9000 'java/lang/invoke/LambdaForm$DMH+0x0000000100fb9000'
Event: 409.926 Thread 0x000001d766849a50 Unloading class 0x00000001012b4400 'java/lang/invoke/LambdaForm$DMH+0x00000001012b4400'
Event: 409.926 Thread 0x000001d766849a50 Unloading class 0x0000000101255400 'java/lang/invoke/LambdaForm$DMH+0x0000000101255400'
Event: 409.926 Thread 0x000001d766849a50 Unloading class 0x0000000101255000 'java/lang/invoke/LambdaForm$DMH+0x0000000101255000'
Event: 409.926 Thread 0x000001d766849a50 Unloading class 0x0000000101254400 'java/lang/invoke/LambdaForm$DMH+0x0000000101254400'
Event: 409.926 Thread 0x000001d766849a50 Unloading class 0x0000000101254800 'java/lang/invoke/LambdaForm$DMH+0x0000000101254800'
Event: 409.926 Thread 0x000001d766849a50 Unloading class 0x0000000101254c00 'java/lang/invoke/LambdaForm$DMH+0x0000000101254c00'
Event: 409.926 Thread 0x000001d766849a50 Unloading class 0x00000001011fcc00 'java/lang/invoke/LambdaForm$DMH+0x00000001011fcc00'
Event: 409.926 Thread 0x000001d766849a50 Unloading class 0x00000001011fc400 'java/lang/invoke/LambdaForm$DMH+0x00000001011fc400'
Event: 409.926 Thread 0x000001d766849a50 Unloading class 0x00000001011fc800 'java/lang/invoke/LambdaForm$DMH+0x00000001011fc800'
Event: 409.926 Thread 0x000001d766849a50 Unloading class 0x00000001011f6800 'java/lang/invoke/LambdaForm$DMH+0x00000001011f6800'
Event: 409.926 Thread 0x000001d766849a50 Unloading class 0x00000001011f6400 'java/lang/invoke/LambdaForm$MH+0x00000001011f6400'
Event: 409.926 Thread 0x000001d766849a50 Unloading class 0x00000001011f6000 'java/lang/invoke/LambdaForm$MH+0x00000001011f6000'
Event: 409.926 Thread 0x000001d766849a50 Unloading class 0x00000001011f5800 'java/lang/invoke/LambdaForm$DMH+0x00000001011f5800'
Event: 409.926 Thread 0x000001d766849a50 Unloading class 0x00000001011f5400 'java/lang/invoke/LambdaForm$DMH+0x00000001011f5400'
Event: 409.926 Thread 0x000001d766849a50 Unloading class 0x00000001011f4800 'java/lang/invoke/LambdaForm$DMH+0x00000001011f4800'
Event: 409.926 Thread 0x000001d766849a50 Unloading class 0x00000001011f4400 'java/lang/invoke/LambdaForm$DMH+0x00000001011f4400'
Event: 409.926 Thread 0x000001d766849a50 Unloading class 0x00000001011f4000 'java/lang/invoke/LambdaForm$DMH+0x00000001011f4000'

Classes redefined (0 events):
No events

Internal exceptions (20 events):
Event: 1197.397 Thread 0x000001d76a8b0d30 Exception <a 'sun/nio/fs/WindowsException'{0x000000009b11f6a0}> (0x000000009b11f6a0) 
thrown [s\src\hotspot\share\prims\jni.cpp, line 517]
Event: 1197.400 Thread 0x000001d774a4e060 Exception <a 'sun/nio/fs/WindowsException'{0x0000000099755d00}> (0x0000000099755d00) 
thrown [s\src\hotspot\share\prims\jni.cpp, line 517]
Event: 1197.401 Thread 0x000001d770d93cf0 Exception <a 'sun/nio/fs/WindowsException'{0x000000009973b6c8}> (0x000000009973b6c8) 
thrown [s\src\hotspot\share\prims\jni.cpp, line 517]
Event: 1197.402 Thread 0x000001d770d93820 Exception <a 'sun/nio/fs/WindowsException'{0x000000009a1191d0}> (0x000000009a1191d0) 
thrown [s\src\hotspot\share\prims\jni.cpp, line 517]
Event: 1197.402 Thread 0x000001d770d93820 Exception <a 'sun/nio/fs/WindowsException'{0x000000009a1193e0}> (0x000000009a1193e0) 
thrown [s\src\hotspot\share\prims\jni.cpp, line 517]
Event: 1197.404 Thread 0x000001d76d85ee00 Exception <a 'sun/nio/fs/WindowsException'{0x00000000993515a8}> (0x00000000993515a8) 
thrown [s\src\hotspot\share\prims\jni.cpp, line 517]
Event: 1197.405 Thread 0x000001d76a5a3d50 Exception <a 'sun/nio/fs/WindowsException'{0x000000009a4fcfe8}> (0x000000009a4fcfe8) 
thrown [s\src\hotspot\share\prims\jni.cpp, line 517]
Event: 1197.406 Thread 0x000001d76a8b0860 Exception <a 'sun/nio/fs/WindowsException'{0x00000000992ae2f8}> (0x00000000992ae2f8) 
thrown [s\src\hotspot\share\prims\jni.cpp, line 517]
Event: 1197.408 Thread 0x000001d76bfb2660 Exception <a 'sun/nio/fs/WindowsException'{0x000000009a06d418}> (0x000000009a06d418) 
thrown [s\src\hotspot\share\prims\jni.cpp, line 517]
Event: 1197.409 Thread 0x000001d76a5a4bc0 Exception <a 'sun/nio/fs/WindowsException'{0x0000000098c06e30}> (0x0000000098c06e30) 
thrown [s\src\hotspot\share\prims\jni.cpp, line 517]
Event: 1197.412 Thread 0x000001d76a8b0d30 Exception <a 'sun/nio/fs/WindowsException'{0x0000000098aebab8}> (0x0000000098aebab8) 
thrown [s\src\hotspot\share\prims\jni.cpp, line 517]
Event: 1197.417 Thread 0x000001d774a4db90 Exception <a 'sun/nio/fs/WindowsException'{0x000000009837ebf0}> (0x000000009837ebf0) 
thrown [s\src\hotspot\share\prims\jni.cpp, line 517]
Event: 1197.419 Thread 0x000001d76da27730 Exception <a 'sun/nio/fs/WindowsException'{0x0000000099add338}> (0x0000000099add338) 
thrown [s\src\hotspot\share\prims\jni.cpp, line 517]
Event: 1197.420 Thread 0x000001d76bfb2660 Exception <a 'sun/nio/fs/WindowsException'{0x00000000982690b8}> (0x00000000982690b8) 
thrown [s\src\hotspot\share\prims\jni.cpp, line 517]
Event: 1197.425 Thread 0x000001d774a4d6c0 Exception <a 'sun/nio/fs/WindowsException'{0x0000000097892408}> (0x0000000097892408) 
thrown [s\src\hotspot\share\prims\jni.cpp, line 517]
Event: 1197.425 Thread 0x000001d774a4d1f0 Exception <a 'sun/nio/fs/WindowsException'{0x00000000985b8f10}> (0x00000000985b8f10) 
thrown [s\src\hotspot\share\prims\jni.cpp, line 517]
Event: 1197.432 Thread 0x000001d76a8b16d0 Exception <a 'sun/nio/fs/WindowsException'{0x0000000099fd3da0}> (0x0000000099fd3da0) 
thrown [s\src\hotspot\share\prims\jni.cpp, line 517]
Event: 1197.437 Thread 0x000001d774a4e060 Exception <a 'sun/nio/fs/WindowsException'{0x00000000963ee530}> (0x00000000963ee530) 
thrown [s\src\hotspot\share\prims\jni.cpp, line 517]
Event: 1197.440 Thread 0x000001d76d85ee00 Exception <a 'sun/nio/fs/WindowsException'{0x0000000095dea080}> (0x0000000095dea080) 
thrown [s\src\hotspot\share\prims\jni.cpp, line 517]
Event: 1197.445 Thread 0x000001d76a5a3d50 Exception <a 'sun/nio/fs/WindowsException'{0x0000000095b7b968}> (0x0000000095b7b968) 
thrown [s\src\hotspot\share\prims\jni.cpp, line 517]

VM Operations (20 events):
Event: 1192.453 Executing VM operation: G1CollectForAllocation done
Event: 1192.477 Executing VM operation: HandshakeAllThreads
Event: 1192.478 Executing VM operation: HandshakeAllThreads done
Event: 1192.539 Executing VM operation: HandshakeAllThreads
Event: 1192.541 Executing VM operation: HandshakeAllThreads done
Event: 1192.653 Executing VM operation: G1Concurrent
Event: 1192.663 Executing VM operation: G1Concurrent done
Event: 1192.727 Executing VM operation: G1CollectForAllocation
Event: 1192.736 Executing VM operation: G1CollectForAllocation done
Event: 1192.763 Executing VM operation: G1Concurrent
Event: 1192.764 Executing VM operation: G1Concurrent done
Event: 1192.818 Executing VM operation: HandshakeAllThreads
Event: 1192.823 Executing VM operation: HandshakeAllThreads done
Event: 1193.030 Executing VM operation: G1CollectForAllocation
Event: 1193.038 Executing VM operation: G1CollectForAllocation done
Event: 1193.059 Executing VM operation: G1CollectForAllocation
Event: 1193.111 Executing VM operation: G1CollectForAllocation done
Event: 1194.112 Executing VM operation: Cleanup
Event: 1194.112 Executing VM operation: Cleanup done
Event: 1197.445 Executing VM operation: G1CollectForAllocation

Events (20 events):
Event: 1192.534 Thread 0x000001d7668c9910 flushing nmethod 0x000001d751a69490
Event: 1192.534 Thread 0x000001d7668c9910 flushing nmethod 0x000001d751a72410
Event: 1192.534 Thread 0x000001d7668c9910 flushing nmethod 0x000001d751a77010
Event: 1192.534 Thread 0x000001d7668c9910 flushing nmethod 0x000001d751a78310
Event: 1192.534 Thread 0x000001d7668c9910 flushing nmethod 0x000001d751a7c990
Event: 1192.534 Thread 0x000001d7668c9910 flushing nmethod 0x000001d751a82e90
Event: 1192.534 Thread 0x000001d7668c9910 flushing nmethod 0x000001d751a85610
Event: 1192.535 Thread 0x000001d7668c9910 flushing nmethod 0x000001d751b0b190
Event: 1192.535 Thread 0x000001d7668c9910 flushing nmethod 0x000001d751b15290
Event: 1192.535 Thread 0x000001d7668c9910 flushing nmethod 0x000001d751b1c290
Event: 1192.535 Thread 0x000001d7668c9910 flushing nmethod 0x000001d751b39010
Event: 1192.535 Thread 0x000001d7668c9910 flushing nmethod 0x000001d751b9b310
Event: 1192.535 Thread 0x000001d7668c9910 flushing nmethod 0x000001d751b9be90
Event: 1192.535 Thread 0x000001d7668c9910 flushing nmethod 0x000001d751b9cb90
Event: 1192.535 Thread 0x000001d7668c9910 flushing nmethod 0x000001d751ba6810
Event: 1192.536 Thread 0x000001d7668c9910 flushing nmethod 0x000001d751bad510
Event: 1192.540 Thread 0x000001d7668c9910 flushing nmethod 0x000001d751d03f90
Event: 1192.540 Thread 0x000001d7668c9910 flushing nmethod 0x000001d751d66d90
Event: 1192.540 Thread 0x000001d7668c9910 flushing nmethod 0x000001d751d68010
Event: 1192.540 Thread 0x000001d7668c9910 flushing nmethod 0x000001d751d69890


Dynamic libraries:
0x00007ff6381b0000 - 0x00007ff6381ba000 	D:\Android\Android Studio\jbr\bin\java.exe
0x00007ffa51450000 - 0x00007ffa51667000 	C:\WINDOWS\SYSTEM32\ntdll.dll
0x00007ffa4f760000 - 0x00007ffa4f824000 	C:\WINDOWS\System32\KERNEL32.DLL
0x00007ffa4ea70000 - 0x00007ffa4ee17000 	C:\WINDOWS\System32\KERNELBASE.dll
0x00007ffa4f030000 - 0x00007ffa4f141000 	C:\WINDOWS\System32\ucrtbase.dll
0x00007ffa1dc00000 - 0x00007ffa1dc1b000 	D:\Android\Android Studio\jbr\bin\VCRUNTIME140.dll
0x00007ffa31bc0000 - 0x00007ffa31bd7000 	D:\Android\Android Studio\jbr\bin\jli.dll
0x00007ffa50010000 - 0x00007ffa501be000 	C:\WINDOWS\System32\USER32.dll
0x00007ffa3d2f0000 - 0x00007ffa3d583000 	C:\WINDOWS\WinSxS\amd64_microsoft.windows.common-controls_6595b64144ccf1df_6.0.22621.3527_none_270e469b73872a76\COMCTL32.dll
0x00007ffa4e9d0000 - 0x00007ffa4e9f6000 	C:\WINDOWS\System32\win32u.dll
0x00007ffa4f480000 - 0x00007ffa4f527000 	C:\WINDOWS\System32\msvcrt.dll
0x00007ffa4ffe0000 - 0x00007ffa50009000 	C:\WINDOWS\System32\GDI32.dll
0x00007ffa4e770000 - 0x00007ffa4e889000 	C:\WINDOWS\System32\gdi32full.dll
0x00007ffa4ee20000 - 0x00007ffa4eeba000 	C:\WINDOWS\System32\msvcp_win.dll
0x00007ffa4f720000 - 0x00007ffa4f751000 	C:\WINDOWS\System32\IMM32.DLL
0x00007ffa2e330000 - 0x00007ffa2e33c000 	D:\Android\Android Studio\jbr\bin\vcruntime140_1.dll
0x00007ff9fdd60000 - 0x00007ff9fdded000 	D:\Android\Android Studio\jbr\bin\msvcp140.dll
0x00007ff9a7e40000 - 0x00007ff9a8aae000 	D:\Android\Android Studio\jbr\bin\server\jvm.dll
0x00007ffa50e40000 - 0x00007ffa50ef2000 	C:\WINDOWS\System32\ADVAPI32.dll
0x00007ffa4fb60000 - 0x00007ffa4fc08000 	C:\WINDOWS\System32\sechost.dll
0x00007ffa4f150000 - 0x00007ffa4f178000 	C:\WINDOWS\System32\bcrypt.dll
0x00007ffa4f970000 - 0x00007ffa4fa85000 	C:\WINDOWS\System32\RPCRT4.dll
0x00007ffa47be0000 - 0x00007ffa47c14000 	C:\WINDOWS\SYSTEM32\WINMM.dll
0x00007ffa49d20000 - 0x00007ffa49d29000 	C:\WINDOWS\SYSTEM32\WSOCK32.dll
0x00007ffa47320000 - 0x00007ffa4732a000 	C:\WINDOWS\SYSTEM32\VERSION.dll
0x00007ffa4ff60000 - 0x00007ffa4ffd1000 	C:\WINDOWS\System32\WS2_32.dll
0x00007ffa4d790000 - 0x00007ffa4d7a8000 	C:\WINDOWS\SYSTEM32\kernel.appcore.dll
0x00007ffa49cb0000 - 0x00007ffa49cba000 	D:\Android\Android Studio\jbr\bin\jimage.dll
0x00007ffa464b0000 - 0x00007ffa466e2000 	C:\WINDOWS\SYSTEM32\DBGHELP.DLL
0x00007ffa50250000 - 0x00007ffa505d8000 	C:\WINDOWS\System32\combase.dll
0x00007ffa4f890000 - 0x00007ffa4f967000 	C:\WINDOWS\System32\OLEAUT32.dll
0x00007ffa3af90000 - 0x00007ffa3afc2000 	C:\WINDOWS\SYSTEM32\dbgcore.DLL
0x00007ffa4e890000 - 0x00007ffa4e909000 	C:\WINDOWS\System32\bcryptPrimitives.dll
0x00007ffa18c70000 - 0x00007ffa18c95000 	D:\Android\Android Studio\jbr\bin\java.dll
0x00007ffa3af70000 - 0x00007ffa3af88000 	D:\Android\Android Studio\jbr\bin\zip.dll
0x00007ffa505e0000 - 0x00007ffa50e3c000 	C:\WINDOWS\System32\SHELL32.dll
0x00007ffa4c6b0000 - 0x00007ffa4cfa6000 	C:\WINDOWS\SYSTEM32\windows.storage.dll
0x00007ffa4c570000 - 0x00007ffa4c6ae000 	C:\WINDOWS\SYSTEM32\wintypes.dll
0x00007ffa4f180000 - 0x00007ffa4f275000 	C:\WINDOWS\System32\SHCORE.dll
0x00007ffa4fb00000 - 0x00007ffa4fb5e000 	C:\WINDOWS\System32\shlwapi.dll
0x00007ffa4e6a0000 - 0x00007ffa4e6c1000 	C:\WINDOWS\SYSTEM32\profapi.dll
0x00007ffa3adf0000 - 0x00007ffa3ae09000 	D:\Android\Android Studio\jbr\bin\net.dll
0x00007ffa48f20000 - 0x00007ffa49056000 	C:\WINDOWS\SYSTEM32\WINHTTP.dll
0x00007ffa4dc00000 - 0x00007ffa4dc69000 	C:\WINDOWS\system32\mswsock.dll
0x00007ffa379a0000 - 0x00007ffa379b6000 	D:\Android\Android Studio\jbr\bin\nio.dll
0x00007ffa491c0000 - 0x00007ffa491d0000 	D:\Android\Android Studio\jbr\bin\verify.dll
0x00007ffa16070000 - 0x00007ffa16097000 	C:\Users\liubov\.gradle\native\68d5fa5c4cc2d200863cafc0d521ce42e7d3e7ee720ec0a83991735586a16f82\windows-amd64\native-platform.dll
0x00007ffa067e0000 - 0x00007ffa06924000 	C:\Users\liubov\.gradle\native\e376f236ea51e6404a007f0833ffe2c6e607c4080706a723a18a27aeea778392\windows-amd64\native-platform-file-events.dll
0x00007ffa3e2d0000 - 0x00007ffa3e2d9000 	D:\Android\Android Studio\jbr\bin\management.dll
0x00007ffa3d9b0000 - 0x00007ffa3d9bb000 	D:\Android\Android Studio\jbr\bin\management_ext.dll
0x00007ffa50f80000 - 0x00007ffa50f88000 	C:\WINDOWS\System32\PSAPI.DLL
0x00007ffa4de60000 - 0x00007ffa4de7b000 	C:\WINDOWS\SYSTEM32\CRYPTSP.dll
0x00007ffa4d6f0000 - 0x00007ffa4d725000 	C:\WINDOWS\system32\rsaenh.dll
0x00007ffa4dd00000 - 0x00007ffa4dd28000 	C:\WINDOWS\SYSTEM32\USERENV.dll
0x00007ffa4de80000 - 0x00007ffa4de8c000 	C:\WINDOWS\SYSTEM32\CRYPTBASE.dll
0x00007ffa4d210000 - 0x00007ffa4d23d000 	C:\WINDOWS\SYSTEM32\IPHLPAPI.DLL
0x00007ffa4fd90000 - 0x00007ffa4fd99000 	C:\WINDOWS\System32\NSI.dll
0x00007ffa489a0000 - 0x00007ffa489b9000 	C:\WINDOWS\SYSTEM32\dhcpcsvc6.DLL
0x00007ffa48590000 - 0x00007ffa485af000 	C:\WINDOWS\SYSTEM32\dhcpcsvc.DLL
0x00007ffa4d240000 - 0x00007ffa4d338000 	C:\WINDOWS\SYSTEM32\DNSAPI.dll
0x00007ffa381d0000 - 0x00007ffa381d8000 	C:\WINDOWS\system32\wshunix.dll
0x00007ffa49c80000 - 0x00007ffa49c97000 	C:\WINDOWS\system32\napinsp.dll
0x00007ffa49b70000 - 0x00007ffa49b8b000 	C:\WINDOWS\system32\pnrpnsp.dll
0x00007ffa47c30000 - 0x00007ffa47c41000 	C:\WINDOWS\System32\winrnr.dll
0x00007ffa2f830000 - 0x00007ffa2f845000 	C:\WINDOWS\system32\wshbth.dll
0x00007ffa3d970000 - 0x00007ffa3d997000 	C:\WINDOWS\system32\nlansp_c.dll
0x00007ffa47740000 - 0x00007ffa4774a000 	C:\Windows\System32\rasadhlp.dll
0x00007ffa47880000 - 0x00007ffa47903000 	C:\WINDOWS\System32\fwpuclnt.dll
0x00007ffa31df0000 - 0x00007ffa31df7000 	D:\Android\Android Studio\jbr\bin\rmi.dll
0x00007ffa4d7b0000 - 0x00007ffa4d7e4000 	C:\WINDOWS\SYSTEM32\ntmarta.dll

dbghelp: loaded successfully - version: 4.0.5 - missing functions: none
symbol engine: initialized successfully - sym options: 0x614 - pdb path: .;D:\Android\Android Studio\jbr\bin;C:\WINDOWS\SYSTEM32;C:\WINDOWS\WinSxS\amd64_microsoft.windows.common-controls_6595b64144ccf1df_6.0.22621.3527_none_270e469b73872a76;D:\Android\Android Studio\jbr\bin\server;C:\Users\liubov\.gradle\native\68d5fa5c4cc2d200863cafc0d521ce42e7d3e7ee720ec0a83991735586a16f82\windows-amd64;C:\Users\liubov\.gradle\native\e376f236ea51e6404a007f0833ffe2c6e607c4080706a723a18a27aeea778392\windows-amd64

VM Arguments:
jvm_args: --add-opens=java.base/java.util=ALL-UNNAMED --add-opens=java.base/java.lang=ALL-UNNAMED --add-opens=java.base/java.lang.invoke=ALL-UNNAMED --add-opens=java.prefs/java.util.prefs=ALL-UNNAMED --add-opens=java.base/java.nio.charset=ALL-UNNAMED --add-opens=java.base/java.net=ALL-UNNAMED --add-opens=java.base/java.util.concurrent.atomic=ALL-UNNAMED -Xmx2048m -Dfile.encoding=UTF-8 -Duser.country=UA -Duser.language=uk -Duser.variant 
java_command: org.gradle.launcher.daemon.bootstrap.GradleDaemon 8.0
java_class_path (initial): C:\Users\liubov\.gradle\wrapper\dists\gradle-8.0-bin\ca5e32bp14vu59qr306oxotwh\gradle-8.0\lib\gradle-launcher-8.0.jar
Launcher Type: SUN_STANDARD

[Global flags]
     intx CICompilerCount                          = 12                                        {product} {ergonomic}
     uint ConcGCThreads                            = 3                                         {product} {ergonomic}
     uint G1ConcRefinementThreads                  = 13                                        {product} {ergonomic}
   size_t G1HeapRegionSize                         = 1048576                                   {product} {ergonomic}
    uintx GCDrainStackTargetSize                   = 64                                        {product} {ergonomic}
   size_t InitialHeapSize                          = 255852544                                 {product} {ergonomic}
   size_t MarkStackSize                            = 4194304                                   {product} {ergonomic}
   size_t MaxHeapSize                              = 2147483648                                {product} {command line}
   size_t MaxNewSize                               = 1287651328                                {product} {ergonomic}
   size_t MinHeapDeltaBytes                        = 1048576                                   {product} {ergonomic}
   size_t MinHeapSize                              = 8388608                                   {product} {ergonomic}
    uintx NonNMethodCodeHeapSize                   = 7602480                                {pd product} {ergonomic}
    uintx NonProfiledCodeHeapSize                  = 122027880                              {pd product} {ergonomic}
    uintx ProfiledCodeHeapSize                     = 122027880                              {pd product} {ergonomic}
    uintx ReservedCodeCacheSize                    = 251658240                              {pd product} {ergonomic}
     bool SegmentedCodeCache                       = true                                      {product} {ergonomic}
   size_t SoftMaxHeapSize                          = 2147483648                             {manageable} {ergonomic}
     bool UseCompressedClassPointers               = true                           {product lp64_product} {ergonomic}
     bool UseCompressedOops                        = true                           {product lp64_product} {ergonomic}
     bool UseG1GC                                  = true                                      {product} {ergonomic}
     bool UseLargePagesIndividualAllocation        = false                                  {pd product} {ergonomic}

Logging:
Log output configuration:
 #0: stdout all=warning uptime,level,tags
 #1: stderr all=off uptime,level,tags

Environment Variables:
PATH=D:\VMware\bin\;C:\Program Files\NVIDIA GPU Computing Toolkit\CUDA\v12.4\bin;C:\Program Files\NVIDIA GPU Computing Toolkit\CUDA\v12.4\libnvvp;C:\Program Files\Common Files\Oracle\Java\javapath;C:\WINDOWS\system32;C:\WINDOWS;C:\WINDOWS\System32\Wbem;C:\WINDOWS\System32\WindowsPowerShell\v1.0\;C:\WINDOWS\System32\OpenSSH\;C:\Program Files (x86)\NVIDIA Corporation\PhysX\Common;C:\Program Files\NVIDIA Corporation\NVIDIA NvDLISR;C:\Program Files\Git\cmd;C:\Program Files (x86)\Windows Kits\10\Windows Performance Toolkit\;D:\nodejs\;D:\opencv\opencv\build\x64\vc16\bin\;C:\Program Files\Amazon\AWSCLIV2\;C:\Program Files\NVIDIA Corporation\Nsight Compute 2024.1.0\;C:\Program Files\NVIDIA GPU Computing Toolkit\CUDA\v12.4\bin\\..\extras\CUPTI\lib64;C:\Program Files\Microsoft SDKs\Azure\CLI2\wbin;C:\Program Files\NVIDIA GPU Computing Toolkit\CUDA\v12.4\bin;C:\Program Files\NVIDIA GPU Computing Toolkit\CUDA\v12.4\libnvvp;C:\Program Files\Common Files\Oracle\Java\javapath;C:\WINDOWS\system32;C:\WINDOWS;C:\WINDOWS\System32\Wbem;C:\WINDOWS\System32\WindowsPowerShell\v1.0\;C:\WINDOWS\System32\OpenSSH\;C:\Program Files (x86)\NVIDIA Corporation\PhysX\Common;C:\Program Files\NVIDIA Corporation\NVIDIA NvDLISR;C:\Program Files\Git\cmd;C:\Program Files (x86)\Windows Kits\10\Windows Performance Toolkit\;D:\nodejs\;D:\opencv\opencv\build\x64\vc16\bin\;C:\Program Files\Amazon\AWSCLIV2\;C:\Program Files\NVIDIA Corporation\Nsight Compute 2024.1.0\;C:\Program Files\NVIDIA GPU Computing Toolkit\CUDA\v12.4\bin\\..\extras\CUPTI\lib64;C:\Program Files\NVIDIA GPU Computing Toolkit\CUDA\v12.4\bin;C:\Program Files\NVIDIA GPU Computing Toolkit\CUDA\v12.4\libnvvp;C:\Program Files\Common Files\Orac;D:\Microsoft\Microsoft VS Code\bin
USERNAME=liubov
OS=Windows_NT
PROCESSOR_IDENTIFIER=AMD64 Family 25 Model 68 Stepping 1, AuthenticAMD
TMP=C:\Users\liubov\AppData\Local\Temp
TEMP=C:\Users\liubov\AppData\Local\Temp


JNI global refs:
JNI global refs: 37, weak refs: 263

JNI global refs memory usage: 843, weak refs: 4001


---------------  S Y S T E M  ---------------

OS:
 Windows 11 , 64 bit Build 22621 (10.0.22621.3527)
OS uptime: 3 days 14:23 hours

CPU: total 16 (initial active 16) (16 cores per cpu, 2 threads per core) family 25 model 68 stepping 1 microcode 0x0, cx8, cmov, fxsr, ht, mmx, 3dnowpref, sse, sse2, sse3, ssse3, sse4a, sse4.1, sse4.2, popcnt, lzcnt, tsc, tscinvbit, avx, avx2, aes, erms, clmul, bmi1, bmi2, adx, sha, fma, vzeroupper, clflush, clflushopt

Memory: 4k page, system-wide physical 15557M (371M free)
TotalPageFile size 32097M (AvailPageFile size 391M)
current process WorkingSet (physical memory assigned to process): 933M, peak: 971M
current process commit charge ("private bytes"): 1155M, peak: 1701M

vm_info: OpenJDK 64-Bit Server VM (17.0.6+0-b2043.56-10027231) for windows-amd64 JRE (17.0.6+0-b2043.56-10027231), built on Apr 28 2023 00:43:19 by "androidbuild" with MS VC++ 16.10 / 16.11 (VS2019)

END.
